instance,algorithm,demo_id,iteration,n_customers,n_depots,avg_demand,demand_std,capacity,area_span,density,progress,best_fitness,avg_fitness,fitness_std,convergence_rate,stagnation_counter,population_diversity,elite_ratio,improvement_rate,dynamic_orders,avg_delay,load_imbalance,alpha,beta,gamma,improvement,fitness_after
P-n16-k8,pso,0,0,15,1,16.4,8.138795979750322,35,100,0.01,0.0,1000.0,1000.0,100.0,0.0,0,0.5,0.1,0,0,0,0,0.1,0.8,0.3,0.0,475.7724340103465
P-n16-k8,pso,0,1,15,1,16.4,8.138795979750322,35,100,0.01,0.02,475.7724340103465,475.7724340103465,100.0,0.0,0,0.5,0.1,0,0,0,0,0.116,0.788,0.316,0.0,475.7724340103465
P-n16-k8,pso,0,2,15,1,16.4,8.138795979750322,35,100,0.01,0.04,475.7724340103465,475.7724340103465,100.0,0.0,0,0.5,0.1,0,0,0,0,0.132,0.776,0.33199999999999996,0.0,475.7724340103465
P-n16-k8,pso,0,3,15,1,16.4,8.138795979750322,35,100,0.01,0.06,475.7724340103465,475.77243401034656,100.0,0.0,0,0.5,0.1,0,0,0,0,0.14800000000000002,0.764,0.348,0.0,475.7724340103465
P-n16-k8,pso,0,4,15,1,16.4,8.138795979750322,35,100,0.01,0.08,475.7724340103465,475.7724340103465,100.0,0.0,0,0.5,0.1,0,0,0,0,0.164,0.752,0.364,0.0,475.7724340103465
P-n16-k8,pso,0,5,15,1,16.4,8.138795979750322,35,100,0.01,0.1,475.7724340103465,475.7724340103465,100.0,0.0,0,0.5,0.1,0,0,0,0,0.18000000000000002,0.74,0.38,0.0,475.7724340103465
P-n16-k8,pso,0,6,15,1,16.4,8.138795979750322,35,100,0.01,0.12,475.7724340103465,475.77243401034644,100.0,0.0,0,0.5,0.1,0,0,0,0,0.196,0.7280000000000001,0.396,0.0,475.7724340103465
P-n16-k8,pso,0,7,15,1,16.4,8.138795979750322,35,100,0.01,0.14,475.7724340103465,475.77243401034644,100.0,0.0,0,0.5,0.1,0,0,0,0,0.21200000000000002,0.7160000000000001,0.41200000000000003,0.0,475.7724340103465
P-n16-k8,pso,0,8,15,1,16.4,8.138795979750322,35,100,0.01,0.16,475.7724340103465,475.7724340103465,100.0,0.0,0,0.5,0.1,0,0,0,0,0.228,0.7040000000000001,0.42800000000000005,0.0,475.7724340103465
P-n16-k8,pso,0,9,15,1,16.4,8.138795979750322,35,100,0.01,0.18,475.7724340103465,475.77243401034656,100.0,0.0,0,0.5,0.1,0,0,0,0,0.244,0.6920000000000001,0.44399999999999995,0.0,475.7724340103465
P-n16-k8,pso,0,10,15,1,16.4,8.138795979750322,35,100,0.01,0.2,475.7724340103465,475.77243401034656,100.0,0.0,0,0.5,0.1,0,0,0,0,0.26,0.68,0.46,0.0,475.7724340103465
P-n16-k8,pso,0,11,15,1,16.4,8.138795979750322,35,100,0.01,0.22,475.7724340103465,475.77243401034656,5.684341886080802e-14,0.0,10,0.5,0.1,0,0,0,0,0.276,0.668,0.476,0.0,475.7724340103465
P-n16-k8,pso,0,12,15,1,16.4,8.138795979750322,35,100,0.01,0.24,475.7724340103465,475.77243401034656,5.684341886080802e-14,0.0,11,0.5,0.1,0,0,0,0,0.29200000000000004,0.656,0.492,0.0,475.7724340103465
P-n16-k8,pso,0,13,15,1,16.4,8.138795979750322,35,100,0.01,0.26,475.7724340103465,475.77243401034656,5.684341886080802e-14,0.0,12,0.5,0.1,0,0,0,0,0.30800000000000005,0.644,0.508,0.0,475.7724340103465
P-n16-k8,pso,0,14,15,1,16.4,8.138795979750322,35,100,0.01,0.28,475.7724340103465,475.77243401034656,5.684341886080802e-14,0.0,13,0.5,0.1,0,0,0,0,0.32400000000000007,0.632,0.524,0.0,475.7724340103465
P-n16-k8,pso,0,15,15,1,16.4,8.138795979750322,35,100,0.01,0.3,475.7724340103465,475.77243401034656,5.684341886080802e-14,0.0,14,0.5,0.1,0,0,0,0,0.33999999999999997,0.6200000000000001,0.54,0.0,475.7724340103465
P-n16-k8,pso,0,16,15,1,16.4,8.138795979750322,35,100,0.01,0.32,475.7724340103465,475.77243401034656,5.684341886080802e-14,0.0,15,0.5,0.1,0,0,0,0,0.356,0.6080000000000001,0.556,0.0,475.7724340103465
P-n16-k8,pso,0,17,15,1,16.4,8.138795979750322,35,100,0.01,0.34,475.7724340103465,475.77243401034656,5.684341886080802e-14,0.0,16,0.5,0.1,0,0,0,0,0.372,0.5960000000000001,0.5720000000000001,0.0,475.7724340103465
P-n16-k8,pso,0,18,15,1,16.4,8.138795979750322,35,100,0.01,0.36,475.7724340103465,475.77243401034656,5.684341886080802e-14,0.0,17,0.5,0.1,0,0,0,0,0.388,0.5840000000000001,0.588,0.0,475.7724340103465
P-n16-k8,pso,0,19,15,1,16.4,8.138795979750322,35,100,0.01,0.38,475.7724340103465,475.77243401034656,5.684341886080802e-14,0.0,18,0.5,0.1,0,0,0,0,0.404,0.5720000000000001,0.6040000000000001,0.0,475.7724340103465
P-n16-k8,pso,0,20,15,1,16.4,8.138795979750322,35,100,0.01,0.4,475.7724340103465,475.77243401034656,5.684341886080802e-14,0.0,19,0.5,0.1,0,0,0,0,0.42000000000000004,0.56,0.6200000000000001,0.0,475.7724340103465
P-n16-k8,pso,0,21,15,1,16.4,8.138795979750322,35,100,0.01,0.42,475.7724340103465,475.77243401034656,5.684341886080802e-14,0.0,19,0.5,0.1,0,0,0,0,0.43600000000000005,0.548,0.636,0.0,475.7724340103465
P-n16-k8,pso,0,22,15,1,16.4,8.138795979750322,35,100,0.01,0.44,475.7724340103465,475.77243401034656,5.684341886080802e-14,0.0,19,0.5,0.1,0,0,0,0,0.45200000000000007,0.536,0.652,0.0,475.7724340103465
P-n16-k8,pso,0,23,15,1,16.4,8.138795979750322,35,100,0.01,0.46,475.7724340103465,475.77243401034656,5.684341886080802e-14,0.0,19,0.5,0.1,0,0,0,0,0.4680000000000001,0.524,0.668,0.0,475.7724340103465
P-n16-k8,pso,0,24,15,1,16.4,8.138795979750322,35,100,0.01,0.48,475.7724340103465,475.77243401034656,5.684341886080802e-14,0.0,19,0.5,0.1,0,0,0,0,0.484,0.512,0.6839999999999999,0.0,475.7724340103465
P-n16-k8,pso,0,25,15,1,16.4,8.138795979750322,35,100,0.01,0.5,475.7724340103465,475.77243401034656,5.684341886080802e-14,0.0,19,0.5,0.1,0,0,0,0,0.5,0.5,0.7,0.0,475.7724340103465
P-n16-k8,pso,0,26,15,1,16.4,8.138795979750322,35,100,0.01,0.52,475.7724340103465,475.77243401034656,5.684341886080802e-14,0.0,19,0.5,0.1,0,0,0,0,0.516,0.48800000000000004,0.6839999999999999,0.0,475.7724340103465
P-n16-k8,pso,0,27,15,1,16.4,8.138795979750322,35,100,0.01,0.54,475.7724340103465,475.77243401034656,5.684341886080802e-14,0.0,19,0.5,0.1,0,0,0,0,0.532,0.47600000000000003,0.6679999999999999,0.0,475.7724340103465
P-n16-k8,pso,0,28,15,1,16.4,8.138795979750322,35,100,0.01,0.56,475.7724340103465,475.77243401034656,5.684341886080802e-14,0.0,19,0.5,0.1,0,0,0,0,0.548,0.464,0.6519999999999999,0.0,475.7724340103465
P-n16-k8,pso,0,29,15,1,16.4,8.138795979750322,35,100,0.01,0.58,475.7724340103465,475.77243401034656,5.684341886080802e-14,0.0,19,0.5,0.1,0,0,0,0,0.564,0.45200000000000007,0.6360000000000001,0.0,475.7724340103465
P-n16-k8,pso,0,30,15,1,16.4,8.138795979750322,35,100,0.01,0.6,475.7724340103465,475.77243401034656,5.684341886080802e-14,0.0,19,0.5,0.1,0,0,0,0,0.58,0.44000000000000006,0.6200000000000001,0.0,475.7724340103465
P-n16-k8,pso,0,31,15,1,16.4,8.138795979750322,35,100,0.01,0.62,475.7724340103465,475.77243401034656,5.684341886080802e-14,0.0,19,0.5,0.1,0,0,0,0,0.596,0.42800000000000005,0.6040000000000001,0.0,475.7724340103465
P-n16-k8,pso,0,32,15,1,16.4,8.138795979750322,35,100,0.01,0.64,475.7724340103465,475.77243401034656,5.684341886080802e-14,0.0,19,0.5,0.1,0,0,0,0,0.612,0.41600000000000004,0.588,0.0,475.7724340103465
P-n16-k8,pso,0,33,15,1,16.4,8.138795979750322,35,100,0.01,0.66,475.7724340103465,475.77243401034656,5.684341886080802e-14,0.0,19,0.5,0.1,0,0,0,0,0.628,0.404,0.572,0.0,475.7724340103465
P-n16-k8,pso,0,34,15,1,16.4,8.138795979750322,35,100,0.01,0.68,475.7724340103465,475.77243401034656,5.684341886080802e-14,0.0,19,0.5,0.1,0,0,0,0,0.644,0.392,0.5559999999999999,0.0,475.7724340103465
P-n16-k8,pso,0,35,15,1,16.4,8.138795979750322,35,100,0.01,0.7,475.7724340103465,475.77243401034656,5.684341886080802e-14,0.0,19,0.5,0.1,0,0,0,0,0.6599999999999999,0.38000000000000006,0.54,0.0,475.7724340103465
P-n16-k8,pso,0,36,15,1,16.4,8.138795979750322,35,100,0.01,0.72,475.7724340103465,475.77243401034656,5.684341886080802e-14,0.0,19,0.5,0.1,0,0,0,0,0.6759999999999999,0.36800000000000005,0.524,0.0,475.7724340103465
P-n16-k8,pso,0,37,15,1,16.4,8.138795979750322,35,100,0.01,0.74,475.7724340103465,475.77243401034656,5.684341886080802e-14,0.0,19,0.5,0.1,0,0,0,0,0.692,0.35600000000000004,0.508,0.0,475.7724340103465
P-n16-k8,pso,0,38,15,1,16.4,8.138795979750322,35,100,0.01,0.76,475.7724340103465,475.77243401034656,5.684341886080802e-14,0.0,19,0.5,0.1,0,0,0,0,0.7080000000000001,0.3440000000000001,0.492,0.0,475.7724340103465
P-n16-k8,pso,0,39,15,1,16.4,8.138795979750322,35,100,0.01,0.78,475.7724340103465,475.77243401034656,5.684341886080802e-14,0.0,19,0.5,0.1,0,0,0,0,0.7240000000000001,0.3320000000000001,0.476,0.0,475.7724340103465
P-n16-k8,pso,0,40,15,1,16.4,8.138795979750322,35,100,0.01,0.8,475.7724340103465,475.77243401034656,5.684341886080802e-14,0.0,19,0.5,0.1,0,0,0,0,0.7400000000000001,0.32000000000000006,0.45999999999999996,0.0,475.7724340103465
P-n16-k8,pso,0,41,15,1,16.4,8.138795979750322,35,100,0.01,0.82,475.7724340103465,475.77243401034656,5.684341886080802e-14,0.0,19,0.5,0.1,0,0,0,0,0.756,0.3080000000000001,0.44400000000000006,0.0,475.7724340103465
P-n16-k8,pso,0,42,15,1,16.4,8.138795979750322,35,100,0.01,0.84,475.7724340103465,475.77243401034656,5.684341886080802e-14,0.0,19,0.5,0.1,0,0,0,0,0.772,0.29600000000000004,0.42800000000000005,0.0,475.7724340103465
P-n16-k8,pso,0,43,15,1,16.4,8.138795979750322,35,100,0.01,0.86,475.7724340103465,475.77243401034656,5.684341886080802e-14,0.0,19,0.5,0.1,0,0,0,0,0.788,0.28400000000000003,0.41200000000000003,0.0,475.7724340103465
P-n16-k8,pso,0,44,15,1,16.4,8.138795979750322,35,100,0.01,0.88,475.7724340103465,475.77243401034656,5.684341886080802e-14,0.0,19,0.5,0.1,0,0,0,0,0.804,0.272,0.396,0.0,475.7724340103465
P-n16-k8,pso,0,45,15,1,16.4,8.138795979750322,35,100,0.01,0.9,475.7724340103465,475.77243401034656,5.684341886080802e-14,0.0,19,0.5,0.1,0,0,0,0,0.8200000000000001,0.26,0.38,0.0,475.7724340103465
P-n16-k8,pso,0,46,15,1,16.4,8.138795979750322,35,100,0.01,0.92,475.7724340103465,475.77243401034656,5.684341886080802e-14,0.0,19,0.5,0.1,0,0,0,0,0.8360000000000001,0.248,0.364,0.0,475.7724340103465
P-n16-k8,pso,0,47,15,1,16.4,8.138795979750322,35,100,0.01,0.94,475.7724340103465,475.77243401034656,5.684341886080802e-14,0.0,19,0.5,0.1,0,0,0,0,0.852,0.2360000000000001,0.34800000000000003,0.0,475.7724340103465
P-n16-k8,pso,0,48,15,1,16.4,8.138795979750322,35,100,0.01,0.96,475.7724340103465,475.77243401034656,5.684341886080802e-14,0.0,19,0.5,0.1,0,0,0,0,0.868,0.2240000000000001,0.332,0.0,475.7724340103465
P-n16-k8,pso,0,49,15,1,16.4,8.138795979750322,35,100,0.01,0.98,475.7724340103465,475.77243401034656,5.684341886080802e-14,0.0,19,0.5,0.1,0,0,0,0,0.884,0.21200000000000008,0.316,0.0,475.7724340103465
P-n16-k8,pso,1,0,15,1,16.4,8.138795979750322,35,100,0.01,0.0,1000.0,1000.0,100.0,0.0,0,0.5,0.1,0,0,0,0,0.1,0.8,0.3,0.0,475.7724340103465
P-n16-k8,pso,1,1,15,1,16.4,8.138795979750322,35,100,0.01,0.02,475.7724340103465,475.7724340103465,100.0,0.0,0,0.5,0.1,0,0,0,0,0.116,0.788,0.316,0.0,475.7724340103465
P-n16-k8,pso,1,2,15,1,16.4,8.138795979750322,35,100,0.01,0.04,475.7724340103465,475.7724340103465,100.0,0.0,0,0.5,0.1,0,0,0,0,0.132,0.776,0.33199999999999996,0.0,475.7724340103465
P-n16-k8,pso,1,3,15,1,16.4,8.138795979750322,35,100,0.01,0.06,475.7724340103465,475.77243401034656,100.0,0.0,0,0.5,0.1,0,0,0,0,0.14800000000000002,0.764,0.348,0.0,475.7724340103465
P-n16-k8,pso,1,4,15,1,16.4,8.138795979750322,35,100,0.01,0.08,475.7724340103465,475.7724340103465,100.0,0.0,0,0.5,0.1,0,0,0,0,0.164,0.752,0.364,0.0,475.7724340103465
P-n16-k8,pso,1,5,15,1,16.4,8.138795979750322,35,100,0.01,0.1,475.7724340103465,475.7724340103465,100.0,0.0,0,0.5,0.1,0,0,0,0,0.18000000000000002,0.74,0.38,0.0,475.7724340103465
P-n16-k8,pso,1,6,15,1,16.4,8.138795979750322,35,100,0.01,0.12,475.7724340103465,475.77243401034644,100.0,0.0,0,0.5,0.1,0,0,0,0,0.196,0.7280000000000001,0.396,0.0,475.7724340103465
P-n16-k8,pso,1,7,15,1,16.4,8.138795979750322,35,100,0.01,0.14,475.7724340103465,475.77243401034644,100.0,0.0,0,0.5,0.1,0,0,0,0,0.21200000000000002,0.7160000000000001,0.41200000000000003,0.0,475.7724340103465
P-n16-k8,pso,1,8,15,1,16.4,8.138795979750322,35,100,0.01,0.16,475.7724340103465,475.7724340103465,100.0,0.0,0,0.5,0.1,0,0,0,0,0.228,0.7040000000000001,0.42800000000000005,0.0,475.7724340103465
P-n16-k8,pso,1,9,15,1,16.4,8.138795979750322,35,100,0.01,0.18,475.7724340103465,475.77243401034656,100.0,0.0,0,0.5,0.1,0,0,0,0,0.244,0.6920000000000001,0.44399999999999995,0.0,475.7724340103465
P-n16-k8,pso,1,10,15,1,16.4,8.138795979750322,35,100,0.01,0.2,475.7724340103465,475.77243401034656,100.0,0.0,0,0.5,0.1,0,0,0,0,0.26,0.68,0.46,0.0,475.7724340103465
P-n16-k8,pso,1,11,15,1,16.4,8.138795979750322,35,100,0.01,0.22,475.7724340103465,475.77243401034656,5.684341886080802e-14,0.0,10,0.5,0.1,0,0,0,0,0.276,0.668,0.476,0.0,475.7724340103465
P-n16-k8,pso,1,12,15,1,16.4,8.138795979750322,35,100,0.01,0.24,475.7724340103465,475.77243401034656,5.684341886080802e-14,0.0,11,0.5,0.1,0,0,0,0,0.29200000000000004,0.656,0.492,0.0,475.7724340103465
P-n16-k8,pso,1,13,15,1,16.4,8.138795979750322,35,100,0.01,0.26,475.7724340103465,475.77243401034656,5.684341886080802e-14,0.0,12,0.5,0.1,0,0,0,0,0.30800000000000005,0.644,0.508,0.0,475.7724340103465
P-n16-k8,pso,1,14,15,1,16.4,8.138795979750322,35,100,0.01,0.28,475.7724340103465,475.77243401034656,5.684341886080802e-14,0.0,13,0.5,0.1,0,0,0,0,0.32400000000000007,0.632,0.524,0.0,475.7724340103465
P-n16-k8,pso,1,15,15,1,16.4,8.138795979750322,35,100,0.01,0.3,475.7724340103465,475.77243401034656,5.684341886080802e-14,0.0,14,0.5,0.1,0,0,0,0,0.33999999999999997,0.6200000000000001,0.54,0.0,475.7724340103465
P-n16-k8,pso,1,16,15,1,16.4,8.138795979750322,35,100,0.01,0.32,475.7724340103465,475.77243401034656,5.684341886080802e-14,0.0,15,0.5,0.1,0,0,0,0,0.356,0.6080000000000001,0.556,0.0,475.7724340103465
P-n16-k8,pso,1,17,15,1,16.4,8.138795979750322,35,100,0.01,0.34,475.7724340103465,475.77243401034656,5.684341886080802e-14,0.0,16,0.5,0.1,0,0,0,0,0.372,0.5960000000000001,0.5720000000000001,0.0,475.7724340103465
P-n16-k8,pso,1,18,15,1,16.4,8.138795979750322,35,100,0.01,0.36,475.7724340103465,475.77243401034656,5.684341886080802e-14,0.0,17,0.5,0.1,0,0,0,0,0.388,0.5840000000000001,0.588,0.0,475.7724340103465
P-n16-k8,pso,1,19,15,1,16.4,8.138795979750322,35,100,0.01,0.38,475.7724340103465,475.77243401034656,5.684341886080802e-14,0.0,18,0.5,0.1,0,0,0,0,0.404,0.5720000000000001,0.6040000000000001,0.0,475.7724340103465
P-n16-k8,pso,1,20,15,1,16.4,8.138795979750322,35,100,0.01,0.4,475.7724340103465,475.77243401034656,5.684341886080802e-14,0.0,19,0.5,0.1,0,0,0,0,0.42000000000000004,0.56,0.6200000000000001,0.0,475.7724340103465
P-n16-k8,pso,1,21,15,1,16.4,8.138795979750322,35,100,0.01,0.42,475.7724340103465,475.77243401034656,5.684341886080802e-14,0.0,19,0.5,0.1,0,0,0,0,0.43600000000000005,0.548,0.636,0.0,475.7724340103465
P-n16-k8,pso,1,22,15,1,16.4,8.138795979750322,35,100,0.01,0.44,475.7724340103465,475.77243401034656,5.684341886080802e-14,0.0,19,0.5,0.1,0,0,0,0,0.45200000000000007,0.536,0.652,0.0,475.7724340103465
P-n16-k8,pso,1,23,15,1,16.4,8.138795979750322,35,100,0.01,0.46,475.7724340103465,475.77243401034656,5.684341886080802e-14,0.0,19,0.5,0.1,0,0,0,0,0.4680000000000001,0.524,0.668,0.0,475.7724340103465
P-n16-k8,pso,1,24,15,1,16.4,8.138795979750322,35,100,0.01,0.48,475.7724340103465,475.77243401034656,5.684341886080802e-14,0.0,19,0.5,0.1,0,0,0,0,0.484,0.512,0.6839999999999999,0.0,475.7724340103465
P-n16-k8,pso,1,25,15,1,16.4,8.138795979750322,35,100,0.01,0.5,475.7724340103465,475.77243401034656,5.684341886080802e-14,0.0,19,0.5,0.1,0,0,0,0,0.5,0.5,0.7,0.0,475.7724340103465
P-n16-k8,pso,1,26,15,1,16.4,8.138795979750322,35,100,0.01,0.52,475.7724340103465,475.77243401034656,5.684341886080802e-14,0.0,19,0.5,0.1,0,0,0,0,0.516,0.48800000000000004,0.6839999999999999,0.0,475.7724340103465
P-n16-k8,pso,1,27,15,1,16.4,8.138795979750322,35,100,0.01,0.54,475.7724340103465,475.77243401034656,5.684341886080802e-14,0.0,19,0.5,0.1,0,0,0,0,0.532,0.47600000000000003,0.6679999999999999,0.0,475.7724340103465
P-n16-k8,pso,1,28,15,1,16.4,8.138795979750322,35,100,0.01,0.56,475.7724340103465,475.77243401034656,5.684341886080802e-14,0.0,19,0.5,0.1,0,0,0,0,0.548,0.464,0.6519999999999999,0.0,475.7724340103465
P-n16-k8,pso,1,29,15,1,16.4,8.138795979750322,35,100,0.01,0.58,475.7724340103465,475.77243401034656,5.684341886080802e-14,0.0,19,0.5,0.1,0,0,0,0,0.564,0.45200000000000007,0.6360000000000001,0.0,475.7724340103465
P-n16-k8,pso,1,30,15,1,16.4,8.138795979750322,35,100,0.01,0.6,475.7724340103465,475.77243401034656,5.684341886080802e-14,0.0,19,0.5,0.1,0,0,0,0,0.58,0.44000000000000006,0.6200000000000001,0.0,475.7724340103465
P-n16-k8,pso,1,31,15,1,16.4,8.138795979750322,35,100,0.01,0.62,475.7724340103465,475.77243401034656,5.684341886080802e-14,0.0,19,0.5,0.1,0,0,0,0,0.596,0.42800000000000005,0.6040000000000001,0.0,475.7724340103465
P-n16-k8,pso,1,32,15,1,16.4,8.138795979750322,35,100,0.01,0.64,475.7724340103465,475.77243401034656,5.684341886080802e-14,0.0,19,0.5,0.1,0,0,0,0,0.612,0.41600000000000004,0.588,0.0,475.7724340103465
P-n16-k8,pso,1,33,15,1,16.4,8.138795979750322,35,100,0.01,0.66,475.7724340103465,475.77243401034656,5.684341886080802e-14,0.0,19,0.5,0.1,0,0,0,0,0.628,0.404,0.572,0.0,475.7724340103465
P-n16-k8,pso,1,34,15,1,16.4,8.138795979750322,35,100,0.01,0.68,475.7724340103465,475.77243401034656,5.684341886080802e-14,0.0,19,0.5,0.1,0,0,0,0,0.644,0.392,0.5559999999999999,0.0,475.7724340103465
P-n16-k8,pso,1,35,15,1,16.4,8.138795979750322,35,100,0.01,0.7,475.7724340103465,475.77243401034656,5.684341886080802e-14,0.0,19,0.5,0.1,0,0,0,0,0.6599999999999999,0.38000000000000006,0.54,0.0,475.7724340103465
P-n16-k8,pso,1,36,15,1,16.4,8.138795979750322,35,100,0.01,0.72,475.7724340103465,475.77243401034656,5.684341886080802e-14,0.0,19,0.5,0.1,0,0,0,0,0.6759999999999999,0.36800000000000005,0.524,0.0,475.7724340103465
P-n16-k8,pso,1,37,15,1,16.4,8.138795979750322,35,100,0.01,0.74,475.7724340103465,475.77243401034656,5.684341886080802e-14,0.0,19,0.5,0.1,0,0,0,0,0.692,0.35600000000000004,0.508,0.0,475.7724340103465
P-n16-k8,pso,1,38,15,1,16.4,8.138795979750322,35,100,0.01,0.76,475.7724340103465,475.77243401034656,5.684341886080802e-14,0.0,19,0.5,0.1,0,0,0,0,0.7080000000000001,0.3440000000000001,0.492,0.0,475.7724340103465
P-n16-k8,pso,1,39,15,1,16.4,8.138795979750322,35,100,0.01,0.78,475.7724340103465,475.77243401034656,5.684341886080802e-14,0.0,19,0.5,0.1,0,0,0,0,0.7240000000000001,0.3320000000000001,0.476,0.0,475.7724340103465
P-n16-k8,pso,1,40,15,1,16.4,8.138795979750322,35,100,0.01,0.8,475.7724340103465,475.77243401034656,5.684341886080802e-14,0.0,19,0.5,0.1,0,0,0,0,0.7400000000000001,0.32000000000000006,0.45999999999999996,0.0,475.7724340103465
P-n16-k8,pso,1,41,15,1,16.4,8.138795979750322,35,100,0.01,0.82,475.7724340103465,475.77243401034656,5.684341886080802e-14,0.0,19,0.5,0.1,0,0,0,0,0.756,0.3080000000000001,0.44400000000000006,0.0,475.7724340103465
P-n16-k8,pso,1,42,15,1,16.4,8.138795979750322,35,100,0.01,0.84,475.7724340103465,475.77243401034656,5.684341886080802e-14,0.0,19,0.5,0.1,0,0,0,0,0.772,0.29600000000000004,0.42800000000000005,0.0,475.7724340103465
P-n16-k8,pso,1,43,15,1,16.4,8.138795979750322,35,100,0.01,0.86,475.7724340103465,475.77243401034656,5.684341886080802e-14,0.0,19,0.5,0.1,0,0,0,0,0.788,0.28400000000000003,0.41200000000000003,0.0,475.7724340103465
P-n16-k8,pso,1,44,15,1,16.4,8.138795979750322,35,100,0.01,0.88,475.7724340103465,475.77243401034656,5.684341886080802e-14,0.0,19,0.5,0.1,0,0,0,0,0.804,0.272,0.396,0.0,475.7724340103465
P-n16-k8,pso,1,45,15,1,16.4,8.138795979750322,35,100,0.01,0.9,475.7724340103465,475.77243401034656,5.684341886080802e-14,0.0,19,0.5,0.1,0,0,0,0,0.8200000000000001,0.26,0.38,0.0,475.7724340103465
P-n16-k8,pso,1,46,15,1,16.4,8.138795979750322,35,100,0.01,0.92,475.7724340103465,475.77243401034656,5.684341886080802e-14,0.0,19,0.5,0.1,0,0,0,0,0.8360000000000001,0.248,0.364,0.0,475.7724340103465
P-n16-k8,pso,1,47,15,1,16.4,8.138795979750322,35,100,0.01,0.94,475.7724340103465,475.77243401034656,5.684341886080802e-14,0.0,19,0.5,0.1,0,0,0,0,0.852,0.2360000000000001,0.34800000000000003,0.0,475.7724340103465
P-n16-k8,pso,1,48,15,1,16.4,8.138795979750322,35,100,0.01,0.96,475.7724340103465,475.77243401034656,5.684341886080802e-14,0.0,19,0.5,0.1,0,0,0,0,0.868,0.2240000000000001,0.332,0.0,475.7724340103465
P-n16-k8,pso,1,49,15,1,16.4,8.138795979750322,35,100,0.01,0.98,475.7724340103465,475.77243401034656,5.684341886080802e-14,0.0,19,0.5,0.1,0,0,0,0,0.884,0.21200000000000008,0.316,0.0,475.7724340103465
P-n16-k8,pso,2,0,15,1,16.4,8.138795979750322,35,100,0.01,0.0,1000.0,1000.0,100.0,0.0,0,0.5,0.1,0,0,0,0,0.1,0.8,0.3,0.0,475.7724340103465
P-n16-k8,pso,2,1,15,1,16.4,8.138795979750322,35,100,0.01,0.02,475.7724340103465,475.7724340103465,100.0,0.0,0,0.5,0.1,0,0,0,0,0.116,0.788,0.316,0.0,475.7724340103465
P-n16-k8,pso,2,2,15,1,16.4,8.138795979750322,35,100,0.01,0.04,475.7724340103465,475.7724340103465,100.0,0.0,0,0.5,0.1,0,0,0,0,0.132,0.776,0.33199999999999996,0.0,475.7724340103465
P-n16-k8,pso,2,3,15,1,16.4,8.138795979750322,35,100,0.01,0.06,475.7724340103465,475.77243401034656,100.0,0.0,0,0.5,0.1,0,0,0,0,0.14800000000000002,0.764,0.348,0.0,475.7724340103465
P-n16-k8,pso,2,4,15,1,16.4,8.138795979750322,35,100,0.01,0.08,475.7724340103465,475.7724340103465,100.0,0.0,0,0.5,0.1,0,0,0,0,0.164,0.752,0.364,0.0,475.7724340103465
P-n16-k8,pso,2,5,15,1,16.4,8.138795979750322,35,100,0.01,0.1,475.7724340103465,475.7724340103465,100.0,0.0,0,0.5,0.1,0,0,0,0,0.18000000000000002,0.74,0.38,0.0,475.7724340103465
P-n16-k8,pso,2,6,15,1,16.4,8.138795979750322,35,100,0.01,0.12,475.7724340103465,475.77243401034644,100.0,0.0,0,0.5,0.1,0,0,0,0,0.196,0.7280000000000001,0.396,0.0,475.7724340103465
P-n16-k8,pso,2,7,15,1,16.4,8.138795979750322,35,100,0.01,0.14,475.7724340103465,475.77243401034644,100.0,0.0,0,0.5,0.1,0,0,0,0,0.21200000000000002,0.7160000000000001,0.41200000000000003,0.0,475.7724340103465
P-n16-k8,pso,2,8,15,1,16.4,8.138795979750322,35,100,0.01,0.16,475.7724340103465,475.7724340103465,100.0,0.0,0,0.5,0.1,0,0,0,0,0.228,0.7040000000000001,0.42800000000000005,0.0,475.7724340103465
P-n16-k8,pso,2,9,15,1,16.4,8.138795979750322,35,100,0.01,0.18,475.7724340103465,475.77243401034656,100.0,0.0,0,0.5,0.1,0,0,0,0,0.244,0.6920000000000001,0.44399999999999995,0.0,475.7724340103465
P-n16-k8,pso,2,10,15,1,16.4,8.138795979750322,35,100,0.01,0.2,475.7724340103465,475.77243401034656,100.0,0.0,0,0.5,0.1,0,0,0,0,0.26,0.68,0.46,0.0,475.7724340103465
P-n16-k8,pso,2,11,15,1,16.4,8.138795979750322,35,100,0.01,0.22,475.7724340103465,475.77243401034656,5.684341886080802e-14,0.0,10,0.5,0.1,0,0,0,0,0.276,0.668,0.476,0.0,475.7724340103465
P-n16-k8,pso,2,12,15,1,16.4,8.138795979750322,35,100,0.01,0.24,475.7724340103465,475.77243401034656,5.684341886080802e-14,0.0,11,0.5,0.1,0,0,0,0,0.29200000000000004,0.656,0.492,0.0,475.7724340103465
P-n16-k8,pso,2,13,15,1,16.4,8.138795979750322,35,100,0.01,0.26,475.7724340103465,475.77243401034656,5.684341886080802e-14,0.0,12,0.5,0.1,0,0,0,0,0.30800000000000005,0.644,0.508,0.0,475.7724340103465
P-n16-k8,pso,2,14,15,1,16.4,8.138795979750322,35,100,0.01,0.28,475.7724340103465,475.77243401034656,5.684341886080802e-14,0.0,13,0.5,0.1,0,0,0,0,0.32400000000000007,0.632,0.524,0.0,475.7724340103465
P-n16-k8,pso,2,15,15,1,16.4,8.138795979750322,35,100,0.01,0.3,475.7724340103465,475.77243401034656,5.684341886080802e-14,0.0,14,0.5,0.1,0,0,0,0,0.33999999999999997,0.6200000000000001,0.54,0.0,475.7724340103465
P-n16-k8,pso,2,16,15,1,16.4,8.138795979750322,35,100,0.01,0.32,475.7724340103465,475.77243401034656,5.684341886080802e-14,0.0,15,0.5,0.1,0,0,0,0,0.356,0.6080000000000001,0.556,0.0,475.7724340103465
P-n16-k8,pso,2,17,15,1,16.4,8.138795979750322,35,100,0.01,0.34,475.7724340103465,475.77243401034656,5.684341886080802e-14,0.0,16,0.5,0.1,0,0,0,0,0.372,0.5960000000000001,0.5720000000000001,0.0,475.7724340103465
P-n16-k8,pso,2,18,15,1,16.4,8.138795979750322,35,100,0.01,0.36,475.7724340103465,475.77243401034656,5.684341886080802e-14,0.0,17,0.5,0.1,0,0,0,0,0.388,0.5840000000000001,0.588,0.0,475.7724340103465
P-n16-k8,pso,2,19,15,1,16.4,8.138795979750322,35,100,0.01,0.38,475.7724340103465,475.77243401034656,5.684341886080802e-14,0.0,18,0.5,0.1,0,0,0,0,0.404,0.5720000000000001,0.6040000000000001,0.0,475.7724340103465
P-n16-k8,pso,2,20,15,1,16.4,8.138795979750322,35,100,0.01,0.4,475.7724340103465,475.77243401034656,5.684341886080802e-14,0.0,19,0.5,0.1,0,0,0,0,0.42000000000000004,0.56,0.6200000000000001,0.0,475.7724340103465
P-n16-k8,pso,2,21,15,1,16.4,8.138795979750322,35,100,0.01,0.42,475.7724340103465,475.77243401034656,5.684341886080802e-14,0.0,19,0.5,0.1,0,0,0,0,0.43600000000000005,0.548,0.636,0.0,475.7724340103465
P-n16-k8,pso,2,22,15,1,16.4,8.138795979750322,35,100,0.01,0.44,475.7724340103465,475.77243401034656,5.684341886080802e-14,0.0,19,0.5,0.1,0,0,0,0,0.45200000000000007,0.536,0.652,0.0,475.7724340103465
P-n16-k8,pso,2,23,15,1,16.4,8.138795979750322,35,100,0.01,0.46,475.7724340103465,475.77243401034656,5.684341886080802e-14,0.0,19,0.5,0.1,0,0,0,0,0.4680000000000001,0.524,0.668,0.0,475.7724340103465
P-n16-k8,pso,2,24,15,1,16.4,8.138795979750322,35,100,0.01,0.48,475.7724340103465,475.77243401034656,5.684341886080802e-14,0.0,19,0.5,0.1,0,0,0,0,0.484,0.512,0.6839999999999999,0.0,475.7724340103465
P-n16-k8,pso,2,25,15,1,16.4,8.138795979750322,35,100,0.01,0.5,475.7724340103465,475.77243401034656,5.684341886080802e-14,0.0,19,0.5,0.1,0,0,0,0,0.5,0.5,0.7,0.0,475.7724340103465
P-n16-k8,pso,2,26,15,1,16.4,8.138795979750322,35,100,0.01,0.52,475.7724340103465,475.77243401034656,5.684341886080802e-14,0.0,19,0.5,0.1,0,0,0,0,0.516,0.48800000000000004,0.6839999999999999,0.0,475.7724340103465
P-n16-k8,pso,2,27,15,1,16.4,8.138795979750322,35,100,0.01,0.54,475.7724340103465,475.77243401034656,5.684341886080802e-14,0.0,19,0.5,0.1,0,0,0,0,0.532,0.47600000000000003,0.6679999999999999,0.0,475.7724340103465
P-n16-k8,pso,2,28,15,1,16.4,8.138795979750322,35,100,0.01,0.56,475.7724340103465,475.77243401034656,5.684341886080802e-14,0.0,19,0.5,0.1,0,0,0,0,0.548,0.464,0.6519999999999999,0.0,475.7724340103465
P-n16-k8,pso,2,29,15,1,16.4,8.138795979750322,35,100,0.01,0.58,475.7724340103465,475.77243401034656,5.684341886080802e-14,0.0,19,0.5,0.1,0,0,0,0,0.564,0.45200000000000007,0.6360000000000001,0.0,475.7724340103465
P-n16-k8,pso,2,30,15,1,16.4,8.138795979750322,35,100,0.01,0.6,475.7724340103465,475.77243401034656,5.684341886080802e-14,0.0,19,0.5,0.1,0,0,0,0,0.58,0.44000000000000006,0.6200000000000001,0.0,475.7724340103465
P-n16-k8,pso,2,31,15,1,16.4,8.138795979750322,35,100,0.01,0.62,475.7724340103465,475.77243401034656,5.684341886080802e-14,0.0,19,0.5,0.1,0,0,0,0,0.596,0.42800000000000005,0.6040000000000001,0.0,475.7724340103465
P-n16-k8,pso,2,32,15,1,16.4,8.138795979750322,35,100,0.01,0.64,475.7724340103465,475.77243401034656,5.684341886080802e-14,0.0,19,0.5,0.1,0,0,0,0,0.612,0.41600000000000004,0.588,0.0,475.7724340103465
P-n16-k8,pso,2,33,15,1,16.4,8.138795979750322,35,100,0.01,0.66,475.7724340103465,475.77243401034656,5.684341886080802e-14,0.0,19,0.5,0.1,0,0,0,0,0.628,0.404,0.572,0.0,475.7724340103465
P-n16-k8,pso,2,34,15,1,16.4,8.138795979750322,35,100,0.01,0.68,475.7724340103465,475.77243401034656,5.684341886080802e-14,0.0,19,0.5,0.1,0,0,0,0,0.644,0.392,0.5559999999999999,0.0,475.7724340103465
P-n16-k8,pso,2,35,15,1,16.4,8.138795979750322,35,100,0.01,0.7,475.7724340103465,475.77243401034656,5.684341886080802e-14,0.0,19,0.5,0.1,0,0,0,0,0.6599999999999999,0.38000000000000006,0.54,0.0,475.7724340103465
P-n16-k8,pso,2,36,15,1,16.4,8.138795979750322,35,100,0.01,0.72,475.7724340103465,475.77243401034656,5.684341886080802e-14,0.0,19,0.5,0.1,0,0,0,0,0.6759999999999999,0.36800000000000005,0.524,0.0,475.7724340103465
P-n16-k8,pso,2,37,15,1,16.4,8.138795979750322,35,100,0.01,0.74,475.7724340103465,475.77243401034656,5.684341886080802e-14,0.0,19,0.5,0.1,0,0,0,0,0.692,0.35600000000000004,0.508,0.0,475.7724340103465
P-n16-k8,pso,2,38,15,1,16.4,8.138795979750322,35,100,0.01,0.76,475.7724340103465,475.77243401034656,5.684341886080802e-14,0.0,19,0.5,0.1,0,0,0,0,0.7080000000000001,0.3440000000000001,0.492,0.0,475.7724340103465
P-n16-k8,pso,2,39,15,1,16.4,8.138795979750322,35,100,0.01,0.78,475.7724340103465,475.77243401034656,5.684341886080802e-14,0.0,19,0.5,0.1,0,0,0,0,0.7240000000000001,0.3320000000000001,0.476,0.0,475.7724340103465
P-n16-k8,pso,2,40,15,1,16.4,8.138795979750322,35,100,0.01,0.8,475.7724340103465,475.77243401034656,5.684341886080802e-14,0.0,19,0.5,0.1,0,0,0,0,0.7400000000000001,0.32000000000000006,0.45999999999999996,0.0,475.7724340103465
P-n16-k8,pso,2,41,15,1,16.4,8.138795979750322,35,100,0.01,0.82,475.7724340103465,475.77243401034656,5.684341886080802e-14,0.0,19,0.5,0.1,0,0,0,0,0.756,0.3080000000000001,0.44400000000000006,0.0,475.7724340103465
P-n16-k8,pso,2,42,15,1,16.4,8.138795979750322,35,100,0.01,0.84,475.7724340103465,475.77243401034656,5.684341886080802e-14,0.0,19,0.5,0.1,0,0,0,0,0.772,0.29600000000000004,0.42800000000000005,0.0,475.7724340103465
P-n16-k8,pso,2,43,15,1,16.4,8.138795979750322,35,100,0.01,0.86,475.7724340103465,475.77243401034656,5.684341886080802e-14,0.0,19,0.5,0.1,0,0,0,0,0.788,0.28400000000000003,0.41200000000000003,0.0,475.7724340103465
P-n16-k8,pso,2,44,15,1,16.4,8.138795979750322,35,100,0.01,0.88,475.7724340103465,475.77243401034656,5.684341886080802e-14,0.0,19,0.5,0.1,0,0,0,0,0.804,0.272,0.396,0.0,475.7724340103465
P-n16-k8,pso,2,45,15,1,16.4,8.138795979750322,35,100,0.01,0.9,475.7724340103465,475.77243401034656,5.684341886080802e-14,0.0,19,0.5,0.1,0,0,0,0,0.8200000000000001,0.26,0.38,0.0,475.7724340103465
P-n16-k8,pso,2,46,15,1,16.4,8.138795979750322,35,100,0.01,0.92,475.7724340103465,475.77243401034656,5.684341886080802e-14,0.0,19,0.5,0.1,0,0,0,0,0.8360000000000001,0.248,0.364,0.0,475.7724340103465
P-n16-k8,pso,2,47,15,1,16.4,8.138795979750322,35,100,0.01,0.94,475.7724340103465,475.77243401034656,5.684341886080802e-14,0.0,19,0.5,0.1,0,0,0,0,0.852,0.2360000000000001,0.34800000000000003,0.0,475.7724340103465
P-n16-k8,pso,2,48,15,1,16.4,8.138795979750322,35,100,0.01,0.96,475.7724340103465,475.77243401034656,5.684341886080802e-14,0.0,19,0.5,0.1,0,0,0,0,0.868,0.2240000000000001,0.332,0.0,475.7724340103465
P-n16-k8,pso,2,49,15,1,16.4,8.138795979750322,35,100,0.01,0.98,475.7724340103465,475.77243401034656,5.684341886080802e-14,0.0,19,0.5,0.1,0,0,0,0,0.884,0.21200000000000008,0.316,0.0,475.7724340103465
P-n16-k8,pso,3,0,15,1,16.4,8.138795979750322,35,100,0.01,0.0,1000.0,1000.0,100.0,0.0,0,0.5,0.1,0,0,0,0,0.1,0.8,0.3,0.0,475.7724340103465
P-n16-k8,pso,3,1,15,1,16.4,8.138795979750322,35,100,0.01,0.02,475.7724340103465,475.7724340103465,100.0,0.0,0,0.5,0.1,0,0,0,0,0.116,0.788,0.316,0.0,475.7724340103465
P-n16-k8,pso,3,2,15,1,16.4,8.138795979750322,35,100,0.01,0.04,475.7724340103465,475.7724340103465,100.0,0.0,0,0.5,0.1,0,0,0,0,0.132,0.776,0.33199999999999996,0.0,475.7724340103465
P-n16-k8,pso,3,3,15,1,16.4,8.138795979750322,35,100,0.01,0.06,475.7724340103465,475.77243401034656,100.0,0.0,0,0.5,0.1,0,0,0,0,0.14800000000000002,0.764,0.348,0.0,475.7724340103465
P-n16-k8,pso,3,4,15,1,16.4,8.138795979750322,35,100,0.01,0.08,475.7724340103465,475.7724340103465,100.0,0.0,0,0.5,0.1,0,0,0,0,0.164,0.752,0.364,0.0,475.7724340103465
P-n16-k8,pso,3,5,15,1,16.4,8.138795979750322,35,100,0.01,0.1,475.7724340103465,475.7724340103465,100.0,0.0,0,0.5,0.1,0,0,0,0,0.18000000000000002,0.74,0.38,0.0,475.7724340103465
P-n16-k8,pso,3,6,15,1,16.4,8.138795979750322,35,100,0.01,0.12,475.7724340103465,475.77243401034644,100.0,0.0,0,0.5,0.1,0,0,0,0,0.196,0.7280000000000001,0.396,0.0,475.7724340103465
P-n16-k8,pso,3,7,15,1,16.4,8.138795979750322,35,100,0.01,0.14,475.7724340103465,475.77243401034644,100.0,0.0,0,0.5,0.1,0,0,0,0,0.21200000000000002,0.7160000000000001,0.41200000000000003,0.0,475.7724340103465
P-n16-k8,pso,3,8,15,1,16.4,8.138795979750322,35,100,0.01,0.16,475.7724340103465,475.7724340103465,100.0,0.0,0,0.5,0.1,0,0,0,0,0.228,0.7040000000000001,0.42800000000000005,0.0,475.7724340103465
P-n16-k8,pso,3,9,15,1,16.4,8.138795979750322,35,100,0.01,0.18,475.7724340103465,475.77243401034656,100.0,0.0,0,0.5,0.1,0,0,0,0,0.244,0.6920000000000001,0.44399999999999995,0.0,475.7724340103465
P-n16-k8,pso,3,10,15,1,16.4,8.138795979750322,35,100,0.01,0.2,475.7724340103465,475.77243401034656,100.0,0.0,0,0.5,0.1,0,0,0,0,0.26,0.68,0.46,0.0,475.7724340103465
P-n16-k8,pso,3,11,15,1,16.4,8.138795979750322,35,100,0.01,0.22,475.7724340103465,475.77243401034656,5.684341886080802e-14,0.0,10,0.5,0.1,0,0,0,0,0.276,0.668,0.476,0.0,475.7724340103465
P-n16-k8,pso,3,12,15,1,16.4,8.138795979750322,35,100,0.01,0.24,475.7724340103465,475.77243401034656,5.684341886080802e-14,0.0,11,0.5,0.1,0,0,0,0,0.29200000000000004,0.656,0.492,0.0,475.7724340103465
P-n16-k8,pso,3,13,15,1,16.4,8.138795979750322,35,100,0.01,0.26,475.7724340103465,475.77243401034656,5.684341886080802e-14,0.0,12,0.5,0.1,0,0,0,0,0.30800000000000005,0.644,0.508,0.0,475.7724340103465
P-n16-k8,pso,3,14,15,1,16.4,8.138795979750322,35,100,0.01,0.28,475.7724340103465,475.77243401034656,5.684341886080802e-14,0.0,13,0.5,0.1,0,0,0,0,0.32400000000000007,0.632,0.524,0.0,475.7724340103465
P-n16-k8,pso,3,15,15,1,16.4,8.138795979750322,35,100,0.01,0.3,475.7724340103465,475.77243401034656,5.684341886080802e-14,0.0,14,0.5,0.1,0,0,0,0,0.33999999999999997,0.6200000000000001,0.54,0.0,475.7724340103465
P-n16-k8,pso,3,16,15,1,16.4,8.138795979750322,35,100,0.01,0.32,475.7724340103465,475.77243401034656,5.684341886080802e-14,0.0,15,0.5,0.1,0,0,0,0,0.356,0.6080000000000001,0.556,0.0,475.7724340103465
P-n16-k8,pso,3,17,15,1,16.4,8.138795979750322,35,100,0.01,0.34,475.7724340103465,475.77243401034656,5.684341886080802e-14,0.0,16,0.5,0.1,0,0,0,0,0.372,0.5960000000000001,0.5720000000000001,0.0,475.7724340103465
P-n16-k8,pso,3,18,15,1,16.4,8.138795979750322,35,100,0.01,0.36,475.7724340103465,475.77243401034656,5.684341886080802e-14,0.0,17,0.5,0.1,0,0,0,0,0.388,0.5840000000000001,0.588,0.0,475.7724340103465
P-n16-k8,pso,3,19,15,1,16.4,8.138795979750322,35,100,0.01,0.38,475.7724340103465,475.77243401034656,5.684341886080802e-14,0.0,18,0.5,0.1,0,0,0,0,0.404,0.5720000000000001,0.6040000000000001,0.0,475.7724340103465
P-n16-k8,pso,3,20,15,1,16.4,8.138795979750322,35,100,0.01,0.4,475.7724340103465,475.77243401034656,5.684341886080802e-14,0.0,19,0.5,0.1,0,0,0,0,0.42000000000000004,0.56,0.6200000000000001,0.0,475.7724340103465
P-n16-k8,pso,3,21,15,1,16.4,8.138795979750322,35,100,0.01,0.42,475.7724340103465,475.77243401034656,5.684341886080802e-14,0.0,19,0.5,0.1,0,0,0,0,0.43600000000000005,0.548,0.636,0.0,475.7724340103465
P-n16-k8,pso,3,22,15,1,16.4,8.138795979750322,35,100,0.01,0.44,475.7724340103465,475.77243401034656,5.684341886080802e-14,0.0,19,0.5,0.1,0,0,0,0,0.45200000000000007,0.536,0.652,0.0,475.7724340103465
P-n16-k8,pso,3,23,15,1,16.4,8.138795979750322,35,100,0.01,0.46,475.7724340103465,475.77243401034656,5.684341886080802e-14,0.0,19,0.5,0.1,0,0,0,0,0.4680000000000001,0.524,0.668,0.0,475.7724340103465
P-n16-k8,pso,3,24,15,1,16.4,8.138795979750322,35,100,0.01,0.48,475.7724340103465,475.77243401034656,5.684341886080802e-14,0.0,19,0.5,0.1,0,0,0,0,0.484,0.512,0.6839999999999999,0.0,475.7724340103465
P-n16-k8,pso,3,25,15,1,16.4,8.138795979750322,35,100,0.01,0.5,475.7724340103465,475.77243401034656,5.684341886080802e-14,0.0,19,0.5,0.1,0,0,0,0,0.5,0.5,0.7,0.0,475.7724340103465
P-n16-k8,pso,3,26,15,1,16.4,8.138795979750322,35,100,0.01,0.52,475.7724340103465,475.77243401034656,5.684341886080802e-14,0.0,19,0.5,0.1,0,0,0,0,0.516,0.48800000000000004,0.6839999999999999,0.0,475.7724340103465
P-n16-k8,pso,3,27,15,1,16.4,8.138795979750322,35,100,0.01,0.54,475.7724340103465,475.77243401034656,5.684341886080802e-14,0.0,19,0.5,0.1,0,0,0,0,0.532,0.47600000000000003,0.6679999999999999,0.0,475.7724340103465
P-n16-k8,pso,3,28,15,1,16.4,8.138795979750322,35,100,0.01,0.56,475.7724340103465,475.77243401034656,5.684341886080802e-14,0.0,19,0.5,0.1,0,0,0,0,0.548,0.464,0.6519999999999999,0.0,475.7724340103465
P-n16-k8,pso,3,29,15,1,16.4,8.138795979750322,35,100,0.01,0.58,475.7724340103465,475.77243401034656,5.684341886080802e-14,0.0,19,0.5,0.1,0,0,0,0,0.564,0.45200000000000007,0.6360000000000001,0.0,475.7724340103465
P-n16-k8,pso,3,30,15,1,16.4,8.138795979750322,35,100,0.01,0.6,475.7724340103465,475.77243401034656,5.684341886080802e-14,0.0,19,0.5,0.1,0,0,0,0,0.58,0.44000000000000006,0.6200000000000001,0.0,475.7724340103465
P-n16-k8,pso,3,31,15,1,16.4,8.138795979750322,35,100,0.01,0.62,475.7724340103465,475.77243401034656,5.684341886080802e-14,0.0,19,0.5,0.1,0,0,0,0,0.596,0.42800000000000005,0.6040000000000001,0.0,475.7724340103465
P-n16-k8,pso,3,32,15,1,16.4,8.138795979750322,35,100,0.01,0.64,475.7724340103465,475.77243401034656,5.684341886080802e-14,0.0,19,0.5,0.1,0,0,0,0,0.612,0.41600000000000004,0.588,0.0,475.7724340103465
P-n16-k8,pso,3,33,15,1,16.4,8.138795979750322,35,100,0.01,0.66,475.7724340103465,475.77243401034656,5.684341886080802e-14,0.0,19,0.5,0.1,0,0,0,0,0.628,0.404,0.572,0.0,475.7724340103465
P-n16-k8,pso,3,34,15,1,16.4,8.138795979750322,35,100,0.01,0.68,475.7724340103465,475.77243401034656,5.684341886080802e-14,0.0,19,0.5,0.1,0,0,0,0,0.644,0.392,0.5559999999999999,0.0,475.7724340103465
P-n16-k8,pso,3,35,15,1,16.4,8.138795979750322,35,100,0.01,0.7,475.7724340103465,475.77243401034656,5.684341886080802e-14,0.0,19,0.5,0.1,0,0,0,0,0.6599999999999999,0.38000000000000006,0.54,0.0,475.7724340103465
P-n16-k8,pso,3,36,15,1,16.4,8.138795979750322,35,100,0.01,0.72,475.7724340103465,475.77243401034656,5.684341886080802e-14,0.0,19,0.5,0.1,0,0,0,0,0.6759999999999999,0.36800000000000005,0.524,0.0,475.7724340103465
P-n16-k8,pso,3,37,15,1,16.4,8.138795979750322,35,100,0.01,0.74,475.7724340103465,475.77243401034656,5.684341886080802e-14,0.0,19,0.5,0.1,0,0,0,0,0.692,0.35600000000000004,0.508,0.0,475.7724340103465
P-n16-k8,pso,3,38,15,1,16.4,8.138795979750322,35,100,0.01,0.76,475.7724340103465,475.77243401034656,5.684341886080802e-14,0.0,19,0.5,0.1,0,0,0,0,0.7080000000000001,0.3440000000000001,0.492,0.0,475.7724340103465
P-n16-k8,pso,3,39,15,1,16.4,8.138795979750322,35,100,0.01,0.78,475.7724340103465,475.77243401034656,5.684341886080802e-14,0.0,19,0.5,0.1,0,0,0,0,0.7240000000000001,0.3320000000000001,0.476,0.0,475.7724340103465
P-n16-k8,pso,3,40,15,1,16.4,8.138795979750322,35,100,0.01,0.8,475.7724340103465,475.77243401034656,5.684341886080802e-14,0.0,19,0.5,0.1,0,0,0,0,0.7400000000000001,0.32000000000000006,0.45999999999999996,0.0,475.7724340103465
P-n16-k8,pso,3,41,15,1,16.4,8.138795979750322,35,100,0.01,0.82,475.7724340103465,475.77243401034656,5.684341886080802e-14,0.0,19,0.5,0.1,0,0,0,0,0.756,0.3080000000000001,0.44400000000000006,0.0,475.7724340103465
P-n16-k8,pso,3,42,15,1,16.4,8.138795979750322,35,100,0.01,0.84,475.7724340103465,475.77243401034656,5.684341886080802e-14,0.0,19,0.5,0.1,0,0,0,0,0.772,0.29600000000000004,0.42800000000000005,0.0,475.7724340103465
P-n16-k8,pso,3,43,15,1,16.4,8.138795979750322,35,100,0.01,0.86,475.7724340103465,475.77243401034656,5.684341886080802e-14,0.0,19,0.5,0.1,0,0,0,0,0.788,0.28400000000000003,0.41200000000000003,0.0,475.7724340103465
P-n16-k8,pso,3,44,15,1,16.4,8.138795979750322,35,100,0.01,0.88,475.7724340103465,475.77243401034656,5.684341886080802e-14,0.0,19,0.5,0.1,0,0,0,0,0.804,0.272,0.396,0.0,475.7724340103465
P-n16-k8,pso,3,45,15,1,16.4,8.138795979750322,35,100,0.01,0.9,475.7724340103465,475.77243401034656,5.684341886080802e-14,0.0,19,0.5,0.1,0,0,0,0,0.8200000000000001,0.26,0.38,0.0,475.7724340103465
P-n16-k8,pso,3,46,15,1,16.4,8.138795979750322,35,100,0.01,0.92,475.7724340103465,475.77243401034656,5.684341886080802e-14,0.0,19,0.5,0.1,0,0,0,0,0.8360000000000001,0.248,0.364,0.0,475.7724340103465
P-n16-k8,pso,3,47,15,1,16.4,8.138795979750322,35,100,0.01,0.94,475.7724340103465,475.77243401034656,5.684341886080802e-14,0.0,19,0.5,0.1,0,0,0,0,0.852,0.2360000000000001,0.34800000000000003,0.0,475.7724340103465
P-n16-k8,pso,3,48,15,1,16.4,8.138795979750322,35,100,0.01,0.96,475.7724340103465,475.77243401034656,5.684341886080802e-14,0.0,19,0.5,0.1,0,0,0,0,0.868,0.2240000000000001,0.332,0.0,475.7724340103465
P-n16-k8,pso,3,49,15,1,16.4,8.138795979750322,35,100,0.01,0.98,475.7724340103465,475.77243401034656,5.684341886080802e-14,0.0,19,0.5,0.1,0,0,0,0,0.884,0.21200000000000008,0.316,0.0,475.7724340103465
P-n16-k8,pso,4,0,15,1,16.4,8.138795979750322,35,100,0.01,0.0,1000.0,1000.0,100.0,0.0,0,0.5,0.1,0,0,0,0,0.1,0.8,0.3,0.0,475.7724340103465
P-n16-k8,pso,4,1,15,1,16.4,8.138795979750322,35,100,0.01,0.02,475.7724340103465,475.7724340103465,100.0,0.0,0,0.5,0.1,0,0,0,0,0.116,0.788,0.316,0.0,475.7724340103465
P-n16-k8,pso,4,2,15,1,16.4,8.138795979750322,35,100,0.01,0.04,475.7724340103465,475.7724340103465,100.0,0.0,0,0.5,0.1,0,0,0,0,0.132,0.776,0.33199999999999996,0.0,475.7724340103465
P-n16-k8,pso,4,3,15,1,16.4,8.138795979750322,35,100,0.01,0.06,475.7724340103465,475.77243401034656,100.0,0.0,0,0.5,0.1,0,0,0,0,0.14800000000000002,0.764,0.348,0.0,475.7724340103465
P-n16-k8,pso,4,4,15,1,16.4,8.138795979750322,35,100,0.01,0.08,475.7724340103465,475.7724340103465,100.0,0.0,0,0.5,0.1,0,0,0,0,0.164,0.752,0.364,0.0,475.7724340103465
P-n16-k8,pso,4,5,15,1,16.4,8.138795979750322,35,100,0.01,0.1,475.7724340103465,475.7724340103465,100.0,0.0,0,0.5,0.1,0,0,0,0,0.18000000000000002,0.74,0.38,0.0,475.7724340103465
P-n16-k8,pso,4,6,15,1,16.4,8.138795979750322,35,100,0.01,0.12,475.7724340103465,475.77243401034644,100.0,0.0,0,0.5,0.1,0,0,0,0,0.196,0.7280000000000001,0.396,0.0,475.7724340103465
P-n16-k8,pso,4,7,15,1,16.4,8.138795979750322,35,100,0.01,0.14,475.7724340103465,475.77243401034644,100.0,0.0,0,0.5,0.1,0,0,0,0,0.21200000000000002,0.7160000000000001,0.41200000000000003,0.0,475.7724340103465
P-n16-k8,pso,4,8,15,1,16.4,8.138795979750322,35,100,0.01,0.16,475.7724340103465,475.7724340103465,100.0,0.0,0,0.5,0.1,0,0,0,0,0.228,0.7040000000000001,0.42800000000000005,0.0,475.7724340103465
P-n16-k8,pso,4,9,15,1,16.4,8.138795979750322,35,100,0.01,0.18,475.7724340103465,475.77243401034656,100.0,0.0,0,0.5,0.1,0,0,0,0,0.244,0.6920000000000001,0.44399999999999995,0.0,475.7724340103465
P-n16-k8,pso,4,10,15,1,16.4,8.138795979750322,35,100,0.01,0.2,475.7724340103465,475.77243401034656,100.0,0.0,0,0.5,0.1,0,0,0,0,0.26,0.68,0.46,0.0,475.7724340103465
P-n16-k8,pso,4,11,15,1,16.4,8.138795979750322,35,100,0.01,0.22,475.7724340103465,475.77243401034656,5.684341886080802e-14,0.0,10,0.5,0.1,0,0,0,0,0.276,0.668,0.476,0.0,475.7724340103465
P-n16-k8,pso,4,12,15,1,16.4,8.138795979750322,35,100,0.01,0.24,475.7724340103465,475.77243401034656,5.684341886080802e-14,0.0,11,0.5,0.1,0,0,0,0,0.29200000000000004,0.656,0.492,0.0,475.7724340103465
P-n16-k8,pso,4,13,15,1,16.4,8.138795979750322,35,100,0.01,0.26,475.7724340103465,475.77243401034656,5.684341886080802e-14,0.0,12,0.5,0.1,0,0,0,0,0.30800000000000005,0.644,0.508,0.0,475.7724340103465
P-n16-k8,pso,4,14,15,1,16.4,8.138795979750322,35,100,0.01,0.28,475.7724340103465,475.77243401034656,5.684341886080802e-14,0.0,13,0.5,0.1,0,0,0,0,0.32400000000000007,0.632,0.524,0.0,475.7724340103465
P-n16-k8,pso,4,15,15,1,16.4,8.138795979750322,35,100,0.01,0.3,475.7724340103465,475.77243401034656,5.684341886080802e-14,0.0,14,0.5,0.1,0,0,0,0,0.33999999999999997,0.6200000000000001,0.54,0.0,475.7724340103465
P-n16-k8,pso,4,16,15,1,16.4,8.138795979750322,35,100,0.01,0.32,475.7724340103465,475.77243401034656,5.684341886080802e-14,0.0,15,0.5,0.1,0,0,0,0,0.356,0.6080000000000001,0.556,0.0,475.7724340103465
P-n16-k8,pso,4,17,15,1,16.4,8.138795979750322,35,100,0.01,0.34,475.7724340103465,475.77243401034656,5.684341886080802e-14,0.0,16,0.5,0.1,0,0,0,0,0.372,0.5960000000000001,0.5720000000000001,0.0,475.7724340103465
P-n16-k8,pso,4,18,15,1,16.4,8.138795979750322,35,100,0.01,0.36,475.7724340103465,475.77243401034656,5.684341886080802e-14,0.0,17,0.5,0.1,0,0,0,0,0.388,0.5840000000000001,0.588,0.0,475.7724340103465
P-n16-k8,pso,4,19,15,1,16.4,8.138795979750322,35,100,0.01,0.38,475.7724340103465,475.77243401034656,5.684341886080802e-14,0.0,18,0.5,0.1,0,0,0,0,0.404,0.5720000000000001,0.6040000000000001,0.0,475.7724340103465
P-n16-k8,pso,4,20,15,1,16.4,8.138795979750322,35,100,0.01,0.4,475.7724340103465,475.77243401034656,5.684341886080802e-14,0.0,19,0.5,0.1,0,0,0,0,0.42000000000000004,0.56,0.6200000000000001,0.0,475.7724340103465
P-n16-k8,pso,4,21,15,1,16.4,8.138795979750322,35,100,0.01,0.42,475.7724340103465,475.77243401034656,5.684341886080802e-14,0.0,19,0.5,0.1,0,0,0,0,0.43600000000000005,0.548,0.636,0.0,475.7724340103465
P-n16-k8,pso,4,22,15,1,16.4,8.138795979750322,35,100,0.01,0.44,475.7724340103465,475.77243401034656,5.684341886080802e-14,0.0,19,0.5,0.1,0,0,0,0,0.45200000000000007,0.536,0.652,0.0,475.7724340103465
P-n16-k8,pso,4,23,15,1,16.4,8.138795979750322,35,100,0.01,0.46,475.7724340103465,475.77243401034656,5.684341886080802e-14,0.0,19,0.5,0.1,0,0,0,0,0.4680000000000001,0.524,0.668,0.0,475.7724340103465
P-n16-k8,pso,4,24,15,1,16.4,8.138795979750322,35,100,0.01,0.48,475.7724340103465,475.77243401034656,5.684341886080802e-14,0.0,19,0.5,0.1,0,0,0,0,0.484,0.512,0.6839999999999999,0.0,475.7724340103465
P-n16-k8,pso,4,25,15,1,16.4,8.138795979750322,35,100,0.01,0.5,475.7724340103465,475.77243401034656,5.684341886080802e-14,0.0,19,0.5,0.1,0,0,0,0,0.5,0.5,0.7,0.0,475.7724340103465
P-n16-k8,pso,4,26,15,1,16.4,8.138795979750322,35,100,0.01,0.52,475.7724340103465,475.77243401034656,5.684341886080802e-14,0.0,19,0.5,0.1,0,0,0,0,0.516,0.48800000000000004,0.6839999999999999,0.0,475.7724340103465
P-n16-k8,pso,4,27,15,1,16.4,8.138795979750322,35,100,0.01,0.54,475.7724340103465,475.77243401034656,5.684341886080802e-14,0.0,19,0.5,0.1,0,0,0,0,0.532,0.47600000000000003,0.6679999999999999,0.0,475.7724340103465
P-n16-k8,pso,4,28,15,1,16.4,8.138795979750322,35,100,0.01,0.56,475.7724340103465,475.77243401034656,5.684341886080802e-14,0.0,19,0.5,0.1,0,0,0,0,0.548,0.464,0.6519999999999999,0.0,475.7724340103465
P-n16-k8,pso,4,29,15,1,16.4,8.138795979750322,35,100,0.01,0.58,475.7724340103465,475.77243401034656,5.684341886080802e-14,0.0,19,0.5,0.1,0,0,0,0,0.564,0.45200000000000007,0.6360000000000001,0.0,475.7724340103465
P-n16-k8,pso,4,30,15,1,16.4,8.138795979750322,35,100,0.01,0.6,475.7724340103465,475.77243401034656,5.684341886080802e-14,0.0,19,0.5,0.1,0,0,0,0,0.58,0.44000000000000006,0.6200000000000001,0.0,475.7724340103465
P-n16-k8,pso,4,31,15,1,16.4,8.138795979750322,35,100,0.01,0.62,475.7724340103465,475.77243401034656,5.684341886080802e-14,0.0,19,0.5,0.1,0,0,0,0,0.596,0.42800000000000005,0.6040000000000001,0.0,475.7724340103465
P-n16-k8,pso,4,32,15,1,16.4,8.138795979750322,35,100,0.01,0.64,475.7724340103465,475.77243401034656,5.684341886080802e-14,0.0,19,0.5,0.1,0,0,0,0,0.612,0.41600000000000004,0.588,0.0,475.7724340103465
P-n16-k8,pso,4,33,15,1,16.4,8.138795979750322,35,100,0.01,0.66,475.7724340103465,475.77243401034656,5.684341886080802e-14,0.0,19,0.5,0.1,0,0,0,0,0.628,0.404,0.572,0.0,475.7724340103465
P-n16-k8,pso,4,34,15,1,16.4,8.138795979750322,35,100,0.01,0.68,475.7724340103465,475.77243401034656,5.684341886080802e-14,0.0,19,0.5,0.1,0,0,0,0,0.644,0.392,0.5559999999999999,0.0,475.7724340103465
P-n16-k8,pso,4,35,15,1,16.4,8.138795979750322,35,100,0.01,0.7,475.7724340103465,475.77243401034656,5.684341886080802e-14,0.0,19,0.5,0.1,0,0,0,0,0.6599999999999999,0.38000000000000006,0.54,0.0,475.7724340103465
P-n16-k8,pso,4,36,15,1,16.4,8.138795979750322,35,100,0.01,0.72,475.7724340103465,475.77243401034656,5.684341886080802e-14,0.0,19,0.5,0.1,0,0,0,0,0.6759999999999999,0.36800000000000005,0.524,0.0,475.7724340103465
P-n16-k8,pso,4,37,15,1,16.4,8.138795979750322,35,100,0.01,0.74,475.7724340103465,475.77243401034656,5.684341886080802e-14,0.0,19,0.5,0.1,0,0,0,0,0.692,0.35600000000000004,0.508,0.0,475.7724340103465
P-n16-k8,pso,4,38,15,1,16.4,8.138795979750322,35,100,0.01,0.76,475.7724340103465,475.77243401034656,5.684341886080802e-14,0.0,19,0.5,0.1,0,0,0,0,0.7080000000000001,0.3440000000000001,0.492,0.0,475.7724340103465
P-n16-k8,pso,4,39,15,1,16.4,8.138795979750322,35,100,0.01,0.78,475.7724340103465,475.77243401034656,5.684341886080802e-14,0.0,19,0.5,0.1,0,0,0,0,0.7240000000000001,0.3320000000000001,0.476,0.0,475.7724340103465
P-n16-k8,pso,4,40,15,1,16.4,8.138795979750322,35,100,0.01,0.8,475.7724340103465,475.77243401034656,5.684341886080802e-14,0.0,19,0.5,0.1,0,0,0,0,0.7400000000000001,0.32000000000000006,0.45999999999999996,0.0,475.7724340103465
P-n16-k8,pso,4,41,15,1,16.4,8.138795979750322,35,100,0.01,0.82,475.7724340103465,475.77243401034656,5.684341886080802e-14,0.0,19,0.5,0.1,0,0,0,0,0.756,0.3080000000000001,0.44400000000000006,0.0,475.7724340103465
P-n16-k8,pso,4,42,15,1,16.4,8.138795979750322,35,100,0.01,0.84,475.7724340103465,475.77243401034656,5.684341886080802e-14,0.0,19,0.5,0.1,0,0,0,0,0.772,0.29600000000000004,0.42800000000000005,0.0,475.7724340103465
P-n16-k8,pso,4,43,15,1,16.4,8.138795979750322,35,100,0.01,0.86,475.7724340103465,475.77243401034656,5.684341886080802e-14,0.0,19,0.5,0.1,0,0,0,0,0.788,0.28400000000000003,0.41200000000000003,0.0,475.7724340103465
P-n16-k8,pso,4,44,15,1,16.4,8.138795979750322,35,100,0.01,0.88,475.7724340103465,475.77243401034656,5.684341886080802e-14,0.0,19,0.5,0.1,0,0,0,0,0.804,0.272,0.396,0.0,475.7724340103465
P-n16-k8,pso,4,45,15,1,16.4,8.138795979750322,35,100,0.01,0.9,475.7724340103465,475.77243401034656,5.684341886080802e-14,0.0,19,0.5,0.1,0,0,0,0,0.8200000000000001,0.26,0.38,0.0,475.7724340103465
P-n16-k8,pso,4,46,15,1,16.4,8.138795979750322,35,100,0.01,0.92,475.7724340103465,475.77243401034656,5.684341886080802e-14,0.0,19,0.5,0.1,0,0,0,0,0.8360000000000001,0.248,0.364,0.0,475.7724340103465
P-n16-k8,pso,4,47,15,1,16.4,8.138795979750322,35,100,0.01,0.94,475.7724340103465,475.77243401034656,5.684341886080802e-14,0.0,19,0.5,0.1,0,0,0,0,0.852,0.2360000000000001,0.34800000000000003,0.0,475.7724340103465
P-n16-k8,pso,4,48,15,1,16.4,8.138795979750322,35,100,0.01,0.96,475.7724340103465,475.77243401034656,5.684341886080802e-14,0.0,19,0.5,0.1,0,0,0,0,0.868,0.2240000000000001,0.332,0.0,475.7724340103465
P-n16-k8,pso,4,49,15,1,16.4,8.138795979750322,35,100,0.01,0.98,475.7724340103465,475.77243401034656,5.684341886080802e-14,0.0,19,0.5,0.1,0,0,0,0,0.884,0.21200000000000008,0.316,0.0,475.7724340103465
P-n16-k8,pso,5,0,15,1,16.4,8.138795979750322,35,100,0.01,0.0,1000.0,1000.0,100.0,0.0,0,0.5,0.1,0,0,0,0,0.1,0.8,0.3,0.0,475.7724340103465
P-n16-k8,pso,5,1,15,1,16.4,8.138795979750322,35,100,0.01,0.02,475.7724340103465,475.7724340103465,100.0,0.0,0,0.5,0.1,0,0,0,0,0.116,0.788,0.316,0.0,475.7724340103465
P-n16-k8,pso,5,2,15,1,16.4,8.138795979750322,35,100,0.01,0.04,475.7724340103465,475.7724340103465,100.0,0.0,0,0.5,0.1,0,0,0,0,0.132,0.776,0.33199999999999996,0.0,475.7724340103465
P-n16-k8,pso,5,3,15,1,16.4,8.138795979750322,35,100,0.01,0.06,475.7724340103465,475.77243401034656,100.0,0.0,0,0.5,0.1,0,0,0,0,0.14800000000000002,0.764,0.348,0.0,475.7724340103465
P-n16-k8,pso,5,4,15,1,16.4,8.138795979750322,35,100,0.01,0.08,475.7724340103465,475.7724340103465,100.0,0.0,0,0.5,0.1,0,0,0,0,0.164,0.752,0.364,0.0,475.7724340103465
P-n16-k8,pso,5,5,15,1,16.4,8.138795979750322,35,100,0.01,0.1,475.7724340103465,475.7724340103465,100.0,0.0,0,0.5,0.1,0,0,0,0,0.18000000000000002,0.74,0.38,0.0,475.7724340103465
P-n16-k8,pso,5,6,15,1,16.4,8.138795979750322,35,100,0.01,0.12,475.7724340103465,475.77243401034644,100.0,0.0,0,0.5,0.1,0,0,0,0,0.196,0.7280000000000001,0.396,0.0,475.7724340103465
P-n16-k8,pso,5,7,15,1,16.4,8.138795979750322,35,100,0.01,0.14,475.7724340103465,475.77243401034644,100.0,0.0,0,0.5,0.1,0,0,0,0,0.21200000000000002,0.7160000000000001,0.41200000000000003,0.0,475.7724340103465
P-n16-k8,pso,5,8,15,1,16.4,8.138795979750322,35,100,0.01,0.16,475.7724340103465,475.7724340103465,100.0,0.0,0,0.5,0.1,0,0,0,0,0.228,0.7040000000000001,0.42800000000000005,0.0,475.7724340103465
P-n16-k8,pso,5,9,15,1,16.4,8.138795979750322,35,100,0.01,0.18,475.7724340103465,475.77243401034656,100.0,0.0,0,0.5,0.1,0,0,0,0,0.244,0.6920000000000001,0.44399999999999995,0.0,475.7724340103465
P-n16-k8,pso,5,10,15,1,16.4,8.138795979750322,35,100,0.01,0.2,475.7724340103465,475.77243401034656,100.0,0.0,0,0.5,0.1,0,0,0,0,0.26,0.68,0.46,0.0,475.7724340103465
P-n16-k8,pso,5,11,15,1,16.4,8.138795979750322,35,100,0.01,0.22,475.7724340103465,475.77243401034656,5.684341886080802e-14,0.0,10,0.5,0.1,0,0,0,0,0.276,0.668,0.476,0.0,475.7724340103465
P-n16-k8,pso,5,12,15,1,16.4,8.138795979750322,35,100,0.01,0.24,475.7724340103465,475.77243401034656,5.684341886080802e-14,0.0,11,0.5,0.1,0,0,0,0,0.29200000000000004,0.656,0.492,0.0,475.7724340103465
P-n16-k8,pso,5,13,15,1,16.4,8.138795979750322,35,100,0.01,0.26,475.7724340103465,475.77243401034656,5.684341886080802e-14,0.0,12,0.5,0.1,0,0,0,0,0.30800000000000005,0.644,0.508,0.0,475.7724340103465
P-n16-k8,pso,5,14,15,1,16.4,8.138795979750322,35,100,0.01,0.28,475.7724340103465,475.77243401034656,5.684341886080802e-14,0.0,13,0.5,0.1,0,0,0,0,0.32400000000000007,0.632,0.524,0.0,475.7724340103465
P-n16-k8,pso,5,15,15,1,16.4,8.138795979750322,35,100,0.01,0.3,475.7724340103465,475.77243401034656,5.684341886080802e-14,0.0,14,0.5,0.1,0,0,0,0,0.33999999999999997,0.6200000000000001,0.54,0.0,475.7724340103465
P-n16-k8,pso,5,16,15,1,16.4,8.138795979750322,35,100,0.01,0.32,475.7724340103465,475.77243401034656,5.684341886080802e-14,0.0,15,0.5,0.1,0,0,0,0,0.356,0.6080000000000001,0.556,0.0,475.7724340103465
P-n16-k8,pso,5,17,15,1,16.4,8.138795979750322,35,100,0.01,0.34,475.7724340103465,475.77243401034656,5.684341886080802e-14,0.0,16,0.5,0.1,0,0,0,0,0.372,0.5960000000000001,0.5720000000000001,0.0,475.7724340103465
P-n16-k8,pso,5,18,15,1,16.4,8.138795979750322,35,100,0.01,0.36,475.7724340103465,475.77243401034656,5.684341886080802e-14,0.0,17,0.5,0.1,0,0,0,0,0.388,0.5840000000000001,0.588,0.0,475.7724340103465
P-n16-k8,pso,5,19,15,1,16.4,8.138795979750322,35,100,0.01,0.38,475.7724340103465,475.77243401034656,5.684341886080802e-14,0.0,18,0.5,0.1,0,0,0,0,0.404,0.5720000000000001,0.6040000000000001,0.0,475.7724340103465
P-n16-k8,pso,5,20,15,1,16.4,8.138795979750322,35,100,0.01,0.4,475.7724340103465,475.77243401034656,5.684341886080802e-14,0.0,19,0.5,0.1,0,0,0,0,0.42000000000000004,0.56,0.6200000000000001,0.0,475.7724340103465
P-n16-k8,pso,5,21,15,1,16.4,8.138795979750322,35,100,0.01,0.42,475.7724340103465,475.77243401034656,5.684341886080802e-14,0.0,19,0.5,0.1,0,0,0,0,0.43600000000000005,0.548,0.636,0.0,475.7724340103465
P-n16-k8,pso,5,22,15,1,16.4,8.138795979750322,35,100,0.01,0.44,475.7724340103465,475.77243401034656,5.684341886080802e-14,0.0,19,0.5,0.1,0,0,0,0,0.45200000000000007,0.536,0.652,0.0,475.7724340103465
P-n16-k8,pso,5,23,15,1,16.4,8.138795979750322,35,100,0.01,0.46,475.7724340103465,475.77243401034656,5.684341886080802e-14,0.0,19,0.5,0.1,0,0,0,0,0.4680000000000001,0.524,0.668,0.0,475.7724340103465
P-n16-k8,pso,5,24,15,1,16.4,8.138795979750322,35,100,0.01,0.48,475.7724340103465,475.77243401034656,5.684341886080802e-14,0.0,19,0.5,0.1,0,0,0,0,0.484,0.512,0.6839999999999999,0.0,475.7724340103465
P-n16-k8,pso,5,25,15,1,16.4,8.138795979750322,35,100,0.01,0.5,475.7724340103465,475.77243401034656,5.684341886080802e-14,0.0,19,0.5,0.1,0,0,0,0,0.5,0.5,0.7,0.0,475.7724340103465
P-n16-k8,pso,5,26,15,1,16.4,8.138795979750322,35,100,0.01,0.52,475.7724340103465,475.77243401034656,5.684341886080802e-14,0.0,19,0.5,0.1,0,0,0,0,0.516,0.48800000000000004,0.6839999999999999,0.0,475.7724340103465
P-n16-k8,pso,5,27,15,1,16.4,8.138795979750322,35,100,0.01,0.54,475.7724340103465,475.77243401034656,5.684341886080802e-14,0.0,19,0.5,0.1,0,0,0,0,0.532,0.47600000000000003,0.6679999999999999,0.0,475.7724340103465
P-n16-k8,pso,5,28,15,1,16.4,8.138795979750322,35,100,0.01,0.56,475.7724340103465,475.77243401034656,5.684341886080802e-14,0.0,19,0.5,0.1,0,0,0,0,0.548,0.464,0.6519999999999999,0.0,475.7724340103465
P-n16-k8,pso,5,29,15,1,16.4,8.138795979750322,35,100,0.01,0.58,475.7724340103465,475.77243401034656,5.684341886080802e-14,0.0,19,0.5,0.1,0,0,0,0,0.564,0.45200000000000007,0.6360000000000001,0.0,475.7724340103465
P-n16-k8,pso,5,30,15,1,16.4,8.138795979750322,35,100,0.01,0.6,475.7724340103465,475.77243401034656,5.684341886080802e-14,0.0,19,0.5,0.1,0,0,0,0,0.58,0.44000000000000006,0.6200000000000001,0.0,475.7724340103465
P-n16-k8,pso,5,31,15,1,16.4,8.138795979750322,35,100,0.01,0.62,475.7724340103465,475.77243401034656,5.684341886080802e-14,0.0,19,0.5,0.1,0,0,0,0,0.596,0.42800000000000005,0.6040000000000001,0.0,475.7724340103465
P-n16-k8,pso,5,32,15,1,16.4,8.138795979750322,35,100,0.01,0.64,475.7724340103465,475.77243401034656,5.684341886080802e-14,0.0,19,0.5,0.1,0,0,0,0,0.612,0.41600000000000004,0.588,0.0,475.7724340103465
P-n16-k8,pso,5,33,15,1,16.4,8.138795979750322,35,100,0.01,0.66,475.7724340103465,475.77243401034656,5.684341886080802e-14,0.0,19,0.5,0.1,0,0,0,0,0.628,0.404,0.572,0.0,475.7724340103465
P-n16-k8,pso,5,34,15,1,16.4,8.138795979750322,35,100,0.01,0.68,475.7724340103465,475.77243401034656,5.684341886080802e-14,0.0,19,0.5,0.1,0,0,0,0,0.644,0.392,0.5559999999999999,0.0,475.7724340103465
P-n16-k8,pso,5,35,15,1,16.4,8.138795979750322,35,100,0.01,0.7,475.7724340103465,475.77243401034656,5.684341886080802e-14,0.0,19,0.5,0.1,0,0,0,0,0.6599999999999999,0.38000000000000006,0.54,0.0,475.7724340103465
P-n16-k8,pso,5,36,15,1,16.4,8.138795979750322,35,100,0.01,0.72,475.7724340103465,475.77243401034656,5.684341886080802e-14,0.0,19,0.5,0.1,0,0,0,0,0.6759999999999999,0.36800000000000005,0.524,0.0,475.7724340103465
P-n16-k8,pso,5,37,15,1,16.4,8.138795979750322,35,100,0.01,0.74,475.7724340103465,475.77243401034656,5.684341886080802e-14,0.0,19,0.5,0.1,0,0,0,0,0.692,0.35600000000000004,0.508,0.0,475.7724340103465
P-n16-k8,pso,5,38,15,1,16.4,8.138795979750322,35,100,0.01,0.76,475.7724340103465,475.77243401034656,5.684341886080802e-14,0.0,19,0.5,0.1,0,0,0,0,0.7080000000000001,0.3440000000000001,0.492,0.0,475.7724340103465
P-n16-k8,pso,5,39,15,1,16.4,8.138795979750322,35,100,0.01,0.78,475.7724340103465,475.77243401034656,5.684341886080802e-14,0.0,19,0.5,0.1,0,0,0,0,0.7240000000000001,0.3320000000000001,0.476,0.0,475.7724340103465
P-n16-k8,pso,5,40,15,1,16.4,8.138795979750322,35,100,0.01,0.8,475.7724340103465,475.77243401034656,5.684341886080802e-14,0.0,19,0.5,0.1,0,0,0,0,0.7400000000000001,0.32000000000000006,0.45999999999999996,0.0,475.7724340103465
P-n16-k8,pso,5,41,15,1,16.4,8.138795979750322,35,100,0.01,0.82,475.7724340103465,475.77243401034656,5.684341886080802e-14,0.0,19,0.5,0.1,0,0,0,0,0.756,0.3080000000000001,0.44400000000000006,0.0,475.7724340103465
P-n16-k8,pso,5,42,15,1,16.4,8.138795979750322,35,100,0.01,0.84,475.7724340103465,475.77243401034656,5.684341886080802e-14,0.0,19,0.5,0.1,0,0,0,0,0.772,0.29600000000000004,0.42800000000000005,0.0,475.7724340103465
P-n16-k8,pso,5,43,15,1,16.4,8.138795979750322,35,100,0.01,0.86,475.7724340103465,475.77243401034656,5.684341886080802e-14,0.0,19,0.5,0.1,0,0,0,0,0.788,0.28400000000000003,0.41200000000000003,0.0,475.7724340103465
P-n16-k8,pso,5,44,15,1,16.4,8.138795979750322,35,100,0.01,0.88,475.7724340103465,475.77243401034656,5.684341886080802e-14,0.0,19,0.5,0.1,0,0,0,0,0.804,0.272,0.396,0.0,475.7724340103465
P-n16-k8,pso,5,45,15,1,16.4,8.138795979750322,35,100,0.01,0.9,475.7724340103465,475.77243401034656,5.684341886080802e-14,0.0,19,0.5,0.1,0,0,0,0,0.8200000000000001,0.26,0.38,0.0,475.7724340103465
P-n16-k8,pso,5,46,15,1,16.4,8.138795979750322,35,100,0.01,0.92,475.7724340103465,475.77243401034656,5.684341886080802e-14,0.0,19,0.5,0.1,0,0,0,0,0.8360000000000001,0.248,0.364,0.0,475.7724340103465
P-n16-k8,pso,5,47,15,1,16.4,8.138795979750322,35,100,0.01,0.94,475.7724340103465,475.77243401034656,5.684341886080802e-14,0.0,19,0.5,0.1,0,0,0,0,0.852,0.2360000000000001,0.34800000000000003,0.0,475.7724340103465
P-n16-k8,pso,5,48,15,1,16.4,8.138795979750322,35,100,0.01,0.96,475.7724340103465,475.77243401034656,5.684341886080802e-14,0.0,19,0.5,0.1,0,0,0,0,0.868,0.2240000000000001,0.332,0.0,475.7724340103465
P-n16-k8,pso,5,49,15,1,16.4,8.138795979750322,35,100,0.01,0.98,475.7724340103465,475.77243401034656,5.684341886080802e-14,0.0,19,0.5,0.1,0,0,0,0,0.884,0.21200000000000008,0.316,0.0,475.7724340103465
P-n16-k8,pso,6,0,15,1,16.4,8.138795979750322,35,100,0.01,0.0,1000.0,1000.0,100.0,0.0,0,0.5,0.1,0,0,0,0,0.1,0.8,0.3,0.0,475.7724340103465
P-n16-k8,pso,6,1,15,1,16.4,8.138795979750322,35,100,0.01,0.02,475.7724340103465,475.7724340103465,100.0,0.0,0,0.5,0.1,0,0,0,0,0.116,0.788,0.316,0.0,475.7724340103465
P-n16-k8,pso,6,2,15,1,16.4,8.138795979750322,35,100,0.01,0.04,475.7724340103465,475.7724340103465,100.0,0.0,0,0.5,0.1,0,0,0,0,0.132,0.776,0.33199999999999996,0.0,475.7724340103465
P-n16-k8,pso,6,3,15,1,16.4,8.138795979750322,35,100,0.01,0.06,475.7724340103465,475.77243401034656,100.0,0.0,0,0.5,0.1,0,0,0,0,0.14800000000000002,0.764,0.348,0.0,475.7724340103465
P-n16-k8,pso,6,4,15,1,16.4,8.138795979750322,35,100,0.01,0.08,475.7724340103465,475.7724340103465,100.0,0.0,0,0.5,0.1,0,0,0,0,0.164,0.752,0.364,0.0,475.7724340103465
P-n16-k8,pso,6,5,15,1,16.4,8.138795979750322,35,100,0.01,0.1,475.7724340103465,475.7724340103465,100.0,0.0,0,0.5,0.1,0,0,0,0,0.18000000000000002,0.74,0.38,0.0,475.7724340103465
P-n16-k8,pso,6,6,15,1,16.4,8.138795979750322,35,100,0.01,0.12,475.7724340103465,475.77243401034644,100.0,0.0,0,0.5,0.1,0,0,0,0,0.196,0.7280000000000001,0.396,0.0,475.7724340103465
P-n16-k8,pso,6,7,15,1,16.4,8.138795979750322,35,100,0.01,0.14,475.7724340103465,475.77243401034644,100.0,0.0,0,0.5,0.1,0,0,0,0,0.21200000000000002,0.7160000000000001,0.41200000000000003,0.0,475.7724340103465
P-n16-k8,pso,6,8,15,1,16.4,8.138795979750322,35,100,0.01,0.16,475.7724340103465,475.7724340103465,100.0,0.0,0,0.5,0.1,0,0,0,0,0.228,0.7040000000000001,0.42800000000000005,0.0,475.7724340103465
P-n16-k8,pso,6,9,15,1,16.4,8.138795979750322,35,100,0.01,0.18,475.7724340103465,475.77243401034656,100.0,0.0,0,0.5,0.1,0,0,0,0,0.244,0.6920000000000001,0.44399999999999995,0.0,475.7724340103465
P-n16-k8,pso,6,10,15,1,16.4,8.138795979750322,35,100,0.01,0.2,475.7724340103465,475.77243401034656,100.0,0.0,0,0.5,0.1,0,0,0,0,0.26,0.68,0.46,0.0,475.7724340103465
P-n16-k8,pso,6,11,15,1,16.4,8.138795979750322,35,100,0.01,0.22,475.7724340103465,475.77243401034656,5.684341886080802e-14,0.0,10,0.5,0.1,0,0,0,0,0.276,0.668,0.476,0.0,475.7724340103465
P-n16-k8,pso,6,12,15,1,16.4,8.138795979750322,35,100,0.01,0.24,475.7724340103465,475.77243401034656,5.684341886080802e-14,0.0,11,0.5,0.1,0,0,0,0,0.29200000000000004,0.656,0.492,0.0,475.7724340103465
P-n16-k8,pso,6,13,15,1,16.4,8.138795979750322,35,100,0.01,0.26,475.7724340103465,475.77243401034656,5.684341886080802e-14,0.0,12,0.5,0.1,0,0,0,0,0.30800000000000005,0.644,0.508,0.0,475.7724340103465
P-n16-k8,pso,6,14,15,1,16.4,8.138795979750322,35,100,0.01,0.28,475.7724340103465,475.77243401034656,5.684341886080802e-14,0.0,13,0.5,0.1,0,0,0,0,0.32400000000000007,0.632,0.524,0.0,475.7724340103465
P-n16-k8,pso,6,15,15,1,16.4,8.138795979750322,35,100,0.01,0.3,475.7724340103465,475.77243401034656,5.684341886080802e-14,0.0,14,0.5,0.1,0,0,0,0,0.33999999999999997,0.6200000000000001,0.54,0.0,475.7724340103465
P-n16-k8,pso,6,16,15,1,16.4,8.138795979750322,35,100,0.01,0.32,475.7724340103465,475.77243401034656,5.684341886080802e-14,0.0,15,0.5,0.1,0,0,0,0,0.356,0.6080000000000001,0.556,0.0,475.7724340103465
P-n16-k8,pso,6,17,15,1,16.4,8.138795979750322,35,100,0.01,0.34,475.7724340103465,475.77243401034656,5.684341886080802e-14,0.0,16,0.5,0.1,0,0,0,0,0.372,0.5960000000000001,0.5720000000000001,0.0,475.7724340103465
P-n16-k8,pso,6,18,15,1,16.4,8.138795979750322,35,100,0.01,0.36,475.7724340103465,475.77243401034656,5.684341886080802e-14,0.0,17,0.5,0.1,0,0,0,0,0.388,0.5840000000000001,0.588,0.0,475.7724340103465
P-n16-k8,pso,6,19,15,1,16.4,8.138795979750322,35,100,0.01,0.38,475.7724340103465,475.77243401034656,5.684341886080802e-14,0.0,18,0.5,0.1,0,0,0,0,0.404,0.5720000000000001,0.6040000000000001,0.0,475.7724340103465
P-n16-k8,pso,6,20,15,1,16.4,8.138795979750322,35,100,0.01,0.4,475.7724340103465,475.77243401034656,5.684341886080802e-14,0.0,19,0.5,0.1,0,0,0,0,0.42000000000000004,0.56,0.6200000000000001,0.0,475.7724340103465
P-n16-k8,pso,6,21,15,1,16.4,8.138795979750322,35,100,0.01,0.42,475.7724340103465,475.77243401034656,5.684341886080802e-14,0.0,19,0.5,0.1,0,0,0,0,0.43600000000000005,0.548,0.636,0.0,475.7724340103465
P-n16-k8,pso,6,22,15,1,16.4,8.138795979750322,35,100,0.01,0.44,475.7724340103465,475.77243401034656,5.684341886080802e-14,0.0,19,0.5,0.1,0,0,0,0,0.45200000000000007,0.536,0.652,0.0,475.7724340103465
P-n16-k8,pso,6,23,15,1,16.4,8.138795979750322,35,100,0.01,0.46,475.7724340103465,475.77243401034656,5.684341886080802e-14,0.0,19,0.5,0.1,0,0,0,0,0.4680000000000001,0.524,0.668,0.0,475.7724340103465
P-n16-k8,pso,6,24,15,1,16.4,8.138795979750322,35,100,0.01,0.48,475.7724340103465,475.77243401034656,5.684341886080802e-14,0.0,19,0.5,0.1,0,0,0,0,0.484,0.512,0.6839999999999999,0.0,475.7724340103465
P-n16-k8,pso,6,25,15,1,16.4,8.138795979750322,35,100,0.01,0.5,475.7724340103465,475.77243401034656,5.684341886080802e-14,0.0,19,0.5,0.1,0,0,0,0,0.5,0.5,0.7,0.0,475.7724340103465
P-n16-k8,pso,6,26,15,1,16.4,8.138795979750322,35,100,0.01,0.52,475.7724340103465,475.77243401034656,5.684341886080802e-14,0.0,19,0.5,0.1,0,0,0,0,0.516,0.48800000000000004,0.6839999999999999,0.0,475.7724340103465
P-n16-k8,pso,6,27,15,1,16.4,8.138795979750322,35,100,0.01,0.54,475.7724340103465,475.77243401034656,5.684341886080802e-14,0.0,19,0.5,0.1,0,0,0,0,0.532,0.47600000000000003,0.6679999999999999,0.0,475.7724340103465
P-n16-k8,pso,6,28,15,1,16.4,8.138795979750322,35,100,0.01,0.56,475.7724340103465,475.77243401034656,5.684341886080802e-14,0.0,19,0.5,0.1,0,0,0,0,0.548,0.464,0.6519999999999999,0.0,475.7724340103465
P-n16-k8,pso,6,29,15,1,16.4,8.138795979750322,35,100,0.01,0.58,475.7724340103465,475.77243401034656,5.684341886080802e-14,0.0,19,0.5,0.1,0,0,0,0,0.564,0.45200000000000007,0.6360000000000001,0.0,475.7724340103465
P-n16-k8,pso,6,30,15,1,16.4,8.138795979750322,35,100,0.01,0.6,475.7724340103465,475.77243401034656,5.684341886080802e-14,0.0,19,0.5,0.1,0,0,0,0,0.58,0.44000000000000006,0.6200000000000001,0.0,475.7724340103465
P-n16-k8,pso,6,31,15,1,16.4,8.138795979750322,35,100,0.01,0.62,475.7724340103465,475.77243401034656,5.684341886080802e-14,0.0,19,0.5,0.1,0,0,0,0,0.596,0.42800000000000005,0.6040000000000001,0.0,475.7724340103465
P-n16-k8,pso,6,32,15,1,16.4,8.138795979750322,35,100,0.01,0.64,475.7724340103465,475.77243401034656,5.684341886080802e-14,0.0,19,0.5,0.1,0,0,0,0,0.612,0.41600000000000004,0.588,0.0,475.7724340103465
P-n16-k8,pso,6,33,15,1,16.4,8.138795979750322,35,100,0.01,0.66,475.7724340103465,475.77243401034656,5.684341886080802e-14,0.0,19,0.5,0.1,0,0,0,0,0.628,0.404,0.572,0.0,475.7724340103465
P-n16-k8,pso,6,34,15,1,16.4,8.138795979750322,35,100,0.01,0.68,475.7724340103465,475.77243401034656,5.684341886080802e-14,0.0,19,0.5,0.1,0,0,0,0,0.644,0.392,0.5559999999999999,0.0,475.7724340103465
P-n16-k8,pso,6,35,15,1,16.4,8.138795979750322,35,100,0.01,0.7,475.7724340103465,475.77243401034656,5.684341886080802e-14,0.0,19,0.5,0.1,0,0,0,0,0.6599999999999999,0.38000000000000006,0.54,0.0,475.7724340103465
P-n16-k8,pso,6,36,15,1,16.4,8.138795979750322,35,100,0.01,0.72,475.7724340103465,475.77243401034656,5.684341886080802e-14,0.0,19,0.5,0.1,0,0,0,0,0.6759999999999999,0.36800000000000005,0.524,0.0,475.7724340103465
P-n16-k8,pso,6,37,15,1,16.4,8.138795979750322,35,100,0.01,0.74,475.7724340103465,475.77243401034656,5.684341886080802e-14,0.0,19,0.5,0.1,0,0,0,0,0.692,0.35600000000000004,0.508,0.0,475.7724340103465
P-n16-k8,pso,6,38,15,1,16.4,8.138795979750322,35,100,0.01,0.76,475.7724340103465,475.77243401034656,5.684341886080802e-14,0.0,19,0.5,0.1,0,0,0,0,0.7080000000000001,0.3440000000000001,0.492,0.0,475.7724340103465
P-n16-k8,pso,6,39,15,1,16.4,8.138795979750322,35,100,0.01,0.78,475.7724340103465,475.77243401034656,5.684341886080802e-14,0.0,19,0.5,0.1,0,0,0,0,0.7240000000000001,0.3320000000000001,0.476,0.0,475.7724340103465
P-n16-k8,pso,6,40,15,1,16.4,8.138795979750322,35,100,0.01,0.8,475.7724340103465,475.77243401034656,5.684341886080802e-14,0.0,19,0.5,0.1,0,0,0,0,0.7400000000000001,0.32000000000000006,0.45999999999999996,0.0,475.7724340103465
P-n16-k8,pso,6,41,15,1,16.4,8.138795979750322,35,100,0.01,0.82,475.7724340103465,475.77243401034656,5.684341886080802e-14,0.0,19,0.5,0.1,0,0,0,0,0.756,0.3080000000000001,0.44400000000000006,0.0,475.7724340103465
P-n16-k8,pso,6,42,15,1,16.4,8.138795979750322,35,100,0.01,0.84,475.7724340103465,475.77243401034656,5.684341886080802e-14,0.0,19,0.5,0.1,0,0,0,0,0.772,0.29600000000000004,0.42800000000000005,0.0,475.7724340103465
P-n16-k8,pso,6,43,15,1,16.4,8.138795979750322,35,100,0.01,0.86,475.7724340103465,475.77243401034656,5.684341886080802e-14,0.0,19,0.5,0.1,0,0,0,0,0.788,0.28400000000000003,0.41200000000000003,0.0,475.7724340103465
P-n16-k8,pso,6,44,15,1,16.4,8.138795979750322,35,100,0.01,0.88,475.7724340103465,475.77243401034656,5.684341886080802e-14,0.0,19,0.5,0.1,0,0,0,0,0.804,0.272,0.396,0.0,475.7724340103465
P-n16-k8,pso,6,45,15,1,16.4,8.138795979750322,35,100,0.01,0.9,475.7724340103465,475.77243401034656,5.684341886080802e-14,0.0,19,0.5,0.1,0,0,0,0,0.8200000000000001,0.26,0.38,0.0,475.7724340103465
P-n16-k8,pso,6,46,15,1,16.4,8.138795979750322,35,100,0.01,0.92,475.7724340103465,475.77243401034656,5.684341886080802e-14,0.0,19,0.5,0.1,0,0,0,0,0.8360000000000001,0.248,0.364,0.0,475.7724340103465
P-n16-k8,pso,6,47,15,1,16.4,8.138795979750322,35,100,0.01,0.94,475.7724340103465,475.77243401034656,5.684341886080802e-14,0.0,19,0.5,0.1,0,0,0,0,0.852,0.2360000000000001,0.34800000000000003,0.0,475.7724340103465
P-n16-k8,pso,6,48,15,1,16.4,8.138795979750322,35,100,0.01,0.96,475.7724340103465,475.77243401034656,5.684341886080802e-14,0.0,19,0.5,0.1,0,0,0,0,0.868,0.2240000000000001,0.332,0.0,475.7724340103465
P-n16-k8,pso,6,49,15,1,16.4,8.138795979750322,35,100,0.01,0.98,475.7724340103465,475.77243401034656,5.684341886080802e-14,0.0,19,0.5,0.1,0,0,0,0,0.884,0.21200000000000008,0.316,0.0,475.7724340103465
P-n16-k8,pso,7,0,15,1,16.4,8.138795979750322,35,100,0.01,0.0,1000.0,1000.0,100.0,0.0,0,0.5,0.1,0,0,0,0,0.1,0.8,0.3,0.0,475.7724340103465
P-n16-k8,pso,7,1,15,1,16.4,8.138795979750322,35,100,0.01,0.02,475.7724340103465,475.7724340103465,100.0,0.0,0,0.5,0.1,0,0,0,0,0.116,0.788,0.316,0.0,475.7724340103465
P-n16-k8,pso,7,2,15,1,16.4,8.138795979750322,35,100,0.01,0.04,475.7724340103465,475.7724340103465,100.0,0.0,0,0.5,0.1,0,0,0,0,0.132,0.776,0.33199999999999996,0.0,475.7724340103465
P-n16-k8,pso,7,3,15,1,16.4,8.138795979750322,35,100,0.01,0.06,475.7724340103465,475.77243401034656,100.0,0.0,0,0.5,0.1,0,0,0,0,0.14800000000000002,0.764,0.348,0.0,475.7724340103465
P-n16-k8,pso,7,4,15,1,16.4,8.138795979750322,35,100,0.01,0.08,475.7724340103465,475.7724340103465,100.0,0.0,0,0.5,0.1,0,0,0,0,0.164,0.752,0.364,0.0,475.7724340103465
P-n16-k8,pso,7,5,15,1,16.4,8.138795979750322,35,100,0.01,0.1,475.7724340103465,475.7724340103465,100.0,0.0,0,0.5,0.1,0,0,0,0,0.18000000000000002,0.74,0.38,0.0,475.7724340103465
P-n16-k8,pso,7,6,15,1,16.4,8.138795979750322,35,100,0.01,0.12,475.7724340103465,475.77243401034644,100.0,0.0,0,0.5,0.1,0,0,0,0,0.196,0.7280000000000001,0.396,0.0,475.7724340103465
P-n16-k8,pso,7,7,15,1,16.4,8.138795979750322,35,100,0.01,0.14,475.7724340103465,475.77243401034644,100.0,0.0,0,0.5,0.1,0,0,0,0,0.21200000000000002,0.7160000000000001,0.41200000000000003,0.0,475.7724340103465
P-n16-k8,pso,7,8,15,1,16.4,8.138795979750322,35,100,0.01,0.16,475.7724340103465,475.7724340103465,100.0,0.0,0,0.5,0.1,0,0,0,0,0.228,0.7040000000000001,0.42800000000000005,0.0,475.7724340103465
P-n16-k8,pso,7,9,15,1,16.4,8.138795979750322,35,100,0.01,0.18,475.7724340103465,475.77243401034656,100.0,0.0,0,0.5,0.1,0,0,0,0,0.244,0.6920000000000001,0.44399999999999995,0.0,475.7724340103465
P-n16-k8,pso,7,10,15,1,16.4,8.138795979750322,35,100,0.01,0.2,475.7724340103465,475.77243401034656,100.0,0.0,0,0.5,0.1,0,0,0,0,0.26,0.68,0.46,0.0,475.7724340103465
P-n16-k8,pso,7,11,15,1,16.4,8.138795979750322,35,100,0.01,0.22,475.7724340103465,475.77243401034656,5.684341886080802e-14,0.0,10,0.5,0.1,0,0,0,0,0.276,0.668,0.476,0.0,475.7724340103465
P-n16-k8,pso,7,12,15,1,16.4,8.138795979750322,35,100,0.01,0.24,475.7724340103465,475.77243401034656,5.684341886080802e-14,0.0,11,0.5,0.1,0,0,0,0,0.29200000000000004,0.656,0.492,0.0,475.7724340103465
P-n16-k8,pso,7,13,15,1,16.4,8.138795979750322,35,100,0.01,0.26,475.7724340103465,475.77243401034656,5.684341886080802e-14,0.0,12,0.5,0.1,0,0,0,0,0.30800000000000005,0.644,0.508,0.0,475.7724340103465
P-n16-k8,pso,7,14,15,1,16.4,8.138795979750322,35,100,0.01,0.28,475.7724340103465,475.77243401034656,5.684341886080802e-14,0.0,13,0.5,0.1,0,0,0,0,0.32400000000000007,0.632,0.524,0.0,475.7724340103465
P-n16-k8,pso,7,15,15,1,16.4,8.138795979750322,35,100,0.01,0.3,475.7724340103465,475.77243401034656,5.684341886080802e-14,0.0,14,0.5,0.1,0,0,0,0,0.33999999999999997,0.6200000000000001,0.54,0.0,475.7724340103465
P-n16-k8,pso,7,16,15,1,16.4,8.138795979750322,35,100,0.01,0.32,475.7724340103465,475.77243401034656,5.684341886080802e-14,0.0,15,0.5,0.1,0,0,0,0,0.356,0.6080000000000001,0.556,0.0,475.7724340103465
P-n16-k8,pso,7,17,15,1,16.4,8.138795979750322,35,100,0.01,0.34,475.7724340103465,475.77243401034656,5.684341886080802e-14,0.0,16,0.5,0.1,0,0,0,0,0.372,0.5960000000000001,0.5720000000000001,0.0,475.7724340103465
P-n16-k8,pso,7,18,15,1,16.4,8.138795979750322,35,100,0.01,0.36,475.7724340103465,475.77243401034656,5.684341886080802e-14,0.0,17,0.5,0.1,0,0,0,0,0.388,0.5840000000000001,0.588,0.0,475.7724340103465
P-n16-k8,pso,7,19,15,1,16.4,8.138795979750322,35,100,0.01,0.38,475.7724340103465,475.77243401034656,5.684341886080802e-14,0.0,18,0.5,0.1,0,0,0,0,0.404,0.5720000000000001,0.6040000000000001,0.0,475.7724340103465
P-n16-k8,pso,7,20,15,1,16.4,8.138795979750322,35,100,0.01,0.4,475.7724340103465,475.77243401034656,5.684341886080802e-14,0.0,19,0.5,0.1,0,0,0,0,0.42000000000000004,0.56,0.6200000000000001,0.0,475.7724340103465
P-n16-k8,pso,7,21,15,1,16.4,8.138795979750322,35,100,0.01,0.42,475.7724340103465,475.77243401034656,5.684341886080802e-14,0.0,19,0.5,0.1,0,0,0,0,0.43600000000000005,0.548,0.636,0.0,475.7724340103465
P-n16-k8,pso,7,22,15,1,16.4,8.138795979750322,35,100,0.01,0.44,475.7724340103465,475.77243401034656,5.684341886080802e-14,0.0,19,0.5,0.1,0,0,0,0,0.45200000000000007,0.536,0.652,0.0,475.7724340103465
P-n16-k8,pso,7,23,15,1,16.4,8.138795979750322,35,100,0.01,0.46,475.7724340103465,475.77243401034656,5.684341886080802e-14,0.0,19,0.5,0.1,0,0,0,0,0.4680000000000001,0.524,0.668,0.0,475.7724340103465
P-n16-k8,pso,7,24,15,1,16.4,8.138795979750322,35,100,0.01,0.48,475.7724340103465,475.77243401034656,5.684341886080802e-14,0.0,19,0.5,0.1,0,0,0,0,0.484,0.512,0.6839999999999999,0.0,475.7724340103465
P-n16-k8,pso,7,25,15,1,16.4,8.138795979750322,35,100,0.01,0.5,475.7724340103465,475.77243401034656,5.684341886080802e-14,0.0,19,0.5,0.1,0,0,0,0,0.5,0.5,0.7,0.0,475.7724340103465
P-n16-k8,pso,7,26,15,1,16.4,8.138795979750322,35,100,0.01,0.52,475.7724340103465,475.77243401034656,5.684341886080802e-14,0.0,19,0.5,0.1,0,0,0,0,0.516,0.48800000000000004,0.6839999999999999,0.0,475.7724340103465
P-n16-k8,pso,7,27,15,1,16.4,8.138795979750322,35,100,0.01,0.54,475.7724340103465,475.77243401034656,5.684341886080802e-14,0.0,19,0.5,0.1,0,0,0,0,0.532,0.47600000000000003,0.6679999999999999,0.0,475.7724340103465
P-n16-k8,pso,7,28,15,1,16.4,8.138795979750322,35,100,0.01,0.56,475.7724340103465,475.77243401034656,5.684341886080802e-14,0.0,19,0.5,0.1,0,0,0,0,0.548,0.464,0.6519999999999999,0.0,475.7724340103465
P-n16-k8,pso,7,29,15,1,16.4,8.138795979750322,35,100,0.01,0.58,475.7724340103465,475.77243401034656,5.684341886080802e-14,0.0,19,0.5,0.1,0,0,0,0,0.564,0.45200000000000007,0.6360000000000001,0.0,475.7724340103465
P-n16-k8,pso,7,30,15,1,16.4,8.138795979750322,35,100,0.01,0.6,475.7724340103465,475.77243401034656,5.684341886080802e-14,0.0,19,0.5,0.1,0,0,0,0,0.58,0.44000000000000006,0.6200000000000001,0.0,475.7724340103465
P-n16-k8,pso,7,31,15,1,16.4,8.138795979750322,35,100,0.01,0.62,475.7724340103465,475.77243401034656,5.684341886080802e-14,0.0,19,0.5,0.1,0,0,0,0,0.596,0.42800000000000005,0.6040000000000001,0.0,475.7724340103465
P-n16-k8,pso,7,32,15,1,16.4,8.138795979750322,35,100,0.01,0.64,475.7724340103465,475.77243401034656,5.684341886080802e-14,0.0,19,0.5,0.1,0,0,0,0,0.612,0.41600000000000004,0.588,0.0,475.7724340103465
P-n16-k8,pso,7,33,15,1,16.4,8.138795979750322,35,100,0.01,0.66,475.7724340103465,475.77243401034656,5.684341886080802e-14,0.0,19,0.5,0.1,0,0,0,0,0.628,0.404,0.572,0.0,475.7724340103465
P-n16-k8,pso,7,34,15,1,16.4,8.138795979750322,35,100,0.01,0.68,475.7724340103465,475.77243401034656,5.684341886080802e-14,0.0,19,0.5,0.1,0,0,0,0,0.644,0.392,0.5559999999999999,0.0,475.7724340103465
P-n16-k8,pso,7,35,15,1,16.4,8.138795979750322,35,100,0.01,0.7,475.7724340103465,475.77243401034656,5.684341886080802e-14,0.0,19,0.5,0.1,0,0,0,0,0.6599999999999999,0.38000000000000006,0.54,0.0,475.7724340103465
P-n16-k8,pso,7,36,15,1,16.4,8.138795979750322,35,100,0.01,0.72,475.7724340103465,475.77243401034656,5.684341886080802e-14,0.0,19,0.5,0.1,0,0,0,0,0.6759999999999999,0.36800000000000005,0.524,0.0,475.7724340103465
P-n16-k8,pso,7,37,15,1,16.4,8.138795979750322,35,100,0.01,0.74,475.7724340103465,475.77243401034656,5.684341886080802e-14,0.0,19,0.5,0.1,0,0,0,0,0.692,0.35600000000000004,0.508,0.0,475.7724340103465
P-n16-k8,pso,7,38,15,1,16.4,8.138795979750322,35,100,0.01,0.76,475.7724340103465,475.77243401034656,5.684341886080802e-14,0.0,19,0.5,0.1,0,0,0,0,0.7080000000000001,0.3440000000000001,0.492,0.0,475.7724340103465
P-n16-k8,pso,7,39,15,1,16.4,8.138795979750322,35,100,0.01,0.78,475.7724340103465,475.77243401034656,5.684341886080802e-14,0.0,19,0.5,0.1,0,0,0,0,0.7240000000000001,0.3320000000000001,0.476,0.0,475.7724340103465
P-n16-k8,pso,7,40,15,1,16.4,8.138795979750322,35,100,0.01,0.8,475.7724340103465,475.77243401034656,5.684341886080802e-14,0.0,19,0.5,0.1,0,0,0,0,0.7400000000000001,0.32000000000000006,0.45999999999999996,0.0,475.7724340103465
P-n16-k8,pso,7,41,15,1,16.4,8.138795979750322,35,100,0.01,0.82,475.7724340103465,475.77243401034656,5.684341886080802e-14,0.0,19,0.5,0.1,0,0,0,0,0.756,0.3080000000000001,0.44400000000000006,0.0,475.7724340103465
P-n16-k8,pso,7,42,15,1,16.4,8.138795979750322,35,100,0.01,0.84,475.7724340103465,475.77243401034656,5.684341886080802e-14,0.0,19,0.5,0.1,0,0,0,0,0.772,0.29600000000000004,0.42800000000000005,0.0,475.7724340103465
P-n16-k8,pso,7,43,15,1,16.4,8.138795979750322,35,100,0.01,0.86,475.7724340103465,475.77243401034656,5.684341886080802e-14,0.0,19,0.5,0.1,0,0,0,0,0.788,0.28400000000000003,0.41200000000000003,0.0,475.7724340103465
P-n16-k8,pso,7,44,15,1,16.4,8.138795979750322,35,100,0.01,0.88,475.7724340103465,475.77243401034656,5.684341886080802e-14,0.0,19,0.5,0.1,0,0,0,0,0.804,0.272,0.396,0.0,475.7724340103465
P-n16-k8,pso,7,45,15,1,16.4,8.138795979750322,35,100,0.01,0.9,475.7724340103465,475.77243401034656,5.684341886080802e-14,0.0,19,0.5,0.1,0,0,0,0,0.8200000000000001,0.26,0.38,0.0,475.7724340103465
P-n16-k8,pso,7,46,15,1,16.4,8.138795979750322,35,100,0.01,0.92,475.7724340103465,475.77243401034656,5.684341886080802e-14,0.0,19,0.5,0.1,0,0,0,0,0.8360000000000001,0.248,0.364,0.0,475.7724340103465
P-n16-k8,pso,7,47,15,1,16.4,8.138795979750322,35,100,0.01,0.94,475.7724340103465,475.77243401034656,5.684341886080802e-14,0.0,19,0.5,0.1,0,0,0,0,0.852,0.2360000000000001,0.34800000000000003,0.0,475.7724340103465
P-n16-k8,pso,7,48,15,1,16.4,8.138795979750322,35,100,0.01,0.96,475.7724340103465,475.77243401034656,5.684341886080802e-14,0.0,19,0.5,0.1,0,0,0,0,0.868,0.2240000000000001,0.332,0.0,475.7724340103465
P-n16-k8,pso,7,49,15,1,16.4,8.138795979750322,35,100,0.01,0.98,475.7724340103465,475.77243401034656,5.684341886080802e-14,0.0,19,0.5,0.1,0,0,0,0,0.884,0.21200000000000008,0.316,0.0,475.7724340103465
P-n16-k8,pso,8,0,15,1,16.4,8.138795979750322,35,100,0.01,0.0,1000.0,1000.0,100.0,0.0,0,0.5,0.1,0,0,0,0,0.1,0.8,0.3,0.0,475.7724340103465
P-n16-k8,pso,8,1,15,1,16.4,8.138795979750322,35,100,0.01,0.02,475.7724340103465,475.7724340103465,100.0,0.0,0,0.5,0.1,0,0,0,0,0.116,0.788,0.316,0.0,475.7724340103465
P-n16-k8,pso,8,2,15,1,16.4,8.138795979750322,35,100,0.01,0.04,475.7724340103465,475.7724340103465,100.0,0.0,0,0.5,0.1,0,0,0,0,0.132,0.776,0.33199999999999996,0.0,475.7724340103465
P-n16-k8,pso,8,3,15,1,16.4,8.138795979750322,35,100,0.01,0.06,475.7724340103465,475.77243401034656,100.0,0.0,0,0.5,0.1,0,0,0,0,0.14800000000000002,0.764,0.348,0.0,475.7724340103465
P-n16-k8,pso,8,4,15,1,16.4,8.138795979750322,35,100,0.01,0.08,475.7724340103465,475.7724340103465,100.0,0.0,0,0.5,0.1,0,0,0,0,0.164,0.752,0.364,0.0,475.7724340103465
P-n16-k8,pso,8,5,15,1,16.4,8.138795979750322,35,100,0.01,0.1,475.7724340103465,475.7724340103465,100.0,0.0,0,0.5,0.1,0,0,0,0,0.18000000000000002,0.74,0.38,0.0,475.7724340103465
P-n16-k8,pso,8,6,15,1,16.4,8.138795979750322,35,100,0.01,0.12,475.7724340103465,475.77243401034644,100.0,0.0,0,0.5,0.1,0,0,0,0,0.196,0.7280000000000001,0.396,0.0,475.7724340103465
P-n16-k8,pso,8,7,15,1,16.4,8.138795979750322,35,100,0.01,0.14,475.7724340103465,475.77243401034644,100.0,0.0,0,0.5,0.1,0,0,0,0,0.21200000000000002,0.7160000000000001,0.41200000000000003,0.0,475.7724340103465
P-n16-k8,pso,8,8,15,1,16.4,8.138795979750322,35,100,0.01,0.16,475.7724340103465,475.7724340103465,100.0,0.0,0,0.5,0.1,0,0,0,0,0.228,0.7040000000000001,0.42800000000000005,0.0,475.7724340103465
P-n16-k8,pso,8,9,15,1,16.4,8.138795979750322,35,100,0.01,0.18,475.7724340103465,475.77243401034656,100.0,0.0,0,0.5,0.1,0,0,0,0,0.244,0.6920000000000001,0.44399999999999995,0.0,475.7724340103465
P-n16-k8,pso,8,10,15,1,16.4,8.138795979750322,35,100,0.01,0.2,475.7724340103465,475.77243401034656,100.0,0.0,0,0.5,0.1,0,0,0,0,0.26,0.68,0.46,0.0,475.7724340103465
P-n16-k8,pso,8,11,15,1,16.4,8.138795979750322,35,100,0.01,0.22,475.7724340103465,475.77243401034656,5.684341886080802e-14,0.0,10,0.5,0.1,0,0,0,0,0.276,0.668,0.476,0.0,475.7724340103465
P-n16-k8,pso,8,12,15,1,16.4,8.138795979750322,35,100,0.01,0.24,475.7724340103465,475.77243401034656,5.684341886080802e-14,0.0,11,0.5,0.1,0,0,0,0,0.29200000000000004,0.656,0.492,0.0,475.7724340103465
P-n16-k8,pso,8,13,15,1,16.4,8.138795979750322,35,100,0.01,0.26,475.7724340103465,475.77243401034656,5.684341886080802e-14,0.0,12,0.5,0.1,0,0,0,0,0.30800000000000005,0.644,0.508,0.0,475.7724340103465
P-n16-k8,pso,8,14,15,1,16.4,8.138795979750322,35,100,0.01,0.28,475.7724340103465,475.77243401034656,5.684341886080802e-14,0.0,13,0.5,0.1,0,0,0,0,0.32400000000000007,0.632,0.524,0.0,475.7724340103465
P-n16-k8,pso,8,15,15,1,16.4,8.138795979750322,35,100,0.01,0.3,475.7724340103465,475.77243401034656,5.684341886080802e-14,0.0,14,0.5,0.1,0,0,0,0,0.33999999999999997,0.6200000000000001,0.54,0.0,475.7724340103465
P-n16-k8,pso,8,16,15,1,16.4,8.138795979750322,35,100,0.01,0.32,475.7724340103465,475.77243401034656,5.684341886080802e-14,0.0,15,0.5,0.1,0,0,0,0,0.356,0.6080000000000001,0.556,0.0,475.7724340103465
P-n16-k8,pso,8,17,15,1,16.4,8.138795979750322,35,100,0.01,0.34,475.7724340103465,475.77243401034656,5.684341886080802e-14,0.0,16,0.5,0.1,0,0,0,0,0.372,0.5960000000000001,0.5720000000000001,0.0,475.7724340103465
P-n16-k8,pso,8,18,15,1,16.4,8.138795979750322,35,100,0.01,0.36,475.7724340103465,475.77243401034656,5.684341886080802e-14,0.0,17,0.5,0.1,0,0,0,0,0.388,0.5840000000000001,0.588,0.0,475.7724340103465
P-n16-k8,pso,8,19,15,1,16.4,8.138795979750322,35,100,0.01,0.38,475.7724340103465,475.77243401034656,5.684341886080802e-14,0.0,18,0.5,0.1,0,0,0,0,0.404,0.5720000000000001,0.6040000000000001,0.0,475.7724340103465
P-n16-k8,pso,8,20,15,1,16.4,8.138795979750322,35,100,0.01,0.4,475.7724340103465,475.77243401034656,5.684341886080802e-14,0.0,19,0.5,0.1,0,0,0,0,0.42000000000000004,0.56,0.6200000000000001,0.0,475.7724340103465
P-n16-k8,pso,8,21,15,1,16.4,8.138795979750322,35,100,0.01,0.42,475.7724340103465,475.77243401034656,5.684341886080802e-14,0.0,19,0.5,0.1,0,0,0,0,0.43600000000000005,0.548,0.636,0.0,475.7724340103465
P-n16-k8,pso,8,22,15,1,16.4,8.138795979750322,35,100,0.01,0.44,475.7724340103465,475.77243401034656,5.684341886080802e-14,0.0,19,0.5,0.1,0,0,0,0,0.45200000000000007,0.536,0.652,0.0,475.7724340103465
P-n16-k8,pso,8,23,15,1,16.4,8.138795979750322,35,100,0.01,0.46,475.7724340103465,475.77243401034656,5.684341886080802e-14,0.0,19,0.5,0.1,0,0,0,0,0.4680000000000001,0.524,0.668,0.0,475.7724340103465
P-n16-k8,pso,8,24,15,1,16.4,8.138795979750322,35,100,0.01,0.48,475.7724340103465,475.77243401034656,5.684341886080802e-14,0.0,19,0.5,0.1,0,0,0,0,0.484,0.512,0.6839999999999999,0.0,475.7724340103465
P-n16-k8,pso,8,25,15,1,16.4,8.138795979750322,35,100,0.01,0.5,475.7724340103465,475.77243401034656,5.684341886080802e-14,0.0,19,0.5,0.1,0,0,0,0,0.5,0.5,0.7,0.0,475.7724340103465
P-n16-k8,pso,8,26,15,1,16.4,8.138795979750322,35,100,0.01,0.52,475.7724340103465,475.77243401034656,5.684341886080802e-14,0.0,19,0.5,0.1,0,0,0,0,0.516,0.48800000000000004,0.6839999999999999,0.0,475.7724340103465
P-n16-k8,pso,8,27,15,1,16.4,8.138795979750322,35,100,0.01,0.54,475.7724340103465,475.77243401034656,5.684341886080802e-14,0.0,19,0.5,0.1,0,0,0,0,0.532,0.47600000000000003,0.6679999999999999,0.0,475.7724340103465
P-n16-k8,pso,8,28,15,1,16.4,8.138795979750322,35,100,0.01,0.56,475.7724340103465,475.77243401034656,5.684341886080802e-14,0.0,19,0.5,0.1,0,0,0,0,0.548,0.464,0.6519999999999999,0.0,475.7724340103465
P-n16-k8,pso,8,29,15,1,16.4,8.138795979750322,35,100,0.01,0.58,475.7724340103465,475.77243401034656,5.684341886080802e-14,0.0,19,0.5,0.1,0,0,0,0,0.564,0.45200000000000007,0.6360000000000001,0.0,475.7724340103465
P-n16-k8,pso,8,30,15,1,16.4,8.138795979750322,35,100,0.01,0.6,475.7724340103465,475.77243401034656,5.684341886080802e-14,0.0,19,0.5,0.1,0,0,0,0,0.58,0.44000000000000006,0.6200000000000001,0.0,475.7724340103465
P-n16-k8,pso,8,31,15,1,16.4,8.138795979750322,35,100,0.01,0.62,475.7724340103465,475.77243401034656,5.684341886080802e-14,0.0,19,0.5,0.1,0,0,0,0,0.596,0.42800000000000005,0.6040000000000001,0.0,475.7724340103465
P-n16-k8,pso,8,32,15,1,16.4,8.138795979750322,35,100,0.01,0.64,475.7724340103465,475.77243401034656,5.684341886080802e-14,0.0,19,0.5,0.1,0,0,0,0,0.612,0.41600000000000004,0.588,0.0,475.7724340103465
P-n16-k8,pso,8,33,15,1,16.4,8.138795979750322,35,100,0.01,0.66,475.7724340103465,475.77243401034656,5.684341886080802e-14,0.0,19,0.5,0.1,0,0,0,0,0.628,0.404,0.572,0.0,475.7724340103465
P-n16-k8,pso,8,34,15,1,16.4,8.138795979750322,35,100,0.01,0.68,475.7724340103465,475.77243401034656,5.684341886080802e-14,0.0,19,0.5,0.1,0,0,0,0,0.644,0.392,0.5559999999999999,0.0,475.7724340103465
P-n16-k8,pso,8,35,15,1,16.4,8.138795979750322,35,100,0.01,0.7,475.7724340103465,475.77243401034656,5.684341886080802e-14,0.0,19,0.5,0.1,0,0,0,0,0.6599999999999999,0.38000000000000006,0.54,0.0,475.7724340103465
P-n16-k8,pso,8,36,15,1,16.4,8.138795979750322,35,100,0.01,0.72,475.7724340103465,475.77243401034656,5.684341886080802e-14,0.0,19,0.5,0.1,0,0,0,0,0.6759999999999999,0.36800000000000005,0.524,0.0,475.7724340103465
P-n16-k8,pso,8,37,15,1,16.4,8.138795979750322,35,100,0.01,0.74,475.7724340103465,475.77243401034656,5.684341886080802e-14,0.0,19,0.5,0.1,0,0,0,0,0.692,0.35600000000000004,0.508,0.0,475.7724340103465
P-n16-k8,pso,8,38,15,1,16.4,8.138795979750322,35,100,0.01,0.76,475.7724340103465,475.77243401034656,5.684341886080802e-14,0.0,19,0.5,0.1,0,0,0,0,0.7080000000000001,0.3440000000000001,0.492,0.0,475.7724340103465
P-n16-k8,pso,8,39,15,1,16.4,8.138795979750322,35,100,0.01,0.78,475.7724340103465,475.77243401034656,5.684341886080802e-14,0.0,19,0.5,0.1,0,0,0,0,0.7240000000000001,0.3320000000000001,0.476,0.0,475.7724340103465
P-n16-k8,pso,8,40,15,1,16.4,8.138795979750322,35,100,0.01,0.8,475.7724340103465,475.77243401034656,5.684341886080802e-14,0.0,19,0.5,0.1,0,0,0,0,0.7400000000000001,0.32000000000000006,0.45999999999999996,0.0,475.7724340103465
P-n16-k8,pso,8,41,15,1,16.4,8.138795979750322,35,100,0.01,0.82,475.7724340103465,475.77243401034656,5.684341886080802e-14,0.0,19,0.5,0.1,0,0,0,0,0.756,0.3080000000000001,0.44400000000000006,0.0,475.7724340103465
P-n16-k8,pso,8,42,15,1,16.4,8.138795979750322,35,100,0.01,0.84,475.7724340103465,475.77243401034656,5.684341886080802e-14,0.0,19,0.5,0.1,0,0,0,0,0.772,0.29600000000000004,0.42800000000000005,0.0,475.7724340103465
P-n16-k8,pso,8,43,15,1,16.4,8.138795979750322,35,100,0.01,0.86,475.7724340103465,475.77243401034656,5.684341886080802e-14,0.0,19,0.5,0.1,0,0,0,0,0.788,0.28400000000000003,0.41200000000000003,0.0,475.7724340103465
P-n16-k8,pso,8,44,15,1,16.4,8.138795979750322,35,100,0.01,0.88,475.7724340103465,475.77243401034656,5.684341886080802e-14,0.0,19,0.5,0.1,0,0,0,0,0.804,0.272,0.396,0.0,475.7724340103465
P-n16-k8,pso,8,45,15,1,16.4,8.138795979750322,35,100,0.01,0.9,475.7724340103465,475.77243401034656,5.684341886080802e-14,0.0,19,0.5,0.1,0,0,0,0,0.8200000000000001,0.26,0.38,0.0,475.7724340103465
P-n16-k8,pso,8,46,15,1,16.4,8.138795979750322,35,100,0.01,0.92,475.7724340103465,475.77243401034656,5.684341886080802e-14,0.0,19,0.5,0.1,0,0,0,0,0.8360000000000001,0.248,0.364,0.0,475.7724340103465
P-n16-k8,pso,8,47,15,1,16.4,8.138795979750322,35,100,0.01,0.94,475.7724340103465,475.77243401034656,5.684341886080802e-14,0.0,19,0.5,0.1,0,0,0,0,0.852,0.2360000000000001,0.34800000000000003,0.0,475.7724340103465
P-n16-k8,pso,8,48,15,1,16.4,8.138795979750322,35,100,0.01,0.96,475.7724340103465,475.77243401034656,5.684341886080802e-14,0.0,19,0.5,0.1,0,0,0,0,0.868,0.2240000000000001,0.332,0.0,475.7724340103465
P-n16-k8,pso,8,49,15,1,16.4,8.138795979750322,35,100,0.01,0.98,475.7724340103465,475.77243401034656,5.684341886080802e-14,0.0,19,0.5,0.1,0,0,0,0,0.884,0.21200000000000008,0.316,0.0,475.7724340103465
P-n16-k8,pso,9,0,15,1,16.4,8.138795979750322,35,100,0.01,0.0,1000.0,1000.0,100.0,0.0,0,0.5,0.1,0,0,0,0,0.1,0.8,0.3,0.0,475.7724340103465
P-n16-k8,pso,9,1,15,1,16.4,8.138795979750322,35,100,0.01,0.02,475.7724340103465,475.7724340103465,100.0,0.0,0,0.5,0.1,0,0,0,0,0.116,0.788,0.316,0.0,475.7724340103465
P-n16-k8,pso,9,2,15,1,16.4,8.138795979750322,35,100,0.01,0.04,475.7724340103465,475.7724340103465,100.0,0.0,0,0.5,0.1,0,0,0,0,0.132,0.776,0.33199999999999996,0.0,475.7724340103465
P-n16-k8,pso,9,3,15,1,16.4,8.138795979750322,35,100,0.01,0.06,475.7724340103465,475.77243401034656,100.0,0.0,0,0.5,0.1,0,0,0,0,0.14800000000000002,0.764,0.348,0.0,475.7724340103465
P-n16-k8,pso,9,4,15,1,16.4,8.138795979750322,35,100,0.01,0.08,475.7724340103465,475.7724340103465,100.0,0.0,0,0.5,0.1,0,0,0,0,0.164,0.752,0.364,0.0,475.7724340103465
P-n16-k8,pso,9,5,15,1,16.4,8.138795979750322,35,100,0.01,0.1,475.7724340103465,475.7724340103465,100.0,0.0,0,0.5,0.1,0,0,0,0,0.18000000000000002,0.74,0.38,0.0,475.7724340103465
P-n16-k8,pso,9,6,15,1,16.4,8.138795979750322,35,100,0.01,0.12,475.7724340103465,475.77243401034644,100.0,0.0,0,0.5,0.1,0,0,0,0,0.196,0.7280000000000001,0.396,0.0,475.7724340103465
P-n16-k8,pso,9,7,15,1,16.4,8.138795979750322,35,100,0.01,0.14,475.7724340103465,475.77243401034644,100.0,0.0,0,0.5,0.1,0,0,0,0,0.21200000000000002,0.7160000000000001,0.41200000000000003,0.0,475.7724340103465
P-n16-k8,pso,9,8,15,1,16.4,8.138795979750322,35,100,0.01,0.16,475.7724340103465,475.7724340103465,100.0,0.0,0,0.5,0.1,0,0,0,0,0.228,0.7040000000000001,0.42800000000000005,0.0,475.7724340103465
P-n16-k8,pso,9,9,15,1,16.4,8.138795979750322,35,100,0.01,0.18,475.7724340103465,475.77243401034656,100.0,0.0,0,0.5,0.1,0,0,0,0,0.244,0.6920000000000001,0.44399999999999995,0.0,475.7724340103465
P-n16-k8,pso,9,10,15,1,16.4,8.138795979750322,35,100,0.01,0.2,475.7724340103465,475.77243401034656,100.0,0.0,0,0.5,0.1,0,0,0,0,0.26,0.68,0.46,0.0,475.7724340103465
P-n16-k8,pso,9,11,15,1,16.4,8.138795979750322,35,100,0.01,0.22,475.7724340103465,475.77243401034656,5.684341886080802e-14,0.0,10,0.5,0.1,0,0,0,0,0.276,0.668,0.476,0.0,475.7724340103465
P-n16-k8,pso,9,12,15,1,16.4,8.138795979750322,35,100,0.01,0.24,475.7724340103465,475.77243401034656,5.684341886080802e-14,0.0,11,0.5,0.1,0,0,0,0,0.29200000000000004,0.656,0.492,0.0,475.7724340103465
P-n16-k8,pso,9,13,15,1,16.4,8.138795979750322,35,100,0.01,0.26,475.7724340103465,475.77243401034656,5.684341886080802e-14,0.0,12,0.5,0.1,0,0,0,0,0.30800000000000005,0.644,0.508,0.0,475.7724340103465
P-n16-k8,pso,9,14,15,1,16.4,8.138795979750322,35,100,0.01,0.28,475.7724340103465,475.77243401034656,5.684341886080802e-14,0.0,13,0.5,0.1,0,0,0,0,0.32400000000000007,0.632,0.524,0.0,475.7724340103465
P-n16-k8,pso,9,15,15,1,16.4,8.138795979750322,35,100,0.01,0.3,475.7724340103465,475.77243401034656,5.684341886080802e-14,0.0,14,0.5,0.1,0,0,0,0,0.33999999999999997,0.6200000000000001,0.54,0.0,475.7724340103465
P-n16-k8,pso,9,16,15,1,16.4,8.138795979750322,35,100,0.01,0.32,475.7724340103465,475.77243401034656,5.684341886080802e-14,0.0,15,0.5,0.1,0,0,0,0,0.356,0.6080000000000001,0.556,0.0,475.7724340103465
P-n16-k8,pso,9,17,15,1,16.4,8.138795979750322,35,100,0.01,0.34,475.7724340103465,475.77243401034656,5.684341886080802e-14,0.0,16,0.5,0.1,0,0,0,0,0.372,0.5960000000000001,0.5720000000000001,0.0,475.7724340103465
P-n16-k8,pso,9,18,15,1,16.4,8.138795979750322,35,100,0.01,0.36,475.7724340103465,475.77243401034656,5.684341886080802e-14,0.0,17,0.5,0.1,0,0,0,0,0.388,0.5840000000000001,0.588,0.0,475.7724340103465
P-n16-k8,pso,9,19,15,1,16.4,8.138795979750322,35,100,0.01,0.38,475.7724340103465,475.77243401034656,5.684341886080802e-14,0.0,18,0.5,0.1,0,0,0,0,0.404,0.5720000000000001,0.6040000000000001,0.0,475.7724340103465
P-n16-k8,pso,9,20,15,1,16.4,8.138795979750322,35,100,0.01,0.4,475.7724340103465,475.77243401034656,5.684341886080802e-14,0.0,19,0.5,0.1,0,0,0,0,0.42000000000000004,0.56,0.6200000000000001,0.0,475.7724340103465
P-n16-k8,pso,9,21,15,1,16.4,8.138795979750322,35,100,0.01,0.42,475.7724340103465,475.77243401034656,5.684341886080802e-14,0.0,19,0.5,0.1,0,0,0,0,0.43600000000000005,0.548,0.636,0.0,475.7724340103465
P-n16-k8,pso,9,22,15,1,16.4,8.138795979750322,35,100,0.01,0.44,475.7724340103465,475.77243401034656,5.684341886080802e-14,0.0,19,0.5,0.1,0,0,0,0,0.45200000000000007,0.536,0.652,0.0,475.7724340103465
P-n16-k8,pso,9,23,15,1,16.4,8.138795979750322,35,100,0.01,0.46,475.7724340103465,475.77243401034656,5.684341886080802e-14,0.0,19,0.5,0.1,0,0,0,0,0.4680000000000001,0.524,0.668,0.0,475.7724340103465
P-n16-k8,pso,9,24,15,1,16.4,8.138795979750322,35,100,0.01,0.48,475.7724340103465,475.77243401034656,5.684341886080802e-14,0.0,19,0.5,0.1,0,0,0,0,0.484,0.512,0.6839999999999999,0.0,475.7724340103465
P-n16-k8,pso,9,25,15,1,16.4,8.138795979750322,35,100,0.01,0.5,475.7724340103465,475.77243401034656,5.684341886080802e-14,0.0,19,0.5,0.1,0,0,0,0,0.5,0.5,0.7,0.0,475.7724340103465
P-n16-k8,pso,9,26,15,1,16.4,8.138795979750322,35,100,0.01,0.52,475.7724340103465,475.77243401034656,5.684341886080802e-14,0.0,19,0.5,0.1,0,0,0,0,0.516,0.48800000000000004,0.6839999999999999,0.0,475.7724340103465
P-n16-k8,pso,9,27,15,1,16.4,8.138795979750322,35,100,0.01,0.54,475.7724340103465,475.77243401034656,5.684341886080802e-14,0.0,19,0.5,0.1,0,0,0,0,0.532,0.47600000000000003,0.6679999999999999,0.0,475.7724340103465
P-n16-k8,pso,9,28,15,1,16.4,8.138795979750322,35,100,0.01,0.56,475.7724340103465,475.77243401034656,5.684341886080802e-14,0.0,19,0.5,0.1,0,0,0,0,0.548,0.464,0.6519999999999999,0.0,475.7724340103465
P-n16-k8,pso,9,29,15,1,16.4,8.138795979750322,35,100,0.01,0.58,475.7724340103465,475.77243401034656,5.684341886080802e-14,0.0,19,0.5,0.1,0,0,0,0,0.564,0.45200000000000007,0.6360000000000001,0.0,475.7724340103465
P-n16-k8,pso,9,30,15,1,16.4,8.138795979750322,35,100,0.01,0.6,475.7724340103465,475.77243401034656,5.684341886080802e-14,0.0,19,0.5,0.1,0,0,0,0,0.58,0.44000000000000006,0.6200000000000001,0.0,475.7724340103465
P-n16-k8,pso,9,31,15,1,16.4,8.138795979750322,35,100,0.01,0.62,475.7724340103465,475.77243401034656,5.684341886080802e-14,0.0,19,0.5,0.1,0,0,0,0,0.596,0.42800000000000005,0.6040000000000001,0.0,475.7724340103465
P-n16-k8,pso,9,32,15,1,16.4,8.138795979750322,35,100,0.01,0.64,475.7724340103465,475.77243401034656,5.684341886080802e-14,0.0,19,0.5,0.1,0,0,0,0,0.612,0.41600000000000004,0.588,0.0,475.7724340103465
P-n16-k8,pso,9,33,15,1,16.4,8.138795979750322,35,100,0.01,0.66,475.7724340103465,475.77243401034656,5.684341886080802e-14,0.0,19,0.5,0.1,0,0,0,0,0.628,0.404,0.572,0.0,475.7724340103465
P-n16-k8,pso,9,34,15,1,16.4,8.138795979750322,35,100,0.01,0.68,475.7724340103465,475.77243401034656,5.684341886080802e-14,0.0,19,0.5,0.1,0,0,0,0,0.644,0.392,0.5559999999999999,0.0,475.7724340103465
P-n16-k8,pso,9,35,15,1,16.4,8.138795979750322,35,100,0.01,0.7,475.7724340103465,475.77243401034656,5.684341886080802e-14,0.0,19,0.5,0.1,0,0,0,0,0.6599999999999999,0.38000000000000006,0.54,0.0,475.7724340103465
P-n16-k8,pso,9,36,15,1,16.4,8.138795979750322,35,100,0.01,0.72,475.7724340103465,475.77243401034656,5.684341886080802e-14,0.0,19,0.5,0.1,0,0,0,0,0.6759999999999999,0.36800000000000005,0.524,0.0,475.7724340103465
P-n16-k8,pso,9,37,15,1,16.4,8.138795979750322,35,100,0.01,0.74,475.7724340103465,475.77243401034656,5.684341886080802e-14,0.0,19,0.5,0.1,0,0,0,0,0.692,0.35600000000000004,0.508,0.0,475.7724340103465
P-n16-k8,pso,9,38,15,1,16.4,8.138795979750322,35,100,0.01,0.76,475.7724340103465,475.77243401034656,5.684341886080802e-14,0.0,19,0.5,0.1,0,0,0,0,0.7080000000000001,0.3440000000000001,0.492,0.0,475.7724340103465
P-n16-k8,pso,9,39,15,1,16.4,8.138795979750322,35,100,0.01,0.78,475.7724340103465,475.77243401034656,5.684341886080802e-14,0.0,19,0.5,0.1,0,0,0,0,0.7240000000000001,0.3320000000000001,0.476,0.0,475.7724340103465
P-n16-k8,pso,9,40,15,1,16.4,8.138795979750322,35,100,0.01,0.8,475.7724340103465,475.77243401034656,5.684341886080802e-14,0.0,19,0.5,0.1,0,0,0,0,0.7400000000000001,0.32000000000000006,0.45999999999999996,0.0,475.7724340103465
P-n16-k8,pso,9,41,15,1,16.4,8.138795979750322,35,100,0.01,0.82,475.7724340103465,475.77243401034656,5.684341886080802e-14,0.0,19,0.5,0.1,0,0,0,0,0.756,0.3080000000000001,0.44400000000000006,0.0,475.7724340103465
P-n16-k8,pso,9,42,15,1,16.4,8.138795979750322,35,100,0.01,0.84,475.7724340103465,475.77243401034656,5.684341886080802e-14,0.0,19,0.5,0.1,0,0,0,0,0.772,0.29600000000000004,0.42800000000000005,0.0,475.7724340103465
P-n16-k8,pso,9,43,15,1,16.4,8.138795979750322,35,100,0.01,0.86,475.7724340103465,475.77243401034656,5.684341886080802e-14,0.0,19,0.5,0.1,0,0,0,0,0.788,0.28400000000000003,0.41200000000000003,0.0,475.7724340103465
P-n16-k8,pso,9,44,15,1,16.4,8.138795979750322,35,100,0.01,0.88,475.7724340103465,475.77243401034656,5.684341886080802e-14,0.0,19,0.5,0.1,0,0,0,0,0.804,0.272,0.396,0.0,475.7724340103465
P-n16-k8,pso,9,45,15,1,16.4,8.138795979750322,35,100,0.01,0.9,475.7724340103465,475.77243401034656,5.684341886080802e-14,0.0,19,0.5,0.1,0,0,0,0,0.8200000000000001,0.26,0.38,0.0,475.7724340103465
P-n16-k8,pso,9,46,15,1,16.4,8.138795979750322,35,100,0.01,0.92,475.7724340103465,475.77243401034656,5.684341886080802e-14,0.0,19,0.5,0.1,0,0,0,0,0.8360000000000001,0.248,0.364,0.0,475.7724340103465
P-n16-k8,pso,9,47,15,1,16.4,8.138795979750322,35,100,0.01,0.94,475.7724340103465,475.77243401034656,5.684341886080802e-14,0.0,19,0.5,0.1,0,0,0,0,0.852,0.2360000000000001,0.34800000000000003,0.0,475.7724340103465
P-n16-k8,pso,9,48,15,1,16.4,8.138795979750322,35,100,0.01,0.96,475.7724340103465,475.77243401034656,5.684341886080802e-14,0.0,19,0.5,0.1,0,0,0,0,0.868,0.2240000000000001,0.332,0.0,475.7724340103465
P-n16-k8,pso,9,49,15,1,16.4,8.138795979750322,35,100,0.01,0.98,475.7724340103465,475.77243401034656,5.684341886080802e-14,0.0,19,0.5,0.1,0,0,0,0,0.884,0.21200000000000008,0.316,0.0,475.7724340103465
P-n16-k8,pso,10,0,15,1,16.4,8.138795979750322,35,100,0.01,0.0,1000.0,1000.0,100.0,0.0,0,0.5,0.1,0,0,0,0,0.1,0.8,0.3,0.0,475.7724340103465
P-n16-k8,pso,10,1,15,1,16.4,8.138795979750322,35,100,0.01,0.02,475.7724340103465,475.7724340103465,100.0,0.0,0,0.5,0.1,0,0,0,0,0.116,0.788,0.316,0.0,475.7724340103465
P-n16-k8,pso,10,2,15,1,16.4,8.138795979750322,35,100,0.01,0.04,475.7724340103465,475.7724340103465,100.0,0.0,0,0.5,0.1,0,0,0,0,0.132,0.776,0.33199999999999996,0.0,475.7724340103465
P-n16-k8,pso,10,3,15,1,16.4,8.138795979750322,35,100,0.01,0.06,475.7724340103465,475.77243401034656,100.0,0.0,0,0.5,0.1,0,0,0,0,0.14800000000000002,0.764,0.348,0.0,475.7724340103465
P-n16-k8,pso,10,4,15,1,16.4,8.138795979750322,35,100,0.01,0.08,475.7724340103465,475.7724340103465,100.0,0.0,0,0.5,0.1,0,0,0,0,0.164,0.752,0.364,0.0,475.7724340103465
P-n16-k8,pso,10,5,15,1,16.4,8.138795979750322,35,100,0.01,0.1,475.7724340103465,475.7724340103465,100.0,0.0,0,0.5,0.1,0,0,0,0,0.18000000000000002,0.74,0.38,0.0,475.7724340103465
P-n16-k8,pso,10,6,15,1,16.4,8.138795979750322,35,100,0.01,0.12,475.7724340103465,475.77243401034644,100.0,0.0,0,0.5,0.1,0,0,0,0,0.196,0.7280000000000001,0.396,0.0,475.7724340103465
P-n16-k8,pso,10,7,15,1,16.4,8.138795979750322,35,100,0.01,0.14,475.7724340103465,475.77243401034644,100.0,0.0,0,0.5,0.1,0,0,0,0,0.21200000000000002,0.7160000000000001,0.41200000000000003,0.0,475.7724340103465
P-n16-k8,pso,10,8,15,1,16.4,8.138795979750322,35,100,0.01,0.16,475.7724340103465,475.7724340103465,100.0,0.0,0,0.5,0.1,0,0,0,0,0.228,0.7040000000000001,0.42800000000000005,0.0,475.7724340103465
P-n16-k8,pso,10,9,15,1,16.4,8.138795979750322,35,100,0.01,0.18,475.7724340103465,475.77243401034656,100.0,0.0,0,0.5,0.1,0,0,0,0,0.244,0.6920000000000001,0.44399999999999995,0.0,475.7724340103465
P-n16-k8,pso,10,10,15,1,16.4,8.138795979750322,35,100,0.01,0.2,475.7724340103465,475.77243401034656,100.0,0.0,0,0.5,0.1,0,0,0,0,0.26,0.68,0.46,0.0,475.7724340103465
P-n16-k8,pso,10,11,15,1,16.4,8.138795979750322,35,100,0.01,0.22,475.7724340103465,475.77243401034656,5.684341886080802e-14,0.0,10,0.5,0.1,0,0,0,0,0.276,0.668,0.476,0.0,475.7724340103465
P-n16-k8,pso,10,12,15,1,16.4,8.138795979750322,35,100,0.01,0.24,475.7724340103465,475.77243401034656,5.684341886080802e-14,0.0,11,0.5,0.1,0,0,0,0,0.29200000000000004,0.656,0.492,0.0,475.7724340103465
P-n16-k8,pso,10,13,15,1,16.4,8.138795979750322,35,100,0.01,0.26,475.7724340103465,475.77243401034656,5.684341886080802e-14,0.0,12,0.5,0.1,0,0,0,0,0.30800000000000005,0.644,0.508,0.0,475.7724340103465
P-n16-k8,pso,10,14,15,1,16.4,8.138795979750322,35,100,0.01,0.28,475.7724340103465,475.77243401034656,5.684341886080802e-14,0.0,13,0.5,0.1,0,0,0,0,0.32400000000000007,0.632,0.524,0.0,475.7724340103465
P-n16-k8,pso,10,15,15,1,16.4,8.138795979750322,35,100,0.01,0.3,475.7724340103465,475.77243401034656,5.684341886080802e-14,0.0,14,0.5,0.1,0,0,0,0,0.33999999999999997,0.6200000000000001,0.54,0.0,475.7724340103465
P-n16-k8,pso,10,16,15,1,16.4,8.138795979750322,35,100,0.01,0.32,475.7724340103465,475.77243401034656,5.684341886080802e-14,0.0,15,0.5,0.1,0,0,0,0,0.356,0.6080000000000001,0.556,0.0,475.7724340103465
P-n16-k8,pso,10,17,15,1,16.4,8.138795979750322,35,100,0.01,0.34,475.7724340103465,475.77243401034656,5.684341886080802e-14,0.0,16,0.5,0.1,0,0,0,0,0.372,0.5960000000000001,0.5720000000000001,0.0,475.7724340103465
P-n16-k8,pso,10,18,15,1,16.4,8.138795979750322,35,100,0.01,0.36,475.7724340103465,475.77243401034656,5.684341886080802e-14,0.0,17,0.5,0.1,0,0,0,0,0.388,0.5840000000000001,0.588,0.0,475.7724340103465
P-n16-k8,pso,10,19,15,1,16.4,8.138795979750322,35,100,0.01,0.38,475.7724340103465,475.77243401034656,5.684341886080802e-14,0.0,18,0.5,0.1,0,0,0,0,0.404,0.5720000000000001,0.6040000000000001,0.0,475.7724340103465
P-n16-k8,pso,10,20,15,1,16.4,8.138795979750322,35,100,0.01,0.4,475.7724340103465,475.77243401034656,5.684341886080802e-14,0.0,19,0.5,0.1,0,0,0,0,0.42000000000000004,0.56,0.6200000000000001,0.0,475.7724340103465
P-n16-k8,pso,10,21,15,1,16.4,8.138795979750322,35,100,0.01,0.42,475.7724340103465,475.77243401034656,5.684341886080802e-14,0.0,19,0.5,0.1,0,0,0,0,0.43600000000000005,0.548,0.636,0.0,475.7724340103465
P-n16-k8,pso,10,22,15,1,16.4,8.138795979750322,35,100,0.01,0.44,475.7724340103465,475.77243401034656,5.684341886080802e-14,0.0,19,0.5,0.1,0,0,0,0,0.45200000000000007,0.536,0.652,0.0,475.7724340103465
P-n16-k8,pso,10,23,15,1,16.4,8.138795979750322,35,100,0.01,0.46,475.7724340103465,475.77243401034656,5.684341886080802e-14,0.0,19,0.5,0.1,0,0,0,0,0.4680000000000001,0.524,0.668,0.0,475.7724340103465
P-n16-k8,pso,10,24,15,1,16.4,8.138795979750322,35,100,0.01,0.48,475.7724340103465,475.77243401034656,5.684341886080802e-14,0.0,19,0.5,0.1,0,0,0,0,0.484,0.512,0.6839999999999999,0.0,475.7724340103465
P-n16-k8,pso,10,25,15,1,16.4,8.138795979750322,35,100,0.01,0.5,475.7724340103465,475.77243401034656,5.684341886080802e-14,0.0,19,0.5,0.1,0,0,0,0,0.5,0.5,0.7,0.0,475.7724340103465
P-n16-k8,pso,10,26,15,1,16.4,8.138795979750322,35,100,0.01,0.52,475.7724340103465,475.77243401034656,5.684341886080802e-14,0.0,19,0.5,0.1,0,0,0,0,0.516,0.48800000000000004,0.6839999999999999,0.0,475.7724340103465
P-n16-k8,pso,10,27,15,1,16.4,8.138795979750322,35,100,0.01,0.54,475.7724340103465,475.77243401034656,5.684341886080802e-14,0.0,19,0.5,0.1,0,0,0,0,0.532,0.47600000000000003,0.6679999999999999,0.0,475.7724340103465
P-n16-k8,pso,10,28,15,1,16.4,8.138795979750322,35,100,0.01,0.56,475.7724340103465,475.77243401034656,5.684341886080802e-14,0.0,19,0.5,0.1,0,0,0,0,0.548,0.464,0.6519999999999999,0.0,475.7724340103465
P-n16-k8,pso,10,29,15,1,16.4,8.138795979750322,35,100,0.01,0.58,475.7724340103465,475.77243401034656,5.684341886080802e-14,0.0,19,0.5,0.1,0,0,0,0,0.564,0.45200000000000007,0.6360000000000001,0.0,475.7724340103465
P-n16-k8,pso,10,30,15,1,16.4,8.138795979750322,35,100,0.01,0.6,475.7724340103465,475.77243401034656,5.684341886080802e-14,0.0,19,0.5,0.1,0,0,0,0,0.58,0.44000000000000006,0.6200000000000001,0.0,475.7724340103465
P-n16-k8,pso,10,31,15,1,16.4,8.138795979750322,35,100,0.01,0.62,475.7724340103465,475.77243401034656,5.684341886080802e-14,0.0,19,0.5,0.1,0,0,0,0,0.596,0.42800000000000005,0.6040000000000001,0.0,475.7724340103465
P-n16-k8,pso,10,32,15,1,16.4,8.138795979750322,35,100,0.01,0.64,475.7724340103465,475.77243401034656,5.684341886080802e-14,0.0,19,0.5,0.1,0,0,0,0,0.612,0.41600000000000004,0.588,0.0,475.7724340103465
P-n16-k8,pso,10,33,15,1,16.4,8.138795979750322,35,100,0.01,0.66,475.7724340103465,475.77243401034656,5.684341886080802e-14,0.0,19,0.5,0.1,0,0,0,0,0.628,0.404,0.572,0.0,475.7724340103465
P-n16-k8,pso,10,34,15,1,16.4,8.138795979750322,35,100,0.01,0.68,475.7724340103465,475.77243401034656,5.684341886080802e-14,0.0,19,0.5,0.1,0,0,0,0,0.644,0.392,0.5559999999999999,0.0,475.7724340103465
P-n16-k8,pso,10,35,15,1,16.4,8.138795979750322,35,100,0.01,0.7,475.7724340103465,475.77243401034656,5.684341886080802e-14,0.0,19,0.5,0.1,0,0,0,0,0.6599999999999999,0.38000000000000006,0.54,0.0,475.7724340103465
P-n16-k8,pso,10,36,15,1,16.4,8.138795979750322,35,100,0.01,0.72,475.7724340103465,475.77243401034656,5.684341886080802e-14,0.0,19,0.5,0.1,0,0,0,0,0.6759999999999999,0.36800000000000005,0.524,0.0,475.7724340103465
P-n16-k8,pso,10,37,15,1,16.4,8.138795979750322,35,100,0.01,0.74,475.7724340103465,475.77243401034656,5.684341886080802e-14,0.0,19,0.5,0.1,0,0,0,0,0.692,0.35600000000000004,0.508,0.0,475.7724340103465
P-n16-k8,pso,10,38,15,1,16.4,8.138795979750322,35,100,0.01,0.76,475.7724340103465,475.77243401034656,5.684341886080802e-14,0.0,19,0.5,0.1,0,0,0,0,0.7080000000000001,0.3440000000000001,0.492,0.0,475.7724340103465
P-n16-k8,pso,10,39,15,1,16.4,8.138795979750322,35,100,0.01,0.78,475.7724340103465,475.77243401034656,5.684341886080802e-14,0.0,19,0.5,0.1,0,0,0,0,0.7240000000000001,0.3320000000000001,0.476,0.0,475.7724340103465
P-n16-k8,pso,10,40,15,1,16.4,8.138795979750322,35,100,0.01,0.8,475.7724340103465,475.77243401034656,5.684341886080802e-14,0.0,19,0.5,0.1,0,0,0,0,0.7400000000000001,0.32000000000000006,0.45999999999999996,0.0,475.7724340103465
P-n16-k8,pso,10,41,15,1,16.4,8.138795979750322,35,100,0.01,0.82,475.7724340103465,475.77243401034656,5.684341886080802e-14,0.0,19,0.5,0.1,0,0,0,0,0.756,0.3080000000000001,0.44400000000000006,0.0,475.7724340103465
P-n16-k8,pso,10,42,15,1,16.4,8.138795979750322,35,100,0.01,0.84,475.7724340103465,475.77243401034656,5.684341886080802e-14,0.0,19,0.5,0.1,0,0,0,0,0.772,0.29600000000000004,0.42800000000000005,0.0,475.7724340103465
P-n16-k8,pso,10,43,15,1,16.4,8.138795979750322,35,100,0.01,0.86,475.7724340103465,475.77243401034656,5.684341886080802e-14,0.0,19,0.5,0.1,0,0,0,0,0.788,0.28400000000000003,0.41200000000000003,0.0,475.7724340103465
P-n16-k8,pso,10,44,15,1,16.4,8.138795979750322,35,100,0.01,0.88,475.7724340103465,475.77243401034656,5.684341886080802e-14,0.0,19,0.5,0.1,0,0,0,0,0.804,0.272,0.396,0.0,475.7724340103465
P-n16-k8,pso,10,45,15,1,16.4,8.138795979750322,35,100,0.01,0.9,475.7724340103465,475.77243401034656,5.684341886080802e-14,0.0,19,0.5,0.1,0,0,0,0,0.8200000000000001,0.26,0.38,0.0,475.7724340103465
P-n16-k8,pso,10,46,15,1,16.4,8.138795979750322,35,100,0.01,0.92,475.7724340103465,475.77243401034656,5.684341886080802e-14,0.0,19,0.5,0.1,0,0,0,0,0.8360000000000001,0.248,0.364,0.0,475.7724340103465
P-n16-k8,pso,10,47,15,1,16.4,8.138795979750322,35,100,0.01,0.94,475.7724340103465,475.77243401034656,5.684341886080802e-14,0.0,19,0.5,0.1,0,0,0,0,0.852,0.2360000000000001,0.34800000000000003,0.0,475.7724340103465
P-n16-k8,pso,10,48,15,1,16.4,8.138795979750322,35,100,0.01,0.96,475.7724340103465,475.77243401034656,5.684341886080802e-14,0.0,19,0.5,0.1,0,0,0,0,0.868,0.2240000000000001,0.332,0.0,475.7724340103465
P-n16-k8,pso,10,49,15,1,16.4,8.138795979750322,35,100,0.01,0.98,475.7724340103465,475.77243401034656,5.684341886080802e-14,0.0,19,0.5,0.1,0,0,0,0,0.884,0.21200000000000008,0.316,0.0,475.7724340103465
P-n16-k8,pso,11,0,15,1,16.4,8.138795979750322,35,100,0.01,0.0,1000.0,1000.0,100.0,0.0,0,0.5,0.1,0,0,0,0,0.1,0.8,0.3,0.0,475.7724340103465
P-n16-k8,pso,11,1,15,1,16.4,8.138795979750322,35,100,0.01,0.02,475.7724340103465,475.7724340103465,100.0,0.0,0,0.5,0.1,0,0,0,0,0.116,0.788,0.316,0.0,475.7724340103465
P-n16-k8,pso,11,2,15,1,16.4,8.138795979750322,35,100,0.01,0.04,475.7724340103465,475.7724340103465,100.0,0.0,0,0.5,0.1,0,0,0,0,0.132,0.776,0.33199999999999996,0.0,475.7724340103465
P-n16-k8,pso,11,3,15,1,16.4,8.138795979750322,35,100,0.01,0.06,475.7724340103465,475.77243401034656,100.0,0.0,0,0.5,0.1,0,0,0,0,0.14800000000000002,0.764,0.348,0.0,475.7724340103465
P-n16-k8,pso,11,4,15,1,16.4,8.138795979750322,35,100,0.01,0.08,475.7724340103465,475.7724340103465,100.0,0.0,0,0.5,0.1,0,0,0,0,0.164,0.752,0.364,0.0,475.7724340103465
P-n16-k8,pso,11,5,15,1,16.4,8.138795979750322,35,100,0.01,0.1,475.7724340103465,475.7724340103465,100.0,0.0,0,0.5,0.1,0,0,0,0,0.18000000000000002,0.74,0.38,0.0,475.7724340103465
P-n16-k8,pso,11,6,15,1,16.4,8.138795979750322,35,100,0.01,0.12,475.7724340103465,475.77243401034644,100.0,0.0,0,0.5,0.1,0,0,0,0,0.196,0.7280000000000001,0.396,0.0,475.7724340103465
P-n16-k8,pso,11,7,15,1,16.4,8.138795979750322,35,100,0.01,0.14,475.7724340103465,475.77243401034644,100.0,0.0,0,0.5,0.1,0,0,0,0,0.21200000000000002,0.7160000000000001,0.41200000000000003,0.0,475.7724340103465
P-n16-k8,pso,11,8,15,1,16.4,8.138795979750322,35,100,0.01,0.16,475.7724340103465,475.7724340103465,100.0,0.0,0,0.5,0.1,0,0,0,0,0.228,0.7040000000000001,0.42800000000000005,0.0,475.7724340103465
P-n16-k8,pso,11,9,15,1,16.4,8.138795979750322,35,100,0.01,0.18,475.7724340103465,475.77243401034656,100.0,0.0,0,0.5,0.1,0,0,0,0,0.244,0.6920000000000001,0.44399999999999995,0.0,475.7724340103465
P-n16-k8,pso,11,10,15,1,16.4,8.138795979750322,35,100,0.01,0.2,475.7724340103465,475.77243401034656,100.0,0.0,0,0.5,0.1,0,0,0,0,0.26,0.68,0.46,0.0,475.7724340103465
P-n16-k8,pso,11,11,15,1,16.4,8.138795979750322,35,100,0.01,0.22,475.7724340103465,475.77243401034656,5.684341886080802e-14,0.0,10,0.5,0.1,0,0,0,0,0.276,0.668,0.476,0.0,475.7724340103465
P-n16-k8,pso,11,12,15,1,16.4,8.138795979750322,35,100,0.01,0.24,475.7724340103465,475.77243401034656,5.684341886080802e-14,0.0,11,0.5,0.1,0,0,0,0,0.29200000000000004,0.656,0.492,0.0,475.7724340103465
P-n16-k8,pso,11,13,15,1,16.4,8.138795979750322,35,100,0.01,0.26,475.7724340103465,475.77243401034656,5.684341886080802e-14,0.0,12,0.5,0.1,0,0,0,0,0.30800000000000005,0.644,0.508,0.0,475.7724340103465
P-n16-k8,pso,11,14,15,1,16.4,8.138795979750322,35,100,0.01,0.28,475.7724340103465,475.77243401034656,5.684341886080802e-14,0.0,13,0.5,0.1,0,0,0,0,0.32400000000000007,0.632,0.524,0.0,475.7724340103465
P-n16-k8,pso,11,15,15,1,16.4,8.138795979750322,35,100,0.01,0.3,475.7724340103465,475.77243401034656,5.684341886080802e-14,0.0,14,0.5,0.1,0,0,0,0,0.33999999999999997,0.6200000000000001,0.54,0.0,475.7724340103465
P-n16-k8,pso,11,16,15,1,16.4,8.138795979750322,35,100,0.01,0.32,475.7724340103465,475.77243401034656,5.684341886080802e-14,0.0,15,0.5,0.1,0,0,0,0,0.356,0.6080000000000001,0.556,0.0,475.7724340103465
P-n16-k8,pso,11,17,15,1,16.4,8.138795979750322,35,100,0.01,0.34,475.7724340103465,475.77243401034656,5.684341886080802e-14,0.0,16,0.5,0.1,0,0,0,0,0.372,0.5960000000000001,0.5720000000000001,0.0,475.7724340103465
P-n16-k8,pso,11,18,15,1,16.4,8.138795979750322,35,100,0.01,0.36,475.7724340103465,475.77243401034656,5.684341886080802e-14,0.0,17,0.5,0.1,0,0,0,0,0.388,0.5840000000000001,0.588,0.0,475.7724340103465
P-n16-k8,pso,11,19,15,1,16.4,8.138795979750322,35,100,0.01,0.38,475.7724340103465,475.77243401034656,5.684341886080802e-14,0.0,18,0.5,0.1,0,0,0,0,0.404,0.5720000000000001,0.6040000000000001,0.0,475.7724340103465
P-n16-k8,pso,11,20,15,1,16.4,8.138795979750322,35,100,0.01,0.4,475.7724340103465,475.77243401034656,5.684341886080802e-14,0.0,19,0.5,0.1,0,0,0,0,0.42000000000000004,0.56,0.6200000000000001,0.0,475.7724340103465
P-n16-k8,pso,11,21,15,1,16.4,8.138795979750322,35,100,0.01,0.42,475.7724340103465,475.77243401034656,5.684341886080802e-14,0.0,19,0.5,0.1,0,0,0,0,0.43600000000000005,0.548,0.636,0.0,475.7724340103465
P-n16-k8,pso,11,22,15,1,16.4,8.138795979750322,35,100,0.01,0.44,475.7724340103465,475.77243401034656,5.684341886080802e-14,0.0,19,0.5,0.1,0,0,0,0,0.45200000000000007,0.536,0.652,0.0,475.7724340103465
P-n16-k8,pso,11,23,15,1,16.4,8.138795979750322,35,100,0.01,0.46,475.7724340103465,475.77243401034656,5.684341886080802e-14,0.0,19,0.5,0.1,0,0,0,0,0.4680000000000001,0.524,0.668,0.0,475.7724340103465
P-n16-k8,pso,11,24,15,1,16.4,8.138795979750322,35,100,0.01,0.48,475.7724340103465,475.77243401034656,5.684341886080802e-14,0.0,19,0.5,0.1,0,0,0,0,0.484,0.512,0.6839999999999999,0.0,475.7724340103465
P-n16-k8,pso,11,25,15,1,16.4,8.138795979750322,35,100,0.01,0.5,475.7724340103465,475.77243401034656,5.684341886080802e-14,0.0,19,0.5,0.1,0,0,0,0,0.5,0.5,0.7,0.0,475.7724340103465
P-n16-k8,pso,11,26,15,1,16.4,8.138795979750322,35,100,0.01,0.52,475.7724340103465,475.77243401034656,5.684341886080802e-14,0.0,19,0.5,0.1,0,0,0,0,0.516,0.48800000000000004,0.6839999999999999,0.0,475.7724340103465
P-n16-k8,pso,11,27,15,1,16.4,8.138795979750322,35,100,0.01,0.54,475.7724340103465,475.77243401034656,5.684341886080802e-14,0.0,19,0.5,0.1,0,0,0,0,0.532,0.47600000000000003,0.6679999999999999,0.0,475.7724340103465
P-n16-k8,pso,11,28,15,1,16.4,8.138795979750322,35,100,0.01,0.56,475.7724340103465,475.77243401034656,5.684341886080802e-14,0.0,19,0.5,0.1,0,0,0,0,0.548,0.464,0.6519999999999999,0.0,475.7724340103465
P-n16-k8,pso,11,29,15,1,16.4,8.138795979750322,35,100,0.01,0.58,475.7724340103465,475.77243401034656,5.684341886080802e-14,0.0,19,0.5,0.1,0,0,0,0,0.564,0.45200000000000007,0.6360000000000001,0.0,475.7724340103465
P-n16-k8,pso,11,30,15,1,16.4,8.138795979750322,35,100,0.01,0.6,475.7724340103465,475.77243401034656,5.684341886080802e-14,0.0,19,0.5,0.1,0,0,0,0,0.58,0.44000000000000006,0.6200000000000001,0.0,475.7724340103465
P-n16-k8,pso,11,31,15,1,16.4,8.138795979750322,35,100,0.01,0.62,475.7724340103465,475.77243401034656,5.684341886080802e-14,0.0,19,0.5,0.1,0,0,0,0,0.596,0.42800000000000005,0.6040000000000001,0.0,475.7724340103465
P-n16-k8,pso,11,32,15,1,16.4,8.138795979750322,35,100,0.01,0.64,475.7724340103465,475.77243401034656,5.684341886080802e-14,0.0,19,0.5,0.1,0,0,0,0,0.612,0.41600000000000004,0.588,0.0,475.7724340103465
P-n16-k8,pso,11,33,15,1,16.4,8.138795979750322,35,100,0.01,0.66,475.7724340103465,475.77243401034656,5.684341886080802e-14,0.0,19,0.5,0.1,0,0,0,0,0.628,0.404,0.572,0.0,475.7724340103465
P-n16-k8,pso,11,34,15,1,16.4,8.138795979750322,35,100,0.01,0.68,475.7724340103465,475.77243401034656,5.684341886080802e-14,0.0,19,0.5,0.1,0,0,0,0,0.644,0.392,0.5559999999999999,0.0,475.7724340103465
P-n16-k8,pso,11,35,15,1,16.4,8.138795979750322,35,100,0.01,0.7,475.7724340103465,475.77243401034656,5.684341886080802e-14,0.0,19,0.5,0.1,0,0,0,0,0.6599999999999999,0.38000000000000006,0.54,0.0,475.7724340103465
P-n16-k8,pso,11,36,15,1,16.4,8.138795979750322,35,100,0.01,0.72,475.7724340103465,475.77243401034656,5.684341886080802e-14,0.0,19,0.5,0.1,0,0,0,0,0.6759999999999999,0.36800000000000005,0.524,0.0,475.7724340103465
P-n16-k8,pso,11,37,15,1,16.4,8.138795979750322,35,100,0.01,0.74,475.7724340103465,475.77243401034656,5.684341886080802e-14,0.0,19,0.5,0.1,0,0,0,0,0.692,0.35600000000000004,0.508,0.0,475.7724340103465
P-n16-k8,pso,11,38,15,1,16.4,8.138795979750322,35,100,0.01,0.76,475.7724340103465,475.77243401034656,5.684341886080802e-14,0.0,19,0.5,0.1,0,0,0,0,0.7080000000000001,0.3440000000000001,0.492,0.0,475.7724340103465
P-n16-k8,pso,11,39,15,1,16.4,8.138795979750322,35,100,0.01,0.78,475.7724340103465,475.77243401034656,5.684341886080802e-14,0.0,19,0.5,0.1,0,0,0,0,0.7240000000000001,0.3320000000000001,0.476,0.0,475.7724340103465
P-n16-k8,pso,11,40,15,1,16.4,8.138795979750322,35,100,0.01,0.8,475.7724340103465,475.77243401034656,5.684341886080802e-14,0.0,19,0.5,0.1,0,0,0,0,0.7400000000000001,0.32000000000000006,0.45999999999999996,0.0,475.7724340103465
P-n16-k8,pso,11,41,15,1,16.4,8.138795979750322,35,100,0.01,0.82,475.7724340103465,475.77243401034656,5.684341886080802e-14,0.0,19,0.5,0.1,0,0,0,0,0.756,0.3080000000000001,0.44400000000000006,0.0,475.7724340103465
P-n16-k8,pso,11,42,15,1,16.4,8.138795979750322,35,100,0.01,0.84,475.7724340103465,475.77243401034656,5.684341886080802e-14,0.0,19,0.5,0.1,0,0,0,0,0.772,0.29600000000000004,0.42800000000000005,0.0,475.7724340103465
P-n16-k8,pso,11,43,15,1,16.4,8.138795979750322,35,100,0.01,0.86,475.7724340103465,475.77243401034656,5.684341886080802e-14,0.0,19,0.5,0.1,0,0,0,0,0.788,0.28400000000000003,0.41200000000000003,0.0,475.7724340103465
P-n16-k8,pso,11,44,15,1,16.4,8.138795979750322,35,100,0.01,0.88,475.7724340103465,475.77243401034656,5.684341886080802e-14,0.0,19,0.5,0.1,0,0,0,0,0.804,0.272,0.396,0.0,475.7724340103465
P-n16-k8,pso,11,45,15,1,16.4,8.138795979750322,35,100,0.01,0.9,475.7724340103465,475.77243401034656,5.684341886080802e-14,0.0,19,0.5,0.1,0,0,0,0,0.8200000000000001,0.26,0.38,0.0,475.7724340103465
P-n16-k8,pso,11,46,15,1,16.4,8.138795979750322,35,100,0.01,0.92,475.7724340103465,475.77243401034656,5.684341886080802e-14,0.0,19,0.5,0.1,0,0,0,0,0.8360000000000001,0.248,0.364,0.0,475.7724340103465
P-n16-k8,pso,11,47,15,1,16.4,8.138795979750322,35,100,0.01,0.94,475.7724340103465,475.77243401034656,5.684341886080802e-14,0.0,19,0.5,0.1,0,0,0,0,0.852,0.2360000000000001,0.34800000000000003,0.0,475.7724340103465
P-n16-k8,pso,11,48,15,1,16.4,8.138795979750322,35,100,0.01,0.96,475.7724340103465,475.77243401034656,5.684341886080802e-14,0.0,19,0.5,0.1,0,0,0,0,0.868,0.2240000000000001,0.332,0.0,475.7724340103465
P-n16-k8,pso,11,49,15,1,16.4,8.138795979750322,35,100,0.01,0.98,475.7724340103465,475.77243401034656,5.684341886080802e-14,0.0,19,0.5,0.1,0,0,0,0,0.884,0.21200000000000008,0.316,0.0,475.7724340103465
P-n16-k8,pso,12,0,15,1,16.4,8.138795979750322,35,100,0.01,0.0,1000.0,1000.0,100.0,0.0,0,0.5,0.1,0,0,0,0,0.1,0.8,0.3,0.0,475.7724340103465
P-n16-k8,pso,12,1,15,1,16.4,8.138795979750322,35,100,0.01,0.02,475.7724340103465,475.7724340103465,100.0,0.0,0,0.5,0.1,0,0,0,0,0.116,0.788,0.316,0.0,475.7724340103465
P-n16-k8,pso,12,2,15,1,16.4,8.138795979750322,35,100,0.01,0.04,475.7724340103465,475.7724340103465,100.0,0.0,0,0.5,0.1,0,0,0,0,0.132,0.776,0.33199999999999996,0.0,475.7724340103465
P-n16-k8,pso,12,3,15,1,16.4,8.138795979750322,35,100,0.01,0.06,475.7724340103465,475.77243401034656,100.0,0.0,0,0.5,0.1,0,0,0,0,0.14800000000000002,0.764,0.348,0.0,475.7724340103465
P-n16-k8,pso,12,4,15,1,16.4,8.138795979750322,35,100,0.01,0.08,475.7724340103465,475.7724340103465,100.0,0.0,0,0.5,0.1,0,0,0,0,0.164,0.752,0.364,0.0,475.7724340103465
P-n16-k8,pso,12,5,15,1,16.4,8.138795979750322,35,100,0.01,0.1,475.7724340103465,475.7724340103465,100.0,0.0,0,0.5,0.1,0,0,0,0,0.18000000000000002,0.74,0.38,0.0,475.7724340103465
P-n16-k8,pso,12,6,15,1,16.4,8.138795979750322,35,100,0.01,0.12,475.7724340103465,475.77243401034644,100.0,0.0,0,0.5,0.1,0,0,0,0,0.196,0.7280000000000001,0.396,0.0,475.7724340103465
P-n16-k8,pso,12,7,15,1,16.4,8.138795979750322,35,100,0.01,0.14,475.7724340103465,475.77243401034644,100.0,0.0,0,0.5,0.1,0,0,0,0,0.21200000000000002,0.7160000000000001,0.41200000000000003,0.0,475.7724340103465
P-n16-k8,pso,12,8,15,1,16.4,8.138795979750322,35,100,0.01,0.16,475.7724340103465,475.7724340103465,100.0,0.0,0,0.5,0.1,0,0,0,0,0.228,0.7040000000000001,0.42800000000000005,0.0,475.7724340103465
P-n16-k8,pso,12,9,15,1,16.4,8.138795979750322,35,100,0.01,0.18,475.7724340103465,475.77243401034656,100.0,0.0,0,0.5,0.1,0,0,0,0,0.244,0.6920000000000001,0.44399999999999995,0.0,475.7724340103465
P-n16-k8,pso,12,10,15,1,16.4,8.138795979750322,35,100,0.01,0.2,475.7724340103465,475.77243401034656,100.0,0.0,0,0.5,0.1,0,0,0,0,0.26,0.68,0.46,0.0,475.7724340103465
P-n16-k8,pso,12,11,15,1,16.4,8.138795979750322,35,100,0.01,0.22,475.7724340103465,475.77243401034656,5.684341886080802e-14,0.0,10,0.5,0.1,0,0,0,0,0.276,0.668,0.476,0.0,475.7724340103465
P-n16-k8,pso,12,12,15,1,16.4,8.138795979750322,35,100,0.01,0.24,475.7724340103465,475.77243401034656,5.684341886080802e-14,0.0,11,0.5,0.1,0,0,0,0,0.29200000000000004,0.656,0.492,0.0,475.7724340103465
P-n16-k8,pso,12,13,15,1,16.4,8.138795979750322,35,100,0.01,0.26,475.7724340103465,475.77243401034656,5.684341886080802e-14,0.0,12,0.5,0.1,0,0,0,0,0.30800000000000005,0.644,0.508,0.0,475.7724340103465
P-n16-k8,pso,12,14,15,1,16.4,8.138795979750322,35,100,0.01,0.28,475.7724340103465,475.77243401034656,5.684341886080802e-14,0.0,13,0.5,0.1,0,0,0,0,0.32400000000000007,0.632,0.524,0.0,475.7724340103465
P-n16-k8,pso,12,15,15,1,16.4,8.138795979750322,35,100,0.01,0.3,475.7724340103465,475.77243401034656,5.684341886080802e-14,0.0,14,0.5,0.1,0,0,0,0,0.33999999999999997,0.6200000000000001,0.54,0.0,475.7724340103465
P-n16-k8,pso,12,16,15,1,16.4,8.138795979750322,35,100,0.01,0.32,475.7724340103465,475.77243401034656,5.684341886080802e-14,0.0,15,0.5,0.1,0,0,0,0,0.356,0.6080000000000001,0.556,0.0,475.7724340103465
P-n16-k8,pso,12,17,15,1,16.4,8.138795979750322,35,100,0.01,0.34,475.7724340103465,475.77243401034656,5.684341886080802e-14,0.0,16,0.5,0.1,0,0,0,0,0.372,0.5960000000000001,0.5720000000000001,0.0,475.7724340103465
P-n16-k8,pso,12,18,15,1,16.4,8.138795979750322,35,100,0.01,0.36,475.7724340103465,475.77243401034656,5.684341886080802e-14,0.0,17,0.5,0.1,0,0,0,0,0.388,0.5840000000000001,0.588,0.0,475.7724340103465
P-n16-k8,pso,12,19,15,1,16.4,8.138795979750322,35,100,0.01,0.38,475.7724340103465,475.77243401034656,5.684341886080802e-14,0.0,18,0.5,0.1,0,0,0,0,0.404,0.5720000000000001,0.6040000000000001,0.0,475.7724340103465
P-n16-k8,pso,12,20,15,1,16.4,8.138795979750322,35,100,0.01,0.4,475.7724340103465,475.77243401034656,5.684341886080802e-14,0.0,19,0.5,0.1,0,0,0,0,0.42000000000000004,0.56,0.6200000000000001,0.0,475.7724340103465
P-n16-k8,pso,12,21,15,1,16.4,8.138795979750322,35,100,0.01,0.42,475.7724340103465,475.77243401034656,5.684341886080802e-14,0.0,19,0.5,0.1,0,0,0,0,0.43600000000000005,0.548,0.636,0.0,475.7724340103465
P-n16-k8,pso,12,22,15,1,16.4,8.138795979750322,35,100,0.01,0.44,475.7724340103465,475.77243401034656,5.684341886080802e-14,0.0,19,0.5,0.1,0,0,0,0,0.45200000000000007,0.536,0.652,0.0,475.7724340103465
P-n16-k8,pso,12,23,15,1,16.4,8.138795979750322,35,100,0.01,0.46,475.7724340103465,475.77243401034656,5.684341886080802e-14,0.0,19,0.5,0.1,0,0,0,0,0.4680000000000001,0.524,0.668,0.0,475.7724340103465
P-n16-k8,pso,12,24,15,1,16.4,8.138795979750322,35,100,0.01,0.48,475.7724340103465,475.77243401034656,5.684341886080802e-14,0.0,19,0.5,0.1,0,0,0,0,0.484,0.512,0.6839999999999999,0.0,475.7724340103465
P-n16-k8,pso,12,25,15,1,16.4,8.138795979750322,35,100,0.01,0.5,475.7724340103465,475.77243401034656,5.684341886080802e-14,0.0,19,0.5,0.1,0,0,0,0,0.5,0.5,0.7,0.0,475.7724340103465
P-n16-k8,pso,12,26,15,1,16.4,8.138795979750322,35,100,0.01,0.52,475.7724340103465,475.77243401034656,5.684341886080802e-14,0.0,19,0.5,0.1,0,0,0,0,0.516,0.48800000000000004,0.6839999999999999,0.0,475.7724340103465
P-n16-k8,pso,12,27,15,1,16.4,8.138795979750322,35,100,0.01,0.54,475.7724340103465,475.77243401034656,5.684341886080802e-14,0.0,19,0.5,0.1,0,0,0,0,0.532,0.47600000000000003,0.6679999999999999,0.0,475.7724340103465
P-n16-k8,pso,12,28,15,1,16.4,8.138795979750322,35,100,0.01,0.56,475.7724340103465,475.77243401034656,5.684341886080802e-14,0.0,19,0.5,0.1,0,0,0,0,0.548,0.464,0.6519999999999999,0.0,475.7724340103465
P-n16-k8,pso,12,29,15,1,16.4,8.138795979750322,35,100,0.01,0.58,475.7724340103465,475.77243401034656,5.684341886080802e-14,0.0,19,0.5,0.1,0,0,0,0,0.564,0.45200000000000007,0.6360000000000001,0.0,475.7724340103465
P-n16-k8,pso,12,30,15,1,16.4,8.138795979750322,35,100,0.01,0.6,475.7724340103465,475.77243401034656,5.684341886080802e-14,0.0,19,0.5,0.1,0,0,0,0,0.58,0.44000000000000006,0.6200000000000001,0.0,475.7724340103465
P-n16-k8,pso,12,31,15,1,16.4,8.138795979750322,35,100,0.01,0.62,475.7724340103465,475.77243401034656,5.684341886080802e-14,0.0,19,0.5,0.1,0,0,0,0,0.596,0.42800000000000005,0.6040000000000001,0.0,475.7724340103465
P-n16-k8,pso,12,32,15,1,16.4,8.138795979750322,35,100,0.01,0.64,475.7724340103465,475.77243401034656,5.684341886080802e-14,0.0,19,0.5,0.1,0,0,0,0,0.612,0.41600000000000004,0.588,0.0,475.7724340103465
P-n16-k8,pso,12,33,15,1,16.4,8.138795979750322,35,100,0.01,0.66,475.7724340103465,475.77243401034656,5.684341886080802e-14,0.0,19,0.5,0.1,0,0,0,0,0.628,0.404,0.572,0.0,475.7724340103465
P-n16-k8,pso,12,34,15,1,16.4,8.138795979750322,35,100,0.01,0.68,475.7724340103465,475.77243401034656,5.684341886080802e-14,0.0,19,0.5,0.1,0,0,0,0,0.644,0.392,0.5559999999999999,0.0,475.7724340103465
P-n16-k8,pso,12,35,15,1,16.4,8.138795979750322,35,100,0.01,0.7,475.7724340103465,475.77243401034656,5.684341886080802e-14,0.0,19,0.5,0.1,0,0,0,0,0.6599999999999999,0.38000000000000006,0.54,0.0,475.7724340103465
P-n16-k8,pso,12,36,15,1,16.4,8.138795979750322,35,100,0.01,0.72,475.7724340103465,475.77243401034656,5.684341886080802e-14,0.0,19,0.5,0.1,0,0,0,0,0.6759999999999999,0.36800000000000005,0.524,0.0,475.7724340103465
P-n16-k8,pso,12,37,15,1,16.4,8.138795979750322,35,100,0.01,0.74,475.7724340103465,475.77243401034656,5.684341886080802e-14,0.0,19,0.5,0.1,0,0,0,0,0.692,0.35600000000000004,0.508,0.0,475.7724340103465
P-n16-k8,pso,12,38,15,1,16.4,8.138795979750322,35,100,0.01,0.76,475.7724340103465,475.77243401034656,5.684341886080802e-14,0.0,19,0.5,0.1,0,0,0,0,0.7080000000000001,0.3440000000000001,0.492,0.0,475.7724340103465
P-n16-k8,pso,12,39,15,1,16.4,8.138795979750322,35,100,0.01,0.78,475.7724340103465,475.77243401034656,5.684341886080802e-14,0.0,19,0.5,0.1,0,0,0,0,0.7240000000000001,0.3320000000000001,0.476,0.0,475.7724340103465
P-n16-k8,pso,12,40,15,1,16.4,8.138795979750322,35,100,0.01,0.8,475.7724340103465,475.77243401034656,5.684341886080802e-14,0.0,19,0.5,0.1,0,0,0,0,0.7400000000000001,0.32000000000000006,0.45999999999999996,0.0,475.7724340103465
P-n16-k8,pso,12,41,15,1,16.4,8.138795979750322,35,100,0.01,0.82,475.7724340103465,475.77243401034656,5.684341886080802e-14,0.0,19,0.5,0.1,0,0,0,0,0.756,0.3080000000000001,0.44400000000000006,0.0,475.7724340103465
P-n16-k8,pso,12,42,15,1,16.4,8.138795979750322,35,100,0.01,0.84,475.7724340103465,475.77243401034656,5.684341886080802e-14,0.0,19,0.5,0.1,0,0,0,0,0.772,0.29600000000000004,0.42800000000000005,0.0,475.7724340103465
P-n16-k8,pso,12,43,15,1,16.4,8.138795979750322,35,100,0.01,0.86,475.7724340103465,475.77243401034656,5.684341886080802e-14,0.0,19,0.5,0.1,0,0,0,0,0.788,0.28400000000000003,0.41200000000000003,0.0,475.7724340103465
P-n16-k8,pso,12,44,15,1,16.4,8.138795979750322,35,100,0.01,0.88,475.7724340103465,475.77243401034656,5.684341886080802e-14,0.0,19,0.5,0.1,0,0,0,0,0.804,0.272,0.396,0.0,475.7724340103465
P-n16-k8,pso,12,45,15,1,16.4,8.138795979750322,35,100,0.01,0.9,475.7724340103465,475.77243401034656,5.684341886080802e-14,0.0,19,0.5,0.1,0,0,0,0,0.8200000000000001,0.26,0.38,0.0,475.7724340103465
P-n16-k8,pso,12,46,15,1,16.4,8.138795979750322,35,100,0.01,0.92,475.7724340103465,475.77243401034656,5.684341886080802e-14,0.0,19,0.5,0.1,0,0,0,0,0.8360000000000001,0.248,0.364,0.0,475.7724340103465
P-n16-k8,pso,12,47,15,1,16.4,8.138795979750322,35,100,0.01,0.94,475.7724340103465,475.77243401034656,5.684341886080802e-14,0.0,19,0.5,0.1,0,0,0,0,0.852,0.2360000000000001,0.34800000000000003,0.0,475.7724340103465
P-n16-k8,pso,12,48,15,1,16.4,8.138795979750322,35,100,0.01,0.96,475.7724340103465,475.77243401034656,5.684341886080802e-14,0.0,19,0.5,0.1,0,0,0,0,0.868,0.2240000000000001,0.332,0.0,475.7724340103465
P-n16-k8,pso,12,49,15,1,16.4,8.138795979750322,35,100,0.01,0.98,475.7724340103465,475.77243401034656,5.684341886080802e-14,0.0,19,0.5,0.1,0,0,0,0,0.884,0.21200000000000008,0.316,0.0,475.7724340103465
P-n16-k8,pso,13,0,15,1,16.4,8.138795979750322,35,100,0.01,0.0,1000.0,1000.0,100.0,0.0,0,0.5,0.1,0,0,0,0,0.1,0.8,0.3,0.0,475.7724340103465
P-n16-k8,pso,13,1,15,1,16.4,8.138795979750322,35,100,0.01,0.02,475.7724340103465,475.7724340103465,100.0,0.0,0,0.5,0.1,0,0,0,0,0.116,0.788,0.316,0.0,475.7724340103465
P-n16-k8,pso,13,2,15,1,16.4,8.138795979750322,35,100,0.01,0.04,475.7724340103465,475.7724340103465,100.0,0.0,0,0.5,0.1,0,0,0,0,0.132,0.776,0.33199999999999996,0.0,475.7724340103465
P-n16-k8,pso,13,3,15,1,16.4,8.138795979750322,35,100,0.01,0.06,475.7724340103465,475.77243401034656,100.0,0.0,0,0.5,0.1,0,0,0,0,0.14800000000000002,0.764,0.348,0.0,475.7724340103465
P-n16-k8,pso,13,4,15,1,16.4,8.138795979750322,35,100,0.01,0.08,475.7724340103465,475.7724340103465,100.0,0.0,0,0.5,0.1,0,0,0,0,0.164,0.752,0.364,0.0,475.7724340103465
P-n16-k8,pso,13,5,15,1,16.4,8.138795979750322,35,100,0.01,0.1,475.7724340103465,475.7724340103465,100.0,0.0,0,0.5,0.1,0,0,0,0,0.18000000000000002,0.74,0.38,0.0,475.7724340103465
P-n16-k8,pso,13,6,15,1,16.4,8.138795979750322,35,100,0.01,0.12,475.7724340103465,475.77243401034644,100.0,0.0,0,0.5,0.1,0,0,0,0,0.196,0.7280000000000001,0.396,0.0,475.7724340103465
P-n16-k8,pso,13,7,15,1,16.4,8.138795979750322,35,100,0.01,0.14,475.7724340103465,475.77243401034644,100.0,0.0,0,0.5,0.1,0,0,0,0,0.21200000000000002,0.7160000000000001,0.41200000000000003,0.0,475.7724340103465
P-n16-k8,pso,13,8,15,1,16.4,8.138795979750322,35,100,0.01,0.16,475.7724340103465,475.7724340103465,100.0,0.0,0,0.5,0.1,0,0,0,0,0.228,0.7040000000000001,0.42800000000000005,0.0,475.7724340103465
P-n16-k8,pso,13,9,15,1,16.4,8.138795979750322,35,100,0.01,0.18,475.7724340103465,475.77243401034656,100.0,0.0,0,0.5,0.1,0,0,0,0,0.244,0.6920000000000001,0.44399999999999995,0.0,475.7724340103465
P-n16-k8,pso,13,10,15,1,16.4,8.138795979750322,35,100,0.01,0.2,475.7724340103465,475.77243401034656,100.0,0.0,0,0.5,0.1,0,0,0,0,0.26,0.68,0.46,0.0,475.7724340103465
P-n16-k8,pso,13,11,15,1,16.4,8.138795979750322,35,100,0.01,0.22,475.7724340103465,475.77243401034656,5.684341886080802e-14,0.0,10,0.5,0.1,0,0,0,0,0.276,0.668,0.476,0.0,475.7724340103465
P-n16-k8,pso,13,12,15,1,16.4,8.138795979750322,35,100,0.01,0.24,475.7724340103465,475.77243401034656,5.684341886080802e-14,0.0,11,0.5,0.1,0,0,0,0,0.29200000000000004,0.656,0.492,0.0,475.7724340103465
P-n16-k8,pso,13,13,15,1,16.4,8.138795979750322,35,100,0.01,0.26,475.7724340103465,475.77243401034656,5.684341886080802e-14,0.0,12,0.5,0.1,0,0,0,0,0.30800000000000005,0.644,0.508,0.0,475.7724340103465
P-n16-k8,pso,13,14,15,1,16.4,8.138795979750322,35,100,0.01,0.28,475.7724340103465,475.77243401034656,5.684341886080802e-14,0.0,13,0.5,0.1,0,0,0,0,0.32400000000000007,0.632,0.524,0.0,475.7724340103465
P-n16-k8,pso,13,15,15,1,16.4,8.138795979750322,35,100,0.01,0.3,475.7724340103465,475.77243401034656,5.684341886080802e-14,0.0,14,0.5,0.1,0,0,0,0,0.33999999999999997,0.6200000000000001,0.54,0.0,475.7724340103465
P-n16-k8,pso,13,16,15,1,16.4,8.138795979750322,35,100,0.01,0.32,475.7724340103465,475.77243401034656,5.684341886080802e-14,0.0,15,0.5,0.1,0,0,0,0,0.356,0.6080000000000001,0.556,0.0,475.7724340103465
P-n16-k8,pso,13,17,15,1,16.4,8.138795979750322,35,100,0.01,0.34,475.7724340103465,475.77243401034656,5.684341886080802e-14,0.0,16,0.5,0.1,0,0,0,0,0.372,0.5960000000000001,0.5720000000000001,0.0,475.7724340103465
P-n16-k8,pso,13,18,15,1,16.4,8.138795979750322,35,100,0.01,0.36,475.7724340103465,475.77243401034656,5.684341886080802e-14,0.0,17,0.5,0.1,0,0,0,0,0.388,0.5840000000000001,0.588,0.0,475.7724340103465
P-n16-k8,pso,13,19,15,1,16.4,8.138795979750322,35,100,0.01,0.38,475.7724340103465,475.77243401034656,5.684341886080802e-14,0.0,18,0.5,0.1,0,0,0,0,0.404,0.5720000000000001,0.6040000000000001,0.0,475.7724340103465
P-n16-k8,pso,13,20,15,1,16.4,8.138795979750322,35,100,0.01,0.4,475.7724340103465,475.77243401034656,5.684341886080802e-14,0.0,19,0.5,0.1,0,0,0,0,0.42000000000000004,0.56,0.6200000000000001,0.0,475.7724340103465
P-n16-k8,pso,13,21,15,1,16.4,8.138795979750322,35,100,0.01,0.42,475.7724340103465,475.77243401034656,5.684341886080802e-14,0.0,19,0.5,0.1,0,0,0,0,0.43600000000000005,0.548,0.636,0.0,475.7724340103465
P-n16-k8,pso,13,22,15,1,16.4,8.138795979750322,35,100,0.01,0.44,475.7724340103465,475.77243401034656,5.684341886080802e-14,0.0,19,0.5,0.1,0,0,0,0,0.45200000000000007,0.536,0.652,0.0,475.7724340103465
P-n16-k8,pso,13,23,15,1,16.4,8.138795979750322,35,100,0.01,0.46,475.7724340103465,475.77243401034656,5.684341886080802e-14,0.0,19,0.5,0.1,0,0,0,0,0.4680000000000001,0.524,0.668,0.0,475.7724340103465
P-n16-k8,pso,13,24,15,1,16.4,8.138795979750322,35,100,0.01,0.48,475.7724340103465,475.77243401034656,5.684341886080802e-14,0.0,19,0.5,0.1,0,0,0,0,0.484,0.512,0.6839999999999999,0.0,475.7724340103465
P-n16-k8,pso,13,25,15,1,16.4,8.138795979750322,35,100,0.01,0.5,475.7724340103465,475.77243401034656,5.684341886080802e-14,0.0,19,0.5,0.1,0,0,0,0,0.5,0.5,0.7,0.0,475.7724340103465
P-n16-k8,pso,13,26,15,1,16.4,8.138795979750322,35,100,0.01,0.52,475.7724340103465,475.77243401034656,5.684341886080802e-14,0.0,19,0.5,0.1,0,0,0,0,0.516,0.48800000000000004,0.6839999999999999,0.0,475.7724340103465
P-n16-k8,pso,13,27,15,1,16.4,8.138795979750322,35,100,0.01,0.54,475.7724340103465,475.77243401034656,5.684341886080802e-14,0.0,19,0.5,0.1,0,0,0,0,0.532,0.47600000000000003,0.6679999999999999,0.0,475.7724340103465
P-n16-k8,pso,13,28,15,1,16.4,8.138795979750322,35,100,0.01,0.56,475.7724340103465,475.77243401034656,5.684341886080802e-14,0.0,19,0.5,0.1,0,0,0,0,0.548,0.464,0.6519999999999999,0.0,475.7724340103465
P-n16-k8,pso,13,29,15,1,16.4,8.138795979750322,35,100,0.01,0.58,475.7724340103465,475.77243401034656,5.684341886080802e-14,0.0,19,0.5,0.1,0,0,0,0,0.564,0.45200000000000007,0.6360000000000001,0.0,475.7724340103465
P-n16-k8,pso,13,30,15,1,16.4,8.138795979750322,35,100,0.01,0.6,475.7724340103465,475.77243401034656,5.684341886080802e-14,0.0,19,0.5,0.1,0,0,0,0,0.58,0.44000000000000006,0.6200000000000001,0.0,475.7724340103465
P-n16-k8,pso,13,31,15,1,16.4,8.138795979750322,35,100,0.01,0.62,475.7724340103465,475.77243401034656,5.684341886080802e-14,0.0,19,0.5,0.1,0,0,0,0,0.596,0.42800000000000005,0.6040000000000001,0.0,475.7724340103465
P-n16-k8,pso,13,32,15,1,16.4,8.138795979750322,35,100,0.01,0.64,475.7724340103465,475.77243401034656,5.684341886080802e-14,0.0,19,0.5,0.1,0,0,0,0,0.612,0.41600000000000004,0.588,0.0,475.7724340103465
P-n16-k8,pso,13,33,15,1,16.4,8.138795979750322,35,100,0.01,0.66,475.7724340103465,475.77243401034656,5.684341886080802e-14,0.0,19,0.5,0.1,0,0,0,0,0.628,0.404,0.572,0.0,475.7724340103465
P-n16-k8,pso,13,34,15,1,16.4,8.138795979750322,35,100,0.01,0.68,475.7724340103465,475.77243401034656,5.684341886080802e-14,0.0,19,0.5,0.1,0,0,0,0,0.644,0.392,0.5559999999999999,0.0,475.7724340103465
P-n16-k8,pso,13,35,15,1,16.4,8.138795979750322,35,100,0.01,0.7,475.7724340103465,475.77243401034656,5.684341886080802e-14,0.0,19,0.5,0.1,0,0,0,0,0.6599999999999999,0.38000000000000006,0.54,0.0,475.7724340103465
P-n16-k8,pso,13,36,15,1,16.4,8.138795979750322,35,100,0.01,0.72,475.7724340103465,475.77243401034656,5.684341886080802e-14,0.0,19,0.5,0.1,0,0,0,0,0.6759999999999999,0.36800000000000005,0.524,0.0,475.7724340103465
P-n16-k8,pso,13,37,15,1,16.4,8.138795979750322,35,100,0.01,0.74,475.7724340103465,475.77243401034656,5.684341886080802e-14,0.0,19,0.5,0.1,0,0,0,0,0.692,0.35600000000000004,0.508,0.0,475.7724340103465
P-n16-k8,pso,13,38,15,1,16.4,8.138795979750322,35,100,0.01,0.76,475.7724340103465,475.77243401034656,5.684341886080802e-14,0.0,19,0.5,0.1,0,0,0,0,0.7080000000000001,0.3440000000000001,0.492,0.0,475.7724340103465
P-n16-k8,pso,13,39,15,1,16.4,8.138795979750322,35,100,0.01,0.78,475.7724340103465,475.77243401034656,5.684341886080802e-14,0.0,19,0.5,0.1,0,0,0,0,0.7240000000000001,0.3320000000000001,0.476,0.0,475.7724340103465
P-n16-k8,pso,13,40,15,1,16.4,8.138795979750322,35,100,0.01,0.8,475.7724340103465,475.77243401034656,5.684341886080802e-14,0.0,19,0.5,0.1,0,0,0,0,0.7400000000000001,0.32000000000000006,0.45999999999999996,0.0,475.7724340103465
P-n16-k8,pso,13,41,15,1,16.4,8.138795979750322,35,100,0.01,0.82,475.7724340103465,475.77243401034656,5.684341886080802e-14,0.0,19,0.5,0.1,0,0,0,0,0.756,0.3080000000000001,0.44400000000000006,0.0,475.7724340103465
P-n16-k8,pso,13,42,15,1,16.4,8.138795979750322,35,100,0.01,0.84,475.7724340103465,475.77243401034656,5.684341886080802e-14,0.0,19,0.5,0.1,0,0,0,0,0.772,0.29600000000000004,0.42800000000000005,0.0,475.7724340103465
P-n16-k8,pso,13,43,15,1,16.4,8.138795979750322,35,100,0.01,0.86,475.7724340103465,475.77243401034656,5.684341886080802e-14,0.0,19,0.5,0.1,0,0,0,0,0.788,0.28400000000000003,0.41200000000000003,0.0,475.7724340103465
P-n16-k8,pso,13,44,15,1,16.4,8.138795979750322,35,100,0.01,0.88,475.7724340103465,475.77243401034656,5.684341886080802e-14,0.0,19,0.5,0.1,0,0,0,0,0.804,0.272,0.396,0.0,475.7724340103465
P-n16-k8,pso,13,45,15,1,16.4,8.138795979750322,35,100,0.01,0.9,475.7724340103465,475.77243401034656,5.684341886080802e-14,0.0,19,0.5,0.1,0,0,0,0,0.8200000000000001,0.26,0.38,0.0,475.7724340103465
P-n16-k8,pso,13,46,15,1,16.4,8.138795979750322,35,100,0.01,0.92,475.7724340103465,475.77243401034656,5.684341886080802e-14,0.0,19,0.5,0.1,0,0,0,0,0.8360000000000001,0.248,0.364,0.0,475.7724340103465
P-n16-k8,pso,13,47,15,1,16.4,8.138795979750322,35,100,0.01,0.94,475.7724340103465,475.77243401034656,5.684341886080802e-14,0.0,19,0.5,0.1,0,0,0,0,0.852,0.2360000000000001,0.34800000000000003,0.0,475.7724340103465
P-n16-k8,pso,13,48,15,1,16.4,8.138795979750322,35,100,0.01,0.96,475.7724340103465,475.77243401034656,5.684341886080802e-14,0.0,19,0.5,0.1,0,0,0,0,0.868,0.2240000000000001,0.332,0.0,475.7724340103465
P-n16-k8,pso,13,49,15,1,16.4,8.138795979750322,35,100,0.01,0.98,475.7724340103465,475.77243401034656,5.684341886080802e-14,0.0,19,0.5,0.1,0,0,0,0,0.884,0.21200000000000008,0.316,0.0,475.7724340103465
P-n16-k8,pso,14,0,15,1,16.4,8.138795979750322,35,100,0.01,0.0,1000.0,1000.0,100.0,0.0,0,0.5,0.1,0,0,0,0,0.1,0.8,0.3,0.0,475.7724340103465
P-n16-k8,pso,14,1,15,1,16.4,8.138795979750322,35,100,0.01,0.02,475.7724340103465,475.7724340103465,100.0,0.0,0,0.5,0.1,0,0,0,0,0.116,0.788,0.316,0.0,475.7724340103465
P-n16-k8,pso,14,2,15,1,16.4,8.138795979750322,35,100,0.01,0.04,475.7724340103465,475.7724340103465,100.0,0.0,0,0.5,0.1,0,0,0,0,0.132,0.776,0.33199999999999996,0.0,475.7724340103465
P-n16-k8,pso,14,3,15,1,16.4,8.138795979750322,35,100,0.01,0.06,475.7724340103465,475.77243401034656,100.0,0.0,0,0.5,0.1,0,0,0,0,0.14800000000000002,0.764,0.348,0.0,475.7724340103465
P-n16-k8,pso,14,4,15,1,16.4,8.138795979750322,35,100,0.01,0.08,475.7724340103465,475.7724340103465,100.0,0.0,0,0.5,0.1,0,0,0,0,0.164,0.752,0.364,0.0,475.7724340103465
P-n16-k8,pso,14,5,15,1,16.4,8.138795979750322,35,100,0.01,0.1,475.7724340103465,475.7724340103465,100.0,0.0,0,0.5,0.1,0,0,0,0,0.18000000000000002,0.74,0.38,0.0,475.7724340103465
P-n16-k8,pso,14,6,15,1,16.4,8.138795979750322,35,100,0.01,0.12,475.7724340103465,475.77243401034644,100.0,0.0,0,0.5,0.1,0,0,0,0,0.196,0.7280000000000001,0.396,0.0,475.7724340103465
P-n16-k8,pso,14,7,15,1,16.4,8.138795979750322,35,100,0.01,0.14,475.7724340103465,475.77243401034644,100.0,0.0,0,0.5,0.1,0,0,0,0,0.21200000000000002,0.7160000000000001,0.41200000000000003,0.0,475.7724340103465
P-n16-k8,pso,14,8,15,1,16.4,8.138795979750322,35,100,0.01,0.16,475.7724340103465,475.7724340103465,100.0,0.0,0,0.5,0.1,0,0,0,0,0.228,0.7040000000000001,0.42800000000000005,0.0,475.7724340103465
P-n16-k8,pso,14,9,15,1,16.4,8.138795979750322,35,100,0.01,0.18,475.7724340103465,475.77243401034656,100.0,0.0,0,0.5,0.1,0,0,0,0,0.244,0.6920000000000001,0.44399999999999995,0.0,475.7724340103465
P-n16-k8,pso,14,10,15,1,16.4,8.138795979750322,35,100,0.01,0.2,475.7724340103465,475.77243401034656,100.0,0.0,0,0.5,0.1,0,0,0,0,0.26,0.68,0.46,0.0,475.7724340103465
P-n16-k8,pso,14,11,15,1,16.4,8.138795979750322,35,100,0.01,0.22,475.7724340103465,475.77243401034656,5.684341886080802e-14,0.0,10,0.5,0.1,0,0,0,0,0.276,0.668,0.476,0.0,475.7724340103465
P-n16-k8,pso,14,12,15,1,16.4,8.138795979750322,35,100,0.01,0.24,475.7724340103465,475.77243401034656,5.684341886080802e-14,0.0,11,0.5,0.1,0,0,0,0,0.29200000000000004,0.656,0.492,0.0,475.7724340103465
P-n16-k8,pso,14,13,15,1,16.4,8.138795979750322,35,100,0.01,0.26,475.7724340103465,475.77243401034656,5.684341886080802e-14,0.0,12,0.5,0.1,0,0,0,0,0.30800000000000005,0.644,0.508,0.0,475.7724340103465
P-n16-k8,pso,14,14,15,1,16.4,8.138795979750322,35,100,0.01,0.28,475.7724340103465,475.77243401034656,5.684341886080802e-14,0.0,13,0.5,0.1,0,0,0,0,0.32400000000000007,0.632,0.524,0.0,475.7724340103465
P-n16-k8,pso,14,15,15,1,16.4,8.138795979750322,35,100,0.01,0.3,475.7724340103465,475.77243401034656,5.684341886080802e-14,0.0,14,0.5,0.1,0,0,0,0,0.33999999999999997,0.6200000000000001,0.54,0.0,475.7724340103465
P-n16-k8,pso,14,16,15,1,16.4,8.138795979750322,35,100,0.01,0.32,475.7724340103465,475.77243401034656,5.684341886080802e-14,0.0,15,0.5,0.1,0,0,0,0,0.356,0.6080000000000001,0.556,0.0,475.7724340103465
P-n16-k8,pso,14,17,15,1,16.4,8.138795979750322,35,100,0.01,0.34,475.7724340103465,475.77243401034656,5.684341886080802e-14,0.0,16,0.5,0.1,0,0,0,0,0.372,0.5960000000000001,0.5720000000000001,0.0,475.7724340103465
P-n16-k8,pso,14,18,15,1,16.4,8.138795979750322,35,100,0.01,0.36,475.7724340103465,475.77243401034656,5.684341886080802e-14,0.0,17,0.5,0.1,0,0,0,0,0.388,0.5840000000000001,0.588,0.0,475.7724340103465
P-n16-k8,pso,14,19,15,1,16.4,8.138795979750322,35,100,0.01,0.38,475.7724340103465,475.77243401034656,5.684341886080802e-14,0.0,18,0.5,0.1,0,0,0,0,0.404,0.5720000000000001,0.6040000000000001,0.0,475.7724340103465
P-n16-k8,pso,14,20,15,1,16.4,8.138795979750322,35,100,0.01,0.4,475.7724340103465,475.77243401034656,5.684341886080802e-14,0.0,19,0.5,0.1,0,0,0,0,0.42000000000000004,0.56,0.6200000000000001,0.0,475.7724340103465
P-n16-k8,pso,14,21,15,1,16.4,8.138795979750322,35,100,0.01,0.42,475.7724340103465,475.77243401034656,5.684341886080802e-14,0.0,19,0.5,0.1,0,0,0,0,0.43600000000000005,0.548,0.636,0.0,475.7724340103465
P-n16-k8,pso,14,22,15,1,16.4,8.138795979750322,35,100,0.01,0.44,475.7724340103465,475.77243401034656,5.684341886080802e-14,0.0,19,0.5,0.1,0,0,0,0,0.45200000000000007,0.536,0.652,0.0,475.7724340103465
P-n16-k8,pso,14,23,15,1,16.4,8.138795979750322,35,100,0.01,0.46,475.7724340103465,475.77243401034656,5.684341886080802e-14,0.0,19,0.5,0.1,0,0,0,0,0.4680000000000001,0.524,0.668,0.0,475.7724340103465
P-n16-k8,pso,14,24,15,1,16.4,8.138795979750322,35,100,0.01,0.48,475.7724340103465,475.77243401034656,5.684341886080802e-14,0.0,19,0.5,0.1,0,0,0,0,0.484,0.512,0.6839999999999999,0.0,475.7724340103465
P-n16-k8,pso,14,25,15,1,16.4,8.138795979750322,35,100,0.01,0.5,475.7724340103465,475.77243401034656,5.684341886080802e-14,0.0,19,0.5,0.1,0,0,0,0,0.5,0.5,0.7,0.0,475.7724340103465
P-n16-k8,pso,14,26,15,1,16.4,8.138795979750322,35,100,0.01,0.52,475.7724340103465,475.77243401034656,5.684341886080802e-14,0.0,19,0.5,0.1,0,0,0,0,0.516,0.48800000000000004,0.6839999999999999,0.0,475.7724340103465
P-n16-k8,pso,14,27,15,1,16.4,8.138795979750322,35,100,0.01,0.54,475.7724340103465,475.77243401034656,5.684341886080802e-14,0.0,19,0.5,0.1,0,0,0,0,0.532,0.47600000000000003,0.6679999999999999,0.0,475.7724340103465
P-n16-k8,pso,14,28,15,1,16.4,8.138795979750322,35,100,0.01,0.56,475.7724340103465,475.77243401034656,5.684341886080802e-14,0.0,19,0.5,0.1,0,0,0,0,0.548,0.464,0.6519999999999999,0.0,475.7724340103465
P-n16-k8,pso,14,29,15,1,16.4,8.138795979750322,35,100,0.01,0.58,475.7724340103465,475.77243401034656,5.684341886080802e-14,0.0,19,0.5,0.1,0,0,0,0,0.564,0.45200000000000007,0.6360000000000001,0.0,475.7724340103465
P-n16-k8,pso,14,30,15,1,16.4,8.138795979750322,35,100,0.01,0.6,475.7724340103465,475.77243401034656,5.684341886080802e-14,0.0,19,0.5,0.1,0,0,0,0,0.58,0.44000000000000006,0.6200000000000001,0.0,475.7724340103465
P-n16-k8,pso,14,31,15,1,16.4,8.138795979750322,35,100,0.01,0.62,475.7724340103465,475.77243401034656,5.684341886080802e-14,0.0,19,0.5,0.1,0,0,0,0,0.596,0.42800000000000005,0.6040000000000001,0.0,475.7724340103465
P-n16-k8,pso,14,32,15,1,16.4,8.138795979750322,35,100,0.01,0.64,475.7724340103465,475.77243401034656,5.684341886080802e-14,0.0,19,0.5,0.1,0,0,0,0,0.612,0.41600000000000004,0.588,0.0,475.7724340103465
P-n16-k8,pso,14,33,15,1,16.4,8.138795979750322,35,100,0.01,0.66,475.7724340103465,475.77243401034656,5.684341886080802e-14,0.0,19,0.5,0.1,0,0,0,0,0.628,0.404,0.572,0.0,475.7724340103465
P-n16-k8,pso,14,34,15,1,16.4,8.138795979750322,35,100,0.01,0.68,475.7724340103465,475.77243401034656,5.684341886080802e-14,0.0,19,0.5,0.1,0,0,0,0,0.644,0.392,0.5559999999999999,0.0,475.7724340103465
P-n16-k8,pso,14,35,15,1,16.4,8.138795979750322,35,100,0.01,0.7,475.7724340103465,475.77243401034656,5.684341886080802e-14,0.0,19,0.5,0.1,0,0,0,0,0.6599999999999999,0.38000000000000006,0.54,0.0,475.7724340103465
P-n16-k8,pso,14,36,15,1,16.4,8.138795979750322,35,100,0.01,0.72,475.7724340103465,475.77243401034656,5.684341886080802e-14,0.0,19,0.5,0.1,0,0,0,0,0.6759999999999999,0.36800000000000005,0.524,0.0,475.7724340103465
P-n16-k8,pso,14,37,15,1,16.4,8.138795979750322,35,100,0.01,0.74,475.7724340103465,475.77243401034656,5.684341886080802e-14,0.0,19,0.5,0.1,0,0,0,0,0.692,0.35600000000000004,0.508,0.0,475.7724340103465
P-n16-k8,pso,14,38,15,1,16.4,8.138795979750322,35,100,0.01,0.76,475.7724340103465,475.77243401034656,5.684341886080802e-14,0.0,19,0.5,0.1,0,0,0,0,0.7080000000000001,0.3440000000000001,0.492,0.0,475.7724340103465
P-n16-k8,pso,14,39,15,1,16.4,8.138795979750322,35,100,0.01,0.78,475.7724340103465,475.77243401034656,5.684341886080802e-14,0.0,19,0.5,0.1,0,0,0,0,0.7240000000000001,0.3320000000000001,0.476,0.0,475.7724340103465
P-n16-k8,pso,14,40,15,1,16.4,8.138795979750322,35,100,0.01,0.8,475.7724340103465,475.77243401034656,5.684341886080802e-14,0.0,19,0.5,0.1,0,0,0,0,0.7400000000000001,0.32000000000000006,0.45999999999999996,0.0,475.7724340103465
P-n16-k8,pso,14,41,15,1,16.4,8.138795979750322,35,100,0.01,0.82,475.7724340103465,475.77243401034656,5.684341886080802e-14,0.0,19,0.5,0.1,0,0,0,0,0.756,0.3080000000000001,0.44400000000000006,0.0,475.7724340103465
P-n16-k8,pso,14,42,15,1,16.4,8.138795979750322,35,100,0.01,0.84,475.7724340103465,475.77243401034656,5.684341886080802e-14,0.0,19,0.5,0.1,0,0,0,0,0.772,0.29600000000000004,0.42800000000000005,0.0,475.7724340103465
P-n16-k8,pso,14,43,15,1,16.4,8.138795979750322,35,100,0.01,0.86,475.7724340103465,475.77243401034656,5.684341886080802e-14,0.0,19,0.5,0.1,0,0,0,0,0.788,0.28400000000000003,0.41200000000000003,0.0,475.7724340103465
P-n16-k8,pso,14,44,15,1,16.4,8.138795979750322,35,100,0.01,0.88,475.7724340103465,475.77243401034656,5.684341886080802e-14,0.0,19,0.5,0.1,0,0,0,0,0.804,0.272,0.396,0.0,475.7724340103465
P-n16-k8,pso,14,45,15,1,16.4,8.138795979750322,35,100,0.01,0.9,475.7724340103465,475.77243401034656,5.684341886080802e-14,0.0,19,0.5,0.1,0,0,0,0,0.8200000000000001,0.26,0.38,0.0,475.7724340103465
P-n16-k8,pso,14,46,15,1,16.4,8.138795979750322,35,100,0.01,0.92,475.7724340103465,475.77243401034656,5.684341886080802e-14,0.0,19,0.5,0.1,0,0,0,0,0.8360000000000001,0.248,0.364,0.0,475.7724340103465
P-n16-k8,pso,14,47,15,1,16.4,8.138795979750322,35,100,0.01,0.94,475.7724340103465,475.77243401034656,5.684341886080802e-14,0.0,19,0.5,0.1,0,0,0,0,0.852,0.2360000000000001,0.34800000000000003,0.0,475.7724340103465
P-n16-k8,pso,14,48,15,1,16.4,8.138795979750322,35,100,0.01,0.96,475.7724340103465,475.77243401034656,5.684341886080802e-14,0.0,19,0.5,0.1,0,0,0,0,0.868,0.2240000000000001,0.332,0.0,475.7724340103465
P-n16-k8,pso,14,49,15,1,16.4,8.138795979750322,35,100,0.01,0.98,475.7724340103465,475.77243401034656,5.684341886080802e-14,0.0,19,0.5,0.1,0,0,0,0,0.884,0.21200000000000008,0.316,0.0,475.7724340103465
P-n16-k8,pso,15,0,15,1,16.4,8.138795979750322,35,100,0.01,0.0,1000.0,1000.0,100.0,0.0,0,0.5,0.1,0,0,0,0,0.1,0.8,0.3,0.0,475.7724340103465
P-n16-k8,pso,15,1,15,1,16.4,8.138795979750322,35,100,0.01,0.02,475.7724340103465,475.7724340103465,100.0,0.0,0,0.5,0.1,0,0,0,0,0.116,0.788,0.316,0.0,475.7724340103465
P-n16-k8,pso,15,2,15,1,16.4,8.138795979750322,35,100,0.01,0.04,475.7724340103465,475.7724340103465,100.0,0.0,0,0.5,0.1,0,0,0,0,0.132,0.776,0.33199999999999996,0.0,475.7724340103465
P-n16-k8,pso,15,3,15,1,16.4,8.138795979750322,35,100,0.01,0.06,475.7724340103465,475.77243401034656,100.0,0.0,0,0.5,0.1,0,0,0,0,0.14800000000000002,0.764,0.348,0.0,475.7724340103465
P-n16-k8,pso,15,4,15,1,16.4,8.138795979750322,35,100,0.01,0.08,475.7724340103465,475.7724340103465,100.0,0.0,0,0.5,0.1,0,0,0,0,0.164,0.752,0.364,0.0,475.7724340103465
P-n16-k8,pso,15,5,15,1,16.4,8.138795979750322,35,100,0.01,0.1,475.7724340103465,475.7724340103465,100.0,0.0,0,0.5,0.1,0,0,0,0,0.18000000000000002,0.74,0.38,0.0,475.7724340103465
P-n16-k8,pso,15,6,15,1,16.4,8.138795979750322,35,100,0.01,0.12,475.7724340103465,475.77243401034644,100.0,0.0,0,0.5,0.1,0,0,0,0,0.196,0.7280000000000001,0.396,0.0,475.7724340103465
P-n16-k8,pso,15,7,15,1,16.4,8.138795979750322,35,100,0.01,0.14,475.7724340103465,475.77243401034644,100.0,0.0,0,0.5,0.1,0,0,0,0,0.21200000000000002,0.7160000000000001,0.41200000000000003,0.0,475.7724340103465
P-n16-k8,pso,15,8,15,1,16.4,8.138795979750322,35,100,0.01,0.16,475.7724340103465,475.7724340103465,100.0,0.0,0,0.5,0.1,0,0,0,0,0.228,0.7040000000000001,0.42800000000000005,0.0,475.7724340103465
P-n16-k8,pso,15,9,15,1,16.4,8.138795979750322,35,100,0.01,0.18,475.7724340103465,475.77243401034656,100.0,0.0,0,0.5,0.1,0,0,0,0,0.244,0.6920000000000001,0.44399999999999995,0.0,475.7724340103465
P-n16-k8,pso,15,10,15,1,16.4,8.138795979750322,35,100,0.01,0.2,475.7724340103465,475.77243401034656,100.0,0.0,0,0.5,0.1,0,0,0,0,0.26,0.68,0.46,0.0,475.7724340103465
P-n16-k8,pso,15,11,15,1,16.4,8.138795979750322,35,100,0.01,0.22,475.7724340103465,475.77243401034656,5.684341886080802e-14,0.0,10,0.5,0.1,0,0,0,0,0.276,0.668,0.476,0.0,475.7724340103465
P-n16-k8,pso,15,12,15,1,16.4,8.138795979750322,35,100,0.01,0.24,475.7724340103465,475.77243401034656,5.684341886080802e-14,0.0,11,0.5,0.1,0,0,0,0,0.29200000000000004,0.656,0.492,0.0,475.7724340103465
P-n16-k8,pso,15,13,15,1,16.4,8.138795979750322,35,100,0.01,0.26,475.7724340103465,475.77243401034656,5.684341886080802e-14,0.0,12,0.5,0.1,0,0,0,0,0.30800000000000005,0.644,0.508,0.0,475.7724340103465
P-n16-k8,pso,15,14,15,1,16.4,8.138795979750322,35,100,0.01,0.28,475.7724340103465,475.77243401034656,5.684341886080802e-14,0.0,13,0.5,0.1,0,0,0,0,0.32400000000000007,0.632,0.524,0.0,475.7724340103465
P-n16-k8,pso,15,15,15,1,16.4,8.138795979750322,35,100,0.01,0.3,475.7724340103465,475.77243401034656,5.684341886080802e-14,0.0,14,0.5,0.1,0,0,0,0,0.33999999999999997,0.6200000000000001,0.54,0.0,475.7724340103465
P-n16-k8,pso,15,16,15,1,16.4,8.138795979750322,35,100,0.01,0.32,475.7724340103465,475.77243401034656,5.684341886080802e-14,0.0,15,0.5,0.1,0,0,0,0,0.356,0.6080000000000001,0.556,0.0,475.7724340103465
P-n16-k8,pso,15,17,15,1,16.4,8.138795979750322,35,100,0.01,0.34,475.7724340103465,475.77243401034656,5.684341886080802e-14,0.0,16,0.5,0.1,0,0,0,0,0.372,0.5960000000000001,0.5720000000000001,0.0,475.7724340103465
P-n16-k8,pso,15,18,15,1,16.4,8.138795979750322,35,100,0.01,0.36,475.7724340103465,475.77243401034656,5.684341886080802e-14,0.0,17,0.5,0.1,0,0,0,0,0.388,0.5840000000000001,0.588,0.0,475.7724340103465
P-n16-k8,pso,15,19,15,1,16.4,8.138795979750322,35,100,0.01,0.38,475.7724340103465,475.77243401034656,5.684341886080802e-14,0.0,18,0.5,0.1,0,0,0,0,0.404,0.5720000000000001,0.6040000000000001,0.0,475.7724340103465
P-n16-k8,pso,15,20,15,1,16.4,8.138795979750322,35,100,0.01,0.4,475.7724340103465,475.77243401034656,5.684341886080802e-14,0.0,19,0.5,0.1,0,0,0,0,0.42000000000000004,0.56,0.6200000000000001,0.0,475.7724340103465
P-n16-k8,pso,15,21,15,1,16.4,8.138795979750322,35,100,0.01,0.42,475.7724340103465,475.77243401034656,5.684341886080802e-14,0.0,19,0.5,0.1,0,0,0,0,0.43600000000000005,0.548,0.636,0.0,475.7724340103465
P-n16-k8,pso,15,22,15,1,16.4,8.138795979750322,35,100,0.01,0.44,475.7724340103465,475.77243401034656,5.684341886080802e-14,0.0,19,0.5,0.1,0,0,0,0,0.45200000000000007,0.536,0.652,0.0,475.7724340103465
P-n16-k8,pso,15,23,15,1,16.4,8.138795979750322,35,100,0.01,0.46,475.7724340103465,475.77243401034656,5.684341886080802e-14,0.0,19,0.5,0.1,0,0,0,0,0.4680000000000001,0.524,0.668,0.0,475.7724340103465
P-n16-k8,pso,15,24,15,1,16.4,8.138795979750322,35,100,0.01,0.48,475.7724340103465,475.77243401034656,5.684341886080802e-14,0.0,19,0.5,0.1,0,0,0,0,0.484,0.512,0.6839999999999999,0.0,475.7724340103465
P-n16-k8,pso,15,25,15,1,16.4,8.138795979750322,35,100,0.01,0.5,475.7724340103465,475.77243401034656,5.684341886080802e-14,0.0,19,0.5,0.1,0,0,0,0,0.5,0.5,0.7,0.0,475.7724340103465
P-n16-k8,pso,15,26,15,1,16.4,8.138795979750322,35,100,0.01,0.52,475.7724340103465,475.77243401034656,5.684341886080802e-14,0.0,19,0.5,0.1,0,0,0,0,0.516,0.48800000000000004,0.6839999999999999,0.0,475.7724340103465
P-n16-k8,pso,15,27,15,1,16.4,8.138795979750322,35,100,0.01,0.54,475.7724340103465,475.77243401034656,5.684341886080802e-14,0.0,19,0.5,0.1,0,0,0,0,0.532,0.47600000000000003,0.6679999999999999,0.0,475.7724340103465
P-n16-k8,pso,15,28,15,1,16.4,8.138795979750322,35,100,0.01,0.56,475.7724340103465,475.77243401034656,5.684341886080802e-14,0.0,19,0.5,0.1,0,0,0,0,0.548,0.464,0.6519999999999999,0.0,475.7724340103465
P-n16-k8,pso,15,29,15,1,16.4,8.138795979750322,35,100,0.01,0.58,475.7724340103465,475.77243401034656,5.684341886080802e-14,0.0,19,0.5,0.1,0,0,0,0,0.564,0.45200000000000007,0.6360000000000001,0.0,475.7724340103465
P-n16-k8,pso,15,30,15,1,16.4,8.138795979750322,35,100,0.01,0.6,475.7724340103465,475.77243401034656,5.684341886080802e-14,0.0,19,0.5,0.1,0,0,0,0,0.58,0.44000000000000006,0.6200000000000001,0.0,475.7724340103465
P-n16-k8,pso,15,31,15,1,16.4,8.138795979750322,35,100,0.01,0.62,475.7724340103465,475.77243401034656,5.684341886080802e-14,0.0,19,0.5,0.1,0,0,0,0,0.596,0.42800000000000005,0.6040000000000001,0.0,475.7724340103465
P-n16-k8,pso,15,32,15,1,16.4,8.138795979750322,35,100,0.01,0.64,475.7724340103465,475.77243401034656,5.684341886080802e-14,0.0,19,0.5,0.1,0,0,0,0,0.612,0.41600000000000004,0.588,0.0,475.7724340103465
P-n16-k8,pso,15,33,15,1,16.4,8.138795979750322,35,100,0.01,0.66,475.7724340103465,475.77243401034656,5.684341886080802e-14,0.0,19,0.5,0.1,0,0,0,0,0.628,0.404,0.572,0.0,475.7724340103465
P-n16-k8,pso,15,34,15,1,16.4,8.138795979750322,35,100,0.01,0.68,475.7724340103465,475.77243401034656,5.684341886080802e-14,0.0,19,0.5,0.1,0,0,0,0,0.644,0.392,0.5559999999999999,0.0,475.7724340103465
P-n16-k8,pso,15,35,15,1,16.4,8.138795979750322,35,100,0.01,0.7,475.7724340103465,475.77243401034656,5.684341886080802e-14,0.0,19,0.5,0.1,0,0,0,0,0.6599999999999999,0.38000000000000006,0.54,0.0,475.7724340103465
P-n16-k8,pso,15,36,15,1,16.4,8.138795979750322,35,100,0.01,0.72,475.7724340103465,475.77243401034656,5.684341886080802e-14,0.0,19,0.5,0.1,0,0,0,0,0.6759999999999999,0.36800000000000005,0.524,0.0,475.7724340103465
P-n16-k8,pso,15,37,15,1,16.4,8.138795979750322,35,100,0.01,0.74,475.7724340103465,475.77243401034656,5.684341886080802e-14,0.0,19,0.5,0.1,0,0,0,0,0.692,0.35600000000000004,0.508,0.0,475.7724340103465
P-n16-k8,pso,15,38,15,1,16.4,8.138795979750322,35,100,0.01,0.76,475.7724340103465,475.77243401034656,5.684341886080802e-14,0.0,19,0.5,0.1,0,0,0,0,0.7080000000000001,0.3440000000000001,0.492,0.0,475.7724340103465
P-n16-k8,pso,15,39,15,1,16.4,8.138795979750322,35,100,0.01,0.78,475.7724340103465,475.77243401034656,5.684341886080802e-14,0.0,19,0.5,0.1,0,0,0,0,0.7240000000000001,0.3320000000000001,0.476,0.0,475.7724340103465
P-n16-k8,pso,15,40,15,1,16.4,8.138795979750322,35,100,0.01,0.8,475.7724340103465,475.77243401034656,5.684341886080802e-14,0.0,19,0.5,0.1,0,0,0,0,0.7400000000000001,0.32000000000000006,0.45999999999999996,0.0,475.7724340103465
P-n16-k8,pso,15,41,15,1,16.4,8.138795979750322,35,100,0.01,0.82,475.7724340103465,475.77243401034656,5.684341886080802e-14,0.0,19,0.5,0.1,0,0,0,0,0.756,0.3080000000000001,0.44400000000000006,0.0,475.7724340103465
P-n16-k8,pso,15,42,15,1,16.4,8.138795979750322,35,100,0.01,0.84,475.7724340103465,475.77243401034656,5.684341886080802e-14,0.0,19,0.5,0.1,0,0,0,0,0.772,0.29600000000000004,0.42800000000000005,0.0,475.7724340103465
P-n16-k8,pso,15,43,15,1,16.4,8.138795979750322,35,100,0.01,0.86,475.7724340103465,475.77243401034656,5.684341886080802e-14,0.0,19,0.5,0.1,0,0,0,0,0.788,0.28400000000000003,0.41200000000000003,0.0,475.7724340103465
P-n16-k8,pso,15,44,15,1,16.4,8.138795979750322,35,100,0.01,0.88,475.7724340103465,475.77243401034656,5.684341886080802e-14,0.0,19,0.5,0.1,0,0,0,0,0.804,0.272,0.396,0.0,475.7724340103465
P-n16-k8,pso,15,45,15,1,16.4,8.138795979750322,35,100,0.01,0.9,475.7724340103465,475.77243401034656,5.684341886080802e-14,0.0,19,0.5,0.1,0,0,0,0,0.8200000000000001,0.26,0.38,0.0,475.7724340103465
P-n16-k8,pso,15,46,15,1,16.4,8.138795979750322,35,100,0.01,0.92,475.7724340103465,475.77243401034656,5.684341886080802e-14,0.0,19,0.5,0.1,0,0,0,0,0.8360000000000001,0.248,0.364,0.0,475.7724340103465
P-n16-k8,pso,15,47,15,1,16.4,8.138795979750322,35,100,0.01,0.94,475.7724340103465,475.77243401034656,5.684341886080802e-14,0.0,19,0.5,0.1,0,0,0,0,0.852,0.2360000000000001,0.34800000000000003,0.0,475.7724340103465
P-n16-k8,pso,15,48,15,1,16.4,8.138795979750322,35,100,0.01,0.96,475.7724340103465,475.77243401034656,5.684341886080802e-14,0.0,19,0.5,0.1,0,0,0,0,0.868,0.2240000000000001,0.332,0.0,475.7724340103465
P-n16-k8,pso,15,49,15,1,16.4,8.138795979750322,35,100,0.01,0.98,475.7724340103465,475.77243401034656,5.684341886080802e-14,0.0,19,0.5,0.1,0,0,0,0,0.884,0.21200000000000008,0.316,0.0,475.7724340103465
P-n16-k8,pso,16,0,15,1,16.4,8.138795979750322,35,100,0.01,0.0,1000.0,1000.0,100.0,0.0,0,0.5,0.1,0,0,0,0,0.1,0.8,0.3,0.0,475.7724340103465
P-n16-k8,pso,16,1,15,1,16.4,8.138795979750322,35,100,0.01,0.02,475.7724340103465,475.7724340103465,100.0,0.0,0,0.5,0.1,0,0,0,0,0.116,0.788,0.316,0.0,475.7724340103465
P-n16-k8,pso,16,2,15,1,16.4,8.138795979750322,35,100,0.01,0.04,475.7724340103465,475.7724340103465,100.0,0.0,0,0.5,0.1,0,0,0,0,0.132,0.776,0.33199999999999996,0.0,475.7724340103465
P-n16-k8,pso,16,3,15,1,16.4,8.138795979750322,35,100,0.01,0.06,475.7724340103465,475.77243401034656,100.0,0.0,0,0.5,0.1,0,0,0,0,0.14800000000000002,0.764,0.348,0.0,475.7724340103465
P-n16-k8,pso,16,4,15,1,16.4,8.138795979750322,35,100,0.01,0.08,475.7724340103465,475.7724340103465,100.0,0.0,0,0.5,0.1,0,0,0,0,0.164,0.752,0.364,0.0,475.7724340103465
P-n16-k8,pso,16,5,15,1,16.4,8.138795979750322,35,100,0.01,0.1,475.7724340103465,475.7724340103465,100.0,0.0,0,0.5,0.1,0,0,0,0,0.18000000000000002,0.74,0.38,0.0,475.7724340103465
P-n16-k8,pso,16,6,15,1,16.4,8.138795979750322,35,100,0.01,0.12,475.7724340103465,475.77243401034644,100.0,0.0,0,0.5,0.1,0,0,0,0,0.196,0.7280000000000001,0.396,0.0,475.7724340103465
P-n16-k8,pso,16,7,15,1,16.4,8.138795979750322,35,100,0.01,0.14,475.7724340103465,475.77243401034644,100.0,0.0,0,0.5,0.1,0,0,0,0,0.21200000000000002,0.7160000000000001,0.41200000000000003,0.0,475.7724340103465
P-n16-k8,pso,16,8,15,1,16.4,8.138795979750322,35,100,0.01,0.16,475.7724340103465,475.7724340103465,100.0,0.0,0,0.5,0.1,0,0,0,0,0.228,0.7040000000000001,0.42800000000000005,0.0,475.7724340103465
P-n16-k8,pso,16,9,15,1,16.4,8.138795979750322,35,100,0.01,0.18,475.7724340103465,475.77243401034656,100.0,0.0,0,0.5,0.1,0,0,0,0,0.244,0.6920000000000001,0.44399999999999995,0.0,475.7724340103465
P-n16-k8,pso,16,10,15,1,16.4,8.138795979750322,35,100,0.01,0.2,475.7724340103465,475.77243401034656,100.0,0.0,0,0.5,0.1,0,0,0,0,0.26,0.68,0.46,0.0,475.7724340103465
P-n16-k8,pso,16,11,15,1,16.4,8.138795979750322,35,100,0.01,0.22,475.7724340103465,475.77243401034656,5.684341886080802e-14,0.0,10,0.5,0.1,0,0,0,0,0.276,0.668,0.476,0.0,475.7724340103465
P-n16-k8,pso,16,12,15,1,16.4,8.138795979750322,35,100,0.01,0.24,475.7724340103465,475.77243401034656,5.684341886080802e-14,0.0,11,0.5,0.1,0,0,0,0,0.29200000000000004,0.656,0.492,0.0,475.7724340103465
P-n16-k8,pso,16,13,15,1,16.4,8.138795979750322,35,100,0.01,0.26,475.7724340103465,475.77243401034656,5.684341886080802e-14,0.0,12,0.5,0.1,0,0,0,0,0.30800000000000005,0.644,0.508,0.0,475.7724340103465
P-n16-k8,pso,16,14,15,1,16.4,8.138795979750322,35,100,0.01,0.28,475.7724340103465,475.77243401034656,5.684341886080802e-14,0.0,13,0.5,0.1,0,0,0,0,0.32400000000000007,0.632,0.524,0.0,475.7724340103465
P-n16-k8,pso,16,15,15,1,16.4,8.138795979750322,35,100,0.01,0.3,475.7724340103465,475.77243401034656,5.684341886080802e-14,0.0,14,0.5,0.1,0,0,0,0,0.33999999999999997,0.6200000000000001,0.54,0.0,475.7724340103465
P-n16-k8,pso,16,16,15,1,16.4,8.138795979750322,35,100,0.01,0.32,475.7724340103465,475.77243401034656,5.684341886080802e-14,0.0,15,0.5,0.1,0,0,0,0,0.356,0.6080000000000001,0.556,0.0,475.7724340103465
P-n16-k8,pso,16,17,15,1,16.4,8.138795979750322,35,100,0.01,0.34,475.7724340103465,475.77243401034656,5.684341886080802e-14,0.0,16,0.5,0.1,0,0,0,0,0.372,0.5960000000000001,0.5720000000000001,0.0,475.7724340103465
P-n16-k8,pso,16,18,15,1,16.4,8.138795979750322,35,100,0.01,0.36,475.7724340103465,475.77243401034656,5.684341886080802e-14,0.0,17,0.5,0.1,0,0,0,0,0.388,0.5840000000000001,0.588,0.0,475.7724340103465
P-n16-k8,pso,16,19,15,1,16.4,8.138795979750322,35,100,0.01,0.38,475.7724340103465,475.77243401034656,5.684341886080802e-14,0.0,18,0.5,0.1,0,0,0,0,0.404,0.5720000000000001,0.6040000000000001,0.0,475.7724340103465
P-n16-k8,pso,16,20,15,1,16.4,8.138795979750322,35,100,0.01,0.4,475.7724340103465,475.77243401034656,5.684341886080802e-14,0.0,19,0.5,0.1,0,0,0,0,0.42000000000000004,0.56,0.6200000000000001,0.0,475.7724340103465
P-n16-k8,pso,16,21,15,1,16.4,8.138795979750322,35,100,0.01,0.42,475.7724340103465,475.77243401034656,5.684341886080802e-14,0.0,19,0.5,0.1,0,0,0,0,0.43600000000000005,0.548,0.636,0.0,475.7724340103465
P-n16-k8,pso,16,22,15,1,16.4,8.138795979750322,35,100,0.01,0.44,475.7724340103465,475.77243401034656,5.684341886080802e-14,0.0,19,0.5,0.1,0,0,0,0,0.45200000000000007,0.536,0.652,0.0,475.7724340103465
P-n16-k8,pso,16,23,15,1,16.4,8.138795979750322,35,100,0.01,0.46,475.7724340103465,475.77243401034656,5.684341886080802e-14,0.0,19,0.5,0.1,0,0,0,0,0.4680000000000001,0.524,0.668,0.0,475.7724340103465
P-n16-k8,pso,16,24,15,1,16.4,8.138795979750322,35,100,0.01,0.48,475.7724340103465,475.77243401034656,5.684341886080802e-14,0.0,19,0.5,0.1,0,0,0,0,0.484,0.512,0.6839999999999999,0.0,475.7724340103465
P-n16-k8,pso,16,25,15,1,16.4,8.138795979750322,35,100,0.01,0.5,475.7724340103465,475.77243401034656,5.684341886080802e-14,0.0,19,0.5,0.1,0,0,0,0,0.5,0.5,0.7,0.0,475.7724340103465
P-n16-k8,pso,16,26,15,1,16.4,8.138795979750322,35,100,0.01,0.52,475.7724340103465,475.77243401034656,5.684341886080802e-14,0.0,19,0.5,0.1,0,0,0,0,0.516,0.48800000000000004,0.6839999999999999,0.0,475.7724340103465
P-n16-k8,pso,16,27,15,1,16.4,8.138795979750322,35,100,0.01,0.54,475.7724340103465,475.77243401034656,5.684341886080802e-14,0.0,19,0.5,0.1,0,0,0,0,0.532,0.47600000000000003,0.6679999999999999,0.0,475.7724340103465
P-n16-k8,pso,16,28,15,1,16.4,8.138795979750322,35,100,0.01,0.56,475.7724340103465,475.77243401034656,5.684341886080802e-14,0.0,19,0.5,0.1,0,0,0,0,0.548,0.464,0.6519999999999999,0.0,475.7724340103465
P-n16-k8,pso,16,29,15,1,16.4,8.138795979750322,35,100,0.01,0.58,475.7724340103465,475.77243401034656,5.684341886080802e-14,0.0,19,0.5,0.1,0,0,0,0,0.564,0.45200000000000007,0.6360000000000001,0.0,475.7724340103465
P-n16-k8,pso,16,30,15,1,16.4,8.138795979750322,35,100,0.01,0.6,475.7724340103465,475.77243401034656,5.684341886080802e-14,0.0,19,0.5,0.1,0,0,0,0,0.58,0.44000000000000006,0.6200000000000001,0.0,475.7724340103465
P-n16-k8,pso,16,31,15,1,16.4,8.138795979750322,35,100,0.01,0.62,475.7724340103465,475.77243401034656,5.684341886080802e-14,0.0,19,0.5,0.1,0,0,0,0,0.596,0.42800000000000005,0.6040000000000001,0.0,475.7724340103465
P-n16-k8,pso,16,32,15,1,16.4,8.138795979750322,35,100,0.01,0.64,475.7724340103465,475.77243401034656,5.684341886080802e-14,0.0,19,0.5,0.1,0,0,0,0,0.612,0.41600000000000004,0.588,0.0,475.7724340103465
P-n16-k8,pso,16,33,15,1,16.4,8.138795979750322,35,100,0.01,0.66,475.7724340103465,475.77243401034656,5.684341886080802e-14,0.0,19,0.5,0.1,0,0,0,0,0.628,0.404,0.572,0.0,475.7724340103465
P-n16-k8,pso,16,34,15,1,16.4,8.138795979750322,35,100,0.01,0.68,475.7724340103465,475.77243401034656,5.684341886080802e-14,0.0,19,0.5,0.1,0,0,0,0,0.644,0.392,0.5559999999999999,0.0,475.7724340103465
P-n16-k8,pso,16,35,15,1,16.4,8.138795979750322,35,100,0.01,0.7,475.7724340103465,475.77243401034656,5.684341886080802e-14,0.0,19,0.5,0.1,0,0,0,0,0.6599999999999999,0.38000000000000006,0.54,0.0,475.7724340103465
P-n16-k8,pso,16,36,15,1,16.4,8.138795979750322,35,100,0.01,0.72,475.7724340103465,475.77243401034656,5.684341886080802e-14,0.0,19,0.5,0.1,0,0,0,0,0.6759999999999999,0.36800000000000005,0.524,0.0,475.7724340103465
P-n16-k8,pso,16,37,15,1,16.4,8.138795979750322,35,100,0.01,0.74,475.7724340103465,475.77243401034656,5.684341886080802e-14,0.0,19,0.5,0.1,0,0,0,0,0.692,0.35600000000000004,0.508,0.0,475.7724340103465
P-n16-k8,pso,16,38,15,1,16.4,8.138795979750322,35,100,0.01,0.76,475.7724340103465,475.77243401034656,5.684341886080802e-14,0.0,19,0.5,0.1,0,0,0,0,0.7080000000000001,0.3440000000000001,0.492,0.0,475.7724340103465
P-n16-k8,pso,16,39,15,1,16.4,8.138795979750322,35,100,0.01,0.78,475.7724340103465,475.77243401034656,5.684341886080802e-14,0.0,19,0.5,0.1,0,0,0,0,0.7240000000000001,0.3320000000000001,0.476,0.0,475.7724340103465
P-n16-k8,pso,16,40,15,1,16.4,8.138795979750322,35,100,0.01,0.8,475.7724340103465,475.77243401034656,5.684341886080802e-14,0.0,19,0.5,0.1,0,0,0,0,0.7400000000000001,0.32000000000000006,0.45999999999999996,0.0,475.7724340103465
P-n16-k8,pso,16,41,15,1,16.4,8.138795979750322,35,100,0.01,0.82,475.7724340103465,475.77243401034656,5.684341886080802e-14,0.0,19,0.5,0.1,0,0,0,0,0.756,0.3080000000000001,0.44400000000000006,0.0,475.7724340103465
P-n16-k8,pso,16,42,15,1,16.4,8.138795979750322,35,100,0.01,0.84,475.7724340103465,475.77243401034656,5.684341886080802e-14,0.0,19,0.5,0.1,0,0,0,0,0.772,0.29600000000000004,0.42800000000000005,0.0,475.7724340103465
P-n16-k8,pso,16,43,15,1,16.4,8.138795979750322,35,100,0.01,0.86,475.7724340103465,475.77243401034656,5.684341886080802e-14,0.0,19,0.5,0.1,0,0,0,0,0.788,0.28400000000000003,0.41200000000000003,0.0,475.7724340103465
P-n16-k8,pso,16,44,15,1,16.4,8.138795979750322,35,100,0.01,0.88,475.7724340103465,475.77243401034656,5.684341886080802e-14,0.0,19,0.5,0.1,0,0,0,0,0.804,0.272,0.396,0.0,475.7724340103465
P-n16-k8,pso,16,45,15,1,16.4,8.138795979750322,35,100,0.01,0.9,475.7724340103465,475.77243401034656,5.684341886080802e-14,0.0,19,0.5,0.1,0,0,0,0,0.8200000000000001,0.26,0.38,0.0,475.7724340103465
P-n16-k8,pso,16,46,15,1,16.4,8.138795979750322,35,100,0.01,0.92,475.7724340103465,475.77243401034656,5.684341886080802e-14,0.0,19,0.5,0.1,0,0,0,0,0.8360000000000001,0.248,0.364,0.0,475.7724340103465
P-n16-k8,pso,16,47,15,1,16.4,8.138795979750322,35,100,0.01,0.94,475.7724340103465,475.77243401034656,5.684341886080802e-14,0.0,19,0.5,0.1,0,0,0,0,0.852,0.2360000000000001,0.34800000000000003,0.0,475.7724340103465
P-n16-k8,pso,16,48,15,1,16.4,8.138795979750322,35,100,0.01,0.96,475.7724340103465,475.77243401034656,5.684341886080802e-14,0.0,19,0.5,0.1,0,0,0,0,0.868,0.2240000000000001,0.332,0.0,475.7724340103465
P-n16-k8,pso,16,49,15,1,16.4,8.138795979750322,35,100,0.01,0.98,475.7724340103465,475.77243401034656,5.684341886080802e-14,0.0,19,0.5,0.1,0,0,0,0,0.884,0.21200000000000008,0.316,0.0,475.7724340103465
P-n16-k8,pso,17,0,15,1,16.4,8.138795979750322,35,100,0.01,0.0,1000.0,1000.0,100.0,0.0,0,0.5,0.1,0,0,0,0,0.1,0.8,0.3,0.0,482.8241044964152
P-n16-k8,pso,17,1,15,1,16.4,8.138795979750322,35,100,0.01,0.02,482.8241044964152,482.8241044964152,100.0,0.0,0,0.5,0.1,0,0,0,0,0.116,0.788,0.316,0.0,482.8241044964152
P-n16-k8,pso,17,2,15,1,16.4,8.138795979750322,35,100,0.01,0.04,482.8241044964152,482.8241044964152,100.0,0.0,0,0.5,0.1,0,0,0,0,0.132,0.776,0.33199999999999996,0.0,482.8241044964152
P-n16-k8,pso,17,3,15,1,16.4,8.138795979750322,35,100,0.01,0.06,482.8241044964152,482.8241044964152,100.0,0.0,0,0.5,0.1,0,0,0,0,0.14800000000000002,0.764,0.348,0.0,482.8241044964152
P-n16-k8,pso,17,4,15,1,16.4,8.138795979750322,35,100,0.01,0.08,482.8241044964152,482.8241044964152,100.0,0.0,0,0.5,0.1,0,0,0,0,0.164,0.752,0.364,0.0,482.8241044964152
P-n16-k8,pso,17,5,15,1,16.4,8.138795979750322,35,100,0.01,0.1,482.8241044964152,482.8241044964152,100.0,0.0,0,0.5,0.1,0,0,0,0,0.18000000000000002,0.74,0.38,0.0,482.8241044964152
P-n16-k8,pso,17,6,15,1,16.4,8.138795979750322,35,100,0.01,0.12,482.8241044964152,482.8241044964152,100.0,0.0,0,0.5,0.1,0,0,0,0,0.196,0.7280000000000001,0.396,0.0,482.8241044964152
P-n16-k8,pso,17,7,15,1,16.4,8.138795979750322,35,100,0.01,0.14,482.8241044964152,482.8241044964152,100.0,0.0,0,0.5,0.1,0,0,0,0,0.21200000000000002,0.7160000000000001,0.41200000000000003,0.0,482.8241044964152
P-n16-k8,pso,17,8,15,1,16.4,8.138795979750322,35,100,0.01,0.16,482.8241044964152,482.8241044964152,100.0,0.0,0,0.5,0.1,0,0,0,0,0.228,0.7040000000000001,0.42800000000000005,0.0,482.8241044964152
P-n16-k8,pso,17,9,15,1,16.4,8.138795979750322,35,100,0.01,0.18,482.8241044964152,482.8241044964152,100.0,0.0,0,0.5,0.1,0,0,0,0,0.244,0.6920000000000001,0.44399999999999995,0.0,482.8241044964152
P-n16-k8,pso,17,10,15,1,16.4,8.138795979750322,35,100,0.01,0.2,482.8241044964152,482.8241044964152,100.0,0.0,0,0.5,0.1,0,0,0,0,0.26,0.68,0.46,0.0,482.8241044964152
P-n16-k8,pso,17,11,15,1,16.4,8.138795979750322,35,100,0.01,0.22,482.8241044964152,482.8241044964152,0.0,0.0,10,0.5,0.1,0,0,0,0,0.276,0.668,0.476,0.0,482.8241044964152
P-n16-k8,pso,17,12,15,1,16.4,8.138795979750322,35,100,0.01,0.24,482.8241044964152,482.8241044964152,0.0,0.0,11,0.5,0.1,0,0,0,0,0.29200000000000004,0.656,0.492,0.0,482.8241044964152
P-n16-k8,pso,17,13,15,1,16.4,8.138795979750322,35,100,0.01,0.26,482.8241044964152,482.8241044964152,0.0,0.0,12,0.5,0.1,0,0,0,0,0.30800000000000005,0.644,0.508,0.0,482.8241044964152
P-n16-k8,pso,17,14,15,1,16.4,8.138795979750322,35,100,0.01,0.28,482.8241044964152,482.8241044964152,0.0,0.0,13,0.5,0.1,0,0,0,0,0.32400000000000007,0.632,0.524,0.0,482.8241044964152
P-n16-k8,pso,17,15,15,1,16.4,8.138795979750322,35,100,0.01,0.3,482.8241044964152,482.8241044964152,0.0,0.0,14,0.5,0.1,0,0,0,0,0.33999999999999997,0.6200000000000001,0.54,0.0,482.8241044964152
P-n16-k8,pso,17,16,15,1,16.4,8.138795979750322,35,100,0.01,0.32,482.8241044964152,482.8241044964152,0.0,0.0,15,0.5,0.1,0,0,0,0,0.356,0.6080000000000001,0.556,0.0,482.8241044964152
P-n16-k8,pso,17,17,15,1,16.4,8.138795979750322,35,100,0.01,0.34,482.8241044964152,482.8241044964152,0.0,0.0,16,0.5,0.1,0,0,0,0,0.372,0.5960000000000001,0.5720000000000001,0.0,482.8241044964152
P-n16-k8,pso,17,18,15,1,16.4,8.138795979750322,35,100,0.01,0.36,482.8241044964152,482.8241044964152,0.0,0.0,17,0.5,0.1,0,0,0,0,0.388,0.5840000000000001,0.588,0.0,482.8241044964152
P-n16-k8,pso,17,19,15,1,16.4,8.138795979750322,35,100,0.01,0.38,482.8241044964152,482.8241044964152,0.0,0.0,18,0.5,0.1,0,0,0,0,0.404,0.5720000000000001,0.6040000000000001,0.0,482.8241044964152
P-n16-k8,pso,17,20,15,1,16.4,8.138795979750322,35,100,0.01,0.4,482.8241044964152,482.8241044964152,0.0,0.0,19,0.5,0.1,0,0,0,0,0.42000000000000004,0.56,0.6200000000000001,0.0,482.8241044964152
P-n16-k8,pso,17,21,15,1,16.4,8.138795979750322,35,100,0.01,0.42,482.8241044964152,482.8241044964152,0.0,0.0,19,0.5,0.1,0,0,0,0,0.43600000000000005,0.548,0.636,0.0,482.8241044964152
P-n16-k8,pso,17,22,15,1,16.4,8.138795979750322,35,100,0.01,0.44,482.8241044964152,482.8241044964152,0.0,0.0,19,0.5,0.1,0,0,0,0,0.45200000000000007,0.536,0.652,0.0,482.8241044964152
P-n16-k8,pso,17,23,15,1,16.4,8.138795979750322,35,100,0.01,0.46,482.8241044964152,482.8241044964152,0.0,0.0,19,0.5,0.1,0,0,0,0,0.4680000000000001,0.524,0.668,0.0,482.8241044964152
P-n16-k8,pso,17,24,15,1,16.4,8.138795979750322,35,100,0.01,0.48,482.8241044964152,482.8241044964152,0.0,0.0,19,0.5,0.1,0,0,0,0,0.484,0.512,0.6839999999999999,0.0,482.8241044964152
P-n16-k8,pso,17,25,15,1,16.4,8.138795979750322,35,100,0.01,0.5,482.8241044964152,482.8241044964152,0.0,0.0,19,0.5,0.1,0,0,0,0,0.5,0.5,0.7,0.0,482.8241044964152
P-n16-k8,pso,17,26,15,1,16.4,8.138795979750322,35,100,0.01,0.52,482.8241044964152,482.8241044964152,0.0,0.0,19,0.5,0.1,0,0,0,0,0.516,0.48800000000000004,0.6839999999999999,0.0,482.8241044964152
P-n16-k8,pso,17,27,15,1,16.4,8.138795979750322,35,100,0.01,0.54,482.8241044964152,482.8241044964152,0.0,0.0,19,0.5,0.1,0,0,0,0,0.532,0.47600000000000003,0.6679999999999999,0.0,482.8241044964152
P-n16-k8,pso,17,28,15,1,16.4,8.138795979750322,35,100,0.01,0.56,482.8241044964152,482.8241044964152,0.0,0.0,19,0.5,0.1,0,0,0,0,0.548,0.464,0.6519999999999999,0.0,482.8241044964152
P-n16-k8,pso,17,29,15,1,16.4,8.138795979750322,35,100,0.01,0.58,482.8241044964152,482.8241044964152,0.0,0.0,19,0.5,0.1,0,0,0,0,0.564,0.45200000000000007,0.6360000000000001,0.0,482.8241044964152
P-n16-k8,pso,17,30,15,1,16.4,8.138795979750322,35,100,0.01,0.6,482.8241044964152,482.8241044964152,0.0,0.0,19,0.5,0.1,0,0,0,0,0.58,0.44000000000000006,0.6200000000000001,0.0,482.8241044964152
P-n16-k8,pso,17,31,15,1,16.4,8.138795979750322,35,100,0.01,0.62,482.8241044964152,482.8241044964152,0.0,0.0,19,0.5,0.1,0,0,0,0,0.596,0.42800000000000005,0.6040000000000001,0.0,482.8241044964152
P-n16-k8,pso,17,32,15,1,16.4,8.138795979750322,35,100,0.01,0.64,482.8241044964152,482.8241044964152,0.0,0.0,19,0.5,0.1,0,0,0,0,0.612,0.41600000000000004,0.588,0.0,482.8241044964152
P-n16-k8,pso,17,33,15,1,16.4,8.138795979750322,35,100,0.01,0.66,482.8241044964152,482.8241044964152,0.0,0.0,19,0.5,0.1,0,0,0,0,0.628,0.404,0.572,0.0,482.8241044964152
P-n16-k8,pso,17,34,15,1,16.4,8.138795979750322,35,100,0.01,0.68,482.8241044964152,482.8241044964152,0.0,0.0,19,0.5,0.1,0,0,0,0,0.644,0.392,0.5559999999999999,0.0,482.8241044964152
P-n16-k8,pso,17,35,15,1,16.4,8.138795979750322,35,100,0.01,0.7,482.8241044964152,482.8241044964152,0.0,0.0,19,0.5,0.1,0,0,0,0,0.6599999999999999,0.38000000000000006,0.54,0.0,482.8241044964152
P-n16-k8,pso,17,36,15,1,16.4,8.138795979750322,35,100,0.01,0.72,482.8241044964152,482.8241044964152,0.0,0.0,19,0.5,0.1,0,0,0,0,0.6759999999999999,0.36800000000000005,0.524,0.0,482.8241044964152
P-n16-k8,pso,17,37,15,1,16.4,8.138795979750322,35,100,0.01,0.74,482.8241044964152,482.8241044964152,0.0,0.0,19,0.5,0.1,0,0,0,0,0.692,0.35600000000000004,0.508,0.0,482.8241044964152
P-n16-k8,pso,17,38,15,1,16.4,8.138795979750322,35,100,0.01,0.76,482.8241044964152,482.8241044964152,0.0,0.0,19,0.5,0.1,0,0,0,0,0.7080000000000001,0.3440000000000001,0.492,0.0,482.8241044964152
P-n16-k8,pso,17,39,15,1,16.4,8.138795979750322,35,100,0.01,0.78,482.8241044964152,482.8241044964152,0.0,0.0,19,0.5,0.1,0,0,0,0,0.7240000000000001,0.3320000000000001,0.476,0.0,482.8241044964152
P-n16-k8,pso,17,40,15,1,16.4,8.138795979750322,35,100,0.01,0.8,482.8241044964152,482.8241044964152,0.0,0.0,19,0.5,0.1,0,0,0,0,0.7400000000000001,0.32000000000000006,0.45999999999999996,0.0,482.8241044964152
P-n16-k8,pso,17,41,15,1,16.4,8.138795979750322,35,100,0.01,0.82,482.8241044964152,482.8241044964152,0.0,0.0,19,0.5,0.1,0,0,0,0,0.756,0.3080000000000001,0.44400000000000006,0.0,482.8241044964152
P-n16-k8,pso,17,42,15,1,16.4,8.138795979750322,35,100,0.01,0.84,482.8241044964152,482.8241044964152,0.0,0.0,19,0.5,0.1,0,0,0,0,0.772,0.29600000000000004,0.42800000000000005,0.0,482.8241044964152
P-n16-k8,pso,17,43,15,1,16.4,8.138795979750322,35,100,0.01,0.86,482.8241044964152,482.8241044964152,0.0,0.0,19,0.5,0.1,0,0,0,0,0.788,0.28400000000000003,0.41200000000000003,0.0,482.8241044964152
P-n16-k8,pso,17,44,15,1,16.4,8.138795979750322,35,100,0.01,0.88,482.8241044964152,482.8241044964152,0.0,0.0,19,0.5,0.1,0,0,0,0,0.804,0.272,0.396,0.0,482.8241044964152
P-n16-k8,pso,17,45,15,1,16.4,8.138795979750322,35,100,0.01,0.9,482.8241044964152,482.8241044964152,0.0,0.0,19,0.5,0.1,0,0,0,0,0.8200000000000001,0.26,0.38,0.0,482.8241044964152
P-n16-k8,pso,17,46,15,1,16.4,8.138795979750322,35,100,0.01,0.92,482.8241044964152,482.8241044964152,0.0,0.0,19,0.5,0.1,0,0,0,0,0.8360000000000001,0.248,0.364,0.0,482.8241044964152
P-n16-k8,pso,17,47,15,1,16.4,8.138795979750322,35,100,0.01,0.94,482.8241044964152,482.8241044964152,0.0,0.0,19,0.5,0.1,0,0,0,0,0.852,0.2360000000000001,0.34800000000000003,0.0,482.8241044964152
P-n16-k8,pso,17,48,15,1,16.4,8.138795979750322,35,100,0.01,0.96,482.8241044964152,482.8241044964152,0.0,0.0,19,0.5,0.1,0,0,0,0,0.868,0.2240000000000001,0.332,0.0,482.8241044964152
P-n16-k8,pso,17,49,15,1,16.4,8.138795979750322,35,100,0.01,0.98,482.8241044964152,482.8241044964152,0.0,0.0,19,0.5,0.1,0,0,0,0,0.884,0.21200000000000008,0.316,0.0,482.8241044964152
P-n16-k8,pso,18,0,15,1,16.4,8.138795979750322,35,100,0.01,0.0,1000.0,1000.0,100.0,0.0,0,0.5,0.1,0,0,0,0,0.1,0.8,0.3,0.0,482.8241044964152
P-n16-k8,pso,18,1,15,1,16.4,8.138795979750322,35,100,0.01,0.02,482.8241044964152,482.8241044964152,100.0,0.0,0,0.5,0.1,0,0,0,0,0.116,0.788,0.316,0.0,482.8241044964152
P-n16-k8,pso,18,2,15,1,16.4,8.138795979750322,35,100,0.01,0.04,482.8241044964152,482.8241044964152,100.0,0.0,0,0.5,0.1,0,0,0,0,0.132,0.776,0.33199999999999996,0.0,482.8241044964152
P-n16-k8,pso,18,3,15,1,16.4,8.138795979750322,35,100,0.01,0.06,482.8241044964152,482.8241044964152,100.0,0.0,0,0.5,0.1,0,0,0,0,0.14800000000000002,0.764,0.348,0.0,482.8241044964152
P-n16-k8,pso,18,4,15,1,16.4,8.138795979750322,35,100,0.01,0.08,482.8241044964152,482.8241044964152,100.0,0.0,0,0.5,0.1,0,0,0,0,0.164,0.752,0.364,0.0,482.8241044964152
P-n16-k8,pso,18,5,15,1,16.4,8.138795979750322,35,100,0.01,0.1,482.8241044964152,482.8241044964152,100.0,0.0,0,0.5,0.1,0,0,0,0,0.18000000000000002,0.74,0.38,0.0,482.8241044964152
P-n16-k8,pso,18,6,15,1,16.4,8.138795979750322,35,100,0.01,0.12,482.8241044964152,482.8241044964152,100.0,0.0,0,0.5,0.1,0,0,0,0,0.196,0.7280000000000001,0.396,0.0,482.8241044964152
P-n16-k8,pso,18,7,15,1,16.4,8.138795979750322,35,100,0.01,0.14,482.8241044964152,482.8241044964152,100.0,0.0,0,0.5,0.1,0,0,0,0,0.21200000000000002,0.7160000000000001,0.41200000000000003,0.0,482.8241044964152
P-n16-k8,pso,18,8,15,1,16.4,8.138795979750322,35,100,0.01,0.16,482.8241044964152,482.8241044964152,100.0,0.0,0,0.5,0.1,0,0,0,0,0.228,0.7040000000000001,0.42800000000000005,0.0,482.8241044964152
P-n16-k8,pso,18,9,15,1,16.4,8.138795979750322,35,100,0.01,0.18,482.8241044964152,482.8241044964152,100.0,0.0,0,0.5,0.1,0,0,0,0,0.244,0.6920000000000001,0.44399999999999995,0.0,482.8241044964152
P-n16-k8,pso,18,10,15,1,16.4,8.138795979750322,35,100,0.01,0.2,482.8241044964152,482.8241044964152,100.0,0.0,0,0.5,0.1,0,0,0,0,0.26,0.68,0.46,0.0,482.8241044964152
P-n16-k8,pso,18,11,15,1,16.4,8.138795979750322,35,100,0.01,0.22,482.8241044964152,482.8241044964152,0.0,0.0,10,0.5,0.1,0,0,0,0,0.276,0.668,0.476,0.0,482.8241044964152
P-n16-k8,pso,18,12,15,1,16.4,8.138795979750322,35,100,0.01,0.24,482.8241044964152,482.8241044964152,0.0,0.0,11,0.5,0.1,0,0,0,0,0.29200000000000004,0.656,0.492,0.0,482.8241044964152
P-n16-k8,pso,18,13,15,1,16.4,8.138795979750322,35,100,0.01,0.26,482.8241044964152,482.8241044964152,0.0,0.0,12,0.5,0.1,0,0,0,0,0.30800000000000005,0.644,0.508,0.0,482.8241044964152
P-n16-k8,pso,18,14,15,1,16.4,8.138795979750322,35,100,0.01,0.28,482.8241044964152,482.8241044964152,0.0,0.0,13,0.5,0.1,0,0,0,0,0.32400000000000007,0.632,0.524,0.0,482.8241044964152
P-n16-k8,pso,18,15,15,1,16.4,8.138795979750322,35,100,0.01,0.3,482.8241044964152,482.8241044964152,0.0,0.0,14,0.5,0.1,0,0,0,0,0.33999999999999997,0.6200000000000001,0.54,0.0,482.8241044964152
P-n16-k8,pso,18,16,15,1,16.4,8.138795979750322,35,100,0.01,0.32,482.8241044964152,482.8241044964152,0.0,0.0,15,0.5,0.1,0,0,0,0,0.356,0.6080000000000001,0.556,0.0,482.8241044964152
P-n16-k8,pso,18,17,15,1,16.4,8.138795979750322,35,100,0.01,0.34,482.8241044964152,482.8241044964152,0.0,0.0,16,0.5,0.1,0,0,0,0,0.372,0.5960000000000001,0.5720000000000001,0.0,482.8241044964152
P-n16-k8,pso,18,18,15,1,16.4,8.138795979750322,35,100,0.01,0.36,482.8241044964152,482.8241044964152,0.0,0.0,17,0.5,0.1,0,0,0,0,0.388,0.5840000000000001,0.588,0.0,482.8241044964152
P-n16-k8,pso,18,19,15,1,16.4,8.138795979750322,35,100,0.01,0.38,482.8241044964152,482.8241044964152,0.0,0.0,18,0.5,0.1,0,0,0,0,0.404,0.5720000000000001,0.6040000000000001,0.0,482.8241044964152
P-n16-k8,pso,18,20,15,1,16.4,8.138795979750322,35,100,0.01,0.4,482.8241044964152,482.8241044964152,0.0,0.0,19,0.5,0.1,0,0,0,0,0.42000000000000004,0.56,0.6200000000000001,0.0,482.8241044964152
P-n16-k8,pso,18,21,15,1,16.4,8.138795979750322,35,100,0.01,0.42,482.8241044964152,482.8241044964152,0.0,0.0,19,0.5,0.1,0,0,0,0,0.43600000000000005,0.548,0.636,0.0,482.8241044964152
P-n16-k8,pso,18,22,15,1,16.4,8.138795979750322,35,100,0.01,0.44,482.8241044964152,482.8241044964152,0.0,0.0,19,0.5,0.1,0,0,0,0,0.45200000000000007,0.536,0.652,0.0,482.8241044964152
P-n16-k8,pso,18,23,15,1,16.4,8.138795979750322,35,100,0.01,0.46,482.8241044964152,482.8241044964152,0.0,0.0,19,0.5,0.1,0,0,0,0,0.4680000000000001,0.524,0.668,0.0,482.8241044964152
P-n16-k8,pso,18,24,15,1,16.4,8.138795979750322,35,100,0.01,0.48,482.8241044964152,482.8241044964152,0.0,0.0,19,0.5,0.1,0,0,0,0,0.484,0.512,0.6839999999999999,0.0,482.8241044964152
P-n16-k8,pso,18,25,15,1,16.4,8.138795979750322,35,100,0.01,0.5,482.8241044964152,482.8241044964152,0.0,0.0,19,0.5,0.1,0,0,0,0,0.5,0.5,0.7,0.0,482.8241044964152
P-n16-k8,pso,18,26,15,1,16.4,8.138795979750322,35,100,0.01,0.52,482.8241044964152,482.8241044964152,0.0,0.0,19,0.5,0.1,0,0,0,0,0.516,0.48800000000000004,0.6839999999999999,0.0,482.8241044964152
P-n16-k8,pso,18,27,15,1,16.4,8.138795979750322,35,100,0.01,0.54,482.8241044964152,482.8241044964152,0.0,0.0,19,0.5,0.1,0,0,0,0,0.532,0.47600000000000003,0.6679999999999999,0.0,482.8241044964152
P-n16-k8,pso,18,28,15,1,16.4,8.138795979750322,35,100,0.01,0.56,482.8241044964152,482.8241044964152,0.0,0.0,19,0.5,0.1,0,0,0,0,0.548,0.464,0.6519999999999999,0.0,482.8241044964152
P-n16-k8,pso,18,29,15,1,16.4,8.138795979750322,35,100,0.01,0.58,482.8241044964152,482.8241044964152,0.0,0.0,19,0.5,0.1,0,0,0,0,0.564,0.45200000000000007,0.6360000000000001,0.0,482.8241044964152
P-n16-k8,pso,18,30,15,1,16.4,8.138795979750322,35,100,0.01,0.6,482.8241044964152,482.8241044964152,0.0,0.0,19,0.5,0.1,0,0,0,0,0.58,0.44000000000000006,0.6200000000000001,0.0,482.8241044964152
P-n16-k8,pso,18,31,15,1,16.4,8.138795979750322,35,100,0.01,0.62,482.8241044964152,482.8241044964152,0.0,0.0,19,0.5,0.1,0,0,0,0,0.596,0.42800000000000005,0.6040000000000001,0.0,482.8241044964152
P-n16-k8,pso,18,32,15,1,16.4,8.138795979750322,35,100,0.01,0.64,482.8241044964152,482.8241044964152,0.0,0.0,19,0.5,0.1,0,0,0,0,0.612,0.41600000000000004,0.588,0.0,482.8241044964152
P-n16-k8,pso,18,33,15,1,16.4,8.138795979750322,35,100,0.01,0.66,482.8241044964152,482.8241044964152,0.0,0.0,19,0.5,0.1,0,0,0,0,0.628,0.404,0.572,0.0,482.8241044964152
P-n16-k8,pso,18,34,15,1,16.4,8.138795979750322,35,100,0.01,0.68,482.8241044964152,482.8241044964152,0.0,0.0,19,0.5,0.1,0,0,0,0,0.644,0.392,0.5559999999999999,0.0,482.8241044964152
P-n16-k8,pso,18,35,15,1,16.4,8.138795979750322,35,100,0.01,0.7,482.8241044964152,482.8241044964152,0.0,0.0,19,0.5,0.1,0,0,0,0,0.6599999999999999,0.38000000000000006,0.54,0.0,482.8241044964152
P-n16-k8,pso,18,36,15,1,16.4,8.138795979750322,35,100,0.01,0.72,482.8241044964152,482.8241044964152,0.0,0.0,19,0.5,0.1,0,0,0,0,0.6759999999999999,0.36800000000000005,0.524,0.0,482.8241044964152
P-n16-k8,pso,18,37,15,1,16.4,8.138795979750322,35,100,0.01,0.74,482.8241044964152,482.8241044964152,0.0,0.0,19,0.5,0.1,0,0,0,0,0.692,0.35600000000000004,0.508,0.0,482.8241044964152
P-n16-k8,pso,18,38,15,1,16.4,8.138795979750322,35,100,0.01,0.76,482.8241044964152,482.8241044964152,0.0,0.0,19,0.5,0.1,0,0,0,0,0.7080000000000001,0.3440000000000001,0.492,0.0,482.8241044964152
P-n16-k8,pso,18,39,15,1,16.4,8.138795979750322,35,100,0.01,0.78,482.8241044964152,482.8241044964152,0.0,0.0,19,0.5,0.1,0,0,0,0,0.7240000000000001,0.3320000000000001,0.476,0.0,482.8241044964152
P-n16-k8,pso,18,40,15,1,16.4,8.138795979750322,35,100,0.01,0.8,482.8241044964152,482.8241044964152,0.0,0.0,19,0.5,0.1,0,0,0,0,0.7400000000000001,0.32000000000000006,0.45999999999999996,0.0,482.8241044964152
P-n16-k8,pso,18,41,15,1,16.4,8.138795979750322,35,100,0.01,0.82,482.8241044964152,482.8241044964152,0.0,0.0,19,0.5,0.1,0,0,0,0,0.756,0.3080000000000001,0.44400000000000006,0.0,482.8241044964152
P-n16-k8,pso,18,42,15,1,16.4,8.138795979750322,35,100,0.01,0.84,482.8241044964152,482.8241044964152,0.0,0.0,19,0.5,0.1,0,0,0,0,0.772,0.29600000000000004,0.42800000000000005,0.0,482.8241044964152
P-n16-k8,pso,18,43,15,1,16.4,8.138795979750322,35,100,0.01,0.86,482.8241044964152,482.8241044964152,0.0,0.0,19,0.5,0.1,0,0,0,0,0.788,0.28400000000000003,0.41200000000000003,0.0,482.8241044964152
P-n16-k8,pso,18,44,15,1,16.4,8.138795979750322,35,100,0.01,0.88,482.8241044964152,482.8241044964152,0.0,0.0,19,0.5,0.1,0,0,0,0,0.804,0.272,0.396,0.0,482.8241044964152
P-n16-k8,pso,18,45,15,1,16.4,8.138795979750322,35,100,0.01,0.9,482.8241044964152,482.8241044964152,0.0,0.0,19,0.5,0.1,0,0,0,0,0.8200000000000001,0.26,0.38,0.0,482.8241044964152
P-n16-k8,pso,18,46,15,1,16.4,8.138795979750322,35,100,0.01,0.92,482.8241044964152,482.8241044964152,0.0,0.0,19,0.5,0.1,0,0,0,0,0.8360000000000001,0.248,0.364,0.0,482.8241044964152
P-n16-k8,pso,18,47,15,1,16.4,8.138795979750322,35,100,0.01,0.94,482.8241044964152,482.8241044964152,0.0,0.0,19,0.5,0.1,0,0,0,0,0.852,0.2360000000000001,0.34800000000000003,0.0,482.8241044964152
P-n16-k8,pso,18,48,15,1,16.4,8.138795979750322,35,100,0.01,0.96,482.8241044964152,482.8241044964152,0.0,0.0,19,0.5,0.1,0,0,0,0,0.868,0.2240000000000001,0.332,0.0,482.8241044964152
P-n16-k8,pso,18,49,15,1,16.4,8.138795979750322,35,100,0.01,0.98,482.8241044964152,482.8241044964152,0.0,0.0,19,0.5,0.1,0,0,0,0,0.884,0.21200000000000008,0.316,0.0,482.8241044964152
P-n16-k8,pso,19,0,15,1,16.4,8.138795979750322,35,100,0.01,0.0,1000.0,1000.0,100.0,0.0,0,0.5,0.1,0,0,0,0,0.1,0.8,0.3,0.0,488.0234675431238
P-n16-k8,pso,19,1,15,1,16.4,8.138795979750322,35,100,0.01,0.02,488.0234675431238,488.0234675431238,100.0,0.0,0,0.5,0.1,0,0,0,0,0.116,0.788,0.316,0.0,488.0234675431238
P-n16-k8,pso,19,2,15,1,16.4,8.138795979750322,35,100,0.01,0.04,488.0234675431238,488.0234675431238,100.0,0.0,0,0.5,0.1,0,0,0,0,0.132,0.776,0.33199999999999996,0.0,488.0234675431238
P-n16-k8,pso,19,3,15,1,16.4,8.138795979750322,35,100,0.01,0.06,488.0234675431238,488.0234675431238,100.0,0.0,0,0.5,0.1,0,0,0,0,0.14800000000000002,0.764,0.348,0.0,488.0234675431238
P-n16-k8,pso,19,4,15,1,16.4,8.138795979750322,35,100,0.01,0.08,488.0234675431238,488.0234675431238,100.0,0.0,0,0.5,0.1,0,0,0,0,0.164,0.752,0.364,0.0,488.0234675431238
P-n16-k8,pso,19,5,15,1,16.4,8.138795979750322,35,100,0.01,0.1,488.0234675431238,488.02346754312373,100.0,0.0,0,0.5,0.1,0,0,0,0,0.18000000000000002,0.74,0.38,0.0,488.0234675431238
P-n16-k8,pso,19,6,15,1,16.4,8.138795979750322,35,100,0.01,0.12,488.0234675431238,488.0234675431238,100.0,0.0,0,0.5,0.1,0,0,0,0,0.196,0.7280000000000001,0.396,0.0,488.0234675431238
P-n16-k8,pso,19,7,15,1,16.4,8.138795979750322,35,100,0.01,0.14,488.0234675431238,488.0234675431238,100.0,0.0,0,0.5,0.1,0,0,0,0,0.21200000000000002,0.7160000000000001,0.41200000000000003,0.0,488.0234675431238
P-n16-k8,pso,19,8,15,1,16.4,8.138795979750322,35,100,0.01,0.16,488.0234675431238,488.0234675431238,100.0,0.0,0,0.5,0.1,0,0,0,0,0.228,0.7040000000000001,0.42800000000000005,0.0,488.0234675431238
P-n16-k8,pso,19,9,15,1,16.4,8.138795979750322,35,100,0.01,0.18,488.0234675431238,488.02346754312373,100.0,0.0,0,0.5,0.1,0,0,0,0,0.244,0.6920000000000001,0.44399999999999995,0.0,488.0234675431238
P-n16-k8,pso,19,10,15,1,16.4,8.138795979750322,35,100,0.01,0.2,488.0234675431238,488.02346754312373,100.0,0.0,0,0.5,0.1,0,0,0,0,0.26,0.68,0.46,0.0,488.0234675431238
P-n16-k8,pso,19,11,15,1,16.4,8.138795979750322,35,100,0.01,0.22,488.0234675431238,488.02346754312373,5.684341886080802e-14,0.0,10,0.5,0.1,0,0,0,0,0.276,0.668,0.476,0.0,488.0234675431238
P-n16-k8,pso,19,12,15,1,16.4,8.138795979750322,35,100,0.01,0.24,488.0234675431238,488.02346754312373,5.684341886080802e-14,0.0,11,0.5,0.1,0,0,0,0,0.29200000000000004,0.656,0.492,0.0,488.0234675431238
P-n16-k8,pso,19,13,15,1,16.4,8.138795979750322,35,100,0.01,0.26,488.0234675431238,488.02346754312373,5.684341886080802e-14,0.0,12,0.5,0.1,0,0,0,0,0.30800000000000005,0.644,0.508,0.0,488.0234675431238
P-n16-k8,pso,19,14,15,1,16.4,8.138795979750322,35,100,0.01,0.28,488.0234675431238,488.02346754312373,5.684341886080802e-14,0.0,13,0.5,0.1,0,0,0,0,0.32400000000000007,0.632,0.524,0.0,488.0234675431238
P-n16-k8,pso,19,15,15,1,16.4,8.138795979750322,35,100,0.01,0.3,488.0234675431238,488.02346754312373,5.684341886080802e-14,0.0,14,0.5,0.1,0,0,0,0,0.33999999999999997,0.6200000000000001,0.54,0.0,488.0234675431238
P-n16-k8,pso,19,16,15,1,16.4,8.138795979750322,35,100,0.01,0.32,488.0234675431238,488.02346754312373,5.684341886080802e-14,0.0,15,0.5,0.1,0,0,0,0,0.356,0.6080000000000001,0.556,0.0,488.0234675431238
P-n16-k8,pso,19,17,15,1,16.4,8.138795979750322,35,100,0.01,0.34,488.0234675431238,488.02346754312373,5.684341886080802e-14,0.0,16,0.5,0.1,0,0,0,0,0.372,0.5960000000000001,0.5720000000000001,0.0,488.0234675431238
P-n16-k8,pso,19,18,15,1,16.4,8.138795979750322,35,100,0.01,0.36,488.0234675431238,488.02346754312373,5.684341886080802e-14,0.0,17,0.5,0.1,0,0,0,0,0.388,0.5840000000000001,0.588,0.0,488.0234675431238
P-n16-k8,pso,19,19,15,1,16.4,8.138795979750322,35,100,0.01,0.38,488.0234675431238,488.02346754312373,5.684341886080802e-14,0.0,18,0.5,0.1,0,0,0,0,0.404,0.5720000000000001,0.6040000000000001,0.0,488.0234675431238
P-n16-k8,pso,19,20,15,1,16.4,8.138795979750322,35,100,0.01,0.4,488.0234675431238,488.02346754312373,5.684341886080802e-14,0.0,19,0.5,0.1,0,0,0,0,0.42000000000000004,0.56,0.6200000000000001,0.0,488.0234675431238
P-n16-k8,pso,19,21,15,1,16.4,8.138795979750322,35,100,0.01,0.42,488.0234675431238,488.02346754312373,5.684341886080802e-14,0.0,19,0.5,0.1,0,0,0,0,0.43600000000000005,0.548,0.636,0.0,488.0234675431238
P-n16-k8,pso,19,22,15,1,16.4,8.138795979750322,35,100,0.01,0.44,488.0234675431238,488.02346754312373,5.684341886080802e-14,0.0,19,0.5,0.1,0,0,0,0,0.45200000000000007,0.536,0.652,0.0,488.0234675431238
P-n16-k8,pso,19,23,15,1,16.4,8.138795979750322,35,100,0.01,0.46,488.0234675431238,488.02346754312373,5.684341886080802e-14,0.0,19,0.5,0.1,0,0,0,0,0.4680000000000001,0.524,0.668,0.0,488.0234675431238
P-n16-k8,pso,19,24,15,1,16.4,8.138795979750322,35,100,0.01,0.48,488.0234675431238,488.02346754312373,5.684341886080802e-14,0.0,19,0.5,0.1,0,0,0,0,0.484,0.512,0.6839999999999999,0.0,488.0234675431238
P-n16-k8,pso,19,25,15,1,16.4,8.138795979750322,35,100,0.01,0.5,488.0234675431238,488.02346754312373,5.684341886080802e-14,0.0,19,0.5,0.1,0,0,0,0,0.5,0.5,0.7,0.0,488.0234675431238
P-n16-k8,pso,19,26,15,1,16.4,8.138795979750322,35,100,0.01,0.52,488.0234675431238,488.02346754312373,5.684341886080802e-14,0.0,19,0.5,0.1,0,0,0,0,0.516,0.48800000000000004,0.6839999999999999,0.0,488.0234675431238
P-n16-k8,pso,19,27,15,1,16.4,8.138795979750322,35,100,0.01,0.54,488.0234675431238,488.02346754312373,5.684341886080802e-14,0.0,19,0.5,0.1,0,0,0,0,0.532,0.47600000000000003,0.6679999999999999,0.0,488.0234675431238
P-n16-k8,pso,19,28,15,1,16.4,8.138795979750322,35,100,0.01,0.56,488.0234675431238,488.02346754312373,5.684341886080802e-14,0.0,19,0.5,0.1,0,0,0,0,0.548,0.464,0.6519999999999999,0.0,488.0234675431238
P-n16-k8,pso,19,29,15,1,16.4,8.138795979750322,35,100,0.01,0.58,488.0234675431238,488.02346754312373,5.684341886080802e-14,0.0,19,0.5,0.1,0,0,0,0,0.564,0.45200000000000007,0.6360000000000001,0.0,488.0234675431238
P-n16-k8,pso,19,30,15,1,16.4,8.138795979750322,35,100,0.01,0.6,488.0234675431238,488.02346754312373,5.684341886080802e-14,0.0,19,0.5,0.1,0,0,0,0,0.58,0.44000000000000006,0.6200000000000001,0.0,488.0234675431238
P-n16-k8,pso,19,31,15,1,16.4,8.138795979750322,35,100,0.01,0.62,488.0234675431238,488.02346754312373,5.684341886080802e-14,0.0,19,0.5,0.1,0,0,0,0,0.596,0.42800000000000005,0.6040000000000001,0.0,488.0234675431238
P-n16-k8,pso,19,32,15,1,16.4,8.138795979750322,35,100,0.01,0.64,488.0234675431238,488.02346754312373,5.684341886080802e-14,0.0,19,0.5,0.1,0,0,0,0,0.612,0.41600000000000004,0.588,0.0,488.0234675431238
P-n16-k8,pso,19,33,15,1,16.4,8.138795979750322,35,100,0.01,0.66,488.0234675431238,488.02346754312373,5.684341886080802e-14,0.0,19,0.5,0.1,0,0,0,0,0.628,0.404,0.572,0.0,488.0234675431238
P-n16-k8,pso,19,34,15,1,16.4,8.138795979750322,35,100,0.01,0.68,488.0234675431238,488.02346754312373,5.684341886080802e-14,0.0,19,0.5,0.1,0,0,0,0,0.644,0.392,0.5559999999999999,0.0,488.0234675431238
P-n16-k8,pso,19,35,15,1,16.4,8.138795979750322,35,100,0.01,0.7,488.0234675431238,488.02346754312373,5.684341886080802e-14,0.0,19,0.5,0.1,0,0,0,0,0.6599999999999999,0.38000000000000006,0.54,0.0,488.0234675431238
P-n16-k8,pso,19,36,15,1,16.4,8.138795979750322,35,100,0.01,0.72,488.0234675431238,488.02346754312373,5.684341886080802e-14,0.0,19,0.5,0.1,0,0,0,0,0.6759999999999999,0.36800000000000005,0.524,0.0,488.0234675431238
P-n16-k8,pso,19,37,15,1,16.4,8.138795979750322,35,100,0.01,0.74,488.0234675431238,488.02346754312373,5.684341886080802e-14,0.0,19,0.5,0.1,0,0,0,0,0.692,0.35600000000000004,0.508,0.0,488.0234675431238
P-n16-k8,pso,19,38,15,1,16.4,8.138795979750322,35,100,0.01,0.76,488.0234675431238,488.02346754312373,5.684341886080802e-14,0.0,19,0.5,0.1,0,0,0,0,0.7080000000000001,0.3440000000000001,0.492,0.0,488.0234675431238
P-n16-k8,pso,19,39,15,1,16.4,8.138795979750322,35,100,0.01,0.78,488.0234675431238,488.02346754312373,5.684341886080802e-14,0.0,19,0.5,0.1,0,0,0,0,0.7240000000000001,0.3320000000000001,0.476,0.0,488.0234675431238
P-n16-k8,pso,19,40,15,1,16.4,8.138795979750322,35,100,0.01,0.8,488.0234675431238,488.02346754312373,5.684341886080802e-14,0.0,19,0.5,0.1,0,0,0,0,0.7400000000000001,0.32000000000000006,0.45999999999999996,0.0,488.0234675431238
P-n16-k8,pso,19,41,15,1,16.4,8.138795979750322,35,100,0.01,0.82,488.0234675431238,488.02346754312373,5.684341886080802e-14,0.0,19,0.5,0.1,0,0,0,0,0.756,0.3080000000000001,0.44400000000000006,0.0,488.0234675431238
P-n16-k8,pso,19,42,15,1,16.4,8.138795979750322,35,100,0.01,0.84,488.0234675431238,488.02346754312373,5.684341886080802e-14,0.0,19,0.5,0.1,0,0,0,0,0.772,0.29600000000000004,0.42800000000000005,0.0,488.0234675431238
P-n16-k8,pso,19,43,15,1,16.4,8.138795979750322,35,100,0.01,0.86,488.0234675431238,488.02346754312373,5.684341886080802e-14,0.0,19,0.5,0.1,0,0,0,0,0.788,0.28400000000000003,0.41200000000000003,0.0,488.0234675431238
P-n16-k8,pso,19,44,15,1,16.4,8.138795979750322,35,100,0.01,0.88,488.0234675431238,488.02346754312373,5.684341886080802e-14,0.0,19,0.5,0.1,0,0,0,0,0.804,0.272,0.396,0.0,488.0234675431238
P-n16-k8,pso,19,45,15,1,16.4,8.138795979750322,35,100,0.01,0.9,488.0234675431238,488.02346754312373,5.684341886080802e-14,0.0,19,0.5,0.1,0,0,0,0,0.8200000000000001,0.26,0.38,0.0,488.0234675431238
P-n16-k8,pso,19,46,15,1,16.4,8.138795979750322,35,100,0.01,0.92,488.0234675431238,488.02346754312373,5.684341886080802e-14,0.0,19,0.5,0.1,0,0,0,0,0.8360000000000001,0.248,0.364,0.0,488.0234675431238
P-n16-k8,pso,19,47,15,1,16.4,8.138795979750322,35,100,0.01,0.94,488.0234675431238,488.02346754312373,5.684341886080802e-14,0.0,19,0.5,0.1,0,0,0,0,0.852,0.2360000000000001,0.34800000000000003,0.0,488.0234675431238
P-n16-k8,pso,19,48,15,1,16.4,8.138795979750322,35,100,0.01,0.96,488.0234675431238,488.02346754312373,5.684341886080802e-14,0.0,19,0.5,0.1,0,0,0,0,0.868,0.2240000000000001,0.332,0.0,488.0234675431238
P-n16-k8,pso,19,49,15,1,16.4,8.138795979750322,35,100,0.01,0.98,488.0234675431238,488.02346754312373,5.684341886080802e-14,0.0,19,0.5,0.1,0,0,0,0,0.884,0.21200000000000008,0.316,0.0,488.0234675431238
P-n16-k8,pso,20,0,15,1,16.4,8.138795979750322,35,100,0.01,0.0,1000.0,1000.0,100.0,0.0,0,0.5,0.1,0,0,0,0,0.1,0.8,0.3,0.0,488.0234675431238
P-n16-k8,pso,20,1,15,1,16.4,8.138795979750322,35,100,0.01,0.02,488.0234675431238,488.0234675431238,100.0,0.0,0,0.5,0.1,0,0,0,0,0.116,0.788,0.316,0.0,488.0234675431238
P-n16-k8,pso,20,2,15,1,16.4,8.138795979750322,35,100,0.01,0.04,488.0234675431238,488.0234675431238,100.0,0.0,0,0.5,0.1,0,0,0,0,0.132,0.776,0.33199999999999996,0.0,488.0234675431238
P-n16-k8,pso,20,3,15,1,16.4,8.138795979750322,35,100,0.01,0.06,488.0234675431238,488.0234675431238,100.0,0.0,0,0.5,0.1,0,0,0,0,0.14800000000000002,0.764,0.348,0.0,488.0234675431238
P-n16-k8,pso,20,4,15,1,16.4,8.138795979750322,35,100,0.01,0.08,488.0234675431238,488.0234675431238,100.0,0.0,0,0.5,0.1,0,0,0,0,0.164,0.752,0.364,0.0,488.0234675431238
P-n16-k8,pso,20,5,15,1,16.4,8.138795979750322,35,100,0.01,0.1,488.0234675431238,488.02346754312373,100.0,0.0,0,0.5,0.1,0,0,0,0,0.18000000000000002,0.74,0.38,0.0,488.0234675431238
P-n16-k8,pso,20,6,15,1,16.4,8.138795979750322,35,100,0.01,0.12,488.0234675431238,488.0234675431238,100.0,0.0,0,0.5,0.1,0,0,0,0,0.196,0.7280000000000001,0.396,0.0,488.0234675431238
P-n16-k8,pso,20,7,15,1,16.4,8.138795979750322,35,100,0.01,0.14,488.0234675431238,488.0234675431238,100.0,0.0,0,0.5,0.1,0,0,0,0,0.21200000000000002,0.7160000000000001,0.41200000000000003,0.0,488.0234675431238
P-n16-k8,pso,20,8,15,1,16.4,8.138795979750322,35,100,0.01,0.16,488.0234675431238,488.0234675431238,100.0,0.0,0,0.5,0.1,0,0,0,0,0.228,0.7040000000000001,0.42800000000000005,0.0,488.0234675431238
P-n16-k8,pso,20,9,15,1,16.4,8.138795979750322,35,100,0.01,0.18,488.0234675431238,488.02346754312373,100.0,0.0,0,0.5,0.1,0,0,0,0,0.244,0.6920000000000001,0.44399999999999995,0.0,488.0234675431238
P-n16-k8,pso,20,10,15,1,16.4,8.138795979750322,35,100,0.01,0.2,488.0234675431238,488.02346754312373,100.0,0.0,0,0.5,0.1,0,0,0,0,0.26,0.68,0.46,0.0,488.0234675431238
P-n16-k8,pso,20,11,15,1,16.4,8.138795979750322,35,100,0.01,0.22,488.0234675431238,488.02346754312373,5.684341886080802e-14,0.0,10,0.5,0.1,0,0,0,0,0.276,0.668,0.476,0.0,488.0234675431238
P-n16-k8,pso,20,12,15,1,16.4,8.138795979750322,35,100,0.01,0.24,488.0234675431238,488.02346754312373,5.684341886080802e-14,0.0,11,0.5,0.1,0,0,0,0,0.29200000000000004,0.656,0.492,0.0,488.0234675431238
P-n16-k8,pso,20,13,15,1,16.4,8.138795979750322,35,100,0.01,0.26,488.0234675431238,488.02346754312373,5.684341886080802e-14,0.0,12,0.5,0.1,0,0,0,0,0.30800000000000005,0.644,0.508,0.0,488.0234675431238
P-n16-k8,pso,20,14,15,1,16.4,8.138795979750322,35,100,0.01,0.28,488.0234675431238,488.02346754312373,5.684341886080802e-14,0.0,13,0.5,0.1,0,0,0,0,0.32400000000000007,0.632,0.524,0.0,488.0234675431238
P-n16-k8,pso,20,15,15,1,16.4,8.138795979750322,35,100,0.01,0.3,488.0234675431238,488.02346754312373,5.684341886080802e-14,0.0,14,0.5,0.1,0,0,0,0,0.33999999999999997,0.6200000000000001,0.54,0.0,488.0234675431238
P-n16-k8,pso,20,16,15,1,16.4,8.138795979750322,35,100,0.01,0.32,488.0234675431238,488.02346754312373,5.684341886080802e-14,0.0,15,0.5,0.1,0,0,0,0,0.356,0.6080000000000001,0.556,0.0,488.0234675431238
P-n16-k8,pso,20,17,15,1,16.4,8.138795979750322,35,100,0.01,0.34,488.0234675431238,488.02346754312373,5.684341886080802e-14,0.0,16,0.5,0.1,0,0,0,0,0.372,0.5960000000000001,0.5720000000000001,0.0,488.0234675431238
P-n16-k8,pso,20,18,15,1,16.4,8.138795979750322,35,100,0.01,0.36,488.0234675431238,488.02346754312373,5.684341886080802e-14,0.0,17,0.5,0.1,0,0,0,0,0.388,0.5840000000000001,0.588,0.0,488.0234675431238
P-n16-k8,pso,20,19,15,1,16.4,8.138795979750322,35,100,0.01,0.38,488.0234675431238,488.02346754312373,5.684341886080802e-14,0.0,18,0.5,0.1,0,0,0,0,0.404,0.5720000000000001,0.6040000000000001,0.0,488.0234675431238
P-n16-k8,pso,20,20,15,1,16.4,8.138795979750322,35,100,0.01,0.4,488.0234675431238,488.02346754312373,5.684341886080802e-14,0.0,19,0.5,0.1,0,0,0,0,0.42000000000000004,0.56,0.6200000000000001,0.0,488.0234675431238
P-n16-k8,pso,20,21,15,1,16.4,8.138795979750322,35,100,0.01,0.42,488.0234675431238,488.02346754312373,5.684341886080802e-14,0.0,19,0.5,0.1,0,0,0,0,0.43600000000000005,0.548,0.636,0.0,488.0234675431238
P-n16-k8,pso,20,22,15,1,16.4,8.138795979750322,35,100,0.01,0.44,488.0234675431238,488.02346754312373,5.684341886080802e-14,0.0,19,0.5,0.1,0,0,0,0,0.45200000000000007,0.536,0.652,0.0,488.0234675431238
P-n16-k8,pso,20,23,15,1,16.4,8.138795979750322,35,100,0.01,0.46,488.0234675431238,488.02346754312373,5.684341886080802e-14,0.0,19,0.5,0.1,0,0,0,0,0.4680000000000001,0.524,0.668,0.0,488.0234675431238
P-n16-k8,pso,20,24,15,1,16.4,8.138795979750322,35,100,0.01,0.48,488.0234675431238,488.02346754312373,5.684341886080802e-14,0.0,19,0.5,0.1,0,0,0,0,0.484,0.512,0.6839999999999999,0.0,488.0234675431238
P-n16-k8,pso,20,25,15,1,16.4,8.138795979750322,35,100,0.01,0.5,488.0234675431238,488.02346754312373,5.684341886080802e-14,0.0,19,0.5,0.1,0,0,0,0,0.5,0.5,0.7,0.0,488.0234675431238
P-n16-k8,pso,20,26,15,1,16.4,8.138795979750322,35,100,0.01,0.52,488.0234675431238,488.02346754312373,5.684341886080802e-14,0.0,19,0.5,0.1,0,0,0,0,0.516,0.48800000000000004,0.6839999999999999,0.0,488.0234675431238
P-n16-k8,pso,20,27,15,1,16.4,8.138795979750322,35,100,0.01,0.54,488.0234675431238,488.02346754312373,5.684341886080802e-14,0.0,19,0.5,0.1,0,0,0,0,0.532,0.47600000000000003,0.6679999999999999,0.0,488.0234675431238
P-n16-k8,pso,20,28,15,1,16.4,8.138795979750322,35,100,0.01,0.56,488.0234675431238,488.02346754312373,5.684341886080802e-14,0.0,19,0.5,0.1,0,0,0,0,0.548,0.464,0.6519999999999999,0.0,488.0234675431238
P-n16-k8,pso,20,29,15,1,16.4,8.138795979750322,35,100,0.01,0.58,488.0234675431238,488.02346754312373,5.684341886080802e-14,0.0,19,0.5,0.1,0,0,0,0,0.564,0.45200000000000007,0.6360000000000001,0.0,488.0234675431238
P-n16-k8,pso,20,30,15,1,16.4,8.138795979750322,35,100,0.01,0.6,488.0234675431238,488.02346754312373,5.684341886080802e-14,0.0,19,0.5,0.1,0,0,0,0,0.58,0.44000000000000006,0.6200000000000001,0.0,488.0234675431238
P-n16-k8,pso,20,31,15,1,16.4,8.138795979750322,35,100,0.01,0.62,488.0234675431238,488.02346754312373,5.684341886080802e-14,0.0,19,0.5,0.1,0,0,0,0,0.596,0.42800000000000005,0.6040000000000001,0.0,488.0234675431238
P-n16-k8,pso,20,32,15,1,16.4,8.138795979750322,35,100,0.01,0.64,488.0234675431238,488.02346754312373,5.684341886080802e-14,0.0,19,0.5,0.1,0,0,0,0,0.612,0.41600000000000004,0.588,0.0,488.0234675431238
P-n16-k8,pso,20,33,15,1,16.4,8.138795979750322,35,100,0.01,0.66,488.0234675431238,488.02346754312373,5.684341886080802e-14,0.0,19,0.5,0.1,0,0,0,0,0.628,0.404,0.572,0.0,488.0234675431238
P-n16-k8,pso,20,34,15,1,16.4,8.138795979750322,35,100,0.01,0.68,488.0234675431238,488.02346754312373,5.684341886080802e-14,0.0,19,0.5,0.1,0,0,0,0,0.644,0.392,0.5559999999999999,0.0,488.0234675431238
P-n16-k8,pso,20,35,15,1,16.4,8.138795979750322,35,100,0.01,0.7,488.0234675431238,488.02346754312373,5.684341886080802e-14,0.0,19,0.5,0.1,0,0,0,0,0.6599999999999999,0.38000000000000006,0.54,0.0,488.0234675431238
P-n16-k8,pso,20,36,15,1,16.4,8.138795979750322,35,100,0.01,0.72,488.0234675431238,488.02346754312373,5.684341886080802e-14,0.0,19,0.5,0.1,0,0,0,0,0.6759999999999999,0.36800000000000005,0.524,0.0,488.0234675431238
P-n16-k8,pso,20,37,15,1,16.4,8.138795979750322,35,100,0.01,0.74,488.0234675431238,488.02346754312373,5.684341886080802e-14,0.0,19,0.5,0.1,0,0,0,0,0.692,0.35600000000000004,0.508,0.0,488.0234675431238
P-n16-k8,pso,20,38,15,1,16.4,8.138795979750322,35,100,0.01,0.76,488.0234675431238,488.02346754312373,5.684341886080802e-14,0.0,19,0.5,0.1,0,0,0,0,0.7080000000000001,0.3440000000000001,0.492,0.0,488.0234675431238
P-n16-k8,pso,20,39,15,1,16.4,8.138795979750322,35,100,0.01,0.78,488.0234675431238,488.02346754312373,5.684341886080802e-14,0.0,19,0.5,0.1,0,0,0,0,0.7240000000000001,0.3320000000000001,0.476,0.0,488.0234675431238
P-n16-k8,pso,20,40,15,1,16.4,8.138795979750322,35,100,0.01,0.8,488.0234675431238,488.02346754312373,5.684341886080802e-14,0.0,19,0.5,0.1,0,0,0,0,0.7400000000000001,0.32000000000000006,0.45999999999999996,0.0,488.0234675431238
P-n16-k8,pso,20,41,15,1,16.4,8.138795979750322,35,100,0.01,0.82,488.0234675431238,488.02346754312373,5.684341886080802e-14,0.0,19,0.5,0.1,0,0,0,0,0.756,0.3080000000000001,0.44400000000000006,0.0,488.0234675431238
P-n16-k8,pso,20,42,15,1,16.4,8.138795979750322,35,100,0.01,0.84,488.0234675431238,488.02346754312373,5.684341886080802e-14,0.0,19,0.5,0.1,0,0,0,0,0.772,0.29600000000000004,0.42800000000000005,0.0,488.0234675431238
P-n16-k8,pso,20,43,15,1,16.4,8.138795979750322,35,100,0.01,0.86,488.0234675431238,488.02346754312373,5.684341886080802e-14,0.0,19,0.5,0.1,0,0,0,0,0.788,0.28400000000000003,0.41200000000000003,0.0,488.0234675431238
P-n16-k8,pso,20,44,15,1,16.4,8.138795979750322,35,100,0.01,0.88,488.0234675431238,488.02346754312373,5.684341886080802e-14,0.0,19,0.5,0.1,0,0,0,0,0.804,0.272,0.396,0.0,488.0234675431238
P-n16-k8,pso,20,45,15,1,16.4,8.138795979750322,35,100,0.01,0.9,488.0234675431238,488.02346754312373,5.684341886080802e-14,0.0,19,0.5,0.1,0,0,0,0,0.8200000000000001,0.26,0.38,0.0,488.0234675431238
P-n16-k8,pso,20,46,15,1,16.4,8.138795979750322,35,100,0.01,0.92,488.0234675431238,488.02346754312373,5.684341886080802e-14,0.0,19,0.5,0.1,0,0,0,0,0.8360000000000001,0.248,0.364,0.0,488.0234675431238
P-n16-k8,pso,20,47,15,1,16.4,8.138795979750322,35,100,0.01,0.94,488.0234675431238,488.02346754312373,5.684341886080802e-14,0.0,19,0.5,0.1,0,0,0,0,0.852,0.2360000000000001,0.34800000000000003,0.0,488.0234675431238
P-n16-k8,pso,20,48,15,1,16.4,8.138795979750322,35,100,0.01,0.96,488.0234675431238,488.02346754312373,5.684341886080802e-14,0.0,19,0.5,0.1,0,0,0,0,0.868,0.2240000000000001,0.332,0.0,488.0234675431238
P-n16-k8,pso,20,49,15,1,16.4,8.138795979750322,35,100,0.01,0.98,488.0234675431238,488.02346754312373,5.684341886080802e-14,0.0,19,0.5,0.1,0,0,0,0,0.884,0.21200000000000008,0.316,0.0,488.0234675431238
P-n16-k8,pso,21,0,15,1,16.4,8.138795979750322,35,100,0.01,0.0,1000.0,1000.0,100.0,0.0,0,0.5,0.1,0,0,0,0,0.1,0.8,0.3,0.0,467.74060534157326
P-n16-k8,pso,21,1,15,1,16.4,8.138795979750322,35,100,0.01,0.02,467.74060534157326,467.74060534157326,100.0,0.0,0,0.5,0.1,0,0,0,0,0.116,0.788,0.316,0.0,467.74060534157326
P-n16-k8,pso,21,2,15,1,16.4,8.138795979750322,35,100,0.01,0.04,467.74060534157326,467.74060534157326,100.0,0.0,0,0.5,0.1,0,0,0,0,0.132,0.776,0.33199999999999996,0.0,467.74060534157326
P-n16-k8,pso,21,3,15,1,16.4,8.138795979750322,35,100,0.01,0.06,467.74060534157326,467.74060534157326,100.0,0.0,0,0.5,0.1,0,0,0,0,0.14800000000000002,0.764,0.348,0.0,467.74060534157326
P-n16-k8,pso,21,4,15,1,16.4,8.138795979750322,35,100,0.01,0.08,467.74060534157326,467.74060534157326,100.0,0.0,0,0.5,0.1,0,0,0,0,0.164,0.752,0.364,0.0,467.74060534157326
P-n16-k8,pso,21,5,15,1,16.4,8.138795979750322,35,100,0.01,0.1,467.74060534157326,467.74060534157326,100.0,0.0,0,0.5,0.1,0,0,0,0,0.18000000000000002,0.74,0.38,0.0,467.74060534157326
P-n16-k8,pso,21,6,15,1,16.4,8.138795979750322,35,100,0.01,0.12,467.74060534157326,467.74060534157326,100.0,0.0,0,0.5,0.1,0,0,0,0,0.196,0.7280000000000001,0.396,0.0,467.74060534157326
P-n16-k8,pso,21,7,15,1,16.4,8.138795979750322,35,100,0.01,0.14,467.74060534157326,467.7406053415733,100.0,0.0,0,0.5,0.1,0,0,0,0,0.21200000000000002,0.7160000000000001,0.41200000000000003,0.0,467.74060534157326
P-n16-k8,pso,21,8,15,1,16.4,8.138795979750322,35,100,0.01,0.16,467.74060534157326,467.74060534157326,100.0,0.0,0,0.5,0.1,0,0,0,0,0.228,0.7040000000000001,0.42800000000000005,0.0,467.74060534157326
P-n16-k8,pso,21,9,15,1,16.4,8.138795979750322,35,100,0.01,0.18,467.74060534157326,467.7406053415732,100.0,0.0,0,0.5,0.1,0,0,0,0,0.244,0.6920000000000001,0.44399999999999995,0.0,467.74060534157326
P-n16-k8,pso,21,10,15,1,16.4,8.138795979750322,35,100,0.01,0.2,467.74060534157326,467.74060534157326,100.0,0.0,0,0.5,0.1,0,0,0,0,0.26,0.68,0.46,0.0,467.74060534157326
P-n16-k8,pso,21,11,15,1,16.4,8.138795979750322,35,100,0.01,0.22,467.74060534157326,467.74060534157326,0.0,0.0,10,0.5,0.1,0,0,0,0,0.276,0.668,0.476,0.0,467.74060534157326
P-n16-k8,pso,21,12,15,1,16.4,8.138795979750322,35,100,0.01,0.24,467.74060534157326,467.74060534157326,0.0,0.0,11,0.5,0.1,0,0,0,0,0.29200000000000004,0.656,0.492,0.0,467.74060534157326
P-n16-k8,pso,21,13,15,1,16.4,8.138795979750322,35,100,0.01,0.26,467.74060534157326,467.74060534157326,0.0,0.0,12,0.5,0.1,0,0,0,0,0.30800000000000005,0.644,0.508,0.0,467.74060534157326
P-n16-k8,pso,21,14,15,1,16.4,8.138795979750322,35,100,0.01,0.28,467.74060534157326,467.74060534157326,0.0,0.0,13,0.5,0.1,0,0,0,0,0.32400000000000007,0.632,0.524,0.0,467.74060534157326
P-n16-k8,pso,21,15,15,1,16.4,8.138795979750322,35,100,0.01,0.3,467.74060534157326,467.74060534157326,0.0,0.0,14,0.5,0.1,0,0,0,0,0.33999999999999997,0.6200000000000001,0.54,0.0,467.74060534157326
P-n16-k8,pso,21,16,15,1,16.4,8.138795979750322,35,100,0.01,0.32,467.74060534157326,467.74060534157326,0.0,0.0,15,0.5,0.1,0,0,0,0,0.356,0.6080000000000001,0.556,0.0,467.74060534157326
P-n16-k8,pso,21,17,15,1,16.4,8.138795979750322,35,100,0.01,0.34,467.74060534157326,467.74060534157326,0.0,0.0,16,0.5,0.1,0,0,0,0,0.372,0.5960000000000001,0.5720000000000001,0.0,467.74060534157326
P-n16-k8,pso,21,18,15,1,16.4,8.138795979750322,35,100,0.01,0.36,467.74060534157326,467.74060534157326,0.0,0.0,17,0.5,0.1,0,0,0,0,0.388,0.5840000000000001,0.588,0.0,467.74060534157326
P-n16-k8,pso,21,19,15,1,16.4,8.138795979750322,35,100,0.01,0.38,467.74060534157326,467.74060534157326,0.0,0.0,18,0.5,0.1,0,0,0,0,0.404,0.5720000000000001,0.6040000000000001,0.0,467.74060534157326
P-n16-k8,pso,21,20,15,1,16.4,8.138795979750322,35,100,0.01,0.4,467.74060534157326,467.74060534157326,0.0,0.0,19,0.5,0.1,0,0,0,0,0.42000000000000004,0.56,0.6200000000000001,0.0,467.74060534157326
P-n16-k8,pso,21,21,15,1,16.4,8.138795979750322,35,100,0.01,0.42,467.74060534157326,467.74060534157326,0.0,0.0,19,0.5,0.1,0,0,0,0,0.43600000000000005,0.548,0.636,0.0,467.74060534157326
P-n16-k8,pso,21,22,15,1,16.4,8.138795979750322,35,100,0.01,0.44,467.74060534157326,467.74060534157326,0.0,0.0,19,0.5,0.1,0,0,0,0,0.45200000000000007,0.536,0.652,0.0,467.74060534157326
P-n16-k8,pso,21,23,15,1,16.4,8.138795979750322,35,100,0.01,0.46,467.74060534157326,467.74060534157326,0.0,0.0,19,0.5,0.1,0,0,0,0,0.4680000000000001,0.524,0.668,0.0,467.74060534157326
P-n16-k8,pso,21,24,15,1,16.4,8.138795979750322,35,100,0.01,0.48,467.74060534157326,467.74060534157326,0.0,0.0,19,0.5,0.1,0,0,0,0,0.484,0.512,0.6839999999999999,0.0,467.74060534157326
P-n16-k8,pso,21,25,15,1,16.4,8.138795979750322,35,100,0.01,0.5,467.74060534157326,467.74060534157326,0.0,0.0,19,0.5,0.1,0,0,0,0,0.5,0.5,0.7,0.0,467.74060534157326
P-n16-k8,pso,21,26,15,1,16.4,8.138795979750322,35,100,0.01,0.52,467.74060534157326,467.74060534157326,0.0,0.0,19,0.5,0.1,0,0,0,0,0.516,0.48800000000000004,0.6839999999999999,0.0,467.74060534157326
P-n16-k8,pso,21,27,15,1,16.4,8.138795979750322,35,100,0.01,0.54,467.74060534157326,467.74060534157326,0.0,0.0,19,0.5,0.1,0,0,0,0,0.532,0.47600000000000003,0.6679999999999999,0.0,467.74060534157326
P-n16-k8,pso,21,28,15,1,16.4,8.138795979750322,35,100,0.01,0.56,467.74060534157326,467.74060534157326,0.0,0.0,19,0.5,0.1,0,0,0,0,0.548,0.464,0.6519999999999999,0.0,467.74060534157326
P-n16-k8,pso,21,29,15,1,16.4,8.138795979750322,35,100,0.01,0.58,467.74060534157326,467.74060534157326,0.0,0.0,19,0.5,0.1,0,0,0,0,0.564,0.45200000000000007,0.6360000000000001,0.0,467.74060534157326
P-n16-k8,pso,21,30,15,1,16.4,8.138795979750322,35,100,0.01,0.6,467.74060534157326,467.74060534157326,0.0,0.0,19,0.5,0.1,0,0,0,0,0.58,0.44000000000000006,0.6200000000000001,0.0,467.74060534157326
P-n16-k8,pso,21,31,15,1,16.4,8.138795979750322,35,100,0.01,0.62,467.74060534157326,467.74060534157326,0.0,0.0,19,0.5,0.1,0,0,0,0,0.596,0.42800000000000005,0.6040000000000001,0.0,467.74060534157326
P-n16-k8,pso,21,32,15,1,16.4,8.138795979750322,35,100,0.01,0.64,467.74060534157326,467.74060534157326,0.0,0.0,19,0.5,0.1,0,0,0,0,0.612,0.41600000000000004,0.588,0.0,467.74060534157326
P-n16-k8,pso,21,33,15,1,16.4,8.138795979750322,35,100,0.01,0.66,467.74060534157326,467.74060534157326,0.0,0.0,19,0.5,0.1,0,0,0,0,0.628,0.404,0.572,0.0,467.74060534157326
P-n16-k8,pso,21,34,15,1,16.4,8.138795979750322,35,100,0.01,0.68,467.74060534157326,467.74060534157326,0.0,0.0,19,0.5,0.1,0,0,0,0,0.644,0.392,0.5559999999999999,0.0,467.74060534157326
P-n16-k8,pso,21,35,15,1,16.4,8.138795979750322,35,100,0.01,0.7,467.74060534157326,467.74060534157326,0.0,0.0,19,0.5,0.1,0,0,0,0,0.6599999999999999,0.38000000000000006,0.54,0.0,467.74060534157326
P-n16-k8,pso,21,36,15,1,16.4,8.138795979750322,35,100,0.01,0.72,467.74060534157326,467.74060534157326,0.0,0.0,19,0.5,0.1,0,0,0,0,0.6759999999999999,0.36800000000000005,0.524,0.0,467.74060534157326
P-n16-k8,pso,21,37,15,1,16.4,8.138795979750322,35,100,0.01,0.74,467.74060534157326,467.74060534157326,0.0,0.0,19,0.5,0.1,0,0,0,0,0.692,0.35600000000000004,0.508,0.0,467.74060534157326
P-n16-k8,pso,21,38,15,1,16.4,8.138795979750322,35,100,0.01,0.76,467.74060534157326,467.74060534157326,0.0,0.0,19,0.5,0.1,0,0,0,0,0.7080000000000001,0.3440000000000001,0.492,0.0,467.74060534157326
P-n16-k8,pso,21,39,15,1,16.4,8.138795979750322,35,100,0.01,0.78,467.74060534157326,467.74060534157326,0.0,0.0,19,0.5,0.1,0,0,0,0,0.7240000000000001,0.3320000000000001,0.476,0.0,467.74060534157326
P-n16-k8,pso,21,40,15,1,16.4,8.138795979750322,35,100,0.01,0.8,467.74060534157326,467.74060534157326,0.0,0.0,19,0.5,0.1,0,0,0,0,0.7400000000000001,0.32000000000000006,0.45999999999999996,0.0,467.74060534157326
P-n16-k8,pso,21,41,15,1,16.4,8.138795979750322,35,100,0.01,0.82,467.74060534157326,467.74060534157326,0.0,0.0,19,0.5,0.1,0,0,0,0,0.756,0.3080000000000001,0.44400000000000006,0.0,467.74060534157326
P-n16-k8,pso,21,42,15,1,16.4,8.138795979750322,35,100,0.01,0.84,467.74060534157326,467.74060534157326,0.0,0.0,19,0.5,0.1,0,0,0,0,0.772,0.29600000000000004,0.42800000000000005,0.0,467.74060534157326
P-n16-k8,pso,21,43,15,1,16.4,8.138795979750322,35,100,0.01,0.86,467.74060534157326,467.74060534157326,0.0,0.0,19,0.5,0.1,0,0,0,0,0.788,0.28400000000000003,0.41200000000000003,0.0,467.74060534157326
P-n16-k8,pso,21,44,15,1,16.4,8.138795979750322,35,100,0.01,0.88,467.74060534157326,467.74060534157326,0.0,0.0,19,0.5,0.1,0,0,0,0,0.804,0.272,0.396,0.0,467.74060534157326
P-n16-k8,pso,21,45,15,1,16.4,8.138795979750322,35,100,0.01,0.9,467.74060534157326,467.74060534157326,0.0,0.0,19,0.5,0.1,0,0,0,0,0.8200000000000001,0.26,0.38,0.0,467.74060534157326
P-n16-k8,pso,21,46,15,1,16.4,8.138795979750322,35,100,0.01,0.92,467.74060534157326,467.74060534157326,0.0,0.0,19,0.5,0.1,0,0,0,0,0.8360000000000001,0.248,0.364,0.0,467.74060534157326
P-n16-k8,pso,21,47,15,1,16.4,8.138795979750322,35,100,0.01,0.94,467.74060534157326,467.74060534157326,0.0,0.0,19,0.5,0.1,0,0,0,0,0.852,0.2360000000000001,0.34800000000000003,0.0,467.74060534157326
P-n16-k8,pso,21,48,15,1,16.4,8.138795979750322,35,100,0.01,0.96,467.74060534157326,467.74060534157326,0.0,0.0,19,0.5,0.1,0,0,0,0,0.868,0.2240000000000001,0.332,0.0,467.74060534157326
P-n16-k8,pso,21,49,15,1,16.4,8.138795979750322,35,100,0.01,0.98,467.74060534157326,467.74060534157326,0.0,0.0,19,0.5,0.1,0,0,0,0,0.884,0.21200000000000008,0.316,0.0,467.74060534157326
P-n16-k8,pso,22,0,15,1,16.4,8.138795979750322,35,100,0.01,0.0,1000.0,1000.0,100.0,0.0,0,0.5,0.1,0,0,0,0,0.1,0.8,0.3,0.0,467.74060534157326
P-n16-k8,pso,22,1,15,1,16.4,8.138795979750322,35,100,0.01,0.02,467.74060534157326,467.74060534157326,100.0,0.0,0,0.5,0.1,0,0,0,0,0.116,0.788,0.316,0.0,467.74060534157326
P-n16-k8,pso,22,2,15,1,16.4,8.138795979750322,35,100,0.01,0.04,467.74060534157326,467.74060534157326,100.0,0.0,0,0.5,0.1,0,0,0,0,0.132,0.776,0.33199999999999996,0.0,467.74060534157326
P-n16-k8,pso,22,3,15,1,16.4,8.138795979750322,35,100,0.01,0.06,467.74060534157326,467.74060534157326,100.0,0.0,0,0.5,0.1,0,0,0,0,0.14800000000000002,0.764,0.348,0.0,467.74060534157326
P-n16-k8,pso,22,4,15,1,16.4,8.138795979750322,35,100,0.01,0.08,467.74060534157326,467.74060534157326,100.0,0.0,0,0.5,0.1,0,0,0,0,0.164,0.752,0.364,0.0,467.74060534157326
P-n16-k8,pso,22,5,15,1,16.4,8.138795979750322,35,100,0.01,0.1,467.74060534157326,467.74060534157326,100.0,0.0,0,0.5,0.1,0,0,0,0,0.18000000000000002,0.74,0.38,0.0,467.74060534157326
P-n16-k8,pso,22,6,15,1,16.4,8.138795979750322,35,100,0.01,0.12,467.74060534157326,467.74060534157326,100.0,0.0,0,0.5,0.1,0,0,0,0,0.196,0.7280000000000001,0.396,0.0,467.74060534157326
P-n16-k8,pso,22,7,15,1,16.4,8.138795979750322,35,100,0.01,0.14,467.74060534157326,467.7406053415733,100.0,0.0,0,0.5,0.1,0,0,0,0,0.21200000000000002,0.7160000000000001,0.41200000000000003,0.0,467.74060534157326
P-n16-k8,pso,22,8,15,1,16.4,8.138795979750322,35,100,0.01,0.16,467.74060534157326,467.74060534157326,100.0,0.0,0,0.5,0.1,0,0,0,0,0.228,0.7040000000000001,0.42800000000000005,0.0,467.74060534157326
P-n16-k8,pso,22,9,15,1,16.4,8.138795979750322,35,100,0.01,0.18,467.74060534157326,467.7406053415732,100.0,0.0,0,0.5,0.1,0,0,0,0,0.244,0.6920000000000001,0.44399999999999995,0.0,467.74060534157326
P-n16-k8,pso,22,10,15,1,16.4,8.138795979750322,35,100,0.01,0.2,467.74060534157326,467.74060534157326,100.0,0.0,0,0.5,0.1,0,0,0,0,0.26,0.68,0.46,0.0,467.74060534157326
P-n16-k8,pso,22,11,15,1,16.4,8.138795979750322,35,100,0.01,0.22,467.74060534157326,467.74060534157326,0.0,0.0,10,0.5,0.1,0,0,0,0,0.276,0.668,0.476,0.0,467.74060534157326
P-n16-k8,pso,22,12,15,1,16.4,8.138795979750322,35,100,0.01,0.24,467.74060534157326,467.74060534157326,0.0,0.0,11,0.5,0.1,0,0,0,0,0.29200000000000004,0.656,0.492,0.0,467.74060534157326
P-n16-k8,pso,22,13,15,1,16.4,8.138795979750322,35,100,0.01,0.26,467.74060534157326,467.74060534157326,0.0,0.0,12,0.5,0.1,0,0,0,0,0.30800000000000005,0.644,0.508,0.0,467.74060534157326
P-n16-k8,pso,22,14,15,1,16.4,8.138795979750322,35,100,0.01,0.28,467.74060534157326,467.74060534157326,0.0,0.0,13,0.5,0.1,0,0,0,0,0.32400000000000007,0.632,0.524,0.0,467.74060534157326
P-n16-k8,pso,22,15,15,1,16.4,8.138795979750322,35,100,0.01,0.3,467.74060534157326,467.74060534157326,0.0,0.0,14,0.5,0.1,0,0,0,0,0.33999999999999997,0.6200000000000001,0.54,0.0,467.74060534157326
P-n16-k8,pso,22,16,15,1,16.4,8.138795979750322,35,100,0.01,0.32,467.74060534157326,467.74060534157326,0.0,0.0,15,0.5,0.1,0,0,0,0,0.356,0.6080000000000001,0.556,0.0,467.74060534157326
P-n16-k8,pso,22,17,15,1,16.4,8.138795979750322,35,100,0.01,0.34,467.74060534157326,467.74060534157326,0.0,0.0,16,0.5,0.1,0,0,0,0,0.372,0.5960000000000001,0.5720000000000001,0.0,467.74060534157326
P-n16-k8,pso,22,18,15,1,16.4,8.138795979750322,35,100,0.01,0.36,467.74060534157326,467.74060534157326,0.0,0.0,17,0.5,0.1,0,0,0,0,0.388,0.5840000000000001,0.588,0.0,467.74060534157326
P-n16-k8,pso,22,19,15,1,16.4,8.138795979750322,35,100,0.01,0.38,467.74060534157326,467.74060534157326,0.0,0.0,18,0.5,0.1,0,0,0,0,0.404,0.5720000000000001,0.6040000000000001,0.0,467.74060534157326
P-n16-k8,pso,22,20,15,1,16.4,8.138795979750322,35,100,0.01,0.4,467.74060534157326,467.74060534157326,0.0,0.0,19,0.5,0.1,0,0,0,0,0.42000000000000004,0.56,0.6200000000000001,0.0,467.74060534157326
P-n16-k8,pso,22,21,15,1,16.4,8.138795979750322,35,100,0.01,0.42,467.74060534157326,467.74060534157326,0.0,0.0,19,0.5,0.1,0,0,0,0,0.43600000000000005,0.548,0.636,0.0,467.74060534157326
P-n16-k8,pso,22,22,15,1,16.4,8.138795979750322,35,100,0.01,0.44,467.74060534157326,467.74060534157326,0.0,0.0,19,0.5,0.1,0,0,0,0,0.45200000000000007,0.536,0.652,0.0,467.74060534157326
P-n16-k8,pso,22,23,15,1,16.4,8.138795979750322,35,100,0.01,0.46,467.74060534157326,467.74060534157326,0.0,0.0,19,0.5,0.1,0,0,0,0,0.4680000000000001,0.524,0.668,0.0,467.74060534157326
P-n16-k8,pso,22,24,15,1,16.4,8.138795979750322,35,100,0.01,0.48,467.74060534157326,467.74060534157326,0.0,0.0,19,0.5,0.1,0,0,0,0,0.484,0.512,0.6839999999999999,0.0,467.74060534157326
P-n16-k8,pso,22,25,15,1,16.4,8.138795979750322,35,100,0.01,0.5,467.74060534157326,467.74060534157326,0.0,0.0,19,0.5,0.1,0,0,0,0,0.5,0.5,0.7,0.0,467.74060534157326
P-n16-k8,pso,22,26,15,1,16.4,8.138795979750322,35,100,0.01,0.52,467.74060534157326,467.74060534157326,0.0,0.0,19,0.5,0.1,0,0,0,0,0.516,0.48800000000000004,0.6839999999999999,0.0,467.74060534157326
P-n16-k8,pso,22,27,15,1,16.4,8.138795979750322,35,100,0.01,0.54,467.74060534157326,467.74060534157326,0.0,0.0,19,0.5,0.1,0,0,0,0,0.532,0.47600000000000003,0.6679999999999999,0.0,467.74060534157326
P-n16-k8,pso,22,28,15,1,16.4,8.138795979750322,35,100,0.01,0.56,467.74060534157326,467.74060534157326,0.0,0.0,19,0.5,0.1,0,0,0,0,0.548,0.464,0.6519999999999999,0.0,467.74060534157326
P-n16-k8,pso,22,29,15,1,16.4,8.138795979750322,35,100,0.01,0.58,467.74060534157326,467.74060534157326,0.0,0.0,19,0.5,0.1,0,0,0,0,0.564,0.45200000000000007,0.6360000000000001,0.0,467.74060534157326
P-n16-k8,pso,22,30,15,1,16.4,8.138795979750322,35,100,0.01,0.6,467.74060534157326,467.74060534157326,0.0,0.0,19,0.5,0.1,0,0,0,0,0.58,0.44000000000000006,0.6200000000000001,0.0,467.74060534157326
P-n16-k8,pso,22,31,15,1,16.4,8.138795979750322,35,100,0.01,0.62,467.74060534157326,467.74060534157326,0.0,0.0,19,0.5,0.1,0,0,0,0,0.596,0.42800000000000005,0.6040000000000001,0.0,467.74060534157326
P-n16-k8,pso,22,32,15,1,16.4,8.138795979750322,35,100,0.01,0.64,467.74060534157326,467.74060534157326,0.0,0.0,19,0.5,0.1,0,0,0,0,0.612,0.41600000000000004,0.588,0.0,467.74060534157326
P-n16-k8,pso,22,33,15,1,16.4,8.138795979750322,35,100,0.01,0.66,467.74060534157326,467.74060534157326,0.0,0.0,19,0.5,0.1,0,0,0,0,0.628,0.404,0.572,0.0,467.74060534157326
P-n16-k8,pso,22,34,15,1,16.4,8.138795979750322,35,100,0.01,0.68,467.74060534157326,467.74060534157326,0.0,0.0,19,0.5,0.1,0,0,0,0,0.644,0.392,0.5559999999999999,0.0,467.74060534157326
P-n16-k8,pso,22,35,15,1,16.4,8.138795979750322,35,100,0.01,0.7,467.74060534157326,467.74060534157326,0.0,0.0,19,0.5,0.1,0,0,0,0,0.6599999999999999,0.38000000000000006,0.54,0.0,467.74060534157326
P-n16-k8,pso,22,36,15,1,16.4,8.138795979750322,35,100,0.01,0.72,467.74060534157326,467.74060534157326,0.0,0.0,19,0.5,0.1,0,0,0,0,0.6759999999999999,0.36800000000000005,0.524,0.0,467.74060534157326
P-n16-k8,pso,22,37,15,1,16.4,8.138795979750322,35,100,0.01,0.74,467.74060534157326,467.74060534157326,0.0,0.0,19,0.5,0.1,0,0,0,0,0.692,0.35600000000000004,0.508,0.0,467.74060534157326
P-n16-k8,pso,22,38,15,1,16.4,8.138795979750322,35,100,0.01,0.76,467.74060534157326,467.74060534157326,0.0,0.0,19,0.5,0.1,0,0,0,0,0.7080000000000001,0.3440000000000001,0.492,0.0,467.74060534157326
P-n16-k8,pso,22,39,15,1,16.4,8.138795979750322,35,100,0.01,0.78,467.74060534157326,467.74060534157326,0.0,0.0,19,0.5,0.1,0,0,0,0,0.7240000000000001,0.3320000000000001,0.476,0.0,467.74060534157326
P-n16-k8,pso,22,40,15,1,16.4,8.138795979750322,35,100,0.01,0.8,467.74060534157326,467.74060534157326,0.0,0.0,19,0.5,0.1,0,0,0,0,0.7400000000000001,0.32000000000000006,0.45999999999999996,0.0,467.74060534157326
P-n16-k8,pso,22,41,15,1,16.4,8.138795979750322,35,100,0.01,0.82,467.74060534157326,467.74060534157326,0.0,0.0,19,0.5,0.1,0,0,0,0,0.756,0.3080000000000001,0.44400000000000006,0.0,467.74060534157326
P-n16-k8,pso,22,42,15,1,16.4,8.138795979750322,35,100,0.01,0.84,467.74060534157326,467.74060534157326,0.0,0.0,19,0.5,0.1,0,0,0,0,0.772,0.29600000000000004,0.42800000000000005,0.0,467.74060534157326
P-n16-k8,pso,22,43,15,1,16.4,8.138795979750322,35,100,0.01,0.86,467.74060534157326,467.74060534157326,0.0,0.0,19,0.5,0.1,0,0,0,0,0.788,0.28400000000000003,0.41200000000000003,0.0,467.74060534157326
P-n16-k8,pso,22,44,15,1,16.4,8.138795979750322,35,100,0.01,0.88,467.74060534157326,467.74060534157326,0.0,0.0,19,0.5,0.1,0,0,0,0,0.804,0.272,0.396,0.0,467.74060534157326
P-n16-k8,pso,22,45,15,1,16.4,8.138795979750322,35,100,0.01,0.9,467.74060534157326,467.74060534157326,0.0,0.0,19,0.5,0.1,0,0,0,0,0.8200000000000001,0.26,0.38,0.0,467.74060534157326
P-n16-k8,pso,22,46,15,1,16.4,8.138795979750322,35,100,0.01,0.92,467.74060534157326,467.74060534157326,0.0,0.0,19,0.5,0.1,0,0,0,0,0.8360000000000001,0.248,0.364,0.0,467.74060534157326
P-n16-k8,pso,22,47,15,1,16.4,8.138795979750322,35,100,0.01,0.94,467.74060534157326,467.74060534157326,0.0,0.0,19,0.5,0.1,0,0,0,0,0.852,0.2360000000000001,0.34800000000000003,0.0,467.74060534157326
P-n16-k8,pso,22,48,15,1,16.4,8.138795979750322,35,100,0.01,0.96,467.74060534157326,467.74060534157326,0.0,0.0,19,0.5,0.1,0,0,0,0,0.868,0.2240000000000001,0.332,0.0,467.74060534157326
P-n16-k8,pso,22,49,15,1,16.4,8.138795979750322,35,100,0.01,0.98,467.74060534157326,467.74060534157326,0.0,0.0,19,0.5,0.1,0,0,0,0,0.884,0.21200000000000008,0.316,0.0,467.74060534157326
P-n16-k8,pso,23,0,15,1,16.4,8.138795979750322,35,100,0.01,0.0,1000.0,1000.0,100.0,0.0,0,0.5,0.1,0,0,0,0,0.1,0.8,0.3,0.0,467.74060534157326
P-n16-k8,pso,23,1,15,1,16.4,8.138795979750322,35,100,0.01,0.02,467.74060534157326,467.74060534157326,100.0,0.0,0,0.5,0.1,0,0,0,0,0.116,0.788,0.316,0.0,467.74060534157326
P-n16-k8,pso,23,2,15,1,16.4,8.138795979750322,35,100,0.01,0.04,467.74060534157326,467.74060534157326,100.0,0.0,0,0.5,0.1,0,0,0,0,0.132,0.776,0.33199999999999996,0.0,467.74060534157326
P-n16-k8,pso,23,3,15,1,16.4,8.138795979750322,35,100,0.01,0.06,467.74060534157326,467.74060534157326,100.0,0.0,0,0.5,0.1,0,0,0,0,0.14800000000000002,0.764,0.348,0.0,467.74060534157326
P-n16-k8,pso,23,4,15,1,16.4,8.138795979750322,35,100,0.01,0.08,467.74060534157326,467.74060534157326,100.0,0.0,0,0.5,0.1,0,0,0,0,0.164,0.752,0.364,0.0,467.74060534157326
P-n16-k8,pso,23,5,15,1,16.4,8.138795979750322,35,100,0.01,0.1,467.74060534157326,467.74060534157326,100.0,0.0,0,0.5,0.1,0,0,0,0,0.18000000000000002,0.74,0.38,0.0,467.74060534157326
P-n16-k8,pso,23,6,15,1,16.4,8.138795979750322,35,100,0.01,0.12,467.74060534157326,467.74060534157326,100.0,0.0,0,0.5,0.1,0,0,0,0,0.196,0.7280000000000001,0.396,0.0,467.74060534157326
P-n16-k8,pso,23,7,15,1,16.4,8.138795979750322,35,100,0.01,0.14,467.74060534157326,467.7406053415733,100.0,0.0,0,0.5,0.1,0,0,0,0,0.21200000000000002,0.7160000000000001,0.41200000000000003,0.0,467.74060534157326
P-n16-k8,pso,23,8,15,1,16.4,8.138795979750322,35,100,0.01,0.16,467.74060534157326,467.74060534157326,100.0,0.0,0,0.5,0.1,0,0,0,0,0.228,0.7040000000000001,0.42800000000000005,0.0,467.74060534157326
P-n16-k8,pso,23,9,15,1,16.4,8.138795979750322,35,100,0.01,0.18,467.74060534157326,467.7406053415732,100.0,0.0,0,0.5,0.1,0,0,0,0,0.244,0.6920000000000001,0.44399999999999995,0.0,467.74060534157326
P-n16-k8,pso,23,10,15,1,16.4,8.138795979750322,35,100,0.01,0.2,467.74060534157326,467.74060534157326,100.0,0.0,0,0.5,0.1,0,0,0,0,0.26,0.68,0.46,0.0,467.74060534157326
P-n16-k8,pso,23,11,15,1,16.4,8.138795979750322,35,100,0.01,0.22,467.74060534157326,467.74060534157326,0.0,0.0,10,0.5,0.1,0,0,0,0,0.276,0.668,0.476,0.0,467.74060534157326
P-n16-k8,pso,23,12,15,1,16.4,8.138795979750322,35,100,0.01,0.24,467.74060534157326,467.74060534157326,0.0,0.0,11,0.5,0.1,0,0,0,0,0.29200000000000004,0.656,0.492,0.0,467.74060534157326
P-n16-k8,pso,23,13,15,1,16.4,8.138795979750322,35,100,0.01,0.26,467.74060534157326,467.74060534157326,0.0,0.0,12,0.5,0.1,0,0,0,0,0.30800000000000005,0.644,0.508,0.0,467.74060534157326
P-n16-k8,pso,23,14,15,1,16.4,8.138795979750322,35,100,0.01,0.28,467.74060534157326,467.74060534157326,0.0,0.0,13,0.5,0.1,0,0,0,0,0.32400000000000007,0.632,0.524,0.0,467.74060534157326
P-n16-k8,pso,23,15,15,1,16.4,8.138795979750322,35,100,0.01,0.3,467.74060534157326,467.74060534157326,0.0,0.0,14,0.5,0.1,0,0,0,0,0.33999999999999997,0.6200000000000001,0.54,0.0,467.74060534157326
P-n16-k8,pso,23,16,15,1,16.4,8.138795979750322,35,100,0.01,0.32,467.74060534157326,467.74060534157326,0.0,0.0,15,0.5,0.1,0,0,0,0,0.356,0.6080000000000001,0.556,0.0,467.74060534157326
P-n16-k8,pso,23,17,15,1,16.4,8.138795979750322,35,100,0.01,0.34,467.74060534157326,467.74060534157326,0.0,0.0,16,0.5,0.1,0,0,0,0,0.372,0.5960000000000001,0.5720000000000001,0.0,467.74060534157326
P-n16-k8,pso,23,18,15,1,16.4,8.138795979750322,35,100,0.01,0.36,467.74060534157326,467.74060534157326,0.0,0.0,17,0.5,0.1,0,0,0,0,0.388,0.5840000000000001,0.588,0.0,467.74060534157326
P-n16-k8,pso,23,19,15,1,16.4,8.138795979750322,35,100,0.01,0.38,467.74060534157326,467.74060534157326,0.0,0.0,18,0.5,0.1,0,0,0,0,0.404,0.5720000000000001,0.6040000000000001,0.0,467.74060534157326
P-n16-k8,pso,23,20,15,1,16.4,8.138795979750322,35,100,0.01,0.4,467.74060534157326,467.74060534157326,0.0,0.0,19,0.5,0.1,0,0,0,0,0.42000000000000004,0.56,0.6200000000000001,0.0,467.74060534157326
P-n16-k8,pso,23,21,15,1,16.4,8.138795979750322,35,100,0.01,0.42,467.74060534157326,467.74060534157326,0.0,0.0,19,0.5,0.1,0,0,0,0,0.43600000000000005,0.548,0.636,0.0,467.74060534157326
P-n16-k8,pso,23,22,15,1,16.4,8.138795979750322,35,100,0.01,0.44,467.74060534157326,467.74060534157326,0.0,0.0,19,0.5,0.1,0,0,0,0,0.45200000000000007,0.536,0.652,0.0,467.74060534157326
P-n16-k8,pso,23,23,15,1,16.4,8.138795979750322,35,100,0.01,0.46,467.74060534157326,467.74060534157326,0.0,0.0,19,0.5,0.1,0,0,0,0,0.4680000000000001,0.524,0.668,0.0,467.74060534157326
P-n16-k8,pso,23,24,15,1,16.4,8.138795979750322,35,100,0.01,0.48,467.74060534157326,467.74060534157326,0.0,0.0,19,0.5,0.1,0,0,0,0,0.484,0.512,0.6839999999999999,0.0,467.74060534157326
P-n16-k8,pso,23,25,15,1,16.4,8.138795979750322,35,100,0.01,0.5,467.74060534157326,467.74060534157326,0.0,0.0,19,0.5,0.1,0,0,0,0,0.5,0.5,0.7,0.0,467.74060534157326
P-n16-k8,pso,23,26,15,1,16.4,8.138795979750322,35,100,0.01,0.52,467.74060534157326,467.74060534157326,0.0,0.0,19,0.5,0.1,0,0,0,0,0.516,0.48800000000000004,0.6839999999999999,0.0,467.74060534157326
P-n16-k8,pso,23,27,15,1,16.4,8.138795979750322,35,100,0.01,0.54,467.74060534157326,467.74060534157326,0.0,0.0,19,0.5,0.1,0,0,0,0,0.532,0.47600000000000003,0.6679999999999999,0.0,467.74060534157326
P-n16-k8,pso,23,28,15,1,16.4,8.138795979750322,35,100,0.01,0.56,467.74060534157326,467.74060534157326,0.0,0.0,19,0.5,0.1,0,0,0,0,0.548,0.464,0.6519999999999999,0.0,467.74060534157326
P-n16-k8,pso,23,29,15,1,16.4,8.138795979750322,35,100,0.01,0.58,467.74060534157326,467.74060534157326,0.0,0.0,19,0.5,0.1,0,0,0,0,0.564,0.45200000000000007,0.6360000000000001,0.0,467.74060534157326
P-n16-k8,pso,23,30,15,1,16.4,8.138795979750322,35,100,0.01,0.6,467.74060534157326,467.74060534157326,0.0,0.0,19,0.5,0.1,0,0,0,0,0.58,0.44000000000000006,0.6200000000000001,0.0,467.74060534157326
P-n16-k8,pso,23,31,15,1,16.4,8.138795979750322,35,100,0.01,0.62,467.74060534157326,467.74060534157326,0.0,0.0,19,0.5,0.1,0,0,0,0,0.596,0.42800000000000005,0.6040000000000001,0.0,467.74060534157326
P-n16-k8,pso,23,32,15,1,16.4,8.138795979750322,35,100,0.01,0.64,467.74060534157326,467.74060534157326,0.0,0.0,19,0.5,0.1,0,0,0,0,0.612,0.41600000000000004,0.588,0.0,467.74060534157326
P-n16-k8,pso,23,33,15,1,16.4,8.138795979750322,35,100,0.01,0.66,467.74060534157326,467.74060534157326,0.0,0.0,19,0.5,0.1,0,0,0,0,0.628,0.404,0.572,0.0,467.74060534157326
P-n16-k8,pso,23,34,15,1,16.4,8.138795979750322,35,100,0.01,0.68,467.74060534157326,467.74060534157326,0.0,0.0,19,0.5,0.1,0,0,0,0,0.644,0.392,0.5559999999999999,0.0,467.74060534157326
P-n16-k8,pso,23,35,15,1,16.4,8.138795979750322,35,100,0.01,0.7,467.74060534157326,467.74060534157326,0.0,0.0,19,0.5,0.1,0,0,0,0,0.6599999999999999,0.38000000000000006,0.54,0.0,467.74060534157326
P-n16-k8,pso,23,36,15,1,16.4,8.138795979750322,35,100,0.01,0.72,467.74060534157326,467.74060534157326,0.0,0.0,19,0.5,0.1,0,0,0,0,0.6759999999999999,0.36800000000000005,0.524,0.0,467.74060534157326
P-n16-k8,pso,23,37,15,1,16.4,8.138795979750322,35,100,0.01,0.74,467.74060534157326,467.74060534157326,0.0,0.0,19,0.5,0.1,0,0,0,0,0.692,0.35600000000000004,0.508,0.0,467.74060534157326
P-n16-k8,pso,23,38,15,1,16.4,8.138795979750322,35,100,0.01,0.76,467.74060534157326,467.74060534157326,0.0,0.0,19,0.5,0.1,0,0,0,0,0.7080000000000001,0.3440000000000001,0.492,0.0,467.74060534157326
P-n16-k8,pso,23,39,15,1,16.4,8.138795979750322,35,100,0.01,0.78,467.74060534157326,467.74060534157326,0.0,0.0,19,0.5,0.1,0,0,0,0,0.7240000000000001,0.3320000000000001,0.476,0.0,467.74060534157326
P-n16-k8,pso,23,40,15,1,16.4,8.138795979750322,35,100,0.01,0.8,467.74060534157326,467.74060534157326,0.0,0.0,19,0.5,0.1,0,0,0,0,0.7400000000000001,0.32000000000000006,0.45999999999999996,0.0,467.74060534157326
P-n16-k8,pso,23,41,15,1,16.4,8.138795979750322,35,100,0.01,0.82,467.74060534157326,467.74060534157326,0.0,0.0,19,0.5,0.1,0,0,0,0,0.756,0.3080000000000001,0.44400000000000006,0.0,467.74060534157326
P-n16-k8,pso,23,42,15,1,16.4,8.138795979750322,35,100,0.01,0.84,467.74060534157326,467.74060534157326,0.0,0.0,19,0.5,0.1,0,0,0,0,0.772,0.29600000000000004,0.42800000000000005,0.0,467.74060534157326
P-n16-k8,pso,23,43,15,1,16.4,8.138795979750322,35,100,0.01,0.86,467.74060534157326,467.74060534157326,0.0,0.0,19,0.5,0.1,0,0,0,0,0.788,0.28400000000000003,0.41200000000000003,0.0,467.74060534157326
P-n16-k8,pso,23,44,15,1,16.4,8.138795979750322,35,100,0.01,0.88,467.74060534157326,467.74060534157326,0.0,0.0,19,0.5,0.1,0,0,0,0,0.804,0.272,0.396,0.0,467.74060534157326
P-n16-k8,pso,23,45,15,1,16.4,8.138795979750322,35,100,0.01,0.9,467.74060534157326,467.74060534157326,0.0,0.0,19,0.5,0.1,0,0,0,0,0.8200000000000001,0.26,0.38,0.0,467.74060534157326
P-n16-k8,pso,23,46,15,1,16.4,8.138795979750322,35,100,0.01,0.92,467.74060534157326,467.74060534157326,0.0,0.0,19,0.5,0.1,0,0,0,0,0.8360000000000001,0.248,0.364,0.0,467.74060534157326
P-n16-k8,pso,23,47,15,1,16.4,8.138795979750322,35,100,0.01,0.94,467.74060534157326,467.74060534157326,0.0,0.0,19,0.5,0.1,0,0,0,0,0.852,0.2360000000000001,0.34800000000000003,0.0,467.74060534157326
P-n16-k8,pso,23,48,15,1,16.4,8.138795979750322,35,100,0.01,0.96,467.74060534157326,467.74060534157326,0.0,0.0,19,0.5,0.1,0,0,0,0,0.868,0.2240000000000001,0.332,0.0,467.74060534157326
P-n16-k8,pso,23,49,15,1,16.4,8.138795979750322,35,100,0.01,0.98,467.74060534157326,467.74060534157326,0.0,0.0,19,0.5,0.1,0,0,0,0,0.884,0.21200000000000008,0.316,0.0,467.74060534157326
P-n16-k8,pso,24,0,15,1,16.4,8.138795979750322,35,100,0.01,0.0,1000.0,1000.0,100.0,0.0,0,0.5,0.1,0,0,0,0,0.1,0.8,0.3,0.0,467.74060534157326
P-n16-k8,pso,24,1,15,1,16.4,8.138795979750322,35,100,0.01,0.02,467.74060534157326,467.74060534157326,100.0,0.0,0,0.5,0.1,0,0,0,0,0.116,0.788,0.316,0.0,467.74060534157326
P-n16-k8,pso,24,2,15,1,16.4,8.138795979750322,35,100,0.01,0.04,467.74060534157326,467.74060534157326,100.0,0.0,0,0.5,0.1,0,0,0,0,0.132,0.776,0.33199999999999996,0.0,467.74060534157326
P-n16-k8,pso,24,3,15,1,16.4,8.138795979750322,35,100,0.01,0.06,467.74060534157326,467.74060534157326,100.0,0.0,0,0.5,0.1,0,0,0,0,0.14800000000000002,0.764,0.348,0.0,467.74060534157326
P-n16-k8,pso,24,4,15,1,16.4,8.138795979750322,35,100,0.01,0.08,467.74060534157326,467.74060534157326,100.0,0.0,0,0.5,0.1,0,0,0,0,0.164,0.752,0.364,0.0,467.74060534157326
P-n16-k8,pso,24,5,15,1,16.4,8.138795979750322,35,100,0.01,0.1,467.74060534157326,467.74060534157326,100.0,0.0,0,0.5,0.1,0,0,0,0,0.18000000000000002,0.74,0.38,0.0,467.74060534157326
P-n16-k8,pso,24,6,15,1,16.4,8.138795979750322,35,100,0.01,0.12,467.74060534157326,467.74060534157326,100.0,0.0,0,0.5,0.1,0,0,0,0,0.196,0.7280000000000001,0.396,0.0,467.74060534157326
P-n16-k8,pso,24,7,15,1,16.4,8.138795979750322,35,100,0.01,0.14,467.74060534157326,467.7406053415733,100.0,0.0,0,0.5,0.1,0,0,0,0,0.21200000000000002,0.7160000000000001,0.41200000000000003,0.0,467.74060534157326
P-n16-k8,pso,24,8,15,1,16.4,8.138795979750322,35,100,0.01,0.16,467.74060534157326,467.74060534157326,100.0,0.0,0,0.5,0.1,0,0,0,0,0.228,0.7040000000000001,0.42800000000000005,0.0,467.74060534157326
P-n16-k8,pso,24,9,15,1,16.4,8.138795979750322,35,100,0.01,0.18,467.74060534157326,467.7406053415732,100.0,0.0,0,0.5,0.1,0,0,0,0,0.244,0.6920000000000001,0.44399999999999995,0.0,467.74060534157326
P-n16-k8,pso,24,10,15,1,16.4,8.138795979750322,35,100,0.01,0.2,467.74060534157326,467.74060534157326,100.0,0.0,0,0.5,0.1,0,0,0,0,0.26,0.68,0.46,0.0,467.74060534157326
P-n16-k8,pso,24,11,15,1,16.4,8.138795979750322,35,100,0.01,0.22,467.74060534157326,467.74060534157326,0.0,0.0,10,0.5,0.1,0,0,0,0,0.276,0.668,0.476,0.0,467.74060534157326
P-n16-k8,pso,24,12,15,1,16.4,8.138795979750322,35,100,0.01,0.24,467.74060534157326,467.74060534157326,0.0,0.0,11,0.5,0.1,0,0,0,0,0.29200000000000004,0.656,0.492,0.0,467.74060534157326
P-n16-k8,pso,24,13,15,1,16.4,8.138795979750322,35,100,0.01,0.26,467.74060534157326,467.74060534157326,0.0,0.0,12,0.5,0.1,0,0,0,0,0.30800000000000005,0.644,0.508,0.0,467.74060534157326
P-n16-k8,pso,24,14,15,1,16.4,8.138795979750322,35,100,0.01,0.28,467.74060534157326,467.74060534157326,0.0,0.0,13,0.5,0.1,0,0,0,0,0.32400000000000007,0.632,0.524,0.0,467.74060534157326
P-n16-k8,pso,24,15,15,1,16.4,8.138795979750322,35,100,0.01,0.3,467.74060534157326,467.74060534157326,0.0,0.0,14,0.5,0.1,0,0,0,0,0.33999999999999997,0.6200000000000001,0.54,0.0,467.74060534157326
P-n16-k8,pso,24,16,15,1,16.4,8.138795979750322,35,100,0.01,0.32,467.74060534157326,467.74060534157326,0.0,0.0,15,0.5,0.1,0,0,0,0,0.356,0.6080000000000001,0.556,0.0,467.74060534157326
P-n16-k8,pso,24,17,15,1,16.4,8.138795979750322,35,100,0.01,0.34,467.74060534157326,467.74060534157326,0.0,0.0,16,0.5,0.1,0,0,0,0,0.372,0.5960000000000001,0.5720000000000001,0.0,467.74060534157326
P-n16-k8,pso,24,18,15,1,16.4,8.138795979750322,35,100,0.01,0.36,467.74060534157326,467.74060534157326,0.0,0.0,17,0.5,0.1,0,0,0,0,0.388,0.5840000000000001,0.588,0.0,467.74060534157326
P-n16-k8,pso,24,19,15,1,16.4,8.138795979750322,35,100,0.01,0.38,467.74060534157326,467.74060534157326,0.0,0.0,18,0.5,0.1,0,0,0,0,0.404,0.5720000000000001,0.6040000000000001,0.0,467.74060534157326
P-n16-k8,pso,24,20,15,1,16.4,8.138795979750322,35,100,0.01,0.4,467.74060534157326,467.74060534157326,0.0,0.0,19,0.5,0.1,0,0,0,0,0.42000000000000004,0.56,0.6200000000000001,0.0,467.74060534157326
P-n16-k8,pso,24,21,15,1,16.4,8.138795979750322,35,100,0.01,0.42,467.74060534157326,467.74060534157326,0.0,0.0,19,0.5,0.1,0,0,0,0,0.43600000000000005,0.548,0.636,0.0,467.74060534157326
P-n16-k8,pso,24,22,15,1,16.4,8.138795979750322,35,100,0.01,0.44,467.74060534157326,467.74060534157326,0.0,0.0,19,0.5,0.1,0,0,0,0,0.45200000000000007,0.536,0.652,0.0,467.74060534157326
P-n16-k8,pso,24,23,15,1,16.4,8.138795979750322,35,100,0.01,0.46,467.74060534157326,467.74060534157326,0.0,0.0,19,0.5,0.1,0,0,0,0,0.4680000000000001,0.524,0.668,0.0,467.74060534157326
P-n16-k8,pso,24,24,15,1,16.4,8.138795979750322,35,100,0.01,0.48,467.74060534157326,467.74060534157326,0.0,0.0,19,0.5,0.1,0,0,0,0,0.484,0.512,0.6839999999999999,0.0,467.74060534157326
P-n16-k8,pso,24,25,15,1,16.4,8.138795979750322,35,100,0.01,0.5,467.74060534157326,467.74060534157326,0.0,0.0,19,0.5,0.1,0,0,0,0,0.5,0.5,0.7,0.0,467.74060534157326
P-n16-k8,pso,24,26,15,1,16.4,8.138795979750322,35,100,0.01,0.52,467.74060534157326,467.74060534157326,0.0,0.0,19,0.5,0.1,0,0,0,0,0.516,0.48800000000000004,0.6839999999999999,0.0,467.74060534157326
P-n16-k8,pso,24,27,15,1,16.4,8.138795979750322,35,100,0.01,0.54,467.74060534157326,467.74060534157326,0.0,0.0,19,0.5,0.1,0,0,0,0,0.532,0.47600000000000003,0.6679999999999999,0.0,467.74060534157326
P-n16-k8,pso,24,28,15,1,16.4,8.138795979750322,35,100,0.01,0.56,467.74060534157326,467.74060534157326,0.0,0.0,19,0.5,0.1,0,0,0,0,0.548,0.464,0.6519999999999999,0.0,467.74060534157326
P-n16-k8,pso,24,29,15,1,16.4,8.138795979750322,35,100,0.01,0.58,467.74060534157326,467.74060534157326,0.0,0.0,19,0.5,0.1,0,0,0,0,0.564,0.45200000000000007,0.6360000000000001,0.0,467.74060534157326
P-n16-k8,pso,24,30,15,1,16.4,8.138795979750322,35,100,0.01,0.6,467.74060534157326,467.74060534157326,0.0,0.0,19,0.5,0.1,0,0,0,0,0.58,0.44000000000000006,0.6200000000000001,0.0,467.74060534157326
P-n16-k8,pso,24,31,15,1,16.4,8.138795979750322,35,100,0.01,0.62,467.74060534157326,467.74060534157326,0.0,0.0,19,0.5,0.1,0,0,0,0,0.596,0.42800000000000005,0.6040000000000001,0.0,467.74060534157326
P-n16-k8,pso,24,32,15,1,16.4,8.138795979750322,35,100,0.01,0.64,467.74060534157326,467.74060534157326,0.0,0.0,19,0.5,0.1,0,0,0,0,0.612,0.41600000000000004,0.588,0.0,467.74060534157326
P-n16-k8,pso,24,33,15,1,16.4,8.138795979750322,35,100,0.01,0.66,467.74060534157326,467.74060534157326,0.0,0.0,19,0.5,0.1,0,0,0,0,0.628,0.404,0.572,0.0,467.74060534157326
P-n16-k8,pso,24,34,15,1,16.4,8.138795979750322,35,100,0.01,0.68,467.74060534157326,467.74060534157326,0.0,0.0,19,0.5,0.1,0,0,0,0,0.644,0.392,0.5559999999999999,0.0,467.74060534157326
P-n16-k8,pso,24,35,15,1,16.4,8.138795979750322,35,100,0.01,0.7,467.74060534157326,467.74060534157326,0.0,0.0,19,0.5,0.1,0,0,0,0,0.6599999999999999,0.38000000000000006,0.54,0.0,467.74060534157326
P-n16-k8,pso,24,36,15,1,16.4,8.138795979750322,35,100,0.01,0.72,467.74060534157326,467.74060534157326,0.0,0.0,19,0.5,0.1,0,0,0,0,0.6759999999999999,0.36800000000000005,0.524,0.0,467.74060534157326
P-n16-k8,pso,24,37,15,1,16.4,8.138795979750322,35,100,0.01,0.74,467.74060534157326,467.74060534157326,0.0,0.0,19,0.5,0.1,0,0,0,0,0.692,0.35600000000000004,0.508,0.0,467.74060534157326
P-n16-k8,pso,24,38,15,1,16.4,8.138795979750322,35,100,0.01,0.76,467.74060534157326,467.74060534157326,0.0,0.0,19,0.5,0.1,0,0,0,0,0.7080000000000001,0.3440000000000001,0.492,0.0,467.74060534157326
P-n16-k8,pso,24,39,15,1,16.4,8.138795979750322,35,100,0.01,0.78,467.74060534157326,467.74060534157326,0.0,0.0,19,0.5,0.1,0,0,0,0,0.7240000000000001,0.3320000000000001,0.476,0.0,467.74060534157326
P-n16-k8,pso,24,40,15,1,16.4,8.138795979750322,35,100,0.01,0.8,467.74060534157326,467.74060534157326,0.0,0.0,19,0.5,0.1,0,0,0,0,0.7400000000000001,0.32000000000000006,0.45999999999999996,0.0,467.74060534157326
P-n16-k8,pso,24,41,15,1,16.4,8.138795979750322,35,100,0.01,0.82,467.74060534157326,467.74060534157326,0.0,0.0,19,0.5,0.1,0,0,0,0,0.756,0.3080000000000001,0.44400000000000006,0.0,467.74060534157326
P-n16-k8,pso,24,42,15,1,16.4,8.138795979750322,35,100,0.01,0.84,467.74060534157326,467.74060534157326,0.0,0.0,19,0.5,0.1,0,0,0,0,0.772,0.29600000000000004,0.42800000000000005,0.0,467.74060534157326
P-n16-k8,pso,24,43,15,1,16.4,8.138795979750322,35,100,0.01,0.86,467.74060534157326,467.74060534157326,0.0,0.0,19,0.5,0.1,0,0,0,0,0.788,0.28400000000000003,0.41200000000000003,0.0,467.74060534157326
P-n16-k8,pso,24,44,15,1,16.4,8.138795979750322,35,100,0.01,0.88,467.74060534157326,467.74060534157326,0.0,0.0,19,0.5,0.1,0,0,0,0,0.804,0.272,0.396,0.0,467.74060534157326
P-n16-k8,pso,24,45,15,1,16.4,8.138795979750322,35,100,0.01,0.9,467.74060534157326,467.74060534157326,0.0,0.0,19,0.5,0.1,0,0,0,0,0.8200000000000001,0.26,0.38,0.0,467.74060534157326
P-n16-k8,pso,24,46,15,1,16.4,8.138795979750322,35,100,0.01,0.92,467.74060534157326,467.74060534157326,0.0,0.0,19,0.5,0.1,0,0,0,0,0.8360000000000001,0.248,0.364,0.0,467.74060534157326
P-n16-k8,pso,24,47,15,1,16.4,8.138795979750322,35,100,0.01,0.94,467.74060534157326,467.74060534157326,0.0,0.0,19,0.5,0.1,0,0,0,0,0.852,0.2360000000000001,0.34800000000000003,0.0,467.74060534157326
P-n16-k8,pso,24,48,15,1,16.4,8.138795979750322,35,100,0.01,0.96,467.74060534157326,467.74060534157326,0.0,0.0,19,0.5,0.1,0,0,0,0,0.868,0.2240000000000001,0.332,0.0,467.74060534157326
P-n16-k8,pso,24,49,15,1,16.4,8.138795979750322,35,100,0.01,0.98,467.74060534157326,467.74060534157326,0.0,0.0,19,0.5,0.1,0,0,0,0,0.884,0.21200000000000008,0.316,0.0,467.74060534157326
P-n16-k8,pso,25,0,15,1,16.4,8.138795979750322,35,100,0.01,0.0,1000.0,1000.0,100.0,0.0,0,0.5,0.1,0,0,0,0,0.1,0.8,0.3,0.0,467.74060534157326
P-n16-k8,pso,25,1,15,1,16.4,8.138795979750322,35,100,0.01,0.02,467.74060534157326,467.74060534157326,100.0,0.0,0,0.5,0.1,0,0,0,0,0.116,0.788,0.316,0.0,467.74060534157326
P-n16-k8,pso,25,2,15,1,16.4,8.138795979750322,35,100,0.01,0.04,467.74060534157326,467.74060534157326,100.0,0.0,0,0.5,0.1,0,0,0,0,0.132,0.776,0.33199999999999996,0.0,467.74060534157326
P-n16-k8,pso,25,3,15,1,16.4,8.138795979750322,35,100,0.01,0.06,467.74060534157326,467.74060534157326,100.0,0.0,0,0.5,0.1,0,0,0,0,0.14800000000000002,0.764,0.348,0.0,467.74060534157326
P-n16-k8,pso,25,4,15,1,16.4,8.138795979750322,35,100,0.01,0.08,467.74060534157326,467.74060534157326,100.0,0.0,0,0.5,0.1,0,0,0,0,0.164,0.752,0.364,0.0,467.74060534157326
P-n16-k8,pso,25,5,15,1,16.4,8.138795979750322,35,100,0.01,0.1,467.74060534157326,467.74060534157326,100.0,0.0,0,0.5,0.1,0,0,0,0,0.18000000000000002,0.74,0.38,0.0,467.74060534157326
P-n16-k8,pso,25,6,15,1,16.4,8.138795979750322,35,100,0.01,0.12,467.74060534157326,467.74060534157326,100.0,0.0,0,0.5,0.1,0,0,0,0,0.196,0.7280000000000001,0.396,0.0,467.74060534157326
P-n16-k8,pso,25,7,15,1,16.4,8.138795979750322,35,100,0.01,0.14,467.74060534157326,467.7406053415733,100.0,0.0,0,0.5,0.1,0,0,0,0,0.21200000000000002,0.7160000000000001,0.41200000000000003,0.0,467.74060534157326
P-n16-k8,pso,25,8,15,1,16.4,8.138795979750322,35,100,0.01,0.16,467.74060534157326,467.74060534157326,100.0,0.0,0,0.5,0.1,0,0,0,0,0.228,0.7040000000000001,0.42800000000000005,0.0,467.74060534157326
P-n16-k8,pso,25,9,15,1,16.4,8.138795979750322,35,100,0.01,0.18,467.74060534157326,467.7406053415732,100.0,0.0,0,0.5,0.1,0,0,0,0,0.244,0.6920000000000001,0.44399999999999995,0.0,467.74060534157326
P-n16-k8,pso,25,10,15,1,16.4,8.138795979750322,35,100,0.01,0.2,467.74060534157326,467.74060534157326,100.0,0.0,0,0.5,0.1,0,0,0,0,0.26,0.68,0.46,0.0,467.74060534157326
P-n16-k8,pso,25,11,15,1,16.4,8.138795979750322,35,100,0.01,0.22,467.74060534157326,467.74060534157326,0.0,0.0,10,0.5,0.1,0,0,0,0,0.276,0.668,0.476,0.0,467.74060534157326
P-n16-k8,pso,25,12,15,1,16.4,8.138795979750322,35,100,0.01,0.24,467.74060534157326,467.74060534157326,0.0,0.0,11,0.5,0.1,0,0,0,0,0.29200000000000004,0.656,0.492,0.0,467.74060534157326
P-n16-k8,pso,25,13,15,1,16.4,8.138795979750322,35,100,0.01,0.26,467.74060534157326,467.74060534157326,0.0,0.0,12,0.5,0.1,0,0,0,0,0.30800000000000005,0.644,0.508,0.0,467.74060534157326
P-n16-k8,pso,25,14,15,1,16.4,8.138795979750322,35,100,0.01,0.28,467.74060534157326,467.74060534157326,0.0,0.0,13,0.5,0.1,0,0,0,0,0.32400000000000007,0.632,0.524,0.0,467.74060534157326
P-n16-k8,pso,25,15,15,1,16.4,8.138795979750322,35,100,0.01,0.3,467.74060534157326,467.74060534157326,0.0,0.0,14,0.5,0.1,0,0,0,0,0.33999999999999997,0.6200000000000001,0.54,0.0,467.74060534157326
P-n16-k8,pso,25,16,15,1,16.4,8.138795979750322,35,100,0.01,0.32,467.74060534157326,467.74060534157326,0.0,0.0,15,0.5,0.1,0,0,0,0,0.356,0.6080000000000001,0.556,0.0,467.74060534157326
P-n16-k8,pso,25,17,15,1,16.4,8.138795979750322,35,100,0.01,0.34,467.74060534157326,467.74060534157326,0.0,0.0,16,0.5,0.1,0,0,0,0,0.372,0.5960000000000001,0.5720000000000001,0.0,467.74060534157326
P-n16-k8,pso,25,18,15,1,16.4,8.138795979750322,35,100,0.01,0.36,467.74060534157326,467.74060534157326,0.0,0.0,17,0.5,0.1,0,0,0,0,0.388,0.5840000000000001,0.588,0.0,467.74060534157326
P-n16-k8,pso,25,19,15,1,16.4,8.138795979750322,35,100,0.01,0.38,467.74060534157326,467.74060534157326,0.0,0.0,18,0.5,0.1,0,0,0,0,0.404,0.5720000000000001,0.6040000000000001,0.0,467.74060534157326
P-n16-k8,pso,25,20,15,1,16.4,8.138795979750322,35,100,0.01,0.4,467.74060534157326,467.74060534157326,0.0,0.0,19,0.5,0.1,0,0,0,0,0.42000000000000004,0.56,0.6200000000000001,0.0,467.74060534157326
P-n16-k8,pso,25,21,15,1,16.4,8.138795979750322,35,100,0.01,0.42,467.74060534157326,467.74060534157326,0.0,0.0,19,0.5,0.1,0,0,0,0,0.43600000000000005,0.548,0.636,0.0,467.74060534157326
P-n16-k8,pso,25,22,15,1,16.4,8.138795979750322,35,100,0.01,0.44,467.74060534157326,467.74060534157326,0.0,0.0,19,0.5,0.1,0,0,0,0,0.45200000000000007,0.536,0.652,0.0,467.74060534157326
P-n16-k8,pso,25,23,15,1,16.4,8.138795979750322,35,100,0.01,0.46,467.74060534157326,467.74060534157326,0.0,0.0,19,0.5,0.1,0,0,0,0,0.4680000000000001,0.524,0.668,0.0,467.74060534157326
P-n16-k8,pso,25,24,15,1,16.4,8.138795979750322,35,100,0.01,0.48,467.74060534157326,467.74060534157326,0.0,0.0,19,0.5,0.1,0,0,0,0,0.484,0.512,0.6839999999999999,0.0,467.74060534157326
P-n16-k8,pso,25,25,15,1,16.4,8.138795979750322,35,100,0.01,0.5,467.74060534157326,467.74060534157326,0.0,0.0,19,0.5,0.1,0,0,0,0,0.5,0.5,0.7,0.0,467.74060534157326
P-n16-k8,pso,25,26,15,1,16.4,8.138795979750322,35,100,0.01,0.52,467.74060534157326,467.74060534157326,0.0,0.0,19,0.5,0.1,0,0,0,0,0.516,0.48800000000000004,0.6839999999999999,0.0,467.74060534157326
P-n16-k8,pso,25,27,15,1,16.4,8.138795979750322,35,100,0.01,0.54,467.74060534157326,467.74060534157326,0.0,0.0,19,0.5,0.1,0,0,0,0,0.532,0.47600000000000003,0.6679999999999999,0.0,467.74060534157326
P-n16-k8,pso,25,28,15,1,16.4,8.138795979750322,35,100,0.01,0.56,467.74060534157326,467.74060534157326,0.0,0.0,19,0.5,0.1,0,0,0,0,0.548,0.464,0.6519999999999999,0.0,467.74060534157326
P-n16-k8,pso,25,29,15,1,16.4,8.138795979750322,35,100,0.01,0.58,467.74060534157326,467.74060534157326,0.0,0.0,19,0.5,0.1,0,0,0,0,0.564,0.45200000000000007,0.6360000000000001,0.0,467.74060534157326
P-n16-k8,pso,25,30,15,1,16.4,8.138795979750322,35,100,0.01,0.6,467.74060534157326,467.74060534157326,0.0,0.0,19,0.5,0.1,0,0,0,0,0.58,0.44000000000000006,0.6200000000000001,0.0,467.74060534157326
P-n16-k8,pso,25,31,15,1,16.4,8.138795979750322,35,100,0.01,0.62,467.74060534157326,467.74060534157326,0.0,0.0,19,0.5,0.1,0,0,0,0,0.596,0.42800000000000005,0.6040000000000001,0.0,467.74060534157326
P-n16-k8,pso,25,32,15,1,16.4,8.138795979750322,35,100,0.01,0.64,467.74060534157326,467.74060534157326,0.0,0.0,19,0.5,0.1,0,0,0,0,0.612,0.41600000000000004,0.588,0.0,467.74060534157326
P-n16-k8,pso,25,33,15,1,16.4,8.138795979750322,35,100,0.01,0.66,467.74060534157326,467.74060534157326,0.0,0.0,19,0.5,0.1,0,0,0,0,0.628,0.404,0.572,0.0,467.74060534157326
P-n16-k8,pso,25,34,15,1,16.4,8.138795979750322,35,100,0.01,0.68,467.74060534157326,467.74060534157326,0.0,0.0,19,0.5,0.1,0,0,0,0,0.644,0.392,0.5559999999999999,0.0,467.74060534157326
P-n16-k8,pso,25,35,15,1,16.4,8.138795979750322,35,100,0.01,0.7,467.74060534157326,467.74060534157326,0.0,0.0,19,0.5,0.1,0,0,0,0,0.6599999999999999,0.38000000000000006,0.54,0.0,467.74060534157326
P-n16-k8,pso,25,36,15,1,16.4,8.138795979750322,35,100,0.01,0.72,467.74060534157326,467.74060534157326,0.0,0.0,19,0.5,0.1,0,0,0,0,0.6759999999999999,0.36800000000000005,0.524,0.0,467.74060534157326
P-n16-k8,pso,25,37,15,1,16.4,8.138795979750322,35,100,0.01,0.74,467.74060534157326,467.74060534157326,0.0,0.0,19,0.5,0.1,0,0,0,0,0.692,0.35600000000000004,0.508,0.0,467.74060534157326
P-n16-k8,pso,25,38,15,1,16.4,8.138795979750322,35,100,0.01,0.76,467.74060534157326,467.74060534157326,0.0,0.0,19,0.5,0.1,0,0,0,0,0.7080000000000001,0.3440000000000001,0.492,0.0,467.74060534157326
P-n16-k8,pso,25,39,15,1,16.4,8.138795979750322,35,100,0.01,0.78,467.74060534157326,467.74060534157326,0.0,0.0,19,0.5,0.1,0,0,0,0,0.7240000000000001,0.3320000000000001,0.476,0.0,467.74060534157326
P-n16-k8,pso,25,40,15,1,16.4,8.138795979750322,35,100,0.01,0.8,467.74060534157326,467.74060534157326,0.0,0.0,19,0.5,0.1,0,0,0,0,0.7400000000000001,0.32000000000000006,0.45999999999999996,0.0,467.74060534157326
P-n16-k8,pso,25,41,15,1,16.4,8.138795979750322,35,100,0.01,0.82,467.74060534157326,467.74060534157326,0.0,0.0,19,0.5,0.1,0,0,0,0,0.756,0.3080000000000001,0.44400000000000006,0.0,467.74060534157326
P-n16-k8,pso,25,42,15,1,16.4,8.138795979750322,35,100,0.01,0.84,467.74060534157326,467.74060534157326,0.0,0.0,19,0.5,0.1,0,0,0,0,0.772,0.29600000000000004,0.42800000000000005,0.0,467.74060534157326
P-n16-k8,pso,25,43,15,1,16.4,8.138795979750322,35,100,0.01,0.86,467.74060534157326,467.74060534157326,0.0,0.0,19,0.5,0.1,0,0,0,0,0.788,0.28400000000000003,0.41200000000000003,0.0,467.74060534157326
P-n16-k8,pso,25,44,15,1,16.4,8.138795979750322,35,100,0.01,0.88,467.74060534157326,467.74060534157326,0.0,0.0,19,0.5,0.1,0,0,0,0,0.804,0.272,0.396,0.0,467.74060534157326
P-n16-k8,pso,25,45,15,1,16.4,8.138795979750322,35,100,0.01,0.9,467.74060534157326,467.74060534157326,0.0,0.0,19,0.5,0.1,0,0,0,0,0.8200000000000001,0.26,0.38,0.0,467.74060534157326
P-n16-k8,pso,25,46,15,1,16.4,8.138795979750322,35,100,0.01,0.92,467.74060534157326,467.74060534157326,0.0,0.0,19,0.5,0.1,0,0,0,0,0.8360000000000001,0.248,0.364,0.0,467.74060534157326
P-n16-k8,pso,25,47,15,1,16.4,8.138795979750322,35,100,0.01,0.94,467.74060534157326,467.74060534157326,0.0,0.0,19,0.5,0.1,0,0,0,0,0.852,0.2360000000000001,0.34800000000000003,0.0,467.74060534157326
P-n16-k8,pso,25,48,15,1,16.4,8.138795979750322,35,100,0.01,0.96,467.74060534157326,467.74060534157326,0.0,0.0,19,0.5,0.1,0,0,0,0,0.868,0.2240000000000001,0.332,0.0,467.74060534157326
P-n16-k8,pso,25,49,15,1,16.4,8.138795979750322,35,100,0.01,0.98,467.74060534157326,467.74060534157326,0.0,0.0,19,0.5,0.1,0,0,0,0,0.884,0.21200000000000008,0.316,0.0,467.74060534157326
P-n16-k8,pso,26,0,15,1,16.4,8.138795979750322,35,100,0.01,0.0,1000.0,1000.0,100.0,0.0,0,0.5,0.1,0,0,0,0,0.1,0.8,0.3,0.0,467.74060534157326
P-n16-k8,pso,26,1,15,1,16.4,8.138795979750322,35,100,0.01,0.02,467.74060534157326,467.74060534157326,100.0,0.0,0,0.5,0.1,0,0,0,0,0.116,0.788,0.316,0.0,467.74060534157326
P-n16-k8,pso,26,2,15,1,16.4,8.138795979750322,35,100,0.01,0.04,467.74060534157326,467.74060534157326,100.0,0.0,0,0.5,0.1,0,0,0,0,0.132,0.776,0.33199999999999996,0.0,467.74060534157326
P-n16-k8,pso,26,3,15,1,16.4,8.138795979750322,35,100,0.01,0.06,467.74060534157326,467.74060534157326,100.0,0.0,0,0.5,0.1,0,0,0,0,0.14800000000000002,0.764,0.348,0.0,467.74060534157326
P-n16-k8,pso,26,4,15,1,16.4,8.138795979750322,35,100,0.01,0.08,467.74060534157326,467.74060534157326,100.0,0.0,0,0.5,0.1,0,0,0,0,0.164,0.752,0.364,0.0,467.74060534157326
P-n16-k8,pso,26,5,15,1,16.4,8.138795979750322,35,100,0.01,0.1,467.74060534157326,467.74060534157326,100.0,0.0,0,0.5,0.1,0,0,0,0,0.18000000000000002,0.74,0.38,0.0,467.74060534157326
P-n16-k8,pso,26,6,15,1,16.4,8.138795979750322,35,100,0.01,0.12,467.74060534157326,467.74060534157326,100.0,0.0,0,0.5,0.1,0,0,0,0,0.196,0.7280000000000001,0.396,0.0,467.74060534157326
P-n16-k8,pso,26,7,15,1,16.4,8.138795979750322,35,100,0.01,0.14,467.74060534157326,467.7406053415733,100.0,0.0,0,0.5,0.1,0,0,0,0,0.21200000000000002,0.7160000000000001,0.41200000000000003,0.0,467.74060534157326
P-n16-k8,pso,26,8,15,1,16.4,8.138795979750322,35,100,0.01,0.16,467.74060534157326,467.74060534157326,100.0,0.0,0,0.5,0.1,0,0,0,0,0.228,0.7040000000000001,0.42800000000000005,0.0,467.74060534157326
P-n16-k8,pso,26,9,15,1,16.4,8.138795979750322,35,100,0.01,0.18,467.74060534157326,467.7406053415732,100.0,0.0,0,0.5,0.1,0,0,0,0,0.244,0.6920000000000001,0.44399999999999995,0.0,467.74060534157326
P-n16-k8,pso,26,10,15,1,16.4,8.138795979750322,35,100,0.01,0.2,467.74060534157326,467.74060534157326,100.0,0.0,0,0.5,0.1,0,0,0,0,0.26,0.68,0.46,0.0,467.74060534157326
P-n16-k8,pso,26,11,15,1,16.4,8.138795979750322,35,100,0.01,0.22,467.74060534157326,467.74060534157326,0.0,0.0,10,0.5,0.1,0,0,0,0,0.276,0.668,0.476,0.0,467.74060534157326
P-n16-k8,pso,26,12,15,1,16.4,8.138795979750322,35,100,0.01,0.24,467.74060534157326,467.74060534157326,0.0,0.0,11,0.5,0.1,0,0,0,0,0.29200000000000004,0.656,0.492,0.0,467.74060534157326
P-n16-k8,pso,26,13,15,1,16.4,8.138795979750322,35,100,0.01,0.26,467.74060534157326,467.74060534157326,0.0,0.0,12,0.5,0.1,0,0,0,0,0.30800000000000005,0.644,0.508,0.0,467.74060534157326
P-n16-k8,pso,26,14,15,1,16.4,8.138795979750322,35,100,0.01,0.28,467.74060534157326,467.74060534157326,0.0,0.0,13,0.5,0.1,0,0,0,0,0.32400000000000007,0.632,0.524,0.0,467.74060534157326
P-n16-k8,pso,26,15,15,1,16.4,8.138795979750322,35,100,0.01,0.3,467.74060534157326,467.74060534157326,0.0,0.0,14,0.5,0.1,0,0,0,0,0.33999999999999997,0.6200000000000001,0.54,0.0,467.74060534157326
P-n16-k8,pso,26,16,15,1,16.4,8.138795979750322,35,100,0.01,0.32,467.74060534157326,467.74060534157326,0.0,0.0,15,0.5,0.1,0,0,0,0,0.356,0.6080000000000001,0.556,0.0,467.74060534157326
P-n16-k8,pso,26,17,15,1,16.4,8.138795979750322,35,100,0.01,0.34,467.74060534157326,467.74060534157326,0.0,0.0,16,0.5,0.1,0,0,0,0,0.372,0.5960000000000001,0.5720000000000001,0.0,467.74060534157326
P-n16-k8,pso,26,18,15,1,16.4,8.138795979750322,35,100,0.01,0.36,467.74060534157326,467.74060534157326,0.0,0.0,17,0.5,0.1,0,0,0,0,0.388,0.5840000000000001,0.588,0.0,467.74060534157326
P-n16-k8,pso,26,19,15,1,16.4,8.138795979750322,35,100,0.01,0.38,467.74060534157326,467.74060534157326,0.0,0.0,18,0.5,0.1,0,0,0,0,0.404,0.5720000000000001,0.6040000000000001,0.0,467.74060534157326
P-n16-k8,pso,26,20,15,1,16.4,8.138795979750322,35,100,0.01,0.4,467.74060534157326,467.74060534157326,0.0,0.0,19,0.5,0.1,0,0,0,0,0.42000000000000004,0.56,0.6200000000000001,0.0,467.74060534157326
P-n16-k8,pso,26,21,15,1,16.4,8.138795979750322,35,100,0.01,0.42,467.74060534157326,467.74060534157326,0.0,0.0,19,0.5,0.1,0,0,0,0,0.43600000000000005,0.548,0.636,0.0,467.74060534157326
P-n16-k8,pso,26,22,15,1,16.4,8.138795979750322,35,100,0.01,0.44,467.74060534157326,467.74060534157326,0.0,0.0,19,0.5,0.1,0,0,0,0,0.45200000000000007,0.536,0.652,0.0,467.74060534157326
P-n16-k8,pso,26,23,15,1,16.4,8.138795979750322,35,100,0.01,0.46,467.74060534157326,467.74060534157326,0.0,0.0,19,0.5,0.1,0,0,0,0,0.4680000000000001,0.524,0.668,0.0,467.74060534157326
P-n16-k8,pso,26,24,15,1,16.4,8.138795979750322,35,100,0.01,0.48,467.74060534157326,467.74060534157326,0.0,0.0,19,0.5,0.1,0,0,0,0,0.484,0.512,0.6839999999999999,0.0,467.74060534157326
P-n16-k8,pso,26,25,15,1,16.4,8.138795979750322,35,100,0.01,0.5,467.74060534157326,467.74060534157326,0.0,0.0,19,0.5,0.1,0,0,0,0,0.5,0.5,0.7,0.0,467.74060534157326
P-n16-k8,pso,26,26,15,1,16.4,8.138795979750322,35,100,0.01,0.52,467.74060534157326,467.74060534157326,0.0,0.0,19,0.5,0.1,0,0,0,0,0.516,0.48800000000000004,0.6839999999999999,0.0,467.74060534157326
P-n16-k8,pso,26,27,15,1,16.4,8.138795979750322,35,100,0.01,0.54,467.74060534157326,467.74060534157326,0.0,0.0,19,0.5,0.1,0,0,0,0,0.532,0.47600000000000003,0.6679999999999999,0.0,467.74060534157326
P-n16-k8,pso,26,28,15,1,16.4,8.138795979750322,35,100,0.01,0.56,467.74060534157326,467.74060534157326,0.0,0.0,19,0.5,0.1,0,0,0,0,0.548,0.464,0.6519999999999999,0.0,467.74060534157326
P-n16-k8,pso,26,29,15,1,16.4,8.138795979750322,35,100,0.01,0.58,467.74060534157326,467.74060534157326,0.0,0.0,19,0.5,0.1,0,0,0,0,0.564,0.45200000000000007,0.6360000000000001,0.0,467.74060534157326
P-n16-k8,pso,26,30,15,1,16.4,8.138795979750322,35,100,0.01,0.6,467.74060534157326,467.74060534157326,0.0,0.0,19,0.5,0.1,0,0,0,0,0.58,0.44000000000000006,0.6200000000000001,0.0,467.74060534157326
P-n16-k8,pso,26,31,15,1,16.4,8.138795979750322,35,100,0.01,0.62,467.74060534157326,467.74060534157326,0.0,0.0,19,0.5,0.1,0,0,0,0,0.596,0.42800000000000005,0.6040000000000001,0.0,467.74060534157326
P-n16-k8,pso,26,32,15,1,16.4,8.138795979750322,35,100,0.01,0.64,467.74060534157326,467.74060534157326,0.0,0.0,19,0.5,0.1,0,0,0,0,0.612,0.41600000000000004,0.588,0.0,467.74060534157326
P-n16-k8,pso,26,33,15,1,16.4,8.138795979750322,35,100,0.01,0.66,467.74060534157326,467.74060534157326,0.0,0.0,19,0.5,0.1,0,0,0,0,0.628,0.404,0.572,0.0,467.74060534157326
P-n16-k8,pso,26,34,15,1,16.4,8.138795979750322,35,100,0.01,0.68,467.74060534157326,467.74060534157326,0.0,0.0,19,0.5,0.1,0,0,0,0,0.644,0.392,0.5559999999999999,0.0,467.74060534157326
P-n16-k8,pso,26,35,15,1,16.4,8.138795979750322,35,100,0.01,0.7,467.74060534157326,467.74060534157326,0.0,0.0,19,0.5,0.1,0,0,0,0,0.6599999999999999,0.38000000000000006,0.54,0.0,467.74060534157326
P-n16-k8,pso,26,36,15,1,16.4,8.138795979750322,35,100,0.01,0.72,467.74060534157326,467.74060534157326,0.0,0.0,19,0.5,0.1,0,0,0,0,0.6759999999999999,0.36800000000000005,0.524,0.0,467.74060534157326
P-n16-k8,pso,26,37,15,1,16.4,8.138795979750322,35,100,0.01,0.74,467.74060534157326,467.74060534157326,0.0,0.0,19,0.5,0.1,0,0,0,0,0.692,0.35600000000000004,0.508,0.0,467.74060534157326
P-n16-k8,pso,26,38,15,1,16.4,8.138795979750322,35,100,0.01,0.76,467.74060534157326,467.74060534157326,0.0,0.0,19,0.5,0.1,0,0,0,0,0.7080000000000001,0.3440000000000001,0.492,0.0,467.74060534157326
P-n16-k8,pso,26,39,15,1,16.4,8.138795979750322,35,100,0.01,0.78,467.74060534157326,467.74060534157326,0.0,0.0,19,0.5,0.1,0,0,0,0,0.7240000000000001,0.3320000000000001,0.476,0.0,467.74060534157326
P-n16-k8,pso,26,40,15,1,16.4,8.138795979750322,35,100,0.01,0.8,467.74060534157326,467.74060534157326,0.0,0.0,19,0.5,0.1,0,0,0,0,0.7400000000000001,0.32000000000000006,0.45999999999999996,0.0,467.74060534157326
P-n16-k8,pso,26,41,15,1,16.4,8.138795979750322,35,100,0.01,0.82,467.74060534157326,467.74060534157326,0.0,0.0,19,0.5,0.1,0,0,0,0,0.756,0.3080000000000001,0.44400000000000006,0.0,467.74060534157326
P-n16-k8,pso,26,42,15,1,16.4,8.138795979750322,35,100,0.01,0.84,467.74060534157326,467.74060534157326,0.0,0.0,19,0.5,0.1,0,0,0,0,0.772,0.29600000000000004,0.42800000000000005,0.0,467.74060534157326
P-n16-k8,pso,26,43,15,1,16.4,8.138795979750322,35,100,0.01,0.86,467.74060534157326,467.74060534157326,0.0,0.0,19,0.5,0.1,0,0,0,0,0.788,0.28400000000000003,0.41200000000000003,0.0,467.74060534157326
P-n16-k8,pso,26,44,15,1,16.4,8.138795979750322,35,100,0.01,0.88,467.74060534157326,467.74060534157326,0.0,0.0,19,0.5,0.1,0,0,0,0,0.804,0.272,0.396,0.0,467.74060534157326
P-n16-k8,pso,26,45,15,1,16.4,8.138795979750322,35,100,0.01,0.9,467.74060534157326,467.74060534157326,0.0,0.0,19,0.5,0.1,0,0,0,0,0.8200000000000001,0.26,0.38,0.0,467.74060534157326
P-n16-k8,pso,26,46,15,1,16.4,8.138795979750322,35,100,0.01,0.92,467.74060534157326,467.74060534157326,0.0,0.0,19,0.5,0.1,0,0,0,0,0.8360000000000001,0.248,0.364,0.0,467.74060534157326
P-n16-k8,pso,26,47,15,1,16.4,8.138795979750322,35,100,0.01,0.94,467.74060534157326,467.74060534157326,0.0,0.0,19,0.5,0.1,0,0,0,0,0.852,0.2360000000000001,0.34800000000000003,0.0,467.74060534157326
P-n16-k8,pso,26,48,15,1,16.4,8.138795979750322,35,100,0.01,0.96,467.74060534157326,467.74060534157326,0.0,0.0,19,0.5,0.1,0,0,0,0,0.868,0.2240000000000001,0.332,0.0,467.74060534157326
P-n16-k8,pso,26,49,15,1,16.4,8.138795979750322,35,100,0.01,0.98,467.74060534157326,467.74060534157326,0.0,0.0,19,0.5,0.1,0,0,0,0,0.884,0.21200000000000008,0.316,0.0,467.74060534157326
P-n16-k8,pso,27,0,15,1,16.4,8.138795979750322,35,100,0.01,0.0,1000.0,1000.0,100.0,0.0,0,0.5,0.1,0,0,0,0,0.1,0.8,0.3,0.0,467.74060534157326
P-n16-k8,pso,27,1,15,1,16.4,8.138795979750322,35,100,0.01,0.02,467.74060534157326,467.74060534157326,100.0,0.0,0,0.5,0.1,0,0,0,0,0.116,0.788,0.316,0.0,467.74060534157326
P-n16-k8,pso,27,2,15,1,16.4,8.138795979750322,35,100,0.01,0.04,467.74060534157326,467.74060534157326,100.0,0.0,0,0.5,0.1,0,0,0,0,0.132,0.776,0.33199999999999996,0.0,467.74060534157326
P-n16-k8,pso,27,3,15,1,16.4,8.138795979750322,35,100,0.01,0.06,467.74060534157326,467.74060534157326,100.0,0.0,0,0.5,0.1,0,0,0,0,0.14800000000000002,0.764,0.348,0.0,467.74060534157326
P-n16-k8,pso,27,4,15,1,16.4,8.138795979750322,35,100,0.01,0.08,467.74060534157326,467.74060534157326,100.0,0.0,0,0.5,0.1,0,0,0,0,0.164,0.752,0.364,0.0,467.74060534157326
P-n16-k8,pso,27,5,15,1,16.4,8.138795979750322,35,100,0.01,0.1,467.74060534157326,467.74060534157326,100.0,0.0,0,0.5,0.1,0,0,0,0,0.18000000000000002,0.74,0.38,0.0,467.74060534157326
P-n16-k8,pso,27,6,15,1,16.4,8.138795979750322,35,100,0.01,0.12,467.74060534157326,467.74060534157326,100.0,0.0,0,0.5,0.1,0,0,0,0,0.196,0.7280000000000001,0.396,0.0,467.74060534157326
P-n16-k8,pso,27,7,15,1,16.4,8.138795979750322,35,100,0.01,0.14,467.74060534157326,467.7406053415733,100.0,0.0,0,0.5,0.1,0,0,0,0,0.21200000000000002,0.7160000000000001,0.41200000000000003,0.0,467.74060534157326
P-n16-k8,pso,27,8,15,1,16.4,8.138795979750322,35,100,0.01,0.16,467.74060534157326,467.74060534157326,100.0,0.0,0,0.5,0.1,0,0,0,0,0.228,0.7040000000000001,0.42800000000000005,0.0,467.74060534157326
P-n16-k8,pso,27,9,15,1,16.4,8.138795979750322,35,100,0.01,0.18,467.74060534157326,467.7406053415732,100.0,0.0,0,0.5,0.1,0,0,0,0,0.244,0.6920000000000001,0.44399999999999995,0.0,467.74060534157326
P-n16-k8,pso,27,10,15,1,16.4,8.138795979750322,35,100,0.01,0.2,467.74060534157326,467.74060534157326,100.0,0.0,0,0.5,0.1,0,0,0,0,0.26,0.68,0.46,0.0,467.74060534157326
P-n16-k8,pso,27,11,15,1,16.4,8.138795979750322,35,100,0.01,0.22,467.74060534157326,467.74060534157326,0.0,0.0,10,0.5,0.1,0,0,0,0,0.276,0.668,0.476,0.0,467.74060534157326
P-n16-k8,pso,27,12,15,1,16.4,8.138795979750322,35,100,0.01,0.24,467.74060534157326,467.74060534157326,0.0,0.0,11,0.5,0.1,0,0,0,0,0.29200000000000004,0.656,0.492,0.0,467.74060534157326
P-n16-k8,pso,27,13,15,1,16.4,8.138795979750322,35,100,0.01,0.26,467.74060534157326,467.74060534157326,0.0,0.0,12,0.5,0.1,0,0,0,0,0.30800000000000005,0.644,0.508,0.0,467.74060534157326
P-n16-k8,pso,27,14,15,1,16.4,8.138795979750322,35,100,0.01,0.28,467.74060534157326,467.74060534157326,0.0,0.0,13,0.5,0.1,0,0,0,0,0.32400000000000007,0.632,0.524,0.0,467.74060534157326
P-n16-k8,pso,27,15,15,1,16.4,8.138795979750322,35,100,0.01,0.3,467.74060534157326,467.74060534157326,0.0,0.0,14,0.5,0.1,0,0,0,0,0.33999999999999997,0.6200000000000001,0.54,0.0,467.74060534157326
P-n16-k8,pso,27,16,15,1,16.4,8.138795979750322,35,100,0.01,0.32,467.74060534157326,467.74060534157326,0.0,0.0,15,0.5,0.1,0,0,0,0,0.356,0.6080000000000001,0.556,0.0,467.74060534157326
P-n16-k8,pso,27,17,15,1,16.4,8.138795979750322,35,100,0.01,0.34,467.74060534157326,467.74060534157326,0.0,0.0,16,0.5,0.1,0,0,0,0,0.372,0.5960000000000001,0.5720000000000001,0.0,467.74060534157326
P-n16-k8,pso,27,18,15,1,16.4,8.138795979750322,35,100,0.01,0.36,467.74060534157326,467.74060534157326,0.0,0.0,17,0.5,0.1,0,0,0,0,0.388,0.5840000000000001,0.588,0.0,467.74060534157326
P-n16-k8,pso,27,19,15,1,16.4,8.138795979750322,35,100,0.01,0.38,467.74060534157326,467.74060534157326,0.0,0.0,18,0.5,0.1,0,0,0,0,0.404,0.5720000000000001,0.6040000000000001,0.0,467.74060534157326
P-n16-k8,pso,27,20,15,1,16.4,8.138795979750322,35,100,0.01,0.4,467.74060534157326,467.74060534157326,0.0,0.0,19,0.5,0.1,0,0,0,0,0.42000000000000004,0.56,0.6200000000000001,0.0,467.74060534157326
P-n16-k8,pso,27,21,15,1,16.4,8.138795979750322,35,100,0.01,0.42,467.74060534157326,467.74060534157326,0.0,0.0,19,0.5,0.1,0,0,0,0,0.43600000000000005,0.548,0.636,0.0,467.74060534157326
P-n16-k8,pso,27,22,15,1,16.4,8.138795979750322,35,100,0.01,0.44,467.74060534157326,467.74060534157326,0.0,0.0,19,0.5,0.1,0,0,0,0,0.45200000000000007,0.536,0.652,0.0,467.74060534157326
P-n16-k8,pso,27,23,15,1,16.4,8.138795979750322,35,100,0.01,0.46,467.74060534157326,467.74060534157326,0.0,0.0,19,0.5,0.1,0,0,0,0,0.4680000000000001,0.524,0.668,0.0,467.74060534157326
P-n16-k8,pso,27,24,15,1,16.4,8.138795979750322,35,100,0.01,0.48,467.74060534157326,467.74060534157326,0.0,0.0,19,0.5,0.1,0,0,0,0,0.484,0.512,0.6839999999999999,0.0,467.74060534157326
P-n16-k8,pso,27,25,15,1,16.4,8.138795979750322,35,100,0.01,0.5,467.74060534157326,467.74060534157326,0.0,0.0,19,0.5,0.1,0,0,0,0,0.5,0.5,0.7,0.0,467.74060534157326
P-n16-k8,pso,27,26,15,1,16.4,8.138795979750322,35,100,0.01,0.52,467.74060534157326,467.74060534157326,0.0,0.0,19,0.5,0.1,0,0,0,0,0.516,0.48800000000000004,0.6839999999999999,0.0,467.74060534157326
P-n16-k8,pso,27,27,15,1,16.4,8.138795979750322,35,100,0.01,0.54,467.74060534157326,467.74060534157326,0.0,0.0,19,0.5,0.1,0,0,0,0,0.532,0.47600000000000003,0.6679999999999999,0.0,467.74060534157326
P-n16-k8,pso,27,28,15,1,16.4,8.138795979750322,35,100,0.01,0.56,467.74060534157326,467.74060534157326,0.0,0.0,19,0.5,0.1,0,0,0,0,0.548,0.464,0.6519999999999999,0.0,467.74060534157326
P-n16-k8,pso,27,29,15,1,16.4,8.138795979750322,35,100,0.01,0.58,467.74060534157326,467.74060534157326,0.0,0.0,19,0.5,0.1,0,0,0,0,0.564,0.45200000000000007,0.6360000000000001,0.0,467.74060534157326
P-n16-k8,pso,27,30,15,1,16.4,8.138795979750322,35,100,0.01,0.6,467.74060534157326,467.74060534157326,0.0,0.0,19,0.5,0.1,0,0,0,0,0.58,0.44000000000000006,0.6200000000000001,0.0,467.74060534157326
P-n16-k8,pso,27,31,15,1,16.4,8.138795979750322,35,100,0.01,0.62,467.74060534157326,467.74060534157326,0.0,0.0,19,0.5,0.1,0,0,0,0,0.596,0.42800000000000005,0.6040000000000001,0.0,467.74060534157326
P-n16-k8,pso,27,32,15,1,16.4,8.138795979750322,35,100,0.01,0.64,467.74060534157326,467.74060534157326,0.0,0.0,19,0.5,0.1,0,0,0,0,0.612,0.41600000000000004,0.588,0.0,467.74060534157326
P-n16-k8,pso,27,33,15,1,16.4,8.138795979750322,35,100,0.01,0.66,467.74060534157326,467.74060534157326,0.0,0.0,19,0.5,0.1,0,0,0,0,0.628,0.404,0.572,0.0,467.74060534157326
P-n16-k8,pso,27,34,15,1,16.4,8.138795979750322,35,100,0.01,0.68,467.74060534157326,467.74060534157326,0.0,0.0,19,0.5,0.1,0,0,0,0,0.644,0.392,0.5559999999999999,0.0,467.74060534157326
P-n16-k8,pso,27,35,15,1,16.4,8.138795979750322,35,100,0.01,0.7,467.74060534157326,467.74060534157326,0.0,0.0,19,0.5,0.1,0,0,0,0,0.6599999999999999,0.38000000000000006,0.54,0.0,467.74060534157326
P-n16-k8,pso,27,36,15,1,16.4,8.138795979750322,35,100,0.01,0.72,467.74060534157326,467.74060534157326,0.0,0.0,19,0.5,0.1,0,0,0,0,0.6759999999999999,0.36800000000000005,0.524,0.0,467.74060534157326
P-n16-k8,pso,27,37,15,1,16.4,8.138795979750322,35,100,0.01,0.74,467.74060534157326,467.74060534157326,0.0,0.0,19,0.5,0.1,0,0,0,0,0.692,0.35600000000000004,0.508,0.0,467.74060534157326
P-n16-k8,pso,27,38,15,1,16.4,8.138795979750322,35,100,0.01,0.76,467.74060534157326,467.74060534157326,0.0,0.0,19,0.5,0.1,0,0,0,0,0.7080000000000001,0.3440000000000001,0.492,0.0,467.74060534157326
P-n16-k8,pso,27,39,15,1,16.4,8.138795979750322,35,100,0.01,0.78,467.74060534157326,467.74060534157326,0.0,0.0,19,0.5,0.1,0,0,0,0,0.7240000000000001,0.3320000000000001,0.476,0.0,467.74060534157326
P-n16-k8,pso,27,40,15,1,16.4,8.138795979750322,35,100,0.01,0.8,467.74060534157326,467.74060534157326,0.0,0.0,19,0.5,0.1,0,0,0,0,0.7400000000000001,0.32000000000000006,0.45999999999999996,0.0,467.74060534157326
P-n16-k8,pso,27,41,15,1,16.4,8.138795979750322,35,100,0.01,0.82,467.74060534157326,467.74060534157326,0.0,0.0,19,0.5,0.1,0,0,0,0,0.756,0.3080000000000001,0.44400000000000006,0.0,467.74060534157326
P-n16-k8,pso,27,42,15,1,16.4,8.138795979750322,35,100,0.01,0.84,467.74060534157326,467.74060534157326,0.0,0.0,19,0.5,0.1,0,0,0,0,0.772,0.29600000000000004,0.42800000000000005,0.0,467.74060534157326
P-n16-k8,pso,27,43,15,1,16.4,8.138795979750322,35,100,0.01,0.86,467.74060534157326,467.74060534157326,0.0,0.0,19,0.5,0.1,0,0,0,0,0.788,0.28400000000000003,0.41200000000000003,0.0,467.74060534157326
P-n16-k8,pso,27,44,15,1,16.4,8.138795979750322,35,100,0.01,0.88,467.74060534157326,467.74060534157326,0.0,0.0,19,0.5,0.1,0,0,0,0,0.804,0.272,0.396,0.0,467.74060534157326
P-n16-k8,pso,27,45,15,1,16.4,8.138795979750322,35,100,0.01,0.9,467.74060534157326,467.74060534157326,0.0,0.0,19,0.5,0.1,0,0,0,0,0.8200000000000001,0.26,0.38,0.0,467.74060534157326
P-n16-k8,pso,27,46,15,1,16.4,8.138795979750322,35,100,0.01,0.92,467.74060534157326,467.74060534157326,0.0,0.0,19,0.5,0.1,0,0,0,0,0.8360000000000001,0.248,0.364,0.0,467.74060534157326
P-n16-k8,pso,27,47,15,1,16.4,8.138795979750322,35,100,0.01,0.94,467.74060534157326,467.74060534157326,0.0,0.0,19,0.5,0.1,0,0,0,0,0.852,0.2360000000000001,0.34800000000000003,0.0,467.74060534157326
P-n16-k8,pso,27,48,15,1,16.4,8.138795979750322,35,100,0.01,0.96,467.74060534157326,467.74060534157326,0.0,0.0,19,0.5,0.1,0,0,0,0,0.868,0.2240000000000001,0.332,0.0,467.74060534157326
P-n16-k8,pso,27,49,15,1,16.4,8.138795979750322,35,100,0.01,0.98,467.74060534157326,467.74060534157326,0.0,0.0,19,0.5,0.1,0,0,0,0,0.884,0.21200000000000008,0.316,0.0,467.74060534157326
P-n16-k8,pso,28,0,15,1,16.4,8.138795979750322,35,100,0.01,0.0,1000.0,1000.0,100.0,0.0,0,0.5,0.1,0,0,0,0,0.1,0.8,0.3,0.0,467.74060534157326
P-n16-k8,pso,28,1,15,1,16.4,8.138795979750322,35,100,0.01,0.02,467.74060534157326,467.74060534157326,100.0,0.0,0,0.5,0.1,0,0,0,0,0.116,0.788,0.316,0.0,467.74060534157326
P-n16-k8,pso,28,2,15,1,16.4,8.138795979750322,35,100,0.01,0.04,467.74060534157326,467.74060534157326,100.0,0.0,0,0.5,0.1,0,0,0,0,0.132,0.776,0.33199999999999996,0.0,467.74060534157326
P-n16-k8,pso,28,3,15,1,16.4,8.138795979750322,35,100,0.01,0.06,467.74060534157326,467.74060534157326,100.0,0.0,0,0.5,0.1,0,0,0,0,0.14800000000000002,0.764,0.348,0.0,467.74060534157326
P-n16-k8,pso,28,4,15,1,16.4,8.138795979750322,35,100,0.01,0.08,467.74060534157326,467.74060534157326,100.0,0.0,0,0.5,0.1,0,0,0,0,0.164,0.752,0.364,0.0,467.74060534157326
P-n16-k8,pso,28,5,15,1,16.4,8.138795979750322,35,100,0.01,0.1,467.74060534157326,467.74060534157326,100.0,0.0,0,0.5,0.1,0,0,0,0,0.18000000000000002,0.74,0.38,0.0,467.74060534157326
P-n16-k8,pso,28,6,15,1,16.4,8.138795979750322,35,100,0.01,0.12,467.74060534157326,467.74060534157326,100.0,0.0,0,0.5,0.1,0,0,0,0,0.196,0.7280000000000001,0.396,0.0,467.74060534157326
P-n16-k8,pso,28,7,15,1,16.4,8.138795979750322,35,100,0.01,0.14,467.74060534157326,467.7406053415733,100.0,0.0,0,0.5,0.1,0,0,0,0,0.21200000000000002,0.7160000000000001,0.41200000000000003,0.0,467.74060534157326
P-n16-k8,pso,28,8,15,1,16.4,8.138795979750322,35,100,0.01,0.16,467.74060534157326,467.74060534157326,100.0,0.0,0,0.5,0.1,0,0,0,0,0.228,0.7040000000000001,0.42800000000000005,0.0,467.74060534157326
P-n16-k8,pso,28,9,15,1,16.4,8.138795979750322,35,100,0.01,0.18,467.74060534157326,467.7406053415732,100.0,0.0,0,0.5,0.1,0,0,0,0,0.244,0.6920000000000001,0.44399999999999995,0.0,467.74060534157326
P-n16-k8,pso,28,10,15,1,16.4,8.138795979750322,35,100,0.01,0.2,467.74060534157326,467.74060534157326,100.0,0.0,0,0.5,0.1,0,0,0,0,0.26,0.68,0.46,0.0,467.74060534157326
P-n16-k8,pso,28,11,15,1,16.4,8.138795979750322,35,100,0.01,0.22,467.74060534157326,467.74060534157326,0.0,0.0,10,0.5,0.1,0,0,0,0,0.276,0.668,0.476,0.0,467.74060534157326
P-n16-k8,pso,28,12,15,1,16.4,8.138795979750322,35,100,0.01,0.24,467.74060534157326,467.74060534157326,0.0,0.0,11,0.5,0.1,0,0,0,0,0.29200000000000004,0.656,0.492,0.0,467.74060534157326
P-n16-k8,pso,28,13,15,1,16.4,8.138795979750322,35,100,0.01,0.26,467.74060534157326,467.74060534157326,0.0,0.0,12,0.5,0.1,0,0,0,0,0.30800000000000005,0.644,0.508,0.0,467.74060534157326
P-n16-k8,pso,28,14,15,1,16.4,8.138795979750322,35,100,0.01,0.28,467.74060534157326,467.74060534157326,0.0,0.0,13,0.5,0.1,0,0,0,0,0.32400000000000007,0.632,0.524,0.0,467.74060534157326
P-n16-k8,pso,28,15,15,1,16.4,8.138795979750322,35,100,0.01,0.3,467.74060534157326,467.74060534157326,0.0,0.0,14,0.5,0.1,0,0,0,0,0.33999999999999997,0.6200000000000001,0.54,0.0,467.74060534157326
P-n16-k8,pso,28,16,15,1,16.4,8.138795979750322,35,100,0.01,0.32,467.74060534157326,467.74060534157326,0.0,0.0,15,0.5,0.1,0,0,0,0,0.356,0.6080000000000001,0.556,0.0,467.74060534157326
P-n16-k8,pso,28,17,15,1,16.4,8.138795979750322,35,100,0.01,0.34,467.74060534157326,467.74060534157326,0.0,0.0,16,0.5,0.1,0,0,0,0,0.372,0.5960000000000001,0.5720000000000001,0.0,467.74060534157326
P-n16-k8,pso,28,18,15,1,16.4,8.138795979750322,35,100,0.01,0.36,467.74060534157326,467.74060534157326,0.0,0.0,17,0.5,0.1,0,0,0,0,0.388,0.5840000000000001,0.588,0.0,467.74060534157326
P-n16-k8,pso,28,19,15,1,16.4,8.138795979750322,35,100,0.01,0.38,467.74060534157326,467.74060534157326,0.0,0.0,18,0.5,0.1,0,0,0,0,0.404,0.5720000000000001,0.6040000000000001,0.0,467.74060534157326
P-n16-k8,pso,28,20,15,1,16.4,8.138795979750322,35,100,0.01,0.4,467.74060534157326,467.74060534157326,0.0,0.0,19,0.5,0.1,0,0,0,0,0.42000000000000004,0.56,0.6200000000000001,0.0,467.74060534157326
P-n16-k8,pso,28,21,15,1,16.4,8.138795979750322,35,100,0.01,0.42,467.74060534157326,467.74060534157326,0.0,0.0,19,0.5,0.1,0,0,0,0,0.43600000000000005,0.548,0.636,0.0,467.74060534157326
P-n16-k8,pso,28,22,15,1,16.4,8.138795979750322,35,100,0.01,0.44,467.74060534157326,467.74060534157326,0.0,0.0,19,0.5,0.1,0,0,0,0,0.45200000000000007,0.536,0.652,0.0,467.74060534157326
P-n16-k8,pso,28,23,15,1,16.4,8.138795979750322,35,100,0.01,0.46,467.74060534157326,467.74060534157326,0.0,0.0,19,0.5,0.1,0,0,0,0,0.4680000000000001,0.524,0.668,0.0,467.74060534157326
P-n16-k8,pso,28,24,15,1,16.4,8.138795979750322,35,100,0.01,0.48,467.74060534157326,467.74060534157326,0.0,0.0,19,0.5,0.1,0,0,0,0,0.484,0.512,0.6839999999999999,0.0,467.74060534157326
P-n16-k8,pso,28,25,15,1,16.4,8.138795979750322,35,100,0.01,0.5,467.74060534157326,467.74060534157326,0.0,0.0,19,0.5,0.1,0,0,0,0,0.5,0.5,0.7,0.0,467.74060534157326
P-n16-k8,pso,28,26,15,1,16.4,8.138795979750322,35,100,0.01,0.52,467.74060534157326,467.74060534157326,0.0,0.0,19,0.5,0.1,0,0,0,0,0.516,0.48800000000000004,0.6839999999999999,0.0,467.74060534157326
P-n16-k8,pso,28,27,15,1,16.4,8.138795979750322,35,100,0.01,0.54,467.74060534157326,467.74060534157326,0.0,0.0,19,0.5,0.1,0,0,0,0,0.532,0.47600000000000003,0.6679999999999999,0.0,467.74060534157326
P-n16-k8,pso,28,28,15,1,16.4,8.138795979750322,35,100,0.01,0.56,467.74060534157326,467.74060534157326,0.0,0.0,19,0.5,0.1,0,0,0,0,0.548,0.464,0.6519999999999999,0.0,467.74060534157326
P-n16-k8,pso,28,29,15,1,16.4,8.138795979750322,35,100,0.01,0.58,467.74060534157326,467.74060534157326,0.0,0.0,19,0.5,0.1,0,0,0,0,0.564,0.45200000000000007,0.6360000000000001,0.0,467.74060534157326
P-n16-k8,pso,28,30,15,1,16.4,8.138795979750322,35,100,0.01,0.6,467.74060534157326,467.74060534157326,0.0,0.0,19,0.5,0.1,0,0,0,0,0.58,0.44000000000000006,0.6200000000000001,0.0,467.74060534157326
P-n16-k8,pso,28,31,15,1,16.4,8.138795979750322,35,100,0.01,0.62,467.74060534157326,467.74060534157326,0.0,0.0,19,0.5,0.1,0,0,0,0,0.596,0.42800000000000005,0.6040000000000001,0.0,467.74060534157326
P-n16-k8,pso,28,32,15,1,16.4,8.138795979750322,35,100,0.01,0.64,467.74060534157326,467.74060534157326,0.0,0.0,19,0.5,0.1,0,0,0,0,0.612,0.41600000000000004,0.588,0.0,467.74060534157326
P-n16-k8,pso,28,33,15,1,16.4,8.138795979750322,35,100,0.01,0.66,467.74060534157326,467.74060534157326,0.0,0.0,19,0.5,0.1,0,0,0,0,0.628,0.404,0.572,0.0,467.74060534157326
P-n16-k8,pso,28,34,15,1,16.4,8.138795979750322,35,100,0.01,0.68,467.74060534157326,467.74060534157326,0.0,0.0,19,0.5,0.1,0,0,0,0,0.644,0.392,0.5559999999999999,0.0,467.74060534157326
P-n16-k8,pso,28,35,15,1,16.4,8.138795979750322,35,100,0.01,0.7,467.74060534157326,467.74060534157326,0.0,0.0,19,0.5,0.1,0,0,0,0,0.6599999999999999,0.38000000000000006,0.54,0.0,467.74060534157326
P-n16-k8,pso,28,36,15,1,16.4,8.138795979750322,35,100,0.01,0.72,467.74060534157326,467.74060534157326,0.0,0.0,19,0.5,0.1,0,0,0,0,0.6759999999999999,0.36800000000000005,0.524,0.0,467.74060534157326
P-n16-k8,pso,28,37,15,1,16.4,8.138795979750322,35,100,0.01,0.74,467.74060534157326,467.74060534157326,0.0,0.0,19,0.5,0.1,0,0,0,0,0.692,0.35600000000000004,0.508,0.0,467.74060534157326
P-n16-k8,pso,28,38,15,1,16.4,8.138795979750322,35,100,0.01,0.76,467.74060534157326,467.74060534157326,0.0,0.0,19,0.5,0.1,0,0,0,0,0.7080000000000001,0.3440000000000001,0.492,0.0,467.74060534157326
P-n16-k8,pso,28,39,15,1,16.4,8.138795979750322,35,100,0.01,0.78,467.74060534157326,467.74060534157326,0.0,0.0,19,0.5,0.1,0,0,0,0,0.7240000000000001,0.3320000000000001,0.476,0.0,467.74060534157326
P-n16-k8,pso,28,40,15,1,16.4,8.138795979750322,35,100,0.01,0.8,467.74060534157326,467.74060534157326,0.0,0.0,19,0.5,0.1,0,0,0,0,0.7400000000000001,0.32000000000000006,0.45999999999999996,0.0,467.74060534157326
P-n16-k8,pso,28,41,15,1,16.4,8.138795979750322,35,100,0.01,0.82,467.74060534157326,467.74060534157326,0.0,0.0,19,0.5,0.1,0,0,0,0,0.756,0.3080000000000001,0.44400000000000006,0.0,467.74060534157326
P-n16-k8,pso,28,42,15,1,16.4,8.138795979750322,35,100,0.01,0.84,467.74060534157326,467.74060534157326,0.0,0.0,19,0.5,0.1,0,0,0,0,0.772,0.29600000000000004,0.42800000000000005,0.0,467.74060534157326
P-n16-k8,pso,28,43,15,1,16.4,8.138795979750322,35,100,0.01,0.86,467.74060534157326,467.74060534157326,0.0,0.0,19,0.5,0.1,0,0,0,0,0.788,0.28400000000000003,0.41200000000000003,0.0,467.74060534157326
P-n16-k8,pso,28,44,15,1,16.4,8.138795979750322,35,100,0.01,0.88,467.74060534157326,467.74060534157326,0.0,0.0,19,0.5,0.1,0,0,0,0,0.804,0.272,0.396,0.0,467.74060534157326
P-n16-k8,pso,28,45,15,1,16.4,8.138795979750322,35,100,0.01,0.9,467.74060534157326,467.74060534157326,0.0,0.0,19,0.5,0.1,0,0,0,0,0.8200000000000001,0.26,0.38,0.0,467.74060534157326
P-n16-k8,pso,28,46,15,1,16.4,8.138795979750322,35,100,0.01,0.92,467.74060534157326,467.74060534157326,0.0,0.0,19,0.5,0.1,0,0,0,0,0.8360000000000001,0.248,0.364,0.0,467.74060534157326
P-n16-k8,pso,28,47,15,1,16.4,8.138795979750322,35,100,0.01,0.94,467.74060534157326,467.74060534157326,0.0,0.0,19,0.5,0.1,0,0,0,0,0.852,0.2360000000000001,0.34800000000000003,0.0,467.74060534157326
P-n16-k8,pso,28,48,15,1,16.4,8.138795979750322,35,100,0.01,0.96,467.74060534157326,467.74060534157326,0.0,0.0,19,0.5,0.1,0,0,0,0,0.868,0.2240000000000001,0.332,0.0,467.74060534157326
P-n16-k8,pso,28,49,15,1,16.4,8.138795979750322,35,100,0.01,0.98,467.74060534157326,467.74060534157326,0.0,0.0,19,0.5,0.1,0,0,0,0,0.884,0.21200000000000008,0.316,0.0,467.74060534157326
P-n16-k8,pso,29,0,15,1,16.4,8.138795979750322,35,100,0.01,0.0,1000.0,1000.0,100.0,0.0,0,0.5,0.1,0,0,0,0,0.1,0.8,0.3,0.0,467.74060534157326
P-n16-k8,pso,29,1,15,1,16.4,8.138795979750322,35,100,0.01,0.02,467.74060534157326,467.74060534157326,100.0,0.0,0,0.5,0.1,0,0,0,0,0.116,0.788,0.316,0.0,467.74060534157326
P-n16-k8,pso,29,2,15,1,16.4,8.138795979750322,35,100,0.01,0.04,467.74060534157326,467.74060534157326,100.0,0.0,0,0.5,0.1,0,0,0,0,0.132,0.776,0.33199999999999996,0.0,467.74060534157326
P-n16-k8,pso,29,3,15,1,16.4,8.138795979750322,35,100,0.01,0.06,467.74060534157326,467.74060534157326,100.0,0.0,0,0.5,0.1,0,0,0,0,0.14800000000000002,0.764,0.348,0.0,467.74060534157326
P-n16-k8,pso,29,4,15,1,16.4,8.138795979750322,35,100,0.01,0.08,467.74060534157326,467.74060534157326,100.0,0.0,0,0.5,0.1,0,0,0,0,0.164,0.752,0.364,0.0,467.74060534157326
P-n16-k8,pso,29,5,15,1,16.4,8.138795979750322,35,100,0.01,0.1,467.74060534157326,467.74060534157326,100.0,0.0,0,0.5,0.1,0,0,0,0,0.18000000000000002,0.74,0.38,0.0,467.74060534157326
P-n16-k8,pso,29,6,15,1,16.4,8.138795979750322,35,100,0.01,0.12,467.74060534157326,467.74060534157326,100.0,0.0,0,0.5,0.1,0,0,0,0,0.196,0.7280000000000001,0.396,0.0,467.74060534157326
P-n16-k8,pso,29,7,15,1,16.4,8.138795979750322,35,100,0.01,0.14,467.74060534157326,467.7406053415733,100.0,0.0,0,0.5,0.1,0,0,0,0,0.21200000000000002,0.7160000000000001,0.41200000000000003,0.0,467.74060534157326
P-n16-k8,pso,29,8,15,1,16.4,8.138795979750322,35,100,0.01,0.16,467.74060534157326,467.74060534157326,100.0,0.0,0,0.5,0.1,0,0,0,0,0.228,0.7040000000000001,0.42800000000000005,0.0,467.74060534157326
P-n16-k8,pso,29,9,15,1,16.4,8.138795979750322,35,100,0.01,0.18,467.74060534157326,467.7406053415732,100.0,0.0,0,0.5,0.1,0,0,0,0,0.244,0.6920000000000001,0.44399999999999995,0.0,467.74060534157326
P-n16-k8,pso,29,10,15,1,16.4,8.138795979750322,35,100,0.01,0.2,467.74060534157326,467.74060534157326,100.0,0.0,0,0.5,0.1,0,0,0,0,0.26,0.68,0.46,0.0,467.74060534157326
P-n16-k8,pso,29,11,15,1,16.4,8.138795979750322,35,100,0.01,0.22,467.74060534157326,467.74060534157326,0.0,0.0,10,0.5,0.1,0,0,0,0,0.276,0.668,0.476,0.0,467.74060534157326
P-n16-k8,pso,29,12,15,1,16.4,8.138795979750322,35,100,0.01,0.24,467.74060534157326,467.74060534157326,0.0,0.0,11,0.5,0.1,0,0,0,0,0.29200000000000004,0.656,0.492,0.0,467.74060534157326
P-n16-k8,pso,29,13,15,1,16.4,8.138795979750322,35,100,0.01,0.26,467.74060534157326,467.74060534157326,0.0,0.0,12,0.5,0.1,0,0,0,0,0.30800000000000005,0.644,0.508,0.0,467.74060534157326
P-n16-k8,pso,29,14,15,1,16.4,8.138795979750322,35,100,0.01,0.28,467.74060534157326,467.74060534157326,0.0,0.0,13,0.5,0.1,0,0,0,0,0.32400000000000007,0.632,0.524,0.0,467.74060534157326
P-n16-k8,pso,29,15,15,1,16.4,8.138795979750322,35,100,0.01,0.3,467.74060534157326,467.74060534157326,0.0,0.0,14,0.5,0.1,0,0,0,0,0.33999999999999997,0.6200000000000001,0.54,0.0,467.74060534157326
P-n16-k8,pso,29,16,15,1,16.4,8.138795979750322,35,100,0.01,0.32,467.74060534157326,467.74060534157326,0.0,0.0,15,0.5,0.1,0,0,0,0,0.356,0.6080000000000001,0.556,0.0,467.74060534157326
P-n16-k8,pso,29,17,15,1,16.4,8.138795979750322,35,100,0.01,0.34,467.74060534157326,467.74060534157326,0.0,0.0,16,0.5,0.1,0,0,0,0,0.372,0.5960000000000001,0.5720000000000001,0.0,467.74060534157326
P-n16-k8,pso,29,18,15,1,16.4,8.138795979750322,35,100,0.01,0.36,467.74060534157326,467.74060534157326,0.0,0.0,17,0.5,0.1,0,0,0,0,0.388,0.5840000000000001,0.588,0.0,467.74060534157326
P-n16-k8,pso,29,19,15,1,16.4,8.138795979750322,35,100,0.01,0.38,467.74060534157326,467.74060534157326,0.0,0.0,18,0.5,0.1,0,0,0,0,0.404,0.5720000000000001,0.6040000000000001,0.0,467.74060534157326
P-n16-k8,pso,29,20,15,1,16.4,8.138795979750322,35,100,0.01,0.4,467.74060534157326,467.74060534157326,0.0,0.0,19,0.5,0.1,0,0,0,0,0.42000000000000004,0.56,0.6200000000000001,0.0,467.74060534157326
P-n16-k8,pso,29,21,15,1,16.4,8.138795979750322,35,100,0.01,0.42,467.74060534157326,467.74060534157326,0.0,0.0,19,0.5,0.1,0,0,0,0,0.43600000000000005,0.548,0.636,0.0,467.74060534157326
P-n16-k8,pso,29,22,15,1,16.4,8.138795979750322,35,100,0.01,0.44,467.74060534157326,467.74060534157326,0.0,0.0,19,0.5,0.1,0,0,0,0,0.45200000000000007,0.536,0.652,0.0,467.74060534157326
P-n16-k8,pso,29,23,15,1,16.4,8.138795979750322,35,100,0.01,0.46,467.74060534157326,467.74060534157326,0.0,0.0,19,0.5,0.1,0,0,0,0,0.4680000000000001,0.524,0.668,0.0,467.74060534157326
P-n16-k8,pso,29,24,15,1,16.4,8.138795979750322,35,100,0.01,0.48,467.74060534157326,467.74060534157326,0.0,0.0,19,0.5,0.1,0,0,0,0,0.484,0.512,0.6839999999999999,0.0,467.74060534157326
P-n16-k8,pso,29,25,15,1,16.4,8.138795979750322,35,100,0.01,0.5,467.74060534157326,467.74060534157326,0.0,0.0,19,0.5,0.1,0,0,0,0,0.5,0.5,0.7,0.0,467.74060534157326
P-n16-k8,pso,29,26,15,1,16.4,8.138795979750322,35,100,0.01,0.52,467.74060534157326,467.74060534157326,0.0,0.0,19,0.5,0.1,0,0,0,0,0.516,0.48800000000000004,0.6839999999999999,0.0,467.74060534157326
P-n16-k8,pso,29,27,15,1,16.4,8.138795979750322,35,100,0.01,0.54,467.74060534157326,467.74060534157326,0.0,0.0,19,0.5,0.1,0,0,0,0,0.532,0.47600000000000003,0.6679999999999999,0.0,467.74060534157326
P-n16-k8,pso,29,28,15,1,16.4,8.138795979750322,35,100,0.01,0.56,467.74060534157326,467.74060534157326,0.0,0.0,19,0.5,0.1,0,0,0,0,0.548,0.464,0.6519999999999999,0.0,467.74060534157326
P-n16-k8,pso,29,29,15,1,16.4,8.138795979750322,35,100,0.01,0.58,467.74060534157326,467.74060534157326,0.0,0.0,19,0.5,0.1,0,0,0,0,0.564,0.45200000000000007,0.6360000000000001,0.0,467.74060534157326
P-n16-k8,pso,29,30,15,1,16.4,8.138795979750322,35,100,0.01,0.6,467.74060534157326,467.74060534157326,0.0,0.0,19,0.5,0.1,0,0,0,0,0.58,0.44000000000000006,0.6200000000000001,0.0,467.74060534157326
P-n16-k8,pso,29,31,15,1,16.4,8.138795979750322,35,100,0.01,0.62,467.74060534157326,467.74060534157326,0.0,0.0,19,0.5,0.1,0,0,0,0,0.596,0.42800000000000005,0.6040000000000001,0.0,467.74060534157326
P-n16-k8,pso,29,32,15,1,16.4,8.138795979750322,35,100,0.01,0.64,467.74060534157326,467.74060534157326,0.0,0.0,19,0.5,0.1,0,0,0,0,0.612,0.41600000000000004,0.588,0.0,467.74060534157326
P-n16-k8,pso,29,33,15,1,16.4,8.138795979750322,35,100,0.01,0.66,467.74060534157326,467.74060534157326,0.0,0.0,19,0.5,0.1,0,0,0,0,0.628,0.404,0.572,0.0,467.74060534157326
P-n16-k8,pso,29,34,15,1,16.4,8.138795979750322,35,100,0.01,0.68,467.74060534157326,467.74060534157326,0.0,0.0,19,0.5,0.1,0,0,0,0,0.644,0.392,0.5559999999999999,0.0,467.74060534157326
P-n16-k8,pso,29,35,15,1,16.4,8.138795979750322,35,100,0.01,0.7,467.74060534157326,467.74060534157326,0.0,0.0,19,0.5,0.1,0,0,0,0,0.6599999999999999,0.38000000000000006,0.54,0.0,467.74060534157326
P-n16-k8,pso,29,36,15,1,16.4,8.138795979750322,35,100,0.01,0.72,467.74060534157326,467.74060534157326,0.0,0.0,19,0.5,0.1,0,0,0,0,0.6759999999999999,0.36800000000000005,0.524,0.0,467.74060534157326
P-n16-k8,pso,29,37,15,1,16.4,8.138795979750322,35,100,0.01,0.74,467.74060534157326,467.74060534157326,0.0,0.0,19,0.5,0.1,0,0,0,0,0.692,0.35600000000000004,0.508,0.0,467.74060534157326
P-n16-k8,pso,29,38,15,1,16.4,8.138795979750322,35,100,0.01,0.76,467.74060534157326,467.74060534157326,0.0,0.0,19,0.5,0.1,0,0,0,0,0.7080000000000001,0.3440000000000001,0.492,0.0,467.74060534157326
P-n16-k8,pso,29,39,15,1,16.4,8.138795979750322,35,100,0.01,0.78,467.74060534157326,467.74060534157326,0.0,0.0,19,0.5,0.1,0,0,0,0,0.7240000000000001,0.3320000000000001,0.476,0.0,467.74060534157326
P-n16-k8,pso,29,40,15,1,16.4,8.138795979750322,35,100,0.01,0.8,467.74060534157326,467.74060534157326,0.0,0.0,19,0.5,0.1,0,0,0,0,0.7400000000000001,0.32000000000000006,0.45999999999999996,0.0,467.74060534157326
P-n16-k8,pso,29,41,15,1,16.4,8.138795979750322,35,100,0.01,0.82,467.74060534157326,467.74060534157326,0.0,0.0,19,0.5,0.1,0,0,0,0,0.756,0.3080000000000001,0.44400000000000006,0.0,467.74060534157326
P-n16-k8,pso,29,42,15,1,16.4,8.138795979750322,35,100,0.01,0.84,467.74060534157326,467.74060534157326,0.0,0.0,19,0.5,0.1,0,0,0,0,0.772,0.29600000000000004,0.42800000000000005,0.0,467.74060534157326
P-n16-k8,pso,29,43,15,1,16.4,8.138795979750322,35,100,0.01,0.86,467.74060534157326,467.74060534157326,0.0,0.0,19,0.5,0.1,0,0,0,0,0.788,0.28400000000000003,0.41200000000000003,0.0,467.74060534157326
P-n16-k8,pso,29,44,15,1,16.4,8.138795979750322,35,100,0.01,0.88,467.74060534157326,467.74060534157326,0.0,0.0,19,0.5,0.1,0,0,0,0,0.804,0.272,0.396,0.0,467.74060534157326
P-n16-k8,pso,29,45,15,1,16.4,8.138795979750322,35,100,0.01,0.9,467.74060534157326,467.74060534157326,0.0,0.0,19,0.5,0.1,0,0,0,0,0.8200000000000001,0.26,0.38,0.0,467.74060534157326
P-n16-k8,pso,29,46,15,1,16.4,8.138795979750322,35,100,0.01,0.92,467.74060534157326,467.74060534157326,0.0,0.0,19,0.5,0.1,0,0,0,0,0.8360000000000001,0.248,0.364,0.0,467.74060534157326
P-n16-k8,pso,29,47,15,1,16.4,8.138795979750322,35,100,0.01,0.94,467.74060534157326,467.74060534157326,0.0,0.0,19,0.5,0.1,0,0,0,0,0.852,0.2360000000000001,0.34800000000000003,0.0,467.74060534157326
P-n16-k8,pso,29,48,15,1,16.4,8.138795979750322,35,100,0.01,0.96,467.74060534157326,467.74060534157326,0.0,0.0,19,0.5,0.1,0,0,0,0,0.868,0.2240000000000001,0.332,0.0,467.74060534157326
P-n16-k8,pso,29,49,15,1,16.4,8.138795979750322,35,100,0.01,0.98,467.74060534157326,467.74060534157326,0.0,0.0,19,0.5,0.1,0,0,0,0,0.884,0.21200000000000008,0.316,0.0,467.74060534157326
P-n16-k8,pso,30,0,15,1,16.4,8.138795979750322,35,100,0.01,0.0,1000.0,1000.0,100.0,0.0,0,0.5,0.1,0,0,0,0,0.1,0.8,0.3,0.0,467.74060534157326
P-n16-k8,pso,30,1,15,1,16.4,8.138795979750322,35,100,0.01,0.02,467.74060534157326,467.74060534157326,100.0,0.0,0,0.5,0.1,0,0,0,0,0.116,0.788,0.316,0.0,467.74060534157326
P-n16-k8,pso,30,2,15,1,16.4,8.138795979750322,35,100,0.01,0.04,467.74060534157326,467.74060534157326,100.0,0.0,0,0.5,0.1,0,0,0,0,0.132,0.776,0.33199999999999996,0.0,467.74060534157326
P-n16-k8,pso,30,3,15,1,16.4,8.138795979750322,35,100,0.01,0.06,467.74060534157326,467.74060534157326,100.0,0.0,0,0.5,0.1,0,0,0,0,0.14800000000000002,0.764,0.348,0.0,467.74060534157326
P-n16-k8,pso,30,4,15,1,16.4,8.138795979750322,35,100,0.01,0.08,467.74060534157326,467.74060534157326,100.0,0.0,0,0.5,0.1,0,0,0,0,0.164,0.752,0.364,0.0,467.74060534157326
P-n16-k8,pso,30,5,15,1,16.4,8.138795979750322,35,100,0.01,0.1,467.74060534157326,467.74060534157326,100.0,0.0,0,0.5,0.1,0,0,0,0,0.18000000000000002,0.74,0.38,0.0,467.74060534157326
P-n16-k8,pso,30,6,15,1,16.4,8.138795979750322,35,100,0.01,0.12,467.74060534157326,467.74060534157326,100.0,0.0,0,0.5,0.1,0,0,0,0,0.196,0.7280000000000001,0.396,0.0,467.74060534157326
P-n16-k8,pso,30,7,15,1,16.4,8.138795979750322,35,100,0.01,0.14,467.74060534157326,467.7406053415733,100.0,0.0,0,0.5,0.1,0,0,0,0,0.21200000000000002,0.7160000000000001,0.41200000000000003,0.0,467.74060534157326
P-n16-k8,pso,30,8,15,1,16.4,8.138795979750322,35,100,0.01,0.16,467.74060534157326,467.74060534157326,100.0,0.0,0,0.5,0.1,0,0,0,0,0.228,0.7040000000000001,0.42800000000000005,0.0,467.74060534157326
P-n16-k8,pso,30,9,15,1,16.4,8.138795979750322,35,100,0.01,0.18,467.74060534157326,467.7406053415732,100.0,0.0,0,0.5,0.1,0,0,0,0,0.244,0.6920000000000001,0.44399999999999995,0.0,467.74060534157326
P-n16-k8,pso,30,10,15,1,16.4,8.138795979750322,35,100,0.01,0.2,467.74060534157326,467.74060534157326,100.0,0.0,0,0.5,0.1,0,0,0,0,0.26,0.68,0.46,0.0,467.74060534157326
P-n16-k8,pso,30,11,15,1,16.4,8.138795979750322,35,100,0.01,0.22,467.74060534157326,467.74060534157326,0.0,0.0,10,0.5,0.1,0,0,0,0,0.276,0.668,0.476,0.0,467.74060534157326
P-n16-k8,pso,30,12,15,1,16.4,8.138795979750322,35,100,0.01,0.24,467.74060534157326,467.74060534157326,0.0,0.0,11,0.5,0.1,0,0,0,0,0.29200000000000004,0.656,0.492,0.0,467.74060534157326
P-n16-k8,pso,30,13,15,1,16.4,8.138795979750322,35,100,0.01,0.26,467.74060534157326,467.74060534157326,0.0,0.0,12,0.5,0.1,0,0,0,0,0.30800000000000005,0.644,0.508,0.0,467.74060534157326
P-n16-k8,pso,30,14,15,1,16.4,8.138795979750322,35,100,0.01,0.28,467.74060534157326,467.74060534157326,0.0,0.0,13,0.5,0.1,0,0,0,0,0.32400000000000007,0.632,0.524,0.0,467.74060534157326
P-n16-k8,pso,30,15,15,1,16.4,8.138795979750322,35,100,0.01,0.3,467.74060534157326,467.74060534157326,0.0,0.0,14,0.5,0.1,0,0,0,0,0.33999999999999997,0.6200000000000001,0.54,0.0,467.74060534157326
P-n16-k8,pso,30,16,15,1,16.4,8.138795979750322,35,100,0.01,0.32,467.74060534157326,467.74060534157326,0.0,0.0,15,0.5,0.1,0,0,0,0,0.356,0.6080000000000001,0.556,0.0,467.74060534157326
P-n16-k8,pso,30,17,15,1,16.4,8.138795979750322,35,100,0.01,0.34,467.74060534157326,467.74060534157326,0.0,0.0,16,0.5,0.1,0,0,0,0,0.372,0.5960000000000001,0.5720000000000001,0.0,467.74060534157326
P-n16-k8,pso,30,18,15,1,16.4,8.138795979750322,35,100,0.01,0.36,467.74060534157326,467.74060534157326,0.0,0.0,17,0.5,0.1,0,0,0,0,0.388,0.5840000000000001,0.588,0.0,467.74060534157326
P-n16-k8,pso,30,19,15,1,16.4,8.138795979750322,35,100,0.01,0.38,467.74060534157326,467.74060534157326,0.0,0.0,18,0.5,0.1,0,0,0,0,0.404,0.5720000000000001,0.6040000000000001,0.0,467.74060534157326
P-n16-k8,pso,30,20,15,1,16.4,8.138795979750322,35,100,0.01,0.4,467.74060534157326,467.74060534157326,0.0,0.0,19,0.5,0.1,0,0,0,0,0.42000000000000004,0.56,0.6200000000000001,0.0,467.74060534157326
P-n16-k8,pso,30,21,15,1,16.4,8.138795979750322,35,100,0.01,0.42,467.74060534157326,467.74060534157326,0.0,0.0,19,0.5,0.1,0,0,0,0,0.43600000000000005,0.548,0.636,0.0,467.74060534157326
P-n16-k8,pso,30,22,15,1,16.4,8.138795979750322,35,100,0.01,0.44,467.74060534157326,467.74060534157326,0.0,0.0,19,0.5,0.1,0,0,0,0,0.45200000000000007,0.536,0.652,0.0,467.74060534157326
P-n16-k8,pso,30,23,15,1,16.4,8.138795979750322,35,100,0.01,0.46,467.74060534157326,467.74060534157326,0.0,0.0,19,0.5,0.1,0,0,0,0,0.4680000000000001,0.524,0.668,0.0,467.74060534157326
P-n16-k8,pso,30,24,15,1,16.4,8.138795979750322,35,100,0.01,0.48,467.74060534157326,467.74060534157326,0.0,0.0,19,0.5,0.1,0,0,0,0,0.484,0.512,0.6839999999999999,0.0,467.74060534157326
P-n16-k8,pso,30,25,15,1,16.4,8.138795979750322,35,100,0.01,0.5,467.74060534157326,467.74060534157326,0.0,0.0,19,0.5,0.1,0,0,0,0,0.5,0.5,0.7,0.0,467.74060534157326
P-n16-k8,pso,30,26,15,1,16.4,8.138795979750322,35,100,0.01,0.52,467.74060534157326,467.74060534157326,0.0,0.0,19,0.5,0.1,0,0,0,0,0.516,0.48800000000000004,0.6839999999999999,0.0,467.74060534157326
P-n16-k8,pso,30,27,15,1,16.4,8.138795979750322,35,100,0.01,0.54,467.74060534157326,467.74060534157326,0.0,0.0,19,0.5,0.1,0,0,0,0,0.532,0.47600000000000003,0.6679999999999999,0.0,467.74060534157326
P-n16-k8,pso,30,28,15,1,16.4,8.138795979750322,35,100,0.01,0.56,467.74060534157326,467.74060534157326,0.0,0.0,19,0.5,0.1,0,0,0,0,0.548,0.464,0.6519999999999999,0.0,467.74060534157326
P-n16-k8,pso,30,29,15,1,16.4,8.138795979750322,35,100,0.01,0.58,467.74060534157326,467.74060534157326,0.0,0.0,19,0.5,0.1,0,0,0,0,0.564,0.45200000000000007,0.6360000000000001,0.0,467.74060534157326
P-n16-k8,pso,30,30,15,1,16.4,8.138795979750322,35,100,0.01,0.6,467.74060534157326,467.74060534157326,0.0,0.0,19,0.5,0.1,0,0,0,0,0.58,0.44000000000000006,0.6200000000000001,0.0,467.74060534157326
P-n16-k8,pso,30,31,15,1,16.4,8.138795979750322,35,100,0.01,0.62,467.74060534157326,467.74060534157326,0.0,0.0,19,0.5,0.1,0,0,0,0,0.596,0.42800000000000005,0.6040000000000001,0.0,467.74060534157326
P-n16-k8,pso,30,32,15,1,16.4,8.138795979750322,35,100,0.01,0.64,467.74060534157326,467.74060534157326,0.0,0.0,19,0.5,0.1,0,0,0,0,0.612,0.41600000000000004,0.588,0.0,467.74060534157326
P-n16-k8,pso,30,33,15,1,16.4,8.138795979750322,35,100,0.01,0.66,467.74060534157326,467.74060534157326,0.0,0.0,19,0.5,0.1,0,0,0,0,0.628,0.404,0.572,0.0,467.74060534157326
P-n16-k8,pso,30,34,15,1,16.4,8.138795979750322,35,100,0.01,0.68,467.74060534157326,467.74060534157326,0.0,0.0,19,0.5,0.1,0,0,0,0,0.644,0.392,0.5559999999999999,0.0,467.74060534157326
P-n16-k8,pso,30,35,15,1,16.4,8.138795979750322,35,100,0.01,0.7,467.74060534157326,467.74060534157326,0.0,0.0,19,0.5,0.1,0,0,0,0,0.6599999999999999,0.38000000000000006,0.54,0.0,467.74060534157326
P-n16-k8,pso,30,36,15,1,16.4,8.138795979750322,35,100,0.01,0.72,467.74060534157326,467.74060534157326,0.0,0.0,19,0.5,0.1,0,0,0,0,0.6759999999999999,0.36800000000000005,0.524,0.0,467.74060534157326
P-n16-k8,pso,30,37,15,1,16.4,8.138795979750322,35,100,0.01,0.74,467.74060534157326,467.74060534157326,0.0,0.0,19,0.5,0.1,0,0,0,0,0.692,0.35600000000000004,0.508,0.0,467.74060534157326
P-n16-k8,pso,30,38,15,1,16.4,8.138795979750322,35,100,0.01,0.76,467.74060534157326,467.74060534157326,0.0,0.0,19,0.5,0.1,0,0,0,0,0.7080000000000001,0.3440000000000001,0.492,0.0,467.74060534157326
P-n16-k8,pso,30,39,15,1,16.4,8.138795979750322,35,100,0.01,0.78,467.74060534157326,467.74060534157326,0.0,0.0,19,0.5,0.1,0,0,0,0,0.7240000000000001,0.3320000000000001,0.476,0.0,467.74060534157326
P-n16-k8,pso,30,40,15,1,16.4,8.138795979750322,35,100,0.01,0.8,467.74060534157326,467.74060534157326,0.0,0.0,19,0.5,0.1,0,0,0,0,0.7400000000000001,0.32000000000000006,0.45999999999999996,0.0,467.74060534157326
P-n16-k8,pso,30,41,15,1,16.4,8.138795979750322,35,100,0.01,0.82,467.74060534157326,467.74060534157326,0.0,0.0,19,0.5,0.1,0,0,0,0,0.756,0.3080000000000001,0.44400000000000006,0.0,467.74060534157326
P-n16-k8,pso,30,42,15,1,16.4,8.138795979750322,35,100,0.01,0.84,467.74060534157326,467.74060534157326,0.0,0.0,19,0.5,0.1,0,0,0,0,0.772,0.29600000000000004,0.42800000000000005,0.0,467.74060534157326
P-n16-k8,pso,30,43,15,1,16.4,8.138795979750322,35,100,0.01,0.86,467.74060534157326,467.74060534157326,0.0,0.0,19,0.5,0.1,0,0,0,0,0.788,0.28400000000000003,0.41200000000000003,0.0,467.74060534157326
P-n16-k8,pso,30,44,15,1,16.4,8.138795979750322,35,100,0.01,0.88,467.74060534157326,467.74060534157326,0.0,0.0,19,0.5,0.1,0,0,0,0,0.804,0.272,0.396,0.0,467.74060534157326
P-n16-k8,pso,30,45,15,1,16.4,8.138795979750322,35,100,0.01,0.9,467.74060534157326,467.74060534157326,0.0,0.0,19,0.5,0.1,0,0,0,0,0.8200000000000001,0.26,0.38,0.0,467.74060534157326
P-n16-k8,pso,30,46,15,1,16.4,8.138795979750322,35,100,0.01,0.92,467.74060534157326,467.74060534157326,0.0,0.0,19,0.5,0.1,0,0,0,0,0.8360000000000001,0.248,0.364,0.0,467.74060534157326
P-n16-k8,pso,30,47,15,1,16.4,8.138795979750322,35,100,0.01,0.94,467.74060534157326,467.74060534157326,0.0,0.0,19,0.5,0.1,0,0,0,0,0.852,0.2360000000000001,0.34800000000000003,0.0,467.74060534157326
P-n16-k8,pso,30,48,15,1,16.4,8.138795979750322,35,100,0.01,0.96,467.74060534157326,467.74060534157326,0.0,0.0,19,0.5,0.1,0,0,0,0,0.868,0.2240000000000001,0.332,0.0,467.74060534157326
P-n16-k8,pso,30,49,15,1,16.4,8.138795979750322,35,100,0.01,0.98,467.74060534157326,467.74060534157326,0.0,0.0,19,0.5,0.1,0,0,0,0,0.884,0.21200000000000008,0.316,0.0,467.74060534157326
P-n16-k8,pso,31,0,15,1,16.4,8.138795979750322,35,100,0.01,0.0,1000.0,1000.0,100.0,0.0,0,0.5,0.1,0,0,0,0,0.1,0.8,0.3,0.0,467.74060534157326
P-n16-k8,pso,31,1,15,1,16.4,8.138795979750322,35,100,0.01,0.02,467.74060534157326,467.74060534157326,100.0,0.0,0,0.5,0.1,0,0,0,0,0.116,0.788,0.316,0.0,467.74060534157326
P-n16-k8,pso,31,2,15,1,16.4,8.138795979750322,35,100,0.01,0.04,467.74060534157326,467.74060534157326,100.0,0.0,0,0.5,0.1,0,0,0,0,0.132,0.776,0.33199999999999996,0.0,467.74060534157326
P-n16-k8,pso,31,3,15,1,16.4,8.138795979750322,35,100,0.01,0.06,467.74060534157326,467.74060534157326,100.0,0.0,0,0.5,0.1,0,0,0,0,0.14800000000000002,0.764,0.348,0.0,467.74060534157326
P-n16-k8,pso,31,4,15,1,16.4,8.138795979750322,35,100,0.01,0.08,467.74060534157326,467.74060534157326,100.0,0.0,0,0.5,0.1,0,0,0,0,0.164,0.752,0.364,0.0,467.74060534157326
P-n16-k8,pso,31,5,15,1,16.4,8.138795979750322,35,100,0.01,0.1,467.74060534157326,467.74060534157326,100.0,0.0,0,0.5,0.1,0,0,0,0,0.18000000000000002,0.74,0.38,0.0,467.74060534157326
P-n16-k8,pso,31,6,15,1,16.4,8.138795979750322,35,100,0.01,0.12,467.74060534157326,467.74060534157326,100.0,0.0,0,0.5,0.1,0,0,0,0,0.196,0.7280000000000001,0.396,0.0,467.74060534157326
P-n16-k8,pso,31,7,15,1,16.4,8.138795979750322,35,100,0.01,0.14,467.74060534157326,467.7406053415733,100.0,0.0,0,0.5,0.1,0,0,0,0,0.21200000000000002,0.7160000000000001,0.41200000000000003,0.0,467.74060534157326
P-n16-k8,pso,31,8,15,1,16.4,8.138795979750322,35,100,0.01,0.16,467.74060534157326,467.74060534157326,100.0,0.0,0,0.5,0.1,0,0,0,0,0.228,0.7040000000000001,0.42800000000000005,0.0,467.74060534157326
P-n16-k8,pso,31,9,15,1,16.4,8.138795979750322,35,100,0.01,0.18,467.74060534157326,467.7406053415732,100.0,0.0,0,0.5,0.1,0,0,0,0,0.244,0.6920000000000001,0.44399999999999995,0.0,467.74060534157326
P-n16-k8,pso,31,10,15,1,16.4,8.138795979750322,35,100,0.01,0.2,467.74060534157326,467.74060534157326,100.0,0.0,0,0.5,0.1,0,0,0,0,0.26,0.68,0.46,0.0,467.74060534157326
P-n16-k8,pso,31,11,15,1,16.4,8.138795979750322,35,100,0.01,0.22,467.74060534157326,467.74060534157326,0.0,0.0,10,0.5,0.1,0,0,0,0,0.276,0.668,0.476,0.0,467.74060534157326
P-n16-k8,pso,31,12,15,1,16.4,8.138795979750322,35,100,0.01,0.24,467.74060534157326,467.74060534157326,0.0,0.0,11,0.5,0.1,0,0,0,0,0.29200000000000004,0.656,0.492,0.0,467.74060534157326
P-n16-k8,pso,31,13,15,1,16.4,8.138795979750322,35,100,0.01,0.26,467.74060534157326,467.74060534157326,0.0,0.0,12,0.5,0.1,0,0,0,0,0.30800000000000005,0.644,0.508,0.0,467.74060534157326
P-n16-k8,pso,31,14,15,1,16.4,8.138795979750322,35,100,0.01,0.28,467.74060534157326,467.74060534157326,0.0,0.0,13,0.5,0.1,0,0,0,0,0.32400000000000007,0.632,0.524,0.0,467.74060534157326
P-n16-k8,pso,31,15,15,1,16.4,8.138795979750322,35,100,0.01,0.3,467.74060534157326,467.74060534157326,0.0,0.0,14,0.5,0.1,0,0,0,0,0.33999999999999997,0.6200000000000001,0.54,0.0,467.74060534157326
P-n16-k8,pso,31,16,15,1,16.4,8.138795979750322,35,100,0.01,0.32,467.74060534157326,467.74060534157326,0.0,0.0,15,0.5,0.1,0,0,0,0,0.356,0.6080000000000001,0.556,0.0,467.74060534157326
P-n16-k8,pso,31,17,15,1,16.4,8.138795979750322,35,100,0.01,0.34,467.74060534157326,467.74060534157326,0.0,0.0,16,0.5,0.1,0,0,0,0,0.372,0.5960000000000001,0.5720000000000001,0.0,467.74060534157326
P-n16-k8,pso,31,18,15,1,16.4,8.138795979750322,35,100,0.01,0.36,467.74060534157326,467.74060534157326,0.0,0.0,17,0.5,0.1,0,0,0,0,0.388,0.5840000000000001,0.588,0.0,467.74060534157326
P-n16-k8,pso,31,19,15,1,16.4,8.138795979750322,35,100,0.01,0.38,467.74060534157326,467.74060534157326,0.0,0.0,18,0.5,0.1,0,0,0,0,0.404,0.5720000000000001,0.6040000000000001,0.0,467.74060534157326
P-n16-k8,pso,31,20,15,1,16.4,8.138795979750322,35,100,0.01,0.4,467.74060534157326,467.74060534157326,0.0,0.0,19,0.5,0.1,0,0,0,0,0.42000000000000004,0.56,0.6200000000000001,0.0,467.74060534157326
P-n16-k8,pso,31,21,15,1,16.4,8.138795979750322,35,100,0.01,0.42,467.74060534157326,467.74060534157326,0.0,0.0,19,0.5,0.1,0,0,0,0,0.43600000000000005,0.548,0.636,0.0,467.74060534157326
P-n16-k8,pso,31,22,15,1,16.4,8.138795979750322,35,100,0.01,0.44,467.74060534157326,467.74060534157326,0.0,0.0,19,0.5,0.1,0,0,0,0,0.45200000000000007,0.536,0.652,0.0,467.74060534157326
P-n16-k8,pso,31,23,15,1,16.4,8.138795979750322,35,100,0.01,0.46,467.74060534157326,467.74060534157326,0.0,0.0,19,0.5,0.1,0,0,0,0,0.4680000000000001,0.524,0.668,0.0,467.74060534157326
P-n16-k8,pso,31,24,15,1,16.4,8.138795979750322,35,100,0.01,0.48,467.74060534157326,467.74060534157326,0.0,0.0,19,0.5,0.1,0,0,0,0,0.484,0.512,0.6839999999999999,0.0,467.74060534157326
P-n16-k8,pso,31,25,15,1,16.4,8.138795979750322,35,100,0.01,0.5,467.74060534157326,467.74060534157326,0.0,0.0,19,0.5,0.1,0,0,0,0,0.5,0.5,0.7,0.0,467.74060534157326
P-n16-k8,pso,31,26,15,1,16.4,8.138795979750322,35,100,0.01,0.52,467.74060534157326,467.74060534157326,0.0,0.0,19,0.5,0.1,0,0,0,0,0.516,0.48800000000000004,0.6839999999999999,0.0,467.74060534157326
P-n16-k8,pso,31,27,15,1,16.4,8.138795979750322,35,100,0.01,0.54,467.74060534157326,467.74060534157326,0.0,0.0,19,0.5,0.1,0,0,0,0,0.532,0.47600000000000003,0.6679999999999999,0.0,467.74060534157326
P-n16-k8,pso,31,28,15,1,16.4,8.138795979750322,35,100,0.01,0.56,467.74060534157326,467.74060534157326,0.0,0.0,19,0.5,0.1,0,0,0,0,0.548,0.464,0.6519999999999999,0.0,467.74060534157326
P-n16-k8,pso,31,29,15,1,16.4,8.138795979750322,35,100,0.01,0.58,467.74060534157326,467.74060534157326,0.0,0.0,19,0.5,0.1,0,0,0,0,0.564,0.45200000000000007,0.6360000000000001,0.0,467.74060534157326
P-n16-k8,pso,31,30,15,1,16.4,8.138795979750322,35,100,0.01,0.6,467.74060534157326,467.74060534157326,0.0,0.0,19,0.5,0.1,0,0,0,0,0.58,0.44000000000000006,0.6200000000000001,0.0,467.74060534157326
P-n16-k8,pso,31,31,15,1,16.4,8.138795979750322,35,100,0.01,0.62,467.74060534157326,467.74060534157326,0.0,0.0,19,0.5,0.1,0,0,0,0,0.596,0.42800000000000005,0.6040000000000001,0.0,467.74060534157326
P-n16-k8,pso,31,32,15,1,16.4,8.138795979750322,35,100,0.01,0.64,467.74060534157326,467.74060534157326,0.0,0.0,19,0.5,0.1,0,0,0,0,0.612,0.41600000000000004,0.588,0.0,467.74060534157326
P-n16-k8,pso,31,33,15,1,16.4,8.138795979750322,35,100,0.01,0.66,467.74060534157326,467.74060534157326,0.0,0.0,19,0.5,0.1,0,0,0,0,0.628,0.404,0.572,0.0,467.74060534157326
P-n16-k8,pso,31,34,15,1,16.4,8.138795979750322,35,100,0.01,0.68,467.74060534157326,467.74060534157326,0.0,0.0,19,0.5,0.1,0,0,0,0,0.644,0.392,0.5559999999999999,0.0,467.74060534157326
P-n16-k8,pso,31,35,15,1,16.4,8.138795979750322,35,100,0.01,0.7,467.74060534157326,467.74060534157326,0.0,0.0,19,0.5,0.1,0,0,0,0,0.6599999999999999,0.38000000000000006,0.54,0.0,467.74060534157326
P-n16-k8,pso,31,36,15,1,16.4,8.138795979750322,35,100,0.01,0.72,467.74060534157326,467.74060534157326,0.0,0.0,19,0.5,0.1,0,0,0,0,0.6759999999999999,0.36800000000000005,0.524,0.0,467.74060534157326
P-n16-k8,pso,31,37,15,1,16.4,8.138795979750322,35,100,0.01,0.74,467.74060534157326,467.74060534157326,0.0,0.0,19,0.5,0.1,0,0,0,0,0.692,0.35600000000000004,0.508,0.0,467.74060534157326
P-n16-k8,pso,31,38,15,1,16.4,8.138795979750322,35,100,0.01,0.76,467.74060534157326,467.74060534157326,0.0,0.0,19,0.5,0.1,0,0,0,0,0.7080000000000001,0.3440000000000001,0.492,0.0,467.74060534157326
P-n16-k8,pso,31,39,15,1,16.4,8.138795979750322,35,100,0.01,0.78,467.74060534157326,467.74060534157326,0.0,0.0,19,0.5,0.1,0,0,0,0,0.7240000000000001,0.3320000000000001,0.476,0.0,467.74060534157326
P-n16-k8,pso,31,40,15,1,16.4,8.138795979750322,35,100,0.01,0.8,467.74060534157326,467.74060534157326,0.0,0.0,19,0.5,0.1,0,0,0,0,0.7400000000000001,0.32000000000000006,0.45999999999999996,0.0,467.74060534157326
P-n16-k8,pso,31,41,15,1,16.4,8.138795979750322,35,100,0.01,0.82,467.74060534157326,467.74060534157326,0.0,0.0,19,0.5,0.1,0,0,0,0,0.756,0.3080000000000001,0.44400000000000006,0.0,467.74060534157326
P-n16-k8,pso,31,42,15,1,16.4,8.138795979750322,35,100,0.01,0.84,467.74060534157326,467.74060534157326,0.0,0.0,19,0.5,0.1,0,0,0,0,0.772,0.29600000000000004,0.42800000000000005,0.0,467.74060534157326
P-n16-k8,pso,31,43,15,1,16.4,8.138795979750322,35,100,0.01,0.86,467.74060534157326,467.74060534157326,0.0,0.0,19,0.5,0.1,0,0,0,0,0.788,0.28400000000000003,0.41200000000000003,0.0,467.74060534157326
P-n16-k8,pso,31,44,15,1,16.4,8.138795979750322,35,100,0.01,0.88,467.74060534157326,467.74060534157326,0.0,0.0,19,0.5,0.1,0,0,0,0,0.804,0.272,0.396,0.0,467.74060534157326
P-n16-k8,pso,31,45,15,1,16.4,8.138795979750322,35,100,0.01,0.9,467.74060534157326,467.74060534157326,0.0,0.0,19,0.5,0.1,0,0,0,0,0.8200000000000001,0.26,0.38,0.0,467.74060534157326
P-n16-k8,pso,31,46,15,1,16.4,8.138795979750322,35,100,0.01,0.92,467.74060534157326,467.74060534157326,0.0,0.0,19,0.5,0.1,0,0,0,0,0.8360000000000001,0.248,0.364,0.0,467.74060534157326
P-n16-k8,pso,31,47,15,1,16.4,8.138795979750322,35,100,0.01,0.94,467.74060534157326,467.74060534157326,0.0,0.0,19,0.5,0.1,0,0,0,0,0.852,0.2360000000000001,0.34800000000000003,0.0,467.74060534157326
P-n16-k8,pso,31,48,15,1,16.4,8.138795979750322,35,100,0.01,0.96,467.74060534157326,467.74060534157326,0.0,0.0,19,0.5,0.1,0,0,0,0,0.868,0.2240000000000001,0.332,0.0,467.74060534157326
P-n16-k8,pso,31,49,15,1,16.4,8.138795979750322,35,100,0.01,0.98,467.74060534157326,467.74060534157326,0.0,0.0,19,0.5,0.1,0,0,0,0,0.884,0.21200000000000008,0.316,0.0,467.74060534157326
P-n16-k8,pso,32,0,15,1,16.4,8.138795979750322,35,100,0.01,0.0,1000.0,1000.0,100.0,0.0,0,0.5,0.1,0,0,0,0,0.1,0.8,0.3,0.0,467.74060534157326
P-n16-k8,pso,32,1,15,1,16.4,8.138795979750322,35,100,0.01,0.02,467.74060534157326,467.74060534157326,100.0,0.0,0,0.5,0.1,0,0,0,0,0.116,0.788,0.316,0.0,467.74060534157326
P-n16-k8,pso,32,2,15,1,16.4,8.138795979750322,35,100,0.01,0.04,467.74060534157326,467.74060534157326,100.0,0.0,0,0.5,0.1,0,0,0,0,0.132,0.776,0.33199999999999996,0.0,467.74060534157326
P-n16-k8,pso,32,3,15,1,16.4,8.138795979750322,35,100,0.01,0.06,467.74060534157326,467.74060534157326,100.0,0.0,0,0.5,0.1,0,0,0,0,0.14800000000000002,0.764,0.348,0.0,467.74060534157326
P-n16-k8,pso,32,4,15,1,16.4,8.138795979750322,35,100,0.01,0.08,467.74060534157326,467.74060534157326,100.0,0.0,0,0.5,0.1,0,0,0,0,0.164,0.752,0.364,0.0,467.74060534157326
P-n16-k8,pso,32,5,15,1,16.4,8.138795979750322,35,100,0.01,0.1,467.74060534157326,467.74060534157326,100.0,0.0,0,0.5,0.1,0,0,0,0,0.18000000000000002,0.74,0.38,0.0,467.74060534157326
P-n16-k8,pso,32,6,15,1,16.4,8.138795979750322,35,100,0.01,0.12,467.74060534157326,467.74060534157326,100.0,0.0,0,0.5,0.1,0,0,0,0,0.196,0.7280000000000001,0.396,0.0,467.74060534157326
P-n16-k8,pso,32,7,15,1,16.4,8.138795979750322,35,100,0.01,0.14,467.74060534157326,467.7406053415733,100.0,0.0,0,0.5,0.1,0,0,0,0,0.21200000000000002,0.7160000000000001,0.41200000000000003,0.0,467.74060534157326
P-n16-k8,pso,32,8,15,1,16.4,8.138795979750322,35,100,0.01,0.16,467.74060534157326,467.74060534157326,100.0,0.0,0,0.5,0.1,0,0,0,0,0.228,0.7040000000000001,0.42800000000000005,0.0,467.74060534157326
P-n16-k8,pso,32,9,15,1,16.4,8.138795979750322,35,100,0.01,0.18,467.74060534157326,467.7406053415732,100.0,0.0,0,0.5,0.1,0,0,0,0,0.244,0.6920000000000001,0.44399999999999995,0.0,467.74060534157326
P-n16-k8,pso,32,10,15,1,16.4,8.138795979750322,35,100,0.01,0.2,467.74060534157326,467.74060534157326,100.0,0.0,0,0.5,0.1,0,0,0,0,0.26,0.68,0.46,0.0,467.74060534157326
P-n16-k8,pso,32,11,15,1,16.4,8.138795979750322,35,100,0.01,0.22,467.74060534157326,467.74060534157326,0.0,0.0,10,0.5,0.1,0,0,0,0,0.276,0.668,0.476,0.0,467.74060534157326
P-n16-k8,pso,32,12,15,1,16.4,8.138795979750322,35,100,0.01,0.24,467.74060534157326,467.74060534157326,0.0,0.0,11,0.5,0.1,0,0,0,0,0.29200000000000004,0.656,0.492,0.0,467.74060534157326
P-n16-k8,pso,32,13,15,1,16.4,8.138795979750322,35,100,0.01,0.26,467.74060534157326,467.74060534157326,0.0,0.0,12,0.5,0.1,0,0,0,0,0.30800000000000005,0.644,0.508,0.0,467.74060534157326
P-n16-k8,pso,32,14,15,1,16.4,8.138795979750322,35,100,0.01,0.28,467.74060534157326,467.74060534157326,0.0,0.0,13,0.5,0.1,0,0,0,0,0.32400000000000007,0.632,0.524,0.0,467.74060534157326
P-n16-k8,pso,32,15,15,1,16.4,8.138795979750322,35,100,0.01,0.3,467.74060534157326,467.74060534157326,0.0,0.0,14,0.5,0.1,0,0,0,0,0.33999999999999997,0.6200000000000001,0.54,0.0,467.74060534157326
P-n16-k8,pso,32,16,15,1,16.4,8.138795979750322,35,100,0.01,0.32,467.74060534157326,467.74060534157326,0.0,0.0,15,0.5,0.1,0,0,0,0,0.356,0.6080000000000001,0.556,0.0,467.74060534157326
P-n16-k8,pso,32,17,15,1,16.4,8.138795979750322,35,100,0.01,0.34,467.74060534157326,467.74060534157326,0.0,0.0,16,0.5,0.1,0,0,0,0,0.372,0.5960000000000001,0.5720000000000001,0.0,467.74060534157326
P-n16-k8,pso,32,18,15,1,16.4,8.138795979750322,35,100,0.01,0.36,467.74060534157326,467.74060534157326,0.0,0.0,17,0.5,0.1,0,0,0,0,0.388,0.5840000000000001,0.588,0.0,467.74060534157326
P-n16-k8,pso,32,19,15,1,16.4,8.138795979750322,35,100,0.01,0.38,467.74060534157326,467.74060534157326,0.0,0.0,18,0.5,0.1,0,0,0,0,0.404,0.5720000000000001,0.6040000000000001,0.0,467.74060534157326
P-n16-k8,pso,32,20,15,1,16.4,8.138795979750322,35,100,0.01,0.4,467.74060534157326,467.74060534157326,0.0,0.0,19,0.5,0.1,0,0,0,0,0.42000000000000004,0.56,0.6200000000000001,0.0,467.74060534157326
P-n16-k8,pso,32,21,15,1,16.4,8.138795979750322,35,100,0.01,0.42,467.74060534157326,467.74060534157326,0.0,0.0,19,0.5,0.1,0,0,0,0,0.43600000000000005,0.548,0.636,0.0,467.74060534157326
P-n16-k8,pso,32,22,15,1,16.4,8.138795979750322,35,100,0.01,0.44,467.74060534157326,467.74060534157326,0.0,0.0,19,0.5,0.1,0,0,0,0,0.45200000000000007,0.536,0.652,0.0,467.74060534157326
P-n16-k8,pso,32,23,15,1,16.4,8.138795979750322,35,100,0.01,0.46,467.74060534157326,467.74060534157326,0.0,0.0,19,0.5,0.1,0,0,0,0,0.4680000000000001,0.524,0.668,0.0,467.74060534157326
P-n16-k8,pso,32,24,15,1,16.4,8.138795979750322,35,100,0.01,0.48,467.74060534157326,467.74060534157326,0.0,0.0,19,0.5,0.1,0,0,0,0,0.484,0.512,0.6839999999999999,0.0,467.74060534157326
P-n16-k8,pso,32,25,15,1,16.4,8.138795979750322,35,100,0.01,0.5,467.74060534157326,467.74060534157326,0.0,0.0,19,0.5,0.1,0,0,0,0,0.5,0.5,0.7,0.0,467.74060534157326
P-n16-k8,pso,32,26,15,1,16.4,8.138795979750322,35,100,0.01,0.52,467.74060534157326,467.74060534157326,0.0,0.0,19,0.5,0.1,0,0,0,0,0.516,0.48800000000000004,0.6839999999999999,0.0,467.74060534157326
P-n16-k8,pso,32,27,15,1,16.4,8.138795979750322,35,100,0.01,0.54,467.74060534157326,467.74060534157326,0.0,0.0,19,0.5,0.1,0,0,0,0,0.532,0.47600000000000003,0.6679999999999999,0.0,467.74060534157326
P-n16-k8,pso,32,28,15,1,16.4,8.138795979750322,35,100,0.01,0.56,467.74060534157326,467.74060534157326,0.0,0.0,19,0.5,0.1,0,0,0,0,0.548,0.464,0.6519999999999999,0.0,467.74060534157326
P-n16-k8,pso,32,29,15,1,16.4,8.138795979750322,35,100,0.01,0.58,467.74060534157326,467.74060534157326,0.0,0.0,19,0.5,0.1,0,0,0,0,0.564,0.45200000000000007,0.6360000000000001,0.0,467.74060534157326
P-n16-k8,pso,32,30,15,1,16.4,8.138795979750322,35,100,0.01,0.6,467.74060534157326,467.74060534157326,0.0,0.0,19,0.5,0.1,0,0,0,0,0.58,0.44000000000000006,0.6200000000000001,0.0,467.74060534157326
P-n16-k8,pso,32,31,15,1,16.4,8.138795979750322,35,100,0.01,0.62,467.74060534157326,467.74060534157326,0.0,0.0,19,0.5,0.1,0,0,0,0,0.596,0.42800000000000005,0.6040000000000001,0.0,467.74060534157326
P-n16-k8,pso,32,32,15,1,16.4,8.138795979750322,35,100,0.01,0.64,467.74060534157326,467.74060534157326,0.0,0.0,19,0.5,0.1,0,0,0,0,0.612,0.41600000000000004,0.588,0.0,467.74060534157326
P-n16-k8,pso,32,33,15,1,16.4,8.138795979750322,35,100,0.01,0.66,467.74060534157326,467.74060534157326,0.0,0.0,19,0.5,0.1,0,0,0,0,0.628,0.404,0.572,0.0,467.74060534157326
P-n16-k8,pso,32,34,15,1,16.4,8.138795979750322,35,100,0.01,0.68,467.74060534157326,467.74060534157326,0.0,0.0,19,0.5,0.1,0,0,0,0,0.644,0.392,0.5559999999999999,0.0,467.74060534157326
P-n16-k8,pso,32,35,15,1,16.4,8.138795979750322,35,100,0.01,0.7,467.74060534157326,467.74060534157326,0.0,0.0,19,0.5,0.1,0,0,0,0,0.6599999999999999,0.38000000000000006,0.54,0.0,467.74060534157326
P-n16-k8,pso,32,36,15,1,16.4,8.138795979750322,35,100,0.01,0.72,467.74060534157326,467.74060534157326,0.0,0.0,19,0.5,0.1,0,0,0,0,0.6759999999999999,0.36800000000000005,0.524,0.0,467.74060534157326
P-n16-k8,pso,32,37,15,1,16.4,8.138795979750322,35,100,0.01,0.74,467.74060534157326,467.74060534157326,0.0,0.0,19,0.5,0.1,0,0,0,0,0.692,0.35600000000000004,0.508,0.0,467.74060534157326
P-n16-k8,pso,32,38,15,1,16.4,8.138795979750322,35,100,0.01,0.76,467.74060534157326,467.74060534157326,0.0,0.0,19,0.5,0.1,0,0,0,0,0.7080000000000001,0.3440000000000001,0.492,0.0,467.74060534157326
P-n16-k8,pso,32,39,15,1,16.4,8.138795979750322,35,100,0.01,0.78,467.74060534157326,467.74060534157326,0.0,0.0,19,0.5,0.1,0,0,0,0,0.7240000000000001,0.3320000000000001,0.476,0.0,467.74060534157326
P-n16-k8,pso,32,40,15,1,16.4,8.138795979750322,35,100,0.01,0.8,467.74060534157326,467.74060534157326,0.0,0.0,19,0.5,0.1,0,0,0,0,0.7400000000000001,0.32000000000000006,0.45999999999999996,0.0,467.74060534157326
P-n16-k8,pso,32,41,15,1,16.4,8.138795979750322,35,100,0.01,0.82,467.74060534157326,467.74060534157326,0.0,0.0,19,0.5,0.1,0,0,0,0,0.756,0.3080000000000001,0.44400000000000006,0.0,467.74060534157326
P-n16-k8,pso,32,42,15,1,16.4,8.138795979750322,35,100,0.01,0.84,467.74060534157326,467.74060534157326,0.0,0.0,19,0.5,0.1,0,0,0,0,0.772,0.29600000000000004,0.42800000000000005,0.0,467.74060534157326
P-n16-k8,pso,32,43,15,1,16.4,8.138795979750322,35,100,0.01,0.86,467.74060534157326,467.74060534157326,0.0,0.0,19,0.5,0.1,0,0,0,0,0.788,0.28400000000000003,0.41200000000000003,0.0,467.74060534157326
P-n16-k8,pso,32,44,15,1,16.4,8.138795979750322,35,100,0.01,0.88,467.74060534157326,467.74060534157326,0.0,0.0,19,0.5,0.1,0,0,0,0,0.804,0.272,0.396,0.0,467.74060534157326
P-n16-k8,pso,32,45,15,1,16.4,8.138795979750322,35,100,0.01,0.9,467.74060534157326,467.74060534157326,0.0,0.0,19,0.5,0.1,0,0,0,0,0.8200000000000001,0.26,0.38,0.0,467.74060534157326
P-n16-k8,pso,32,46,15,1,16.4,8.138795979750322,35,100,0.01,0.92,467.74060534157326,467.74060534157326,0.0,0.0,19,0.5,0.1,0,0,0,0,0.8360000000000001,0.248,0.364,0.0,467.74060534157326
P-n16-k8,pso,32,47,15,1,16.4,8.138795979750322,35,100,0.01,0.94,467.74060534157326,467.74060534157326,0.0,0.0,19,0.5,0.1,0,0,0,0,0.852,0.2360000000000001,0.34800000000000003,0.0,467.74060534157326
P-n16-k8,pso,32,48,15,1,16.4,8.138795979750322,35,100,0.01,0.96,467.74060534157326,467.74060534157326,0.0,0.0,19,0.5,0.1,0,0,0,0,0.868,0.2240000000000001,0.332,0.0,467.74060534157326
P-n16-k8,pso,32,49,15,1,16.4,8.138795979750322,35,100,0.01,0.98,467.74060534157326,467.74060534157326,0.0,0.0,19,0.5,0.1,0,0,0,0,0.884,0.21200000000000008,0.316,0.0,467.74060534157326
P-n16-k8,pso,33,0,15,1,16.4,8.138795979750322,35,100,0.01,0.0,1000.0,1000.0,100.0,0.0,0,0.5,0.1,0,0,0,0,0.1,0.8,0.3,0.0,467.74060534157326
P-n16-k8,pso,33,1,15,1,16.4,8.138795979750322,35,100,0.01,0.02,467.74060534157326,467.74060534157326,100.0,0.0,0,0.5,0.1,0,0,0,0,0.116,0.788,0.316,0.0,467.74060534157326
P-n16-k8,pso,33,2,15,1,16.4,8.138795979750322,35,100,0.01,0.04,467.74060534157326,467.74060534157326,100.0,0.0,0,0.5,0.1,0,0,0,0,0.132,0.776,0.33199999999999996,0.0,467.74060534157326
P-n16-k8,pso,33,3,15,1,16.4,8.138795979750322,35,100,0.01,0.06,467.74060534157326,467.74060534157326,100.0,0.0,0,0.5,0.1,0,0,0,0,0.14800000000000002,0.764,0.348,0.0,467.74060534157326
P-n16-k8,pso,33,4,15,1,16.4,8.138795979750322,35,100,0.01,0.08,467.74060534157326,467.74060534157326,100.0,0.0,0,0.5,0.1,0,0,0,0,0.164,0.752,0.364,0.0,467.74060534157326
P-n16-k8,pso,33,5,15,1,16.4,8.138795979750322,35,100,0.01,0.1,467.74060534157326,467.74060534157326,100.0,0.0,0,0.5,0.1,0,0,0,0,0.18000000000000002,0.74,0.38,0.0,467.74060534157326
P-n16-k8,pso,33,6,15,1,16.4,8.138795979750322,35,100,0.01,0.12,467.74060534157326,467.74060534157326,100.0,0.0,0,0.5,0.1,0,0,0,0,0.196,0.7280000000000001,0.396,0.0,467.74060534157326
P-n16-k8,pso,33,7,15,1,16.4,8.138795979750322,35,100,0.01,0.14,467.74060534157326,467.7406053415733,100.0,0.0,0,0.5,0.1,0,0,0,0,0.21200000000000002,0.7160000000000001,0.41200000000000003,0.0,467.74060534157326
P-n16-k8,pso,33,8,15,1,16.4,8.138795979750322,35,100,0.01,0.16,467.74060534157326,467.74060534157326,100.0,0.0,0,0.5,0.1,0,0,0,0,0.228,0.7040000000000001,0.42800000000000005,0.0,467.74060534157326
P-n16-k8,pso,33,9,15,1,16.4,8.138795979750322,35,100,0.01,0.18,467.74060534157326,467.7406053415732,100.0,0.0,0,0.5,0.1,0,0,0,0,0.244,0.6920000000000001,0.44399999999999995,0.0,467.74060534157326
P-n16-k8,pso,33,10,15,1,16.4,8.138795979750322,35,100,0.01,0.2,467.74060534157326,467.74060534157326,100.0,0.0,0,0.5,0.1,0,0,0,0,0.26,0.68,0.46,0.0,467.74060534157326
P-n16-k8,pso,33,11,15,1,16.4,8.138795979750322,35,100,0.01,0.22,467.74060534157326,467.74060534157326,0.0,0.0,10,0.5,0.1,0,0,0,0,0.276,0.668,0.476,0.0,467.74060534157326
P-n16-k8,pso,33,12,15,1,16.4,8.138795979750322,35,100,0.01,0.24,467.74060534157326,467.74060534157326,0.0,0.0,11,0.5,0.1,0,0,0,0,0.29200000000000004,0.656,0.492,0.0,467.74060534157326
P-n16-k8,pso,33,13,15,1,16.4,8.138795979750322,35,100,0.01,0.26,467.74060534157326,467.74060534157326,0.0,0.0,12,0.5,0.1,0,0,0,0,0.30800000000000005,0.644,0.508,0.0,467.74060534157326
P-n16-k8,pso,33,14,15,1,16.4,8.138795979750322,35,100,0.01,0.28,467.74060534157326,467.74060534157326,0.0,0.0,13,0.5,0.1,0,0,0,0,0.32400000000000007,0.632,0.524,0.0,467.74060534157326
P-n16-k8,pso,33,15,15,1,16.4,8.138795979750322,35,100,0.01,0.3,467.74060534157326,467.74060534157326,0.0,0.0,14,0.5,0.1,0,0,0,0,0.33999999999999997,0.6200000000000001,0.54,0.0,467.74060534157326
P-n16-k8,pso,33,16,15,1,16.4,8.138795979750322,35,100,0.01,0.32,467.74060534157326,467.74060534157326,0.0,0.0,15,0.5,0.1,0,0,0,0,0.356,0.6080000000000001,0.556,0.0,467.74060534157326
P-n16-k8,pso,33,17,15,1,16.4,8.138795979750322,35,100,0.01,0.34,467.74060534157326,467.74060534157326,0.0,0.0,16,0.5,0.1,0,0,0,0,0.372,0.5960000000000001,0.5720000000000001,0.0,467.74060534157326
P-n16-k8,pso,33,18,15,1,16.4,8.138795979750322,35,100,0.01,0.36,467.74060534157326,467.74060534157326,0.0,0.0,17,0.5,0.1,0,0,0,0,0.388,0.5840000000000001,0.588,0.0,467.74060534157326
P-n16-k8,pso,33,19,15,1,16.4,8.138795979750322,35,100,0.01,0.38,467.74060534157326,467.74060534157326,0.0,0.0,18,0.5,0.1,0,0,0,0,0.404,0.5720000000000001,0.6040000000000001,0.0,467.74060534157326
P-n16-k8,pso,33,20,15,1,16.4,8.138795979750322,35,100,0.01,0.4,467.74060534157326,467.74060534157326,0.0,0.0,19,0.5,0.1,0,0,0,0,0.42000000000000004,0.56,0.6200000000000001,0.0,467.74060534157326
P-n16-k8,pso,33,21,15,1,16.4,8.138795979750322,35,100,0.01,0.42,467.74060534157326,467.74060534157326,0.0,0.0,19,0.5,0.1,0,0,0,0,0.43600000000000005,0.548,0.636,0.0,467.74060534157326
P-n16-k8,pso,33,22,15,1,16.4,8.138795979750322,35,100,0.01,0.44,467.74060534157326,467.74060534157326,0.0,0.0,19,0.5,0.1,0,0,0,0,0.45200000000000007,0.536,0.652,0.0,467.74060534157326
P-n16-k8,pso,33,23,15,1,16.4,8.138795979750322,35,100,0.01,0.46,467.74060534157326,467.74060534157326,0.0,0.0,19,0.5,0.1,0,0,0,0,0.4680000000000001,0.524,0.668,0.0,467.74060534157326
P-n16-k8,pso,33,24,15,1,16.4,8.138795979750322,35,100,0.01,0.48,467.74060534157326,467.74060534157326,0.0,0.0,19,0.5,0.1,0,0,0,0,0.484,0.512,0.6839999999999999,0.0,467.74060534157326
P-n16-k8,pso,33,25,15,1,16.4,8.138795979750322,35,100,0.01,0.5,467.74060534157326,467.74060534157326,0.0,0.0,19,0.5,0.1,0,0,0,0,0.5,0.5,0.7,0.0,467.74060534157326
P-n16-k8,pso,33,26,15,1,16.4,8.138795979750322,35,100,0.01,0.52,467.74060534157326,467.74060534157326,0.0,0.0,19,0.5,0.1,0,0,0,0,0.516,0.48800000000000004,0.6839999999999999,0.0,467.74060534157326
P-n16-k8,pso,33,27,15,1,16.4,8.138795979750322,35,100,0.01,0.54,467.74060534157326,467.74060534157326,0.0,0.0,19,0.5,0.1,0,0,0,0,0.532,0.47600000000000003,0.6679999999999999,0.0,467.74060534157326
P-n16-k8,pso,33,28,15,1,16.4,8.138795979750322,35,100,0.01,0.56,467.74060534157326,467.74060534157326,0.0,0.0,19,0.5,0.1,0,0,0,0,0.548,0.464,0.6519999999999999,0.0,467.74060534157326
P-n16-k8,pso,33,29,15,1,16.4,8.138795979750322,35,100,0.01,0.58,467.74060534157326,467.74060534157326,0.0,0.0,19,0.5,0.1,0,0,0,0,0.564,0.45200000000000007,0.6360000000000001,0.0,467.74060534157326
P-n16-k8,pso,33,30,15,1,16.4,8.138795979750322,35,100,0.01,0.6,467.74060534157326,467.74060534157326,0.0,0.0,19,0.5,0.1,0,0,0,0,0.58,0.44000000000000006,0.6200000000000001,0.0,467.74060534157326
P-n16-k8,pso,33,31,15,1,16.4,8.138795979750322,35,100,0.01,0.62,467.74060534157326,467.74060534157326,0.0,0.0,19,0.5,0.1,0,0,0,0,0.596,0.42800000000000005,0.6040000000000001,0.0,467.74060534157326
P-n16-k8,pso,33,32,15,1,16.4,8.138795979750322,35,100,0.01,0.64,467.74060534157326,467.74060534157326,0.0,0.0,19,0.5,0.1,0,0,0,0,0.612,0.41600000000000004,0.588,0.0,467.74060534157326
P-n16-k8,pso,33,33,15,1,16.4,8.138795979750322,35,100,0.01,0.66,467.74060534157326,467.74060534157326,0.0,0.0,19,0.5,0.1,0,0,0,0,0.628,0.404,0.572,0.0,467.74060534157326
P-n16-k8,pso,33,34,15,1,16.4,8.138795979750322,35,100,0.01,0.68,467.74060534157326,467.74060534157326,0.0,0.0,19,0.5,0.1,0,0,0,0,0.644,0.392,0.5559999999999999,0.0,467.74060534157326
P-n16-k8,pso,33,35,15,1,16.4,8.138795979750322,35,100,0.01,0.7,467.74060534157326,467.74060534157326,0.0,0.0,19,0.5,0.1,0,0,0,0,0.6599999999999999,0.38000000000000006,0.54,0.0,467.74060534157326
P-n16-k8,pso,33,36,15,1,16.4,8.138795979750322,35,100,0.01,0.72,467.74060534157326,467.74060534157326,0.0,0.0,19,0.5,0.1,0,0,0,0,0.6759999999999999,0.36800000000000005,0.524,0.0,467.74060534157326
P-n16-k8,pso,33,37,15,1,16.4,8.138795979750322,35,100,0.01,0.74,467.74060534157326,467.74060534157326,0.0,0.0,19,0.5,0.1,0,0,0,0,0.692,0.35600000000000004,0.508,0.0,467.74060534157326
P-n16-k8,pso,33,38,15,1,16.4,8.138795979750322,35,100,0.01,0.76,467.74060534157326,467.74060534157326,0.0,0.0,19,0.5,0.1,0,0,0,0,0.7080000000000001,0.3440000000000001,0.492,0.0,467.74060534157326
P-n16-k8,pso,33,39,15,1,16.4,8.138795979750322,35,100,0.01,0.78,467.74060534157326,467.74060534157326,0.0,0.0,19,0.5,0.1,0,0,0,0,0.7240000000000001,0.3320000000000001,0.476,0.0,467.74060534157326
P-n16-k8,pso,33,40,15,1,16.4,8.138795979750322,35,100,0.01,0.8,467.74060534157326,467.74060534157326,0.0,0.0,19,0.5,0.1,0,0,0,0,0.7400000000000001,0.32000000000000006,0.45999999999999996,0.0,467.74060534157326
P-n16-k8,pso,33,41,15,1,16.4,8.138795979750322,35,100,0.01,0.82,467.74060534157326,467.74060534157326,0.0,0.0,19,0.5,0.1,0,0,0,0,0.756,0.3080000000000001,0.44400000000000006,0.0,467.74060534157326
P-n16-k8,pso,33,42,15,1,16.4,8.138795979750322,35,100,0.01,0.84,467.74060534157326,467.74060534157326,0.0,0.0,19,0.5,0.1,0,0,0,0,0.772,0.29600000000000004,0.42800000000000005,0.0,467.74060534157326
P-n16-k8,pso,33,43,15,1,16.4,8.138795979750322,35,100,0.01,0.86,467.74060534157326,467.74060534157326,0.0,0.0,19,0.5,0.1,0,0,0,0,0.788,0.28400000000000003,0.41200000000000003,0.0,467.74060534157326
P-n16-k8,pso,33,44,15,1,16.4,8.138795979750322,35,100,0.01,0.88,467.74060534157326,467.74060534157326,0.0,0.0,19,0.5,0.1,0,0,0,0,0.804,0.272,0.396,0.0,467.74060534157326
P-n16-k8,pso,33,45,15,1,16.4,8.138795979750322,35,100,0.01,0.9,467.74060534157326,467.74060534157326,0.0,0.0,19,0.5,0.1,0,0,0,0,0.8200000000000001,0.26,0.38,0.0,467.74060534157326
P-n16-k8,pso,33,46,15,1,16.4,8.138795979750322,35,100,0.01,0.92,467.74060534157326,467.74060534157326,0.0,0.0,19,0.5,0.1,0,0,0,0,0.8360000000000001,0.248,0.364,0.0,467.74060534157326
P-n16-k8,pso,33,47,15,1,16.4,8.138795979750322,35,100,0.01,0.94,467.74060534157326,467.74060534157326,0.0,0.0,19,0.5,0.1,0,0,0,0,0.852,0.2360000000000001,0.34800000000000003,0.0,467.74060534157326
P-n16-k8,pso,33,48,15,1,16.4,8.138795979750322,35,100,0.01,0.96,467.74060534157326,467.74060534157326,0.0,0.0,19,0.5,0.1,0,0,0,0,0.868,0.2240000000000001,0.332,0.0,467.74060534157326
P-n16-k8,pso,33,49,15,1,16.4,8.138795979750322,35,100,0.01,0.98,467.74060534157326,467.74060534157326,0.0,0.0,19,0.5,0.1,0,0,0,0,0.884,0.21200000000000008,0.316,0.0,467.74060534157326
P-n16-k8,pso,34,0,15,1,16.4,8.138795979750322,35,100,0.01,0.0,1000.0,1000.0,100.0,0.0,0,0.5,0.1,0,0,0,0,0.1,0.8,0.3,0.0,467.74060534157326
P-n16-k8,pso,34,1,15,1,16.4,8.138795979750322,35,100,0.01,0.02,467.74060534157326,467.74060534157326,100.0,0.0,0,0.5,0.1,0,0,0,0,0.116,0.788,0.316,0.0,467.74060534157326
P-n16-k8,pso,34,2,15,1,16.4,8.138795979750322,35,100,0.01,0.04,467.74060534157326,467.74060534157326,100.0,0.0,0,0.5,0.1,0,0,0,0,0.132,0.776,0.33199999999999996,0.0,467.74060534157326
P-n16-k8,pso,34,3,15,1,16.4,8.138795979750322,35,100,0.01,0.06,467.74060534157326,467.74060534157326,100.0,0.0,0,0.5,0.1,0,0,0,0,0.14800000000000002,0.764,0.348,0.0,467.74060534157326
P-n16-k8,pso,34,4,15,1,16.4,8.138795979750322,35,100,0.01,0.08,467.74060534157326,467.74060534157326,100.0,0.0,0,0.5,0.1,0,0,0,0,0.164,0.752,0.364,0.0,467.74060534157326
P-n16-k8,pso,34,5,15,1,16.4,8.138795979750322,35,100,0.01,0.1,467.74060534157326,467.74060534157326,100.0,0.0,0,0.5,0.1,0,0,0,0,0.18000000000000002,0.74,0.38,0.0,467.74060534157326
P-n16-k8,pso,34,6,15,1,16.4,8.138795979750322,35,100,0.01,0.12,467.74060534157326,467.74060534157326,100.0,0.0,0,0.5,0.1,0,0,0,0,0.196,0.7280000000000001,0.396,0.0,467.74060534157326
P-n16-k8,pso,34,7,15,1,16.4,8.138795979750322,35,100,0.01,0.14,467.74060534157326,467.7406053415733,100.0,0.0,0,0.5,0.1,0,0,0,0,0.21200000000000002,0.7160000000000001,0.41200000000000003,0.0,467.74060534157326
P-n16-k8,pso,34,8,15,1,16.4,8.138795979750322,35,100,0.01,0.16,467.74060534157326,467.74060534157326,100.0,0.0,0,0.5,0.1,0,0,0,0,0.228,0.7040000000000001,0.42800000000000005,0.0,467.74060534157326
P-n16-k8,pso,34,9,15,1,16.4,8.138795979750322,35,100,0.01,0.18,467.74060534157326,467.7406053415732,100.0,0.0,0,0.5,0.1,0,0,0,0,0.244,0.6920000000000001,0.44399999999999995,0.0,467.74060534157326
P-n16-k8,pso,34,10,15,1,16.4,8.138795979750322,35,100,0.01,0.2,467.74060534157326,467.74060534157326,100.0,0.0,0,0.5,0.1,0,0,0,0,0.26,0.68,0.46,0.0,467.74060534157326
P-n16-k8,pso,34,11,15,1,16.4,8.138795979750322,35,100,0.01,0.22,467.74060534157326,467.74060534157326,0.0,0.0,10,0.5,0.1,0,0,0,0,0.276,0.668,0.476,0.0,467.74060534157326
P-n16-k8,pso,34,12,15,1,16.4,8.138795979750322,35,100,0.01,0.24,467.74060534157326,467.74060534157326,0.0,0.0,11,0.5,0.1,0,0,0,0,0.29200000000000004,0.656,0.492,0.0,467.74060534157326
P-n16-k8,pso,34,13,15,1,16.4,8.138795979750322,35,100,0.01,0.26,467.74060534157326,467.74060534157326,0.0,0.0,12,0.5,0.1,0,0,0,0,0.30800000000000005,0.644,0.508,0.0,467.74060534157326
P-n16-k8,pso,34,14,15,1,16.4,8.138795979750322,35,100,0.01,0.28,467.74060534157326,467.74060534157326,0.0,0.0,13,0.5,0.1,0,0,0,0,0.32400000000000007,0.632,0.524,0.0,467.74060534157326
P-n16-k8,pso,34,15,15,1,16.4,8.138795979750322,35,100,0.01,0.3,467.74060534157326,467.74060534157326,0.0,0.0,14,0.5,0.1,0,0,0,0,0.33999999999999997,0.6200000000000001,0.54,0.0,467.74060534157326
P-n16-k8,pso,34,16,15,1,16.4,8.138795979750322,35,100,0.01,0.32,467.74060534157326,467.74060534157326,0.0,0.0,15,0.5,0.1,0,0,0,0,0.356,0.6080000000000001,0.556,0.0,467.74060534157326
P-n16-k8,pso,34,17,15,1,16.4,8.138795979750322,35,100,0.01,0.34,467.74060534157326,467.74060534157326,0.0,0.0,16,0.5,0.1,0,0,0,0,0.372,0.5960000000000001,0.5720000000000001,0.0,467.74060534157326
P-n16-k8,pso,34,18,15,1,16.4,8.138795979750322,35,100,0.01,0.36,467.74060534157326,467.74060534157326,0.0,0.0,17,0.5,0.1,0,0,0,0,0.388,0.5840000000000001,0.588,0.0,467.74060534157326
P-n16-k8,pso,34,19,15,1,16.4,8.138795979750322,35,100,0.01,0.38,467.74060534157326,467.74060534157326,0.0,0.0,18,0.5,0.1,0,0,0,0,0.404,0.5720000000000001,0.6040000000000001,0.0,467.74060534157326
P-n16-k8,pso,34,20,15,1,16.4,8.138795979750322,35,100,0.01,0.4,467.74060534157326,467.74060534157326,0.0,0.0,19,0.5,0.1,0,0,0,0,0.42000000000000004,0.56,0.6200000000000001,0.0,467.74060534157326
P-n16-k8,pso,34,21,15,1,16.4,8.138795979750322,35,100,0.01,0.42,467.74060534157326,467.74060534157326,0.0,0.0,19,0.5,0.1,0,0,0,0,0.43600000000000005,0.548,0.636,0.0,467.74060534157326
P-n16-k8,pso,34,22,15,1,16.4,8.138795979750322,35,100,0.01,0.44,467.74060534157326,467.74060534157326,0.0,0.0,19,0.5,0.1,0,0,0,0,0.45200000000000007,0.536,0.652,0.0,467.74060534157326
P-n16-k8,pso,34,23,15,1,16.4,8.138795979750322,35,100,0.01,0.46,467.74060534157326,467.74060534157326,0.0,0.0,19,0.5,0.1,0,0,0,0,0.4680000000000001,0.524,0.668,0.0,467.74060534157326
P-n16-k8,pso,34,24,15,1,16.4,8.138795979750322,35,100,0.01,0.48,467.74060534157326,467.74060534157326,0.0,0.0,19,0.5,0.1,0,0,0,0,0.484,0.512,0.6839999999999999,0.0,467.74060534157326
P-n16-k8,pso,34,25,15,1,16.4,8.138795979750322,35,100,0.01,0.5,467.74060534157326,467.74060534157326,0.0,0.0,19,0.5,0.1,0,0,0,0,0.5,0.5,0.7,0.0,467.74060534157326
P-n16-k8,pso,34,26,15,1,16.4,8.138795979750322,35,100,0.01,0.52,467.74060534157326,467.74060534157326,0.0,0.0,19,0.5,0.1,0,0,0,0,0.516,0.48800000000000004,0.6839999999999999,0.0,467.74060534157326
P-n16-k8,pso,34,27,15,1,16.4,8.138795979750322,35,100,0.01,0.54,467.74060534157326,467.74060534157326,0.0,0.0,19,0.5,0.1,0,0,0,0,0.532,0.47600000000000003,0.6679999999999999,0.0,467.74060534157326
P-n16-k8,pso,34,28,15,1,16.4,8.138795979750322,35,100,0.01,0.56,467.74060534157326,467.74060534157326,0.0,0.0,19,0.5,0.1,0,0,0,0,0.548,0.464,0.6519999999999999,0.0,467.74060534157326
P-n16-k8,pso,34,29,15,1,16.4,8.138795979750322,35,100,0.01,0.58,467.74060534157326,467.74060534157326,0.0,0.0,19,0.5,0.1,0,0,0,0,0.564,0.45200000000000007,0.6360000000000001,0.0,467.74060534157326
P-n16-k8,pso,34,30,15,1,16.4,8.138795979750322,35,100,0.01,0.6,467.74060534157326,467.74060534157326,0.0,0.0,19,0.5,0.1,0,0,0,0,0.58,0.44000000000000006,0.6200000000000001,0.0,467.74060534157326
P-n16-k8,pso,34,31,15,1,16.4,8.138795979750322,35,100,0.01,0.62,467.74060534157326,467.74060534157326,0.0,0.0,19,0.5,0.1,0,0,0,0,0.596,0.42800000000000005,0.6040000000000001,0.0,467.74060534157326
P-n16-k8,pso,34,32,15,1,16.4,8.138795979750322,35,100,0.01,0.64,467.74060534157326,467.74060534157326,0.0,0.0,19,0.5,0.1,0,0,0,0,0.612,0.41600000000000004,0.588,0.0,467.74060534157326
P-n16-k8,pso,34,33,15,1,16.4,8.138795979750322,35,100,0.01,0.66,467.74060534157326,467.74060534157326,0.0,0.0,19,0.5,0.1,0,0,0,0,0.628,0.404,0.572,0.0,467.74060534157326
P-n16-k8,pso,34,34,15,1,16.4,8.138795979750322,35,100,0.01,0.68,467.74060534157326,467.74060534157326,0.0,0.0,19,0.5,0.1,0,0,0,0,0.644,0.392,0.5559999999999999,0.0,467.74060534157326
P-n16-k8,pso,34,35,15,1,16.4,8.138795979750322,35,100,0.01,0.7,467.74060534157326,467.74060534157326,0.0,0.0,19,0.5,0.1,0,0,0,0,0.6599999999999999,0.38000000000000006,0.54,0.0,467.74060534157326
P-n16-k8,pso,34,36,15,1,16.4,8.138795979750322,35,100,0.01,0.72,467.74060534157326,467.74060534157326,0.0,0.0,19,0.5,0.1,0,0,0,0,0.6759999999999999,0.36800000000000005,0.524,0.0,467.74060534157326
P-n16-k8,pso,34,37,15,1,16.4,8.138795979750322,35,100,0.01,0.74,467.74060534157326,467.74060534157326,0.0,0.0,19,0.5,0.1,0,0,0,0,0.692,0.35600000000000004,0.508,0.0,467.74060534157326
P-n16-k8,pso,34,38,15,1,16.4,8.138795979750322,35,100,0.01,0.76,467.74060534157326,467.74060534157326,0.0,0.0,19,0.5,0.1,0,0,0,0,0.7080000000000001,0.3440000000000001,0.492,0.0,467.74060534157326
P-n16-k8,pso,34,39,15,1,16.4,8.138795979750322,35,100,0.01,0.78,467.74060534157326,467.74060534157326,0.0,0.0,19,0.5,0.1,0,0,0,0,0.7240000000000001,0.3320000000000001,0.476,0.0,467.74060534157326
P-n16-k8,pso,34,40,15,1,16.4,8.138795979750322,35,100,0.01,0.8,467.74060534157326,467.74060534157326,0.0,0.0,19,0.5,0.1,0,0,0,0,0.7400000000000001,0.32000000000000006,0.45999999999999996,0.0,467.74060534157326
P-n16-k8,pso,34,41,15,1,16.4,8.138795979750322,35,100,0.01,0.82,467.74060534157326,467.74060534157326,0.0,0.0,19,0.5,0.1,0,0,0,0,0.756,0.3080000000000001,0.44400000000000006,0.0,467.74060534157326
P-n16-k8,pso,34,42,15,1,16.4,8.138795979750322,35,100,0.01,0.84,467.74060534157326,467.74060534157326,0.0,0.0,19,0.5,0.1,0,0,0,0,0.772,0.29600000000000004,0.42800000000000005,0.0,467.74060534157326
P-n16-k8,pso,34,43,15,1,16.4,8.138795979750322,35,100,0.01,0.86,467.74060534157326,467.74060534157326,0.0,0.0,19,0.5,0.1,0,0,0,0,0.788,0.28400000000000003,0.41200000000000003,0.0,467.74060534157326
P-n16-k8,pso,34,44,15,1,16.4,8.138795979750322,35,100,0.01,0.88,467.74060534157326,467.74060534157326,0.0,0.0,19,0.5,0.1,0,0,0,0,0.804,0.272,0.396,0.0,467.74060534157326
P-n16-k8,pso,34,45,15,1,16.4,8.138795979750322,35,100,0.01,0.9,467.74060534157326,467.74060534157326,0.0,0.0,19,0.5,0.1,0,0,0,0,0.8200000000000001,0.26,0.38,0.0,467.74060534157326
P-n16-k8,pso,34,46,15,1,16.4,8.138795979750322,35,100,0.01,0.92,467.74060534157326,467.74060534157326,0.0,0.0,19,0.5,0.1,0,0,0,0,0.8360000000000001,0.248,0.364,0.0,467.74060534157326
P-n16-k8,pso,34,47,15,1,16.4,8.138795979750322,35,100,0.01,0.94,467.74060534157326,467.74060534157326,0.0,0.0,19,0.5,0.1,0,0,0,0,0.852,0.2360000000000001,0.34800000000000003,0.0,467.74060534157326
P-n16-k8,pso,34,48,15,1,16.4,8.138795979750322,35,100,0.01,0.96,467.74060534157326,467.74060534157326,0.0,0.0,19,0.5,0.1,0,0,0,0,0.868,0.2240000000000001,0.332,0.0,467.74060534157326
P-n16-k8,pso,34,49,15,1,16.4,8.138795979750322,35,100,0.01,0.98,467.74060534157326,467.74060534157326,0.0,0.0,19,0.5,0.1,0,0,0,0,0.884,0.21200000000000008,0.316,0.0,467.74060534157326
P-n16-k8,pso,35,0,15,1,16.4,8.138795979750322,35,100,0.01,0.0,1000.0,1000.0,100.0,0.0,0,0.5,0.1,0,0,0,0,0.1,0.8,0.3,0.0,467.74060534157326
P-n16-k8,pso,35,1,15,1,16.4,8.138795979750322,35,100,0.01,0.02,467.74060534157326,467.74060534157326,100.0,0.0,0,0.5,0.1,0,0,0,0,0.116,0.788,0.316,0.0,467.74060534157326
P-n16-k8,pso,35,2,15,1,16.4,8.138795979750322,35,100,0.01,0.04,467.74060534157326,467.74060534157326,100.0,0.0,0,0.5,0.1,0,0,0,0,0.132,0.776,0.33199999999999996,0.0,467.74060534157326
P-n16-k8,pso,35,3,15,1,16.4,8.138795979750322,35,100,0.01,0.06,467.74060534157326,467.74060534157326,100.0,0.0,0,0.5,0.1,0,0,0,0,0.14800000000000002,0.764,0.348,0.0,467.74060534157326
P-n16-k8,pso,35,4,15,1,16.4,8.138795979750322,35,100,0.01,0.08,467.74060534157326,467.74060534157326,100.0,0.0,0,0.5,0.1,0,0,0,0,0.164,0.752,0.364,0.0,467.74060534157326
P-n16-k8,pso,35,5,15,1,16.4,8.138795979750322,35,100,0.01,0.1,467.74060534157326,467.74060534157326,100.0,0.0,0,0.5,0.1,0,0,0,0,0.18000000000000002,0.74,0.38,0.0,467.74060534157326
P-n16-k8,pso,35,6,15,1,16.4,8.138795979750322,35,100,0.01,0.12,467.74060534157326,467.74060534157326,100.0,0.0,0,0.5,0.1,0,0,0,0,0.196,0.7280000000000001,0.396,0.0,467.74060534157326
P-n16-k8,pso,35,7,15,1,16.4,8.138795979750322,35,100,0.01,0.14,467.74060534157326,467.7406053415733,100.0,0.0,0,0.5,0.1,0,0,0,0,0.21200000000000002,0.7160000000000001,0.41200000000000003,0.0,467.74060534157326
P-n16-k8,pso,35,8,15,1,16.4,8.138795979750322,35,100,0.01,0.16,467.74060534157326,467.74060534157326,100.0,0.0,0,0.5,0.1,0,0,0,0,0.228,0.7040000000000001,0.42800000000000005,0.0,467.74060534157326
P-n16-k8,pso,35,9,15,1,16.4,8.138795979750322,35,100,0.01,0.18,467.74060534157326,467.7406053415732,100.0,0.0,0,0.5,0.1,0,0,0,0,0.244,0.6920000000000001,0.44399999999999995,0.0,467.74060534157326
P-n16-k8,pso,35,10,15,1,16.4,8.138795979750322,35,100,0.01,0.2,467.74060534157326,467.74060534157326,100.0,0.0,0,0.5,0.1,0,0,0,0,0.26,0.68,0.46,0.0,467.74060534157326
P-n16-k8,pso,35,11,15,1,16.4,8.138795979750322,35,100,0.01,0.22,467.74060534157326,467.74060534157326,0.0,0.0,10,0.5,0.1,0,0,0,0,0.276,0.668,0.476,0.0,467.74060534157326
P-n16-k8,pso,35,12,15,1,16.4,8.138795979750322,35,100,0.01,0.24,467.74060534157326,467.74060534157326,0.0,0.0,11,0.5,0.1,0,0,0,0,0.29200000000000004,0.656,0.492,0.0,467.74060534157326
P-n16-k8,pso,35,13,15,1,16.4,8.138795979750322,35,100,0.01,0.26,467.74060534157326,467.74060534157326,0.0,0.0,12,0.5,0.1,0,0,0,0,0.30800000000000005,0.644,0.508,0.0,467.74060534157326
P-n16-k8,pso,35,14,15,1,16.4,8.138795979750322,35,100,0.01,0.28,467.74060534157326,467.74060534157326,0.0,0.0,13,0.5,0.1,0,0,0,0,0.32400000000000007,0.632,0.524,0.0,467.74060534157326
P-n16-k8,pso,35,15,15,1,16.4,8.138795979750322,35,100,0.01,0.3,467.74060534157326,467.74060534157326,0.0,0.0,14,0.5,0.1,0,0,0,0,0.33999999999999997,0.6200000000000001,0.54,0.0,467.74060534157326
P-n16-k8,pso,35,16,15,1,16.4,8.138795979750322,35,100,0.01,0.32,467.74060534157326,467.74060534157326,0.0,0.0,15,0.5,0.1,0,0,0,0,0.356,0.6080000000000001,0.556,0.0,467.74060534157326
P-n16-k8,pso,35,17,15,1,16.4,8.138795979750322,35,100,0.01,0.34,467.74060534157326,467.74060534157326,0.0,0.0,16,0.5,0.1,0,0,0,0,0.372,0.5960000000000001,0.5720000000000001,0.0,467.74060534157326
P-n16-k8,pso,35,18,15,1,16.4,8.138795979750322,35,100,0.01,0.36,467.74060534157326,467.74060534157326,0.0,0.0,17,0.5,0.1,0,0,0,0,0.388,0.5840000000000001,0.588,0.0,467.74060534157326
P-n16-k8,pso,35,19,15,1,16.4,8.138795979750322,35,100,0.01,0.38,467.74060534157326,467.74060534157326,0.0,0.0,18,0.5,0.1,0,0,0,0,0.404,0.5720000000000001,0.6040000000000001,0.0,467.74060534157326
P-n16-k8,pso,35,20,15,1,16.4,8.138795979750322,35,100,0.01,0.4,467.74060534157326,467.74060534157326,0.0,0.0,19,0.5,0.1,0,0,0,0,0.42000000000000004,0.56,0.6200000000000001,0.0,467.74060534157326
P-n16-k8,pso,35,21,15,1,16.4,8.138795979750322,35,100,0.01,0.42,467.74060534157326,467.74060534157326,0.0,0.0,19,0.5,0.1,0,0,0,0,0.43600000000000005,0.548,0.636,0.0,467.74060534157326
P-n16-k8,pso,35,22,15,1,16.4,8.138795979750322,35,100,0.01,0.44,467.74060534157326,467.74060534157326,0.0,0.0,19,0.5,0.1,0,0,0,0,0.45200000000000007,0.536,0.652,0.0,467.74060534157326
P-n16-k8,pso,35,23,15,1,16.4,8.138795979750322,35,100,0.01,0.46,467.74060534157326,467.74060534157326,0.0,0.0,19,0.5,0.1,0,0,0,0,0.4680000000000001,0.524,0.668,0.0,467.74060534157326
P-n16-k8,pso,35,24,15,1,16.4,8.138795979750322,35,100,0.01,0.48,467.74060534157326,467.74060534157326,0.0,0.0,19,0.5,0.1,0,0,0,0,0.484,0.512,0.6839999999999999,0.0,467.74060534157326
P-n16-k8,pso,35,25,15,1,16.4,8.138795979750322,35,100,0.01,0.5,467.74060534157326,467.74060534157326,0.0,0.0,19,0.5,0.1,0,0,0,0,0.5,0.5,0.7,0.0,467.74060534157326
P-n16-k8,pso,35,26,15,1,16.4,8.138795979750322,35,100,0.01,0.52,467.74060534157326,467.74060534157326,0.0,0.0,19,0.5,0.1,0,0,0,0,0.516,0.48800000000000004,0.6839999999999999,0.0,467.74060534157326
P-n16-k8,pso,35,27,15,1,16.4,8.138795979750322,35,100,0.01,0.54,467.74060534157326,467.74060534157326,0.0,0.0,19,0.5,0.1,0,0,0,0,0.532,0.47600000000000003,0.6679999999999999,0.0,467.74060534157326
P-n16-k8,pso,35,28,15,1,16.4,8.138795979750322,35,100,0.01,0.56,467.74060534157326,467.74060534157326,0.0,0.0,19,0.5,0.1,0,0,0,0,0.548,0.464,0.6519999999999999,0.0,467.74060534157326
P-n16-k8,pso,35,29,15,1,16.4,8.138795979750322,35,100,0.01,0.58,467.74060534157326,467.74060534157326,0.0,0.0,19,0.5,0.1,0,0,0,0,0.564,0.45200000000000007,0.6360000000000001,0.0,467.74060534157326
P-n16-k8,pso,35,30,15,1,16.4,8.138795979750322,35,100,0.01,0.6,467.74060534157326,467.74060534157326,0.0,0.0,19,0.5,0.1,0,0,0,0,0.58,0.44000000000000006,0.6200000000000001,0.0,467.74060534157326
P-n16-k8,pso,35,31,15,1,16.4,8.138795979750322,35,100,0.01,0.62,467.74060534157326,467.74060534157326,0.0,0.0,19,0.5,0.1,0,0,0,0,0.596,0.42800000000000005,0.6040000000000001,0.0,467.74060534157326
P-n16-k8,pso,35,32,15,1,16.4,8.138795979750322,35,100,0.01,0.64,467.74060534157326,467.74060534157326,0.0,0.0,19,0.5,0.1,0,0,0,0,0.612,0.41600000000000004,0.588,0.0,467.74060534157326
P-n16-k8,pso,35,33,15,1,16.4,8.138795979750322,35,100,0.01,0.66,467.74060534157326,467.74060534157326,0.0,0.0,19,0.5,0.1,0,0,0,0,0.628,0.404,0.572,0.0,467.74060534157326
P-n16-k8,pso,35,34,15,1,16.4,8.138795979750322,35,100,0.01,0.68,467.74060534157326,467.74060534157326,0.0,0.0,19,0.5,0.1,0,0,0,0,0.644,0.392,0.5559999999999999,0.0,467.74060534157326
P-n16-k8,pso,35,35,15,1,16.4,8.138795979750322,35,100,0.01,0.7,467.74060534157326,467.74060534157326,0.0,0.0,19,0.5,0.1,0,0,0,0,0.6599999999999999,0.38000000000000006,0.54,0.0,467.74060534157326
P-n16-k8,pso,35,36,15,1,16.4,8.138795979750322,35,100,0.01,0.72,467.74060534157326,467.74060534157326,0.0,0.0,19,0.5,0.1,0,0,0,0,0.6759999999999999,0.36800000000000005,0.524,0.0,467.74060534157326
P-n16-k8,pso,35,37,15,1,16.4,8.138795979750322,35,100,0.01,0.74,467.74060534157326,467.74060534157326,0.0,0.0,19,0.5,0.1,0,0,0,0,0.692,0.35600000000000004,0.508,0.0,467.74060534157326
P-n16-k8,pso,35,38,15,1,16.4,8.138795979750322,35,100,0.01,0.76,467.74060534157326,467.74060534157326,0.0,0.0,19,0.5,0.1,0,0,0,0,0.7080000000000001,0.3440000000000001,0.492,0.0,467.74060534157326
P-n16-k8,pso,35,39,15,1,16.4,8.138795979750322,35,100,0.01,0.78,467.74060534157326,467.74060534157326,0.0,0.0,19,0.5,0.1,0,0,0,0,0.7240000000000001,0.3320000000000001,0.476,0.0,467.74060534157326
P-n16-k8,pso,35,40,15,1,16.4,8.138795979750322,35,100,0.01,0.8,467.74060534157326,467.74060534157326,0.0,0.0,19,0.5,0.1,0,0,0,0,0.7400000000000001,0.32000000000000006,0.45999999999999996,0.0,467.74060534157326
P-n16-k8,pso,35,41,15,1,16.4,8.138795979750322,35,100,0.01,0.82,467.74060534157326,467.74060534157326,0.0,0.0,19,0.5,0.1,0,0,0,0,0.756,0.3080000000000001,0.44400000000000006,0.0,467.74060534157326
P-n16-k8,pso,35,42,15,1,16.4,8.138795979750322,35,100,0.01,0.84,467.74060534157326,467.74060534157326,0.0,0.0,19,0.5,0.1,0,0,0,0,0.772,0.29600000000000004,0.42800000000000005,0.0,467.74060534157326
P-n16-k8,pso,35,43,15,1,16.4,8.138795979750322,35,100,0.01,0.86,467.74060534157326,467.74060534157326,0.0,0.0,19,0.5,0.1,0,0,0,0,0.788,0.28400000000000003,0.41200000000000003,0.0,467.74060534157326
P-n16-k8,pso,35,44,15,1,16.4,8.138795979750322,35,100,0.01,0.88,467.74060534157326,467.74060534157326,0.0,0.0,19,0.5,0.1,0,0,0,0,0.804,0.272,0.396,0.0,467.74060534157326
P-n16-k8,pso,35,45,15,1,16.4,8.138795979750322,35,100,0.01,0.9,467.74060534157326,467.74060534157326,0.0,0.0,19,0.5,0.1,0,0,0,0,0.8200000000000001,0.26,0.38,0.0,467.74060534157326
P-n16-k8,pso,35,46,15,1,16.4,8.138795979750322,35,100,0.01,0.92,467.74060534157326,467.74060534157326,0.0,0.0,19,0.5,0.1,0,0,0,0,0.8360000000000001,0.248,0.364,0.0,467.74060534157326
P-n16-k8,pso,35,47,15,1,16.4,8.138795979750322,35,100,0.01,0.94,467.74060534157326,467.74060534157326,0.0,0.0,19,0.5,0.1,0,0,0,0,0.852,0.2360000000000001,0.34800000000000003,0.0,467.74060534157326
P-n16-k8,pso,35,48,15,1,16.4,8.138795979750322,35,100,0.01,0.96,467.74060534157326,467.74060534157326,0.0,0.0,19,0.5,0.1,0,0,0,0,0.868,0.2240000000000001,0.332,0.0,467.74060534157326
P-n16-k8,pso,35,49,15,1,16.4,8.138795979750322,35,100,0.01,0.98,467.74060534157326,467.74060534157326,0.0,0.0,19,0.5,0.1,0,0,0,0,0.884,0.21200000000000008,0.316,0.0,467.74060534157326
P-n16-k8,pso,36,0,15,1,16.4,8.138795979750322,35,100,0.01,0.0,1000.0,1000.0,100.0,0.0,0,0.5,0.1,0,0,0,0,0.1,0.8,0.3,0.0,467.74060534157326
P-n16-k8,pso,36,1,15,1,16.4,8.138795979750322,35,100,0.01,0.02,467.74060534157326,467.74060534157326,100.0,0.0,0,0.5,0.1,0,0,0,0,0.116,0.788,0.316,0.0,467.74060534157326
P-n16-k8,pso,36,2,15,1,16.4,8.138795979750322,35,100,0.01,0.04,467.74060534157326,467.74060534157326,100.0,0.0,0,0.5,0.1,0,0,0,0,0.132,0.776,0.33199999999999996,0.0,467.74060534157326
P-n16-k8,pso,36,3,15,1,16.4,8.138795979750322,35,100,0.01,0.06,467.74060534157326,467.74060534157326,100.0,0.0,0,0.5,0.1,0,0,0,0,0.14800000000000002,0.764,0.348,0.0,467.74060534157326
P-n16-k8,pso,36,4,15,1,16.4,8.138795979750322,35,100,0.01,0.08,467.74060534157326,467.74060534157326,100.0,0.0,0,0.5,0.1,0,0,0,0,0.164,0.752,0.364,0.0,467.74060534157326
P-n16-k8,pso,36,5,15,1,16.4,8.138795979750322,35,100,0.01,0.1,467.74060534157326,467.74060534157326,100.0,0.0,0,0.5,0.1,0,0,0,0,0.18000000000000002,0.74,0.38,0.0,467.74060534157326
P-n16-k8,pso,36,6,15,1,16.4,8.138795979750322,35,100,0.01,0.12,467.74060534157326,467.74060534157326,100.0,0.0,0,0.5,0.1,0,0,0,0,0.196,0.7280000000000001,0.396,0.0,467.74060534157326
P-n16-k8,pso,36,7,15,1,16.4,8.138795979750322,35,100,0.01,0.14,467.74060534157326,467.7406053415733,100.0,0.0,0,0.5,0.1,0,0,0,0,0.21200000000000002,0.7160000000000001,0.41200000000000003,0.0,467.74060534157326
P-n16-k8,pso,36,8,15,1,16.4,8.138795979750322,35,100,0.01,0.16,467.74060534157326,467.74060534157326,100.0,0.0,0,0.5,0.1,0,0,0,0,0.228,0.7040000000000001,0.42800000000000005,0.0,467.74060534157326
P-n16-k8,pso,36,9,15,1,16.4,8.138795979750322,35,100,0.01,0.18,467.74060534157326,467.7406053415732,100.0,0.0,0,0.5,0.1,0,0,0,0,0.244,0.6920000000000001,0.44399999999999995,0.0,467.74060534157326
P-n16-k8,pso,36,10,15,1,16.4,8.138795979750322,35,100,0.01,0.2,467.74060534157326,467.74060534157326,100.0,0.0,0,0.5,0.1,0,0,0,0,0.26,0.68,0.46,0.0,467.74060534157326
P-n16-k8,pso,36,11,15,1,16.4,8.138795979750322,35,100,0.01,0.22,467.74060534157326,467.74060534157326,0.0,0.0,10,0.5,0.1,0,0,0,0,0.276,0.668,0.476,0.0,467.74060534157326
P-n16-k8,pso,36,12,15,1,16.4,8.138795979750322,35,100,0.01,0.24,467.74060534157326,467.74060534157326,0.0,0.0,11,0.5,0.1,0,0,0,0,0.29200000000000004,0.656,0.492,0.0,467.74060534157326
P-n16-k8,pso,36,13,15,1,16.4,8.138795979750322,35,100,0.01,0.26,467.74060534157326,467.74060534157326,0.0,0.0,12,0.5,0.1,0,0,0,0,0.30800000000000005,0.644,0.508,0.0,467.74060534157326
P-n16-k8,pso,36,14,15,1,16.4,8.138795979750322,35,100,0.01,0.28,467.74060534157326,467.74060534157326,0.0,0.0,13,0.5,0.1,0,0,0,0,0.32400000000000007,0.632,0.524,0.0,467.74060534157326
P-n16-k8,pso,36,15,15,1,16.4,8.138795979750322,35,100,0.01,0.3,467.74060534157326,467.74060534157326,0.0,0.0,14,0.5,0.1,0,0,0,0,0.33999999999999997,0.6200000000000001,0.54,0.0,467.74060534157326
P-n16-k8,pso,36,16,15,1,16.4,8.138795979750322,35,100,0.01,0.32,467.74060534157326,467.74060534157326,0.0,0.0,15,0.5,0.1,0,0,0,0,0.356,0.6080000000000001,0.556,0.0,467.74060534157326
P-n16-k8,pso,36,17,15,1,16.4,8.138795979750322,35,100,0.01,0.34,467.74060534157326,467.74060534157326,0.0,0.0,16,0.5,0.1,0,0,0,0,0.372,0.5960000000000001,0.5720000000000001,0.0,467.74060534157326
P-n16-k8,pso,36,18,15,1,16.4,8.138795979750322,35,100,0.01,0.36,467.74060534157326,467.74060534157326,0.0,0.0,17,0.5,0.1,0,0,0,0,0.388,0.5840000000000001,0.588,0.0,467.74060534157326
P-n16-k8,pso,36,19,15,1,16.4,8.138795979750322,35,100,0.01,0.38,467.74060534157326,467.74060534157326,0.0,0.0,18,0.5,0.1,0,0,0,0,0.404,0.5720000000000001,0.6040000000000001,0.0,467.74060534157326
P-n16-k8,pso,36,20,15,1,16.4,8.138795979750322,35,100,0.01,0.4,467.74060534157326,467.74060534157326,0.0,0.0,19,0.5,0.1,0,0,0,0,0.42000000000000004,0.56,0.6200000000000001,0.0,467.74060534157326
P-n16-k8,pso,36,21,15,1,16.4,8.138795979750322,35,100,0.01,0.42,467.74060534157326,467.74060534157326,0.0,0.0,19,0.5,0.1,0,0,0,0,0.43600000000000005,0.548,0.636,0.0,467.74060534157326
P-n16-k8,pso,36,22,15,1,16.4,8.138795979750322,35,100,0.01,0.44,467.74060534157326,467.74060534157326,0.0,0.0,19,0.5,0.1,0,0,0,0,0.45200000000000007,0.536,0.652,0.0,467.74060534157326
P-n16-k8,pso,36,23,15,1,16.4,8.138795979750322,35,100,0.01,0.46,467.74060534157326,467.74060534157326,0.0,0.0,19,0.5,0.1,0,0,0,0,0.4680000000000001,0.524,0.668,0.0,467.74060534157326
P-n16-k8,pso,36,24,15,1,16.4,8.138795979750322,35,100,0.01,0.48,467.74060534157326,467.74060534157326,0.0,0.0,19,0.5,0.1,0,0,0,0,0.484,0.512,0.6839999999999999,0.0,467.74060534157326
P-n16-k8,pso,36,25,15,1,16.4,8.138795979750322,35,100,0.01,0.5,467.74060534157326,467.74060534157326,0.0,0.0,19,0.5,0.1,0,0,0,0,0.5,0.5,0.7,0.0,467.74060534157326
P-n16-k8,pso,36,26,15,1,16.4,8.138795979750322,35,100,0.01,0.52,467.74060534157326,467.74060534157326,0.0,0.0,19,0.5,0.1,0,0,0,0,0.516,0.48800000000000004,0.6839999999999999,0.0,467.74060534157326
P-n16-k8,pso,36,27,15,1,16.4,8.138795979750322,35,100,0.01,0.54,467.74060534157326,467.74060534157326,0.0,0.0,19,0.5,0.1,0,0,0,0,0.532,0.47600000000000003,0.6679999999999999,0.0,467.74060534157326
P-n16-k8,pso,36,28,15,1,16.4,8.138795979750322,35,100,0.01,0.56,467.74060534157326,467.74060534157326,0.0,0.0,19,0.5,0.1,0,0,0,0,0.548,0.464,0.6519999999999999,0.0,467.74060534157326
P-n16-k8,pso,36,29,15,1,16.4,8.138795979750322,35,100,0.01,0.58,467.74060534157326,467.74060534157326,0.0,0.0,19,0.5,0.1,0,0,0,0,0.564,0.45200000000000007,0.6360000000000001,0.0,467.74060534157326
P-n16-k8,pso,36,30,15,1,16.4,8.138795979750322,35,100,0.01,0.6,467.74060534157326,467.74060534157326,0.0,0.0,19,0.5,0.1,0,0,0,0,0.58,0.44000000000000006,0.6200000000000001,0.0,467.74060534157326
P-n16-k8,pso,36,31,15,1,16.4,8.138795979750322,35,100,0.01,0.62,467.74060534157326,467.74060534157326,0.0,0.0,19,0.5,0.1,0,0,0,0,0.596,0.42800000000000005,0.6040000000000001,0.0,467.74060534157326
P-n16-k8,pso,36,32,15,1,16.4,8.138795979750322,35,100,0.01,0.64,467.74060534157326,467.74060534157326,0.0,0.0,19,0.5,0.1,0,0,0,0,0.612,0.41600000000000004,0.588,0.0,467.74060534157326
P-n16-k8,pso,36,33,15,1,16.4,8.138795979750322,35,100,0.01,0.66,467.74060534157326,467.74060534157326,0.0,0.0,19,0.5,0.1,0,0,0,0,0.628,0.404,0.572,0.0,467.74060534157326
P-n16-k8,pso,36,34,15,1,16.4,8.138795979750322,35,100,0.01,0.68,467.74060534157326,467.74060534157326,0.0,0.0,19,0.5,0.1,0,0,0,0,0.644,0.392,0.5559999999999999,0.0,467.74060534157326
P-n16-k8,pso,36,35,15,1,16.4,8.138795979750322,35,100,0.01,0.7,467.74060534157326,467.74060534157326,0.0,0.0,19,0.5,0.1,0,0,0,0,0.6599999999999999,0.38000000000000006,0.54,0.0,467.74060534157326
P-n16-k8,pso,36,36,15,1,16.4,8.138795979750322,35,100,0.01,0.72,467.74060534157326,467.74060534157326,0.0,0.0,19,0.5,0.1,0,0,0,0,0.6759999999999999,0.36800000000000005,0.524,0.0,467.74060534157326
P-n16-k8,pso,36,37,15,1,16.4,8.138795979750322,35,100,0.01,0.74,467.74060534157326,467.74060534157326,0.0,0.0,19,0.5,0.1,0,0,0,0,0.692,0.35600000000000004,0.508,0.0,467.74060534157326
P-n16-k8,pso,36,38,15,1,16.4,8.138795979750322,35,100,0.01,0.76,467.74060534157326,467.74060534157326,0.0,0.0,19,0.5,0.1,0,0,0,0,0.7080000000000001,0.3440000000000001,0.492,0.0,467.74060534157326
P-n16-k8,pso,36,39,15,1,16.4,8.138795979750322,35,100,0.01,0.78,467.74060534157326,467.74060534157326,0.0,0.0,19,0.5,0.1,0,0,0,0,0.7240000000000001,0.3320000000000001,0.476,0.0,467.74060534157326
P-n16-k8,pso,36,40,15,1,16.4,8.138795979750322,35,100,0.01,0.8,467.74060534157326,467.74060534157326,0.0,0.0,19,0.5,0.1,0,0,0,0,0.7400000000000001,0.32000000000000006,0.45999999999999996,0.0,467.74060534157326
P-n16-k8,pso,36,41,15,1,16.4,8.138795979750322,35,100,0.01,0.82,467.74060534157326,467.74060534157326,0.0,0.0,19,0.5,0.1,0,0,0,0,0.756,0.3080000000000001,0.44400000000000006,0.0,467.74060534157326
P-n16-k8,pso,36,42,15,1,16.4,8.138795979750322,35,100,0.01,0.84,467.74060534157326,467.74060534157326,0.0,0.0,19,0.5,0.1,0,0,0,0,0.772,0.29600000000000004,0.42800000000000005,0.0,467.74060534157326
P-n16-k8,pso,36,43,15,1,16.4,8.138795979750322,35,100,0.01,0.86,467.74060534157326,467.74060534157326,0.0,0.0,19,0.5,0.1,0,0,0,0,0.788,0.28400000000000003,0.41200000000000003,0.0,467.74060534157326
P-n16-k8,pso,36,44,15,1,16.4,8.138795979750322,35,100,0.01,0.88,467.74060534157326,467.74060534157326,0.0,0.0,19,0.5,0.1,0,0,0,0,0.804,0.272,0.396,0.0,467.74060534157326
P-n16-k8,pso,36,45,15,1,16.4,8.138795979750322,35,100,0.01,0.9,467.74060534157326,467.74060534157326,0.0,0.0,19,0.5,0.1,0,0,0,0,0.8200000000000001,0.26,0.38,0.0,467.74060534157326
P-n16-k8,pso,36,46,15,1,16.4,8.138795979750322,35,100,0.01,0.92,467.74060534157326,467.74060534157326,0.0,0.0,19,0.5,0.1,0,0,0,0,0.8360000000000001,0.248,0.364,0.0,467.74060534157326
P-n16-k8,pso,36,47,15,1,16.4,8.138795979750322,35,100,0.01,0.94,467.74060534157326,467.74060534157326,0.0,0.0,19,0.5,0.1,0,0,0,0,0.852,0.2360000000000001,0.34800000000000003,0.0,467.74060534157326
P-n16-k8,pso,36,48,15,1,16.4,8.138795979750322,35,100,0.01,0.96,467.74060534157326,467.74060534157326,0.0,0.0,19,0.5,0.1,0,0,0,0,0.868,0.2240000000000001,0.332,0.0,467.74060534157326
P-n16-k8,pso,36,49,15,1,16.4,8.138795979750322,35,100,0.01,0.98,467.74060534157326,467.74060534157326,0.0,0.0,19,0.5,0.1,0,0,0,0,0.884,0.21200000000000008,0.316,0.0,467.74060534157326
P-n16-k8,pso,37,0,15,1,16.4,8.138795979750322,35,100,0.01,0.0,1000.0,1000.0,100.0,0.0,0,0.5,0.1,0,0,0,0,0.1,0.8,0.3,0.0,467.74060534157326
P-n16-k8,pso,37,1,15,1,16.4,8.138795979750322,35,100,0.01,0.02,467.74060534157326,467.74060534157326,100.0,0.0,0,0.5,0.1,0,0,0,0,0.116,0.788,0.316,0.0,467.74060534157326
P-n16-k8,pso,37,2,15,1,16.4,8.138795979750322,35,100,0.01,0.04,467.74060534157326,467.74060534157326,100.0,0.0,0,0.5,0.1,0,0,0,0,0.132,0.776,0.33199999999999996,0.0,467.74060534157326
P-n16-k8,pso,37,3,15,1,16.4,8.138795979750322,35,100,0.01,0.06,467.74060534157326,467.74060534157326,100.0,0.0,0,0.5,0.1,0,0,0,0,0.14800000000000002,0.764,0.348,0.0,467.74060534157326
P-n16-k8,pso,37,4,15,1,16.4,8.138795979750322,35,100,0.01,0.08,467.74060534157326,467.74060534157326,100.0,0.0,0,0.5,0.1,0,0,0,0,0.164,0.752,0.364,0.0,467.74060534157326
P-n16-k8,pso,37,5,15,1,16.4,8.138795979750322,35,100,0.01,0.1,467.74060534157326,467.74060534157326,100.0,0.0,0,0.5,0.1,0,0,0,0,0.18000000000000002,0.74,0.38,0.0,467.74060534157326
P-n16-k8,pso,37,6,15,1,16.4,8.138795979750322,35,100,0.01,0.12,467.74060534157326,467.74060534157326,100.0,0.0,0,0.5,0.1,0,0,0,0,0.196,0.7280000000000001,0.396,0.0,467.74060534157326
P-n16-k8,pso,37,7,15,1,16.4,8.138795979750322,35,100,0.01,0.14,467.74060534157326,467.7406053415733,100.0,0.0,0,0.5,0.1,0,0,0,0,0.21200000000000002,0.7160000000000001,0.41200000000000003,0.0,467.74060534157326
P-n16-k8,pso,37,8,15,1,16.4,8.138795979750322,35,100,0.01,0.16,467.74060534157326,467.74060534157326,100.0,0.0,0,0.5,0.1,0,0,0,0,0.228,0.7040000000000001,0.42800000000000005,0.0,467.74060534157326
P-n16-k8,pso,37,9,15,1,16.4,8.138795979750322,35,100,0.01,0.18,467.74060534157326,467.7406053415732,100.0,0.0,0,0.5,0.1,0,0,0,0,0.244,0.6920000000000001,0.44399999999999995,0.0,467.74060534157326
P-n16-k8,pso,37,10,15,1,16.4,8.138795979750322,35,100,0.01,0.2,467.74060534157326,467.74060534157326,100.0,0.0,0,0.5,0.1,0,0,0,0,0.26,0.68,0.46,0.0,467.74060534157326
P-n16-k8,pso,37,11,15,1,16.4,8.138795979750322,35,100,0.01,0.22,467.74060534157326,467.74060534157326,0.0,0.0,10,0.5,0.1,0,0,0,0,0.276,0.668,0.476,0.0,467.74060534157326
P-n16-k8,pso,37,12,15,1,16.4,8.138795979750322,35,100,0.01,0.24,467.74060534157326,467.74060534157326,0.0,0.0,11,0.5,0.1,0,0,0,0,0.29200000000000004,0.656,0.492,0.0,467.74060534157326
P-n16-k8,pso,37,13,15,1,16.4,8.138795979750322,35,100,0.01,0.26,467.74060534157326,467.74060534157326,0.0,0.0,12,0.5,0.1,0,0,0,0,0.30800000000000005,0.644,0.508,0.0,467.74060534157326
P-n16-k8,pso,37,14,15,1,16.4,8.138795979750322,35,100,0.01,0.28,467.74060534157326,467.74060534157326,0.0,0.0,13,0.5,0.1,0,0,0,0,0.32400000000000007,0.632,0.524,0.0,467.74060534157326
P-n16-k8,pso,37,15,15,1,16.4,8.138795979750322,35,100,0.01,0.3,467.74060534157326,467.74060534157326,0.0,0.0,14,0.5,0.1,0,0,0,0,0.33999999999999997,0.6200000000000001,0.54,0.0,467.74060534157326
P-n16-k8,pso,37,16,15,1,16.4,8.138795979750322,35,100,0.01,0.32,467.74060534157326,467.74060534157326,0.0,0.0,15,0.5,0.1,0,0,0,0,0.356,0.6080000000000001,0.556,0.0,467.74060534157326
P-n16-k8,pso,37,17,15,1,16.4,8.138795979750322,35,100,0.01,0.34,467.74060534157326,467.74060534157326,0.0,0.0,16,0.5,0.1,0,0,0,0,0.372,0.5960000000000001,0.5720000000000001,0.0,467.74060534157326
P-n16-k8,pso,37,18,15,1,16.4,8.138795979750322,35,100,0.01,0.36,467.74060534157326,467.74060534157326,0.0,0.0,17,0.5,0.1,0,0,0,0,0.388,0.5840000000000001,0.588,0.0,467.74060534157326
P-n16-k8,pso,37,19,15,1,16.4,8.138795979750322,35,100,0.01,0.38,467.74060534157326,467.74060534157326,0.0,0.0,18,0.5,0.1,0,0,0,0,0.404,0.5720000000000001,0.6040000000000001,0.0,467.74060534157326
P-n16-k8,pso,37,20,15,1,16.4,8.138795979750322,35,100,0.01,0.4,467.74060534157326,467.74060534157326,0.0,0.0,19,0.5,0.1,0,0,0,0,0.42000000000000004,0.56,0.6200000000000001,0.0,467.74060534157326
P-n16-k8,pso,37,21,15,1,16.4,8.138795979750322,35,100,0.01,0.42,467.74060534157326,467.74060534157326,0.0,0.0,19,0.5,0.1,0,0,0,0,0.43600000000000005,0.548,0.636,0.0,467.74060534157326
P-n16-k8,pso,37,22,15,1,16.4,8.138795979750322,35,100,0.01,0.44,467.74060534157326,467.74060534157326,0.0,0.0,19,0.5,0.1,0,0,0,0,0.45200000000000007,0.536,0.652,0.0,467.74060534157326
P-n16-k8,pso,37,23,15,1,16.4,8.138795979750322,35,100,0.01,0.46,467.74060534157326,467.74060534157326,0.0,0.0,19,0.5,0.1,0,0,0,0,0.4680000000000001,0.524,0.668,0.0,467.74060534157326
P-n16-k8,pso,37,24,15,1,16.4,8.138795979750322,35,100,0.01,0.48,467.74060534157326,467.74060534157326,0.0,0.0,19,0.5,0.1,0,0,0,0,0.484,0.512,0.6839999999999999,0.0,467.74060534157326
P-n16-k8,pso,37,25,15,1,16.4,8.138795979750322,35,100,0.01,0.5,467.74060534157326,467.74060534157326,0.0,0.0,19,0.5,0.1,0,0,0,0,0.5,0.5,0.7,0.0,467.74060534157326
P-n16-k8,pso,37,26,15,1,16.4,8.138795979750322,35,100,0.01,0.52,467.74060534157326,467.74060534157326,0.0,0.0,19,0.5,0.1,0,0,0,0,0.516,0.48800000000000004,0.6839999999999999,0.0,467.74060534157326
P-n16-k8,pso,37,27,15,1,16.4,8.138795979750322,35,100,0.01,0.54,467.74060534157326,467.74060534157326,0.0,0.0,19,0.5,0.1,0,0,0,0,0.532,0.47600000000000003,0.6679999999999999,0.0,467.74060534157326
P-n16-k8,pso,37,28,15,1,16.4,8.138795979750322,35,100,0.01,0.56,467.74060534157326,467.74060534157326,0.0,0.0,19,0.5,0.1,0,0,0,0,0.548,0.464,0.6519999999999999,0.0,467.74060534157326
P-n16-k8,pso,37,29,15,1,16.4,8.138795979750322,35,100,0.01,0.58,467.74060534157326,467.74060534157326,0.0,0.0,19,0.5,0.1,0,0,0,0,0.564,0.45200000000000007,0.6360000000000001,0.0,467.74060534157326
P-n16-k8,pso,37,30,15,1,16.4,8.138795979750322,35,100,0.01,0.6,467.74060534157326,467.74060534157326,0.0,0.0,19,0.5,0.1,0,0,0,0,0.58,0.44000000000000006,0.6200000000000001,0.0,467.74060534157326
P-n16-k8,pso,37,31,15,1,16.4,8.138795979750322,35,100,0.01,0.62,467.74060534157326,467.74060534157326,0.0,0.0,19,0.5,0.1,0,0,0,0,0.596,0.42800000000000005,0.6040000000000001,0.0,467.74060534157326
P-n16-k8,pso,37,32,15,1,16.4,8.138795979750322,35,100,0.01,0.64,467.74060534157326,467.74060534157326,0.0,0.0,19,0.5,0.1,0,0,0,0,0.612,0.41600000000000004,0.588,0.0,467.74060534157326
P-n16-k8,pso,37,33,15,1,16.4,8.138795979750322,35,100,0.01,0.66,467.74060534157326,467.74060534157326,0.0,0.0,19,0.5,0.1,0,0,0,0,0.628,0.404,0.572,0.0,467.74060534157326
P-n16-k8,pso,37,34,15,1,16.4,8.138795979750322,35,100,0.01,0.68,467.74060534157326,467.74060534157326,0.0,0.0,19,0.5,0.1,0,0,0,0,0.644,0.392,0.5559999999999999,0.0,467.74060534157326
P-n16-k8,pso,37,35,15,1,16.4,8.138795979750322,35,100,0.01,0.7,467.74060534157326,467.74060534157326,0.0,0.0,19,0.5,0.1,0,0,0,0,0.6599999999999999,0.38000000000000006,0.54,0.0,467.74060534157326
P-n16-k8,pso,37,36,15,1,16.4,8.138795979750322,35,100,0.01,0.72,467.74060534157326,467.74060534157326,0.0,0.0,19,0.5,0.1,0,0,0,0,0.6759999999999999,0.36800000000000005,0.524,0.0,467.74060534157326
P-n16-k8,pso,37,37,15,1,16.4,8.138795979750322,35,100,0.01,0.74,467.74060534157326,467.74060534157326,0.0,0.0,19,0.5,0.1,0,0,0,0,0.692,0.35600000000000004,0.508,0.0,467.74060534157326
P-n16-k8,pso,37,38,15,1,16.4,8.138795979750322,35,100,0.01,0.76,467.74060534157326,467.74060534157326,0.0,0.0,19,0.5,0.1,0,0,0,0,0.7080000000000001,0.3440000000000001,0.492,0.0,467.74060534157326
P-n16-k8,pso,37,39,15,1,16.4,8.138795979750322,35,100,0.01,0.78,467.74060534157326,467.74060534157326,0.0,0.0,19,0.5,0.1,0,0,0,0,0.7240000000000001,0.3320000000000001,0.476,0.0,467.74060534157326
P-n16-k8,pso,37,40,15,1,16.4,8.138795979750322,35,100,0.01,0.8,467.74060534157326,467.74060534157326,0.0,0.0,19,0.5,0.1,0,0,0,0,0.7400000000000001,0.32000000000000006,0.45999999999999996,0.0,467.74060534157326
P-n16-k8,pso,37,41,15,1,16.4,8.138795979750322,35,100,0.01,0.82,467.74060534157326,467.74060534157326,0.0,0.0,19,0.5,0.1,0,0,0,0,0.756,0.3080000000000001,0.44400000000000006,0.0,467.74060534157326
P-n16-k8,pso,37,42,15,1,16.4,8.138795979750322,35,100,0.01,0.84,467.74060534157326,467.74060534157326,0.0,0.0,19,0.5,0.1,0,0,0,0,0.772,0.29600000000000004,0.42800000000000005,0.0,467.74060534157326
P-n16-k8,pso,37,43,15,1,16.4,8.138795979750322,35,100,0.01,0.86,467.74060534157326,467.74060534157326,0.0,0.0,19,0.5,0.1,0,0,0,0,0.788,0.28400000000000003,0.41200000000000003,0.0,467.74060534157326
P-n16-k8,pso,37,44,15,1,16.4,8.138795979750322,35,100,0.01,0.88,467.74060534157326,467.74060534157326,0.0,0.0,19,0.5,0.1,0,0,0,0,0.804,0.272,0.396,0.0,467.74060534157326
P-n16-k8,pso,37,45,15,1,16.4,8.138795979750322,35,100,0.01,0.9,467.74060534157326,467.74060534157326,0.0,0.0,19,0.5,0.1,0,0,0,0,0.8200000000000001,0.26,0.38,0.0,467.74060534157326
P-n16-k8,pso,37,46,15,1,16.4,8.138795979750322,35,100,0.01,0.92,467.74060534157326,467.74060534157326,0.0,0.0,19,0.5,0.1,0,0,0,0,0.8360000000000001,0.248,0.364,0.0,467.74060534157326
P-n16-k8,pso,37,47,15,1,16.4,8.138795979750322,35,100,0.01,0.94,467.74060534157326,467.74060534157326,0.0,0.0,19,0.5,0.1,0,0,0,0,0.852,0.2360000000000001,0.34800000000000003,0.0,467.74060534157326
P-n16-k8,pso,37,48,15,1,16.4,8.138795979750322,35,100,0.01,0.96,467.74060534157326,467.74060534157326,0.0,0.0,19,0.5,0.1,0,0,0,0,0.868,0.2240000000000001,0.332,0.0,467.74060534157326
P-n16-k8,pso,37,49,15,1,16.4,8.138795979750322,35,100,0.01,0.98,467.74060534157326,467.74060534157326,0.0,0.0,19,0.5,0.1,0,0,0,0,0.884,0.21200000000000008,0.316,0.0,467.74060534157326
P-n16-k8,pso,38,0,15,1,16.4,8.138795979750322,35,100,0.01,0.0,1000.0,1000.0,100.0,0.0,0,0.5,0.1,0,0,0,0,0.1,0.8,0.3,0.0,467.74060534157326
P-n16-k8,pso,38,1,15,1,16.4,8.138795979750322,35,100,0.01,0.02,467.74060534157326,467.74060534157326,100.0,0.0,0,0.5,0.1,0,0,0,0,0.116,0.788,0.316,0.0,467.74060534157326
P-n16-k8,pso,38,2,15,1,16.4,8.138795979750322,35,100,0.01,0.04,467.74060534157326,467.74060534157326,100.0,0.0,0,0.5,0.1,0,0,0,0,0.132,0.776,0.33199999999999996,0.0,467.74060534157326
P-n16-k8,pso,38,3,15,1,16.4,8.138795979750322,35,100,0.01,0.06,467.74060534157326,467.74060534157326,100.0,0.0,0,0.5,0.1,0,0,0,0,0.14800000000000002,0.764,0.348,0.0,467.74060534157326
P-n16-k8,pso,38,4,15,1,16.4,8.138795979750322,35,100,0.01,0.08,467.74060534157326,467.74060534157326,100.0,0.0,0,0.5,0.1,0,0,0,0,0.164,0.752,0.364,0.0,467.74060534157326
P-n16-k8,pso,38,5,15,1,16.4,8.138795979750322,35,100,0.01,0.1,467.74060534157326,467.74060534157326,100.0,0.0,0,0.5,0.1,0,0,0,0,0.18000000000000002,0.74,0.38,0.0,467.74060534157326
P-n16-k8,pso,38,6,15,1,16.4,8.138795979750322,35,100,0.01,0.12,467.74060534157326,467.74060534157326,100.0,0.0,0,0.5,0.1,0,0,0,0,0.196,0.7280000000000001,0.396,0.0,467.74060534157326
P-n16-k8,pso,38,7,15,1,16.4,8.138795979750322,35,100,0.01,0.14,467.74060534157326,467.7406053415733,100.0,0.0,0,0.5,0.1,0,0,0,0,0.21200000000000002,0.7160000000000001,0.41200000000000003,0.0,467.74060534157326
P-n16-k8,pso,38,8,15,1,16.4,8.138795979750322,35,100,0.01,0.16,467.74060534157326,467.74060534157326,100.0,0.0,0,0.5,0.1,0,0,0,0,0.228,0.7040000000000001,0.42800000000000005,0.0,467.74060534157326
P-n16-k8,pso,38,9,15,1,16.4,8.138795979750322,35,100,0.01,0.18,467.74060534157326,467.7406053415732,100.0,0.0,0,0.5,0.1,0,0,0,0,0.244,0.6920000000000001,0.44399999999999995,0.0,467.74060534157326
P-n16-k8,pso,38,10,15,1,16.4,8.138795979750322,35,100,0.01,0.2,467.74060534157326,467.74060534157326,100.0,0.0,0,0.5,0.1,0,0,0,0,0.26,0.68,0.46,0.0,467.74060534157326
P-n16-k8,pso,38,11,15,1,16.4,8.138795979750322,35,100,0.01,0.22,467.74060534157326,467.74060534157326,0.0,0.0,10,0.5,0.1,0,0,0,0,0.276,0.668,0.476,0.0,467.74060534157326
P-n16-k8,pso,38,12,15,1,16.4,8.138795979750322,35,100,0.01,0.24,467.74060534157326,467.74060534157326,0.0,0.0,11,0.5,0.1,0,0,0,0,0.29200000000000004,0.656,0.492,0.0,467.74060534157326
P-n16-k8,pso,38,13,15,1,16.4,8.138795979750322,35,100,0.01,0.26,467.74060534157326,467.74060534157326,0.0,0.0,12,0.5,0.1,0,0,0,0,0.30800000000000005,0.644,0.508,0.0,467.74060534157326
P-n16-k8,pso,38,14,15,1,16.4,8.138795979750322,35,100,0.01,0.28,467.74060534157326,467.74060534157326,0.0,0.0,13,0.5,0.1,0,0,0,0,0.32400000000000007,0.632,0.524,0.0,467.74060534157326
P-n16-k8,pso,38,15,15,1,16.4,8.138795979750322,35,100,0.01,0.3,467.74060534157326,467.74060534157326,0.0,0.0,14,0.5,0.1,0,0,0,0,0.33999999999999997,0.6200000000000001,0.54,0.0,467.74060534157326
P-n16-k8,pso,38,16,15,1,16.4,8.138795979750322,35,100,0.01,0.32,467.74060534157326,467.74060534157326,0.0,0.0,15,0.5,0.1,0,0,0,0,0.356,0.6080000000000001,0.556,0.0,467.74060534157326
P-n16-k8,pso,38,17,15,1,16.4,8.138795979750322,35,100,0.01,0.34,467.74060534157326,467.74060534157326,0.0,0.0,16,0.5,0.1,0,0,0,0,0.372,0.5960000000000001,0.5720000000000001,0.0,467.74060534157326
P-n16-k8,pso,38,18,15,1,16.4,8.138795979750322,35,100,0.01,0.36,467.74060534157326,467.74060534157326,0.0,0.0,17,0.5,0.1,0,0,0,0,0.388,0.5840000000000001,0.588,0.0,467.74060534157326
P-n16-k8,pso,38,19,15,1,16.4,8.138795979750322,35,100,0.01,0.38,467.74060534157326,467.74060534157326,0.0,0.0,18,0.5,0.1,0,0,0,0,0.404,0.5720000000000001,0.6040000000000001,0.0,467.74060534157326
P-n16-k8,pso,38,20,15,1,16.4,8.138795979750322,35,100,0.01,0.4,467.74060534157326,467.74060534157326,0.0,0.0,19,0.5,0.1,0,0,0,0,0.42000000000000004,0.56,0.6200000000000001,0.0,467.74060534157326
P-n16-k8,pso,38,21,15,1,16.4,8.138795979750322,35,100,0.01,0.42,467.74060534157326,467.74060534157326,0.0,0.0,19,0.5,0.1,0,0,0,0,0.43600000000000005,0.548,0.636,0.0,467.74060534157326
P-n16-k8,pso,38,22,15,1,16.4,8.138795979750322,35,100,0.01,0.44,467.74060534157326,467.74060534157326,0.0,0.0,19,0.5,0.1,0,0,0,0,0.45200000000000007,0.536,0.652,0.0,467.74060534157326
P-n16-k8,pso,38,23,15,1,16.4,8.138795979750322,35,100,0.01,0.46,467.74060534157326,467.74060534157326,0.0,0.0,19,0.5,0.1,0,0,0,0,0.4680000000000001,0.524,0.668,0.0,467.74060534157326
P-n16-k8,pso,38,24,15,1,16.4,8.138795979750322,35,100,0.01,0.48,467.74060534157326,467.74060534157326,0.0,0.0,19,0.5,0.1,0,0,0,0,0.484,0.512,0.6839999999999999,0.0,467.74060534157326
P-n16-k8,pso,38,25,15,1,16.4,8.138795979750322,35,100,0.01,0.5,467.74060534157326,467.74060534157326,0.0,0.0,19,0.5,0.1,0,0,0,0,0.5,0.5,0.7,0.0,467.74060534157326
P-n16-k8,pso,38,26,15,1,16.4,8.138795979750322,35,100,0.01,0.52,467.74060534157326,467.74060534157326,0.0,0.0,19,0.5,0.1,0,0,0,0,0.516,0.48800000000000004,0.6839999999999999,0.0,467.74060534157326
P-n16-k8,pso,38,27,15,1,16.4,8.138795979750322,35,100,0.01,0.54,467.74060534157326,467.74060534157326,0.0,0.0,19,0.5,0.1,0,0,0,0,0.532,0.47600000000000003,0.6679999999999999,0.0,467.74060534157326
P-n16-k8,pso,38,28,15,1,16.4,8.138795979750322,35,100,0.01,0.56,467.74060534157326,467.74060534157326,0.0,0.0,19,0.5,0.1,0,0,0,0,0.548,0.464,0.6519999999999999,0.0,467.74060534157326
P-n16-k8,pso,38,29,15,1,16.4,8.138795979750322,35,100,0.01,0.58,467.74060534157326,467.74060534157326,0.0,0.0,19,0.5,0.1,0,0,0,0,0.564,0.45200000000000007,0.6360000000000001,0.0,467.74060534157326
P-n16-k8,pso,38,30,15,1,16.4,8.138795979750322,35,100,0.01,0.6,467.74060534157326,467.74060534157326,0.0,0.0,19,0.5,0.1,0,0,0,0,0.58,0.44000000000000006,0.6200000000000001,0.0,467.74060534157326
P-n16-k8,pso,38,31,15,1,16.4,8.138795979750322,35,100,0.01,0.62,467.74060534157326,467.74060534157326,0.0,0.0,19,0.5,0.1,0,0,0,0,0.596,0.42800000000000005,0.6040000000000001,0.0,467.74060534157326
P-n16-k8,pso,38,32,15,1,16.4,8.138795979750322,35,100,0.01,0.64,467.74060534157326,467.74060534157326,0.0,0.0,19,0.5,0.1,0,0,0,0,0.612,0.41600000000000004,0.588,0.0,467.74060534157326
P-n16-k8,pso,38,33,15,1,16.4,8.138795979750322,35,100,0.01,0.66,467.74060534157326,467.74060534157326,0.0,0.0,19,0.5,0.1,0,0,0,0,0.628,0.404,0.572,0.0,467.74060534157326
P-n16-k8,pso,38,34,15,1,16.4,8.138795979750322,35,100,0.01,0.68,467.74060534157326,467.74060534157326,0.0,0.0,19,0.5,0.1,0,0,0,0,0.644,0.392,0.5559999999999999,0.0,467.74060534157326
P-n16-k8,pso,38,35,15,1,16.4,8.138795979750322,35,100,0.01,0.7,467.74060534157326,467.74060534157326,0.0,0.0,19,0.5,0.1,0,0,0,0,0.6599999999999999,0.38000000000000006,0.54,0.0,467.74060534157326
P-n16-k8,pso,38,36,15,1,16.4,8.138795979750322,35,100,0.01,0.72,467.74060534157326,467.74060534157326,0.0,0.0,19,0.5,0.1,0,0,0,0,0.6759999999999999,0.36800000000000005,0.524,0.0,467.74060534157326
P-n16-k8,pso,38,37,15,1,16.4,8.138795979750322,35,100,0.01,0.74,467.74060534157326,467.74060534157326,0.0,0.0,19,0.5,0.1,0,0,0,0,0.692,0.35600000000000004,0.508,0.0,467.74060534157326
P-n16-k8,pso,38,38,15,1,16.4,8.138795979750322,35,100,0.01,0.76,467.74060534157326,467.74060534157326,0.0,0.0,19,0.5,0.1,0,0,0,0,0.7080000000000001,0.3440000000000001,0.492,0.0,467.74060534157326
P-n16-k8,pso,38,39,15,1,16.4,8.138795979750322,35,100,0.01,0.78,467.74060534157326,467.74060534157326,0.0,0.0,19,0.5,0.1,0,0,0,0,0.7240000000000001,0.3320000000000001,0.476,0.0,467.74060534157326
P-n16-k8,pso,38,40,15,1,16.4,8.138795979750322,35,100,0.01,0.8,467.74060534157326,467.74060534157326,0.0,0.0,19,0.5,0.1,0,0,0,0,0.7400000000000001,0.32000000000000006,0.45999999999999996,0.0,467.74060534157326
P-n16-k8,pso,38,41,15,1,16.4,8.138795979750322,35,100,0.01,0.82,467.74060534157326,467.74060534157326,0.0,0.0,19,0.5,0.1,0,0,0,0,0.756,0.3080000000000001,0.44400000000000006,0.0,467.74060534157326
P-n16-k8,pso,38,42,15,1,16.4,8.138795979750322,35,100,0.01,0.84,467.74060534157326,467.74060534157326,0.0,0.0,19,0.5,0.1,0,0,0,0,0.772,0.29600000000000004,0.42800000000000005,0.0,467.74060534157326
P-n16-k8,pso,38,43,15,1,16.4,8.138795979750322,35,100,0.01,0.86,467.74060534157326,467.74060534157326,0.0,0.0,19,0.5,0.1,0,0,0,0,0.788,0.28400000000000003,0.41200000000000003,0.0,467.74060534157326
P-n16-k8,pso,38,44,15,1,16.4,8.138795979750322,35,100,0.01,0.88,467.74060534157326,467.74060534157326,0.0,0.0,19,0.5,0.1,0,0,0,0,0.804,0.272,0.396,0.0,467.74060534157326
P-n16-k8,pso,38,45,15,1,16.4,8.138795979750322,35,100,0.01,0.9,467.74060534157326,467.74060534157326,0.0,0.0,19,0.5,0.1,0,0,0,0,0.8200000000000001,0.26,0.38,0.0,467.74060534157326
P-n16-k8,pso,38,46,15,1,16.4,8.138795979750322,35,100,0.01,0.92,467.74060534157326,467.74060534157326,0.0,0.0,19,0.5,0.1,0,0,0,0,0.8360000000000001,0.248,0.364,0.0,467.74060534157326
P-n16-k8,pso,38,47,15,1,16.4,8.138795979750322,35,100,0.01,0.94,467.74060534157326,467.74060534157326,0.0,0.0,19,0.5,0.1,0,0,0,0,0.852,0.2360000000000001,0.34800000000000003,0.0,467.74060534157326
P-n16-k8,pso,38,48,15,1,16.4,8.138795979750322,35,100,0.01,0.96,467.74060534157326,467.74060534157326,0.0,0.0,19,0.5,0.1,0,0,0,0,0.868,0.2240000000000001,0.332,0.0,467.74060534157326
P-n16-k8,pso,38,49,15,1,16.4,8.138795979750322,35,100,0.01,0.98,467.74060534157326,467.74060534157326,0.0,0.0,19,0.5,0.1,0,0,0,0,0.884,0.21200000000000008,0.316,0.0,467.74060534157326
P-n16-k8,pso,39,0,15,1,16.4,8.138795979750322,35,100,0.01,0.0,1000.0,1000.0,100.0,0.0,0,0.5,0.1,0,0,0,0,0.1,0.8,0.3,0.0,467.74060534157326
P-n16-k8,pso,39,1,15,1,16.4,8.138795979750322,35,100,0.01,0.02,467.74060534157326,467.74060534157326,100.0,0.0,0,0.5,0.1,0,0,0,0,0.116,0.788,0.316,0.0,467.74060534157326
P-n16-k8,pso,39,2,15,1,16.4,8.138795979750322,35,100,0.01,0.04,467.74060534157326,467.74060534157326,100.0,0.0,0,0.5,0.1,0,0,0,0,0.132,0.776,0.33199999999999996,0.0,467.74060534157326
P-n16-k8,pso,39,3,15,1,16.4,8.138795979750322,35,100,0.01,0.06,467.74060534157326,467.74060534157326,100.0,0.0,0,0.5,0.1,0,0,0,0,0.14800000000000002,0.764,0.348,0.0,467.74060534157326
P-n16-k8,pso,39,4,15,1,16.4,8.138795979750322,35,100,0.01,0.08,467.74060534157326,467.74060534157326,100.0,0.0,0,0.5,0.1,0,0,0,0,0.164,0.752,0.364,0.0,467.74060534157326
P-n16-k8,pso,39,5,15,1,16.4,8.138795979750322,35,100,0.01,0.1,467.74060534157326,467.74060534157326,100.0,0.0,0,0.5,0.1,0,0,0,0,0.18000000000000002,0.74,0.38,0.0,467.74060534157326
P-n16-k8,pso,39,6,15,1,16.4,8.138795979750322,35,100,0.01,0.12,467.74060534157326,467.74060534157326,100.0,0.0,0,0.5,0.1,0,0,0,0,0.196,0.7280000000000001,0.396,0.0,467.74060534157326
P-n16-k8,pso,39,7,15,1,16.4,8.138795979750322,35,100,0.01,0.14,467.74060534157326,467.7406053415733,100.0,0.0,0,0.5,0.1,0,0,0,0,0.21200000000000002,0.7160000000000001,0.41200000000000003,0.0,467.74060534157326
P-n16-k8,pso,39,8,15,1,16.4,8.138795979750322,35,100,0.01,0.16,467.74060534157326,467.74060534157326,100.0,0.0,0,0.5,0.1,0,0,0,0,0.228,0.7040000000000001,0.42800000000000005,0.0,467.74060534157326
P-n16-k8,pso,39,9,15,1,16.4,8.138795979750322,35,100,0.01,0.18,467.74060534157326,467.7406053415732,100.0,0.0,0,0.5,0.1,0,0,0,0,0.244,0.6920000000000001,0.44399999999999995,0.0,467.74060534157326
P-n16-k8,pso,39,10,15,1,16.4,8.138795979750322,35,100,0.01,0.2,467.74060534157326,467.74060534157326,100.0,0.0,0,0.5,0.1,0,0,0,0,0.26,0.68,0.46,0.0,467.74060534157326
P-n16-k8,pso,39,11,15,1,16.4,8.138795979750322,35,100,0.01,0.22,467.74060534157326,467.74060534157326,0.0,0.0,10,0.5,0.1,0,0,0,0,0.276,0.668,0.476,0.0,467.74060534157326
P-n16-k8,pso,39,12,15,1,16.4,8.138795979750322,35,100,0.01,0.24,467.74060534157326,467.74060534157326,0.0,0.0,11,0.5,0.1,0,0,0,0,0.29200000000000004,0.656,0.492,0.0,467.74060534157326
P-n16-k8,pso,39,13,15,1,16.4,8.138795979750322,35,100,0.01,0.26,467.74060534157326,467.74060534157326,0.0,0.0,12,0.5,0.1,0,0,0,0,0.30800000000000005,0.644,0.508,0.0,467.74060534157326
P-n16-k8,pso,39,14,15,1,16.4,8.138795979750322,35,100,0.01,0.28,467.74060534157326,467.74060534157326,0.0,0.0,13,0.5,0.1,0,0,0,0,0.32400000000000007,0.632,0.524,0.0,467.74060534157326
P-n16-k8,pso,39,15,15,1,16.4,8.138795979750322,35,100,0.01,0.3,467.74060534157326,467.74060534157326,0.0,0.0,14,0.5,0.1,0,0,0,0,0.33999999999999997,0.6200000000000001,0.54,0.0,467.74060534157326
P-n16-k8,pso,39,16,15,1,16.4,8.138795979750322,35,100,0.01,0.32,467.74060534157326,467.74060534157326,0.0,0.0,15,0.5,0.1,0,0,0,0,0.356,0.6080000000000001,0.556,0.0,467.74060534157326
P-n16-k8,pso,39,17,15,1,16.4,8.138795979750322,35,100,0.01,0.34,467.74060534157326,467.74060534157326,0.0,0.0,16,0.5,0.1,0,0,0,0,0.372,0.5960000000000001,0.5720000000000001,0.0,467.74060534157326
P-n16-k8,pso,39,18,15,1,16.4,8.138795979750322,35,100,0.01,0.36,467.74060534157326,467.74060534157326,0.0,0.0,17,0.5,0.1,0,0,0,0,0.388,0.5840000000000001,0.588,0.0,467.74060534157326
P-n16-k8,pso,39,19,15,1,16.4,8.138795979750322,35,100,0.01,0.38,467.74060534157326,467.74060534157326,0.0,0.0,18,0.5,0.1,0,0,0,0,0.404,0.5720000000000001,0.6040000000000001,0.0,467.74060534157326
P-n16-k8,pso,39,20,15,1,16.4,8.138795979750322,35,100,0.01,0.4,467.74060534157326,467.74060534157326,0.0,0.0,19,0.5,0.1,0,0,0,0,0.42000000000000004,0.56,0.6200000000000001,0.0,467.74060534157326
P-n16-k8,pso,39,21,15,1,16.4,8.138795979750322,35,100,0.01,0.42,467.74060534157326,467.74060534157326,0.0,0.0,19,0.5,0.1,0,0,0,0,0.43600000000000005,0.548,0.636,0.0,467.74060534157326
P-n16-k8,pso,39,22,15,1,16.4,8.138795979750322,35,100,0.01,0.44,467.74060534157326,467.74060534157326,0.0,0.0,19,0.5,0.1,0,0,0,0,0.45200000000000007,0.536,0.652,0.0,467.74060534157326
P-n16-k8,pso,39,23,15,1,16.4,8.138795979750322,35,100,0.01,0.46,467.74060534157326,467.74060534157326,0.0,0.0,19,0.5,0.1,0,0,0,0,0.4680000000000001,0.524,0.668,0.0,467.74060534157326
P-n16-k8,pso,39,24,15,1,16.4,8.138795979750322,35,100,0.01,0.48,467.74060534157326,467.74060534157326,0.0,0.0,19,0.5,0.1,0,0,0,0,0.484,0.512,0.6839999999999999,0.0,467.74060534157326
P-n16-k8,pso,39,25,15,1,16.4,8.138795979750322,35,100,0.01,0.5,467.74060534157326,467.74060534157326,0.0,0.0,19,0.5,0.1,0,0,0,0,0.5,0.5,0.7,0.0,467.74060534157326
P-n16-k8,pso,39,26,15,1,16.4,8.138795979750322,35,100,0.01,0.52,467.74060534157326,467.74060534157326,0.0,0.0,19,0.5,0.1,0,0,0,0,0.516,0.48800000000000004,0.6839999999999999,0.0,467.74060534157326
P-n16-k8,pso,39,27,15,1,16.4,8.138795979750322,35,100,0.01,0.54,467.74060534157326,467.74060534157326,0.0,0.0,19,0.5,0.1,0,0,0,0,0.532,0.47600000000000003,0.6679999999999999,0.0,467.74060534157326
P-n16-k8,pso,39,28,15,1,16.4,8.138795979750322,35,100,0.01,0.56,467.74060534157326,467.74060534157326,0.0,0.0,19,0.5,0.1,0,0,0,0,0.548,0.464,0.6519999999999999,0.0,467.74060534157326
P-n16-k8,pso,39,29,15,1,16.4,8.138795979750322,35,100,0.01,0.58,467.74060534157326,467.74060534157326,0.0,0.0,19,0.5,0.1,0,0,0,0,0.564,0.45200000000000007,0.6360000000000001,0.0,467.74060534157326
P-n16-k8,pso,39,30,15,1,16.4,8.138795979750322,35,100,0.01,0.6,467.74060534157326,467.74060534157326,0.0,0.0,19,0.5,0.1,0,0,0,0,0.58,0.44000000000000006,0.6200000000000001,0.0,467.74060534157326
P-n16-k8,pso,39,31,15,1,16.4,8.138795979750322,35,100,0.01,0.62,467.74060534157326,467.74060534157326,0.0,0.0,19,0.5,0.1,0,0,0,0,0.596,0.42800000000000005,0.6040000000000001,0.0,467.74060534157326
P-n16-k8,pso,39,32,15,1,16.4,8.138795979750322,35,100,0.01,0.64,467.74060534157326,467.74060534157326,0.0,0.0,19,0.5,0.1,0,0,0,0,0.612,0.41600000000000004,0.588,0.0,467.74060534157326
P-n16-k8,pso,39,33,15,1,16.4,8.138795979750322,35,100,0.01,0.66,467.74060534157326,467.74060534157326,0.0,0.0,19,0.5,0.1,0,0,0,0,0.628,0.404,0.572,0.0,467.74060534157326
P-n16-k8,pso,39,34,15,1,16.4,8.138795979750322,35,100,0.01,0.68,467.74060534157326,467.74060534157326,0.0,0.0,19,0.5,0.1,0,0,0,0,0.644,0.392,0.5559999999999999,0.0,467.74060534157326
P-n16-k8,pso,39,35,15,1,16.4,8.138795979750322,35,100,0.01,0.7,467.74060534157326,467.74060534157326,0.0,0.0,19,0.5,0.1,0,0,0,0,0.6599999999999999,0.38000000000000006,0.54,0.0,467.74060534157326
P-n16-k8,pso,39,36,15,1,16.4,8.138795979750322,35,100,0.01,0.72,467.74060534157326,467.74060534157326,0.0,0.0,19,0.5,0.1,0,0,0,0,0.6759999999999999,0.36800000000000005,0.524,0.0,467.74060534157326
P-n16-k8,pso,39,37,15,1,16.4,8.138795979750322,35,100,0.01,0.74,467.74060534157326,467.74060534157326,0.0,0.0,19,0.5,0.1,0,0,0,0,0.692,0.35600000000000004,0.508,0.0,467.74060534157326
P-n16-k8,pso,39,38,15,1,16.4,8.138795979750322,35,100,0.01,0.76,467.74060534157326,467.74060534157326,0.0,0.0,19,0.5,0.1,0,0,0,0,0.7080000000000001,0.3440000000000001,0.492,0.0,467.74060534157326
P-n16-k8,pso,39,39,15,1,16.4,8.138795979750322,35,100,0.01,0.78,467.74060534157326,467.74060534157326,0.0,0.0,19,0.5,0.1,0,0,0,0,0.7240000000000001,0.3320000000000001,0.476,0.0,467.74060534157326
P-n16-k8,pso,39,40,15,1,16.4,8.138795979750322,35,100,0.01,0.8,467.74060534157326,467.74060534157326,0.0,0.0,19,0.5,0.1,0,0,0,0,0.7400000000000001,0.32000000000000006,0.45999999999999996,0.0,467.74060534157326
P-n16-k8,pso,39,41,15,1,16.4,8.138795979750322,35,100,0.01,0.82,467.74060534157326,467.74060534157326,0.0,0.0,19,0.5,0.1,0,0,0,0,0.756,0.3080000000000001,0.44400000000000006,0.0,467.74060534157326
P-n16-k8,pso,39,42,15,1,16.4,8.138795979750322,35,100,0.01,0.84,467.74060534157326,467.74060534157326,0.0,0.0,19,0.5,0.1,0,0,0,0,0.772,0.29600000000000004,0.42800000000000005,0.0,467.74060534157326
P-n16-k8,pso,39,43,15,1,16.4,8.138795979750322,35,100,0.01,0.86,467.74060534157326,467.74060534157326,0.0,0.0,19,0.5,0.1,0,0,0,0,0.788,0.28400000000000003,0.41200000000000003,0.0,467.74060534157326
P-n16-k8,pso,39,44,15,1,16.4,8.138795979750322,35,100,0.01,0.88,467.74060534157326,467.74060534157326,0.0,0.0,19,0.5,0.1,0,0,0,0,0.804,0.272,0.396,0.0,467.74060534157326
P-n16-k8,pso,39,45,15,1,16.4,8.138795979750322,35,100,0.01,0.9,467.74060534157326,467.74060534157326,0.0,0.0,19,0.5,0.1,0,0,0,0,0.8200000000000001,0.26,0.38,0.0,467.74060534157326
P-n16-k8,pso,39,46,15,1,16.4,8.138795979750322,35,100,0.01,0.92,467.74060534157326,467.74060534157326,0.0,0.0,19,0.5,0.1,0,0,0,0,0.8360000000000001,0.248,0.364,0.0,467.74060534157326
P-n16-k8,pso,39,47,15,1,16.4,8.138795979750322,35,100,0.01,0.94,467.74060534157326,467.74060534157326,0.0,0.0,19,0.5,0.1,0,0,0,0,0.852,0.2360000000000001,0.34800000000000003,0.0,467.74060534157326
P-n16-k8,pso,39,48,15,1,16.4,8.138795979750322,35,100,0.01,0.96,467.74060534157326,467.74060534157326,0.0,0.0,19,0.5,0.1,0,0,0,0,0.868,0.2240000000000001,0.332,0.0,467.74060534157326
P-n16-k8,pso,39,49,15,1,16.4,8.138795979750322,35,100,0.01,0.98,467.74060534157326,467.74060534157326,0.0,0.0,19,0.5,0.1,0,0,0,0,0.884,0.21200000000000008,0.316,0.0,467.74060534157326
P-n16-k8,pso,40,0,15,1,16.4,8.138795979750322,35,100,0.01,0.0,1000.0,1000.0,100.0,0.0,0,0.5,0.1,0,0,0,0,0.1,0.8,0.3,0.0,467.74060534157326
P-n16-k8,pso,40,1,15,1,16.4,8.138795979750322,35,100,0.01,0.02,467.74060534157326,467.74060534157326,100.0,0.0,0,0.5,0.1,0,0,0,0,0.116,0.788,0.316,0.0,467.74060534157326
P-n16-k8,pso,40,2,15,1,16.4,8.138795979750322,35,100,0.01,0.04,467.74060534157326,467.74060534157326,100.0,0.0,0,0.5,0.1,0,0,0,0,0.132,0.776,0.33199999999999996,0.0,467.74060534157326
P-n16-k8,pso,40,3,15,1,16.4,8.138795979750322,35,100,0.01,0.06,467.74060534157326,467.74060534157326,100.0,0.0,0,0.5,0.1,0,0,0,0,0.14800000000000002,0.764,0.348,0.0,467.74060534157326
P-n16-k8,pso,40,4,15,1,16.4,8.138795979750322,35,100,0.01,0.08,467.74060534157326,467.74060534157326,100.0,0.0,0,0.5,0.1,0,0,0,0,0.164,0.752,0.364,0.0,467.74060534157326
P-n16-k8,pso,40,5,15,1,16.4,8.138795979750322,35,100,0.01,0.1,467.74060534157326,467.74060534157326,100.0,0.0,0,0.5,0.1,0,0,0,0,0.18000000000000002,0.74,0.38,0.0,467.74060534157326
P-n16-k8,pso,40,6,15,1,16.4,8.138795979750322,35,100,0.01,0.12,467.74060534157326,467.74060534157326,100.0,0.0,0,0.5,0.1,0,0,0,0,0.196,0.7280000000000001,0.396,0.0,467.74060534157326
P-n16-k8,pso,40,7,15,1,16.4,8.138795979750322,35,100,0.01,0.14,467.74060534157326,467.7406053415733,100.0,0.0,0,0.5,0.1,0,0,0,0,0.21200000000000002,0.7160000000000001,0.41200000000000003,0.0,467.74060534157326
P-n16-k8,pso,40,8,15,1,16.4,8.138795979750322,35,100,0.01,0.16,467.74060534157326,467.74060534157326,100.0,0.0,0,0.5,0.1,0,0,0,0,0.228,0.7040000000000001,0.42800000000000005,0.0,467.74060534157326
P-n16-k8,pso,40,9,15,1,16.4,8.138795979750322,35,100,0.01,0.18,467.74060534157326,467.7406053415732,100.0,0.0,0,0.5,0.1,0,0,0,0,0.244,0.6920000000000001,0.44399999999999995,0.0,467.74060534157326
P-n16-k8,pso,40,10,15,1,16.4,8.138795979750322,35,100,0.01,0.2,467.74060534157326,467.74060534157326,100.0,0.0,0,0.5,0.1,0,0,0,0,0.26,0.68,0.46,0.0,467.74060534157326
P-n16-k8,pso,40,11,15,1,16.4,8.138795979750322,35,100,0.01,0.22,467.74060534157326,467.74060534157326,0.0,0.0,10,0.5,0.1,0,0,0,0,0.276,0.668,0.476,0.0,467.74060534157326
P-n16-k8,pso,40,12,15,1,16.4,8.138795979750322,35,100,0.01,0.24,467.74060534157326,467.74060534157326,0.0,0.0,11,0.5,0.1,0,0,0,0,0.29200000000000004,0.656,0.492,0.0,467.74060534157326
P-n16-k8,pso,40,13,15,1,16.4,8.138795979750322,35,100,0.01,0.26,467.74060534157326,467.74060534157326,0.0,0.0,12,0.5,0.1,0,0,0,0,0.30800000000000005,0.644,0.508,0.0,467.74060534157326
P-n16-k8,pso,40,14,15,1,16.4,8.138795979750322,35,100,0.01,0.28,467.74060534157326,467.74060534157326,0.0,0.0,13,0.5,0.1,0,0,0,0,0.32400000000000007,0.632,0.524,0.0,467.74060534157326
P-n16-k8,pso,40,15,15,1,16.4,8.138795979750322,35,100,0.01,0.3,467.74060534157326,467.74060534157326,0.0,0.0,14,0.5,0.1,0,0,0,0,0.33999999999999997,0.6200000000000001,0.54,0.0,467.74060534157326
P-n16-k8,pso,40,16,15,1,16.4,8.138795979750322,35,100,0.01,0.32,467.74060534157326,467.74060534157326,0.0,0.0,15,0.5,0.1,0,0,0,0,0.356,0.6080000000000001,0.556,0.0,467.74060534157326
P-n16-k8,pso,40,17,15,1,16.4,8.138795979750322,35,100,0.01,0.34,467.74060534157326,467.74060534157326,0.0,0.0,16,0.5,0.1,0,0,0,0,0.372,0.5960000000000001,0.5720000000000001,0.0,467.74060534157326
P-n16-k8,pso,40,18,15,1,16.4,8.138795979750322,35,100,0.01,0.36,467.74060534157326,467.74060534157326,0.0,0.0,17,0.5,0.1,0,0,0,0,0.388,0.5840000000000001,0.588,0.0,467.74060534157326
P-n16-k8,pso,40,19,15,1,16.4,8.138795979750322,35,100,0.01,0.38,467.74060534157326,467.74060534157326,0.0,0.0,18,0.5,0.1,0,0,0,0,0.404,0.5720000000000001,0.6040000000000001,0.0,467.74060534157326
P-n16-k8,pso,40,20,15,1,16.4,8.138795979750322,35,100,0.01,0.4,467.74060534157326,467.74060534157326,0.0,0.0,19,0.5,0.1,0,0,0,0,0.42000000000000004,0.56,0.6200000000000001,0.0,467.74060534157326
P-n16-k8,pso,40,21,15,1,16.4,8.138795979750322,35,100,0.01,0.42,467.74060534157326,467.74060534157326,0.0,0.0,19,0.5,0.1,0,0,0,0,0.43600000000000005,0.548,0.636,0.0,467.74060534157326
P-n16-k8,pso,40,22,15,1,16.4,8.138795979750322,35,100,0.01,0.44,467.74060534157326,467.74060534157326,0.0,0.0,19,0.5,0.1,0,0,0,0,0.45200000000000007,0.536,0.652,0.0,467.74060534157326
P-n16-k8,pso,40,23,15,1,16.4,8.138795979750322,35,100,0.01,0.46,467.74060534157326,467.74060534157326,0.0,0.0,19,0.5,0.1,0,0,0,0,0.4680000000000001,0.524,0.668,0.0,467.74060534157326
P-n16-k8,pso,40,24,15,1,16.4,8.138795979750322,35,100,0.01,0.48,467.74060534157326,467.74060534157326,0.0,0.0,19,0.5,0.1,0,0,0,0,0.484,0.512,0.6839999999999999,0.0,467.74060534157326
P-n16-k8,pso,40,25,15,1,16.4,8.138795979750322,35,100,0.01,0.5,467.74060534157326,467.74060534157326,0.0,0.0,19,0.5,0.1,0,0,0,0,0.5,0.5,0.7,0.0,467.74060534157326
P-n16-k8,pso,40,26,15,1,16.4,8.138795979750322,35,100,0.01,0.52,467.74060534157326,467.74060534157326,0.0,0.0,19,0.5,0.1,0,0,0,0,0.516,0.48800000000000004,0.6839999999999999,0.0,467.74060534157326
P-n16-k8,pso,40,27,15,1,16.4,8.138795979750322,35,100,0.01,0.54,467.74060534157326,467.74060534157326,0.0,0.0,19,0.5,0.1,0,0,0,0,0.532,0.47600000000000003,0.6679999999999999,0.0,467.74060534157326
P-n16-k8,pso,40,28,15,1,16.4,8.138795979750322,35,100,0.01,0.56,467.74060534157326,467.74060534157326,0.0,0.0,19,0.5,0.1,0,0,0,0,0.548,0.464,0.6519999999999999,0.0,467.74060534157326
P-n16-k8,pso,40,29,15,1,16.4,8.138795979750322,35,100,0.01,0.58,467.74060534157326,467.74060534157326,0.0,0.0,19,0.5,0.1,0,0,0,0,0.564,0.45200000000000007,0.6360000000000001,0.0,467.74060534157326
P-n16-k8,pso,40,30,15,1,16.4,8.138795979750322,35,100,0.01,0.6,467.74060534157326,467.74060534157326,0.0,0.0,19,0.5,0.1,0,0,0,0,0.58,0.44000000000000006,0.6200000000000001,0.0,467.74060534157326
P-n16-k8,pso,40,31,15,1,16.4,8.138795979750322,35,100,0.01,0.62,467.74060534157326,467.74060534157326,0.0,0.0,19,0.5,0.1,0,0,0,0,0.596,0.42800000000000005,0.6040000000000001,0.0,467.74060534157326
P-n16-k8,pso,40,32,15,1,16.4,8.138795979750322,35,100,0.01,0.64,467.74060534157326,467.74060534157326,0.0,0.0,19,0.5,0.1,0,0,0,0,0.612,0.41600000000000004,0.588,0.0,467.74060534157326
P-n16-k8,pso,40,33,15,1,16.4,8.138795979750322,35,100,0.01,0.66,467.74060534157326,467.74060534157326,0.0,0.0,19,0.5,0.1,0,0,0,0,0.628,0.404,0.572,0.0,467.74060534157326
P-n16-k8,pso,40,34,15,1,16.4,8.138795979750322,35,100,0.01,0.68,467.74060534157326,467.74060534157326,0.0,0.0,19,0.5,0.1,0,0,0,0,0.644,0.392,0.5559999999999999,0.0,467.74060534157326
P-n16-k8,pso,40,35,15,1,16.4,8.138795979750322,35,100,0.01,0.7,467.74060534157326,467.74060534157326,0.0,0.0,19,0.5,0.1,0,0,0,0,0.6599999999999999,0.38000000000000006,0.54,0.0,467.74060534157326
P-n16-k8,pso,40,36,15,1,16.4,8.138795979750322,35,100,0.01,0.72,467.74060534157326,467.74060534157326,0.0,0.0,19,0.5,0.1,0,0,0,0,0.6759999999999999,0.36800000000000005,0.524,0.0,467.74060534157326
P-n16-k8,pso,40,37,15,1,16.4,8.138795979750322,35,100,0.01,0.74,467.74060534157326,467.74060534157326,0.0,0.0,19,0.5,0.1,0,0,0,0,0.692,0.35600000000000004,0.508,0.0,467.74060534157326
P-n16-k8,pso,40,38,15,1,16.4,8.138795979750322,35,100,0.01,0.76,467.74060534157326,467.74060534157326,0.0,0.0,19,0.5,0.1,0,0,0,0,0.7080000000000001,0.3440000000000001,0.492,0.0,467.74060534157326
P-n16-k8,pso,40,39,15,1,16.4,8.138795979750322,35,100,0.01,0.78,467.74060534157326,467.74060534157326,0.0,0.0,19,0.5,0.1,0,0,0,0,0.7240000000000001,0.3320000000000001,0.476,0.0,467.74060534157326
P-n16-k8,pso,40,40,15,1,16.4,8.138795979750322,35,100,0.01,0.8,467.74060534157326,467.74060534157326,0.0,0.0,19,0.5,0.1,0,0,0,0,0.7400000000000001,0.32000000000000006,0.45999999999999996,0.0,467.74060534157326
P-n16-k8,pso,40,41,15,1,16.4,8.138795979750322,35,100,0.01,0.82,467.74060534157326,467.74060534157326,0.0,0.0,19,0.5,0.1,0,0,0,0,0.756,0.3080000000000001,0.44400000000000006,0.0,467.74060534157326
P-n16-k8,pso,40,42,15,1,16.4,8.138795979750322,35,100,0.01,0.84,467.74060534157326,467.74060534157326,0.0,0.0,19,0.5,0.1,0,0,0,0,0.772,0.29600000000000004,0.42800000000000005,0.0,467.74060534157326
P-n16-k8,pso,40,43,15,1,16.4,8.138795979750322,35,100,0.01,0.86,467.74060534157326,467.74060534157326,0.0,0.0,19,0.5,0.1,0,0,0,0,0.788,0.28400000000000003,0.41200000000000003,0.0,467.74060534157326
P-n16-k8,pso,40,44,15,1,16.4,8.138795979750322,35,100,0.01,0.88,467.74060534157326,467.74060534157326,0.0,0.0,19,0.5,0.1,0,0,0,0,0.804,0.272,0.396,0.0,467.74060534157326
P-n16-k8,pso,40,45,15,1,16.4,8.138795979750322,35,100,0.01,0.9,467.74060534157326,467.74060534157326,0.0,0.0,19,0.5,0.1,0,0,0,0,0.8200000000000001,0.26,0.38,0.0,467.74060534157326
P-n16-k8,pso,40,46,15,1,16.4,8.138795979750322,35,100,0.01,0.92,467.74060534157326,467.74060534157326,0.0,0.0,19,0.5,0.1,0,0,0,0,0.8360000000000001,0.248,0.364,0.0,467.74060534157326
P-n16-k8,pso,40,47,15,1,16.4,8.138795979750322,35,100,0.01,0.94,467.74060534157326,467.74060534157326,0.0,0.0,19,0.5,0.1,0,0,0,0,0.852,0.2360000000000001,0.34800000000000003,0.0,467.74060534157326
P-n16-k8,pso,40,48,15,1,16.4,8.138795979750322,35,100,0.01,0.96,467.74060534157326,467.74060534157326,0.0,0.0,19,0.5,0.1,0,0,0,0,0.868,0.2240000000000001,0.332,0.0,467.74060534157326
P-n16-k8,pso,40,49,15,1,16.4,8.138795979750322,35,100,0.01,0.98,467.74060534157326,467.74060534157326,0.0,0.0,19,0.5,0.1,0,0,0,0,0.884,0.21200000000000008,0.316,0.0,467.74060534157326
P-n16-k8,pso,41,0,15,1,16.4,8.138795979750322,35,100,0.01,0.0,1000.0,1000.0,100.0,0.0,0,0.5,0.1,0,0,0,0,0.1,0.8,0.3,0.0,496.1114170870651
P-n16-k8,pso,41,1,15,1,16.4,8.138795979750322,35,100,0.01,0.02,496.1114170870651,496.1114170870651,100.0,0.0,0,0.5,0.1,0,0,0,0,0.116,0.788,0.316,0.0,496.1114170870651
P-n16-k8,pso,41,2,15,1,16.4,8.138795979750322,35,100,0.01,0.04,496.1114170870651,496.1114170870651,100.0,0.0,0,0.5,0.1,0,0,0,0,0.132,0.776,0.33199999999999996,0.0,496.1114170870651
P-n16-k8,pso,41,3,15,1,16.4,8.138795979750322,35,100,0.01,0.06,496.1114170870651,496.1114170870651,100.0,0.0,0,0.5,0.1,0,0,0,0,0.14800000000000002,0.764,0.348,0.0,496.1114170870651
P-n16-k8,pso,41,4,15,1,16.4,8.138795979750322,35,100,0.01,0.08,496.1114170870651,496.1114170870651,100.0,0.0,0,0.5,0.1,0,0,0,0,0.164,0.752,0.364,0.0,496.1114170870651
P-n16-k8,pso,41,5,15,1,16.4,8.138795979750322,35,100,0.01,0.1,496.1114170870651,496.1114170870651,100.0,0.0,0,0.5,0.1,0,0,0,0,0.18000000000000002,0.74,0.38,0.0,496.1114170870651
P-n16-k8,pso,41,6,15,1,16.4,8.138795979750322,35,100,0.01,0.12,496.1114170870651,496.1114170870651,100.0,0.0,0,0.5,0.1,0,0,0,0,0.196,0.7280000000000001,0.396,0.0,496.1114170870651
P-n16-k8,pso,41,7,15,1,16.4,8.138795979750322,35,100,0.01,0.14,496.1114170870651,496.1114170870651,100.0,0.0,0,0.5,0.1,0,0,0,0,0.21200000000000002,0.7160000000000001,0.41200000000000003,0.0,496.1114170870651
P-n16-k8,pso,41,8,15,1,16.4,8.138795979750322,35,100,0.01,0.16,496.1114170870651,496.1114170870651,100.0,0.0,0,0.5,0.1,0,0,0,0,0.228,0.7040000000000001,0.42800000000000005,0.0,496.1114170870651
P-n16-k8,pso,41,9,15,1,16.4,8.138795979750322,35,100,0.01,0.18,496.1114170870651,496.1114170870651,100.0,0.0,0,0.5,0.1,0,0,0,0,0.244,0.6920000000000001,0.44399999999999995,0.0,496.1114170870651
P-n16-k8,pso,41,10,15,1,16.4,8.138795979750322,35,100,0.01,0.2,496.1114170870651,496.1114170870651,100.0,0.0,0,0.5,0.1,0,0,0,0,0.26,0.68,0.46,0.0,496.1114170870651
P-n16-k8,pso,41,11,15,1,16.4,8.138795979750322,35,100,0.01,0.22,496.1114170870651,496.1114170870651,0.0,0.0,10,0.5,0.1,0,0,0,0,0.276,0.668,0.476,0.0,496.1114170870651
P-n16-k8,pso,41,12,15,1,16.4,8.138795979750322,35,100,0.01,0.24,496.1114170870651,496.1114170870651,0.0,0.0,11,0.5,0.1,0,0,0,0,0.29200000000000004,0.656,0.492,0.0,496.1114170870651
P-n16-k8,pso,41,13,15,1,16.4,8.138795979750322,35,100,0.01,0.26,496.1114170870651,496.1114170870651,0.0,0.0,12,0.5,0.1,0,0,0,0,0.30800000000000005,0.644,0.508,0.0,496.1114170870651
P-n16-k8,pso,41,14,15,1,16.4,8.138795979750322,35,100,0.01,0.28,496.1114170870651,496.1114170870651,0.0,0.0,13,0.5,0.1,0,0,0,0,0.32400000000000007,0.632,0.524,0.0,496.1114170870651
P-n16-k8,pso,41,15,15,1,16.4,8.138795979750322,35,100,0.01,0.3,496.1114170870651,496.1114170870651,0.0,0.0,14,0.5,0.1,0,0,0,0,0.33999999999999997,0.6200000000000001,0.54,0.0,496.1114170870651
P-n16-k8,pso,41,16,15,1,16.4,8.138795979750322,35,100,0.01,0.32,496.1114170870651,496.1114170870651,0.0,0.0,15,0.5,0.1,0,0,0,0,0.356,0.6080000000000001,0.556,0.0,496.1114170870651
P-n16-k8,pso,41,17,15,1,16.4,8.138795979750322,35,100,0.01,0.34,496.1114170870651,496.1114170870651,0.0,0.0,16,0.5,0.1,0,0,0,0,0.372,0.5960000000000001,0.5720000000000001,0.0,496.1114170870651
P-n16-k8,pso,41,18,15,1,16.4,8.138795979750322,35,100,0.01,0.36,496.1114170870651,496.1114170870651,0.0,0.0,17,0.5,0.1,0,0,0,0,0.388,0.5840000000000001,0.588,0.0,496.1114170870651
P-n16-k8,pso,41,19,15,1,16.4,8.138795979750322,35,100,0.01,0.38,496.1114170870651,496.1114170870651,0.0,0.0,18,0.5,0.1,0,0,0,0,0.404,0.5720000000000001,0.6040000000000001,0.0,496.1114170870651
P-n16-k8,pso,41,20,15,1,16.4,8.138795979750322,35,100,0.01,0.4,496.1114170870651,496.1114170870651,0.0,0.0,19,0.5,0.1,0,0,0,0,0.42000000000000004,0.56,0.6200000000000001,0.0,496.1114170870651
P-n16-k8,pso,41,21,15,1,16.4,8.138795979750322,35,100,0.01,0.42,496.1114170870651,496.1114170870651,0.0,0.0,19,0.5,0.1,0,0,0,0,0.43600000000000005,0.548,0.636,0.0,496.1114170870651
P-n16-k8,pso,41,22,15,1,16.4,8.138795979750322,35,100,0.01,0.44,496.1114170870651,496.1114170870651,0.0,0.0,19,0.5,0.1,0,0,0,0,0.45200000000000007,0.536,0.652,0.0,496.1114170870651
P-n16-k8,pso,41,23,15,1,16.4,8.138795979750322,35,100,0.01,0.46,496.1114170870651,496.1114170870651,0.0,0.0,19,0.5,0.1,0,0,0,0,0.4680000000000001,0.524,0.668,0.0,496.1114170870651
P-n16-k8,pso,41,24,15,1,16.4,8.138795979750322,35,100,0.01,0.48,496.1114170870651,496.1114170870651,0.0,0.0,19,0.5,0.1,0,0,0,0,0.484,0.512,0.6839999999999999,0.0,496.1114170870651
P-n16-k8,pso,41,25,15,1,16.4,8.138795979750322,35,100,0.01,0.5,496.1114170870651,496.1114170870651,0.0,0.0,19,0.5,0.1,0,0,0,0,0.5,0.5,0.7,0.0,496.1114170870651
P-n16-k8,pso,41,26,15,1,16.4,8.138795979750322,35,100,0.01,0.52,496.1114170870651,496.1114170870651,0.0,0.0,19,0.5,0.1,0,0,0,0,0.516,0.48800000000000004,0.6839999999999999,0.0,496.1114170870651
P-n16-k8,pso,41,27,15,1,16.4,8.138795979750322,35,100,0.01,0.54,496.1114170870651,496.1114170870651,0.0,0.0,19,0.5,0.1,0,0,0,0,0.532,0.47600000000000003,0.6679999999999999,0.0,496.1114170870651
P-n16-k8,pso,41,28,15,1,16.4,8.138795979750322,35,100,0.01,0.56,496.1114170870651,496.1114170870651,0.0,0.0,19,0.5,0.1,0,0,0,0,0.548,0.464,0.6519999999999999,0.0,496.1114170870651
P-n16-k8,pso,41,29,15,1,16.4,8.138795979750322,35,100,0.01,0.58,496.1114170870651,496.1114170870651,0.0,0.0,19,0.5,0.1,0,0,0,0,0.564,0.45200000000000007,0.6360000000000001,0.0,496.1114170870651
P-n16-k8,pso,41,30,15,1,16.4,8.138795979750322,35,100,0.01,0.6,496.1114170870651,496.1114170870651,0.0,0.0,19,0.5,0.1,0,0,0,0,0.58,0.44000000000000006,0.6200000000000001,0.0,496.1114170870651
P-n16-k8,pso,41,31,15,1,16.4,8.138795979750322,35,100,0.01,0.62,496.1114170870651,496.1114170870651,0.0,0.0,19,0.5,0.1,0,0,0,0,0.596,0.42800000000000005,0.6040000000000001,0.0,496.1114170870651
P-n16-k8,pso,41,32,15,1,16.4,8.138795979750322,35,100,0.01,0.64,496.1114170870651,496.1114170870651,0.0,0.0,19,0.5,0.1,0,0,0,0,0.612,0.41600000000000004,0.588,0.0,496.1114170870651
P-n16-k8,pso,41,33,15,1,16.4,8.138795979750322,35,100,0.01,0.66,496.1114170870651,496.1114170870651,0.0,0.0,19,0.5,0.1,0,0,0,0,0.628,0.404,0.572,0.0,496.1114170870651
P-n16-k8,pso,41,34,15,1,16.4,8.138795979750322,35,100,0.01,0.68,496.1114170870651,496.1114170870651,0.0,0.0,19,0.5,0.1,0,0,0,0,0.644,0.392,0.5559999999999999,0.0,496.1114170870651
P-n16-k8,pso,41,35,15,1,16.4,8.138795979750322,35,100,0.01,0.7,496.1114170870651,496.1114170870651,0.0,0.0,19,0.5,0.1,0,0,0,0,0.6599999999999999,0.38000000000000006,0.54,0.0,496.1114170870651
P-n16-k8,pso,41,36,15,1,16.4,8.138795979750322,35,100,0.01,0.72,496.1114170870651,496.1114170870651,0.0,0.0,19,0.5,0.1,0,0,0,0,0.6759999999999999,0.36800000000000005,0.524,0.0,496.1114170870651
P-n16-k8,pso,41,37,15,1,16.4,8.138795979750322,35,100,0.01,0.74,496.1114170870651,496.1114170870651,0.0,0.0,19,0.5,0.1,0,0,0,0,0.692,0.35600000000000004,0.508,0.0,496.1114170870651
P-n16-k8,pso,41,38,15,1,16.4,8.138795979750322,35,100,0.01,0.76,496.1114170870651,496.1114170870651,0.0,0.0,19,0.5,0.1,0,0,0,0,0.7080000000000001,0.3440000000000001,0.492,0.0,496.1114170870651
P-n16-k8,pso,41,39,15,1,16.4,8.138795979750322,35,100,0.01,0.78,496.1114170870651,496.1114170870651,0.0,0.0,19,0.5,0.1,0,0,0,0,0.7240000000000001,0.3320000000000001,0.476,0.0,496.1114170870651
P-n16-k8,pso,41,40,15,1,16.4,8.138795979750322,35,100,0.01,0.8,496.1114170870651,496.1114170870651,0.0,0.0,19,0.5,0.1,0,0,0,0,0.7400000000000001,0.32000000000000006,0.45999999999999996,0.0,496.1114170870651
P-n16-k8,pso,41,41,15,1,16.4,8.138795979750322,35,100,0.01,0.82,496.1114170870651,496.1114170870651,0.0,0.0,19,0.5,0.1,0,0,0,0,0.756,0.3080000000000001,0.44400000000000006,0.0,496.1114170870651
P-n16-k8,pso,41,42,15,1,16.4,8.138795979750322,35,100,0.01,0.84,496.1114170870651,496.1114170870651,0.0,0.0,19,0.5,0.1,0,0,0,0,0.772,0.29600000000000004,0.42800000000000005,0.0,496.1114170870651
P-n16-k8,pso,41,43,15,1,16.4,8.138795979750322,35,100,0.01,0.86,496.1114170870651,496.1114170870651,0.0,0.0,19,0.5,0.1,0,0,0,0,0.788,0.28400000000000003,0.41200000000000003,0.0,496.1114170870651
P-n16-k8,pso,41,44,15,1,16.4,8.138795979750322,35,100,0.01,0.88,496.1114170870651,496.1114170870651,0.0,0.0,19,0.5,0.1,0,0,0,0,0.804,0.272,0.396,0.0,496.1114170870651
P-n16-k8,pso,41,45,15,1,16.4,8.138795979750322,35,100,0.01,0.9,496.1114170870651,496.1114170870651,0.0,0.0,19,0.5,0.1,0,0,0,0,0.8200000000000001,0.26,0.38,0.0,496.1114170870651
P-n16-k8,pso,41,46,15,1,16.4,8.138795979750322,35,100,0.01,0.92,496.1114170870651,496.1114170870651,0.0,0.0,19,0.5,0.1,0,0,0,0,0.8360000000000001,0.248,0.364,0.0,496.1114170870651
P-n16-k8,pso,41,47,15,1,16.4,8.138795979750322,35,100,0.01,0.94,496.1114170870651,496.1114170870651,0.0,0.0,19,0.5,0.1,0,0,0,0,0.852,0.2360000000000001,0.34800000000000003,0.0,496.1114170870651
P-n16-k8,pso,41,48,15,1,16.4,8.138795979750322,35,100,0.01,0.96,496.1114170870651,496.1114170870651,0.0,0.0,19,0.5,0.1,0,0,0,0,0.868,0.2240000000000001,0.332,0.0,496.1114170870651
P-n16-k8,pso,41,49,15,1,16.4,8.138795979750322,35,100,0.01,0.98,496.1114170870651,496.1114170870651,0.0,0.0,19,0.5,0.1,0,0,0,0,0.884,0.21200000000000008,0.316,0.0,496.1114170870651
P-n16-k8,pso,42,0,15,1,16.4,8.138795979750322,35,100,0.01,0.0,1000.0,1000.0,100.0,0.0,0,0.5,0.1,0,0,0,0,0.1,0.8,0.3,0.0,499.4515437714527
P-n16-k8,pso,42,1,15,1,16.4,8.138795979750322,35,100,0.01,0.02,499.4515437714527,499.4515437714527,100.0,0.0,0,0.5,0.1,0,0,0,0,0.116,0.788,0.316,0.0,499.4515437714527
P-n16-k8,pso,42,2,15,1,16.4,8.138795979750322,35,100,0.01,0.04,499.4515437714527,499.4515437714527,100.0,0.0,0,0.5,0.1,0,0,0,0,0.132,0.776,0.33199999999999996,0.0,499.4515437714527
P-n16-k8,pso,42,3,15,1,16.4,8.138795979750322,35,100,0.01,0.06,499.4515437714527,499.4515437714527,100.0,0.0,0,0.5,0.1,0,0,0,0,0.14800000000000002,0.764,0.348,0.0,499.4515437714527
P-n16-k8,pso,42,4,15,1,16.4,8.138795979750322,35,100,0.01,0.08,499.4515437714527,499.4515437714527,100.0,0.0,0,0.5,0.1,0,0,0,0,0.164,0.752,0.364,0.0,499.4515437714527
P-n16-k8,pso,42,5,15,1,16.4,8.138795979750322,35,100,0.01,0.1,499.4515437714527,499.45154377145275,100.0,0.0,0,0.5,0.1,0,0,0,0,0.18000000000000002,0.74,0.38,0.0,499.4515437714527
P-n16-k8,pso,42,6,15,1,16.4,8.138795979750322,35,100,0.01,0.12,499.4515437714527,499.4515437714527,100.0,0.0,0,0.5,0.1,0,0,0,0,0.196,0.7280000000000001,0.396,0.0,499.4515437714527
P-n16-k8,pso,42,7,15,1,16.4,8.138795979750322,35,100,0.01,0.14,499.4515437714527,499.4515437714527,100.0,0.0,0,0.5,0.1,0,0,0,0,0.21200000000000002,0.7160000000000001,0.41200000000000003,0.0,499.4515437714527
P-n16-k8,pso,42,8,15,1,16.4,8.138795979750322,35,100,0.01,0.16,499.4515437714527,499.4515437714527,100.0,0.0,0,0.5,0.1,0,0,0,0,0.228,0.7040000000000001,0.42800000000000005,0.0,499.4515437714527
P-n16-k8,pso,42,9,15,1,16.4,8.138795979750322,35,100,0.01,0.18,499.4515437714527,499.45154377145275,100.0,0.0,0,0.5,0.1,0,0,0,0,0.244,0.6920000000000001,0.44399999999999995,0.0,499.4515437714527
P-n16-k8,pso,42,10,15,1,16.4,8.138795979750322,35,100,0.01,0.2,499.4515437714527,499.45154377145275,100.0,0.0,0,0.5,0.1,0,0,0,0,0.26,0.68,0.46,0.0,499.4515437714527
P-n16-k8,pso,42,11,15,1,16.4,8.138795979750322,35,100,0.01,0.22,499.4515437714527,499.45154377145275,5.684341886080802e-14,0.0,10,0.5,0.1,0,0,0,0,0.276,0.668,0.476,0.0,499.4515437714527
P-n16-k8,pso,42,12,15,1,16.4,8.138795979750322,35,100,0.01,0.24,499.4515437714527,499.45154377145275,5.684341886080802e-14,0.0,11,0.5,0.1,0,0,0,0,0.29200000000000004,0.656,0.492,0.0,499.4515437714527
P-n16-k8,pso,42,13,15,1,16.4,8.138795979750322,35,100,0.01,0.26,499.4515437714527,499.45154377145275,5.684341886080802e-14,0.0,12,0.5,0.1,0,0,0,0,0.30800000000000005,0.644,0.508,0.0,499.4515437714527
P-n16-k8,pso,42,14,15,1,16.4,8.138795979750322,35,100,0.01,0.28,499.4515437714527,499.45154377145275,5.684341886080802e-14,0.0,13,0.5,0.1,0,0,0,0,0.32400000000000007,0.632,0.524,0.0,499.4515437714527
P-n16-k8,pso,42,15,15,1,16.4,8.138795979750322,35,100,0.01,0.3,499.4515437714527,499.45154377145275,5.684341886080802e-14,0.0,14,0.5,0.1,0,0,0,0,0.33999999999999997,0.6200000000000001,0.54,0.0,499.4515437714527
P-n16-k8,pso,42,16,15,1,16.4,8.138795979750322,35,100,0.01,0.32,499.4515437714527,499.45154377145275,5.684341886080802e-14,0.0,15,0.5,0.1,0,0,0,0,0.356,0.6080000000000001,0.556,0.0,499.4515437714527
P-n16-k8,pso,42,17,15,1,16.4,8.138795979750322,35,100,0.01,0.34,499.4515437714527,499.45154377145275,5.684341886080802e-14,0.0,16,0.5,0.1,0,0,0,0,0.372,0.5960000000000001,0.5720000000000001,0.0,499.4515437714527
P-n16-k8,pso,42,18,15,1,16.4,8.138795979750322,35,100,0.01,0.36,499.4515437714527,499.45154377145275,5.684341886080802e-14,0.0,17,0.5,0.1,0,0,0,0,0.388,0.5840000000000001,0.588,0.0,499.4515437714527
P-n16-k8,pso,42,19,15,1,16.4,8.138795979750322,35,100,0.01,0.38,499.4515437714527,499.45154377145275,5.684341886080802e-14,0.0,18,0.5,0.1,0,0,0,0,0.404,0.5720000000000001,0.6040000000000001,0.0,499.4515437714527
P-n16-k8,pso,42,20,15,1,16.4,8.138795979750322,35,100,0.01,0.4,499.4515437714527,499.45154377145275,5.684341886080802e-14,0.0,19,0.5,0.1,0,0,0,0,0.42000000000000004,0.56,0.6200000000000001,0.0,499.4515437714527
P-n16-k8,pso,42,21,15,1,16.4,8.138795979750322,35,100,0.01,0.42,499.4515437714527,499.45154377145275,5.684341886080802e-14,0.0,19,0.5,0.1,0,0,0,0,0.43600000000000005,0.548,0.636,0.0,499.4515437714527
P-n16-k8,pso,42,22,15,1,16.4,8.138795979750322,35,100,0.01,0.44,499.4515437714527,499.45154377145275,5.684341886080802e-14,0.0,19,0.5,0.1,0,0,0,0,0.45200000000000007,0.536,0.652,0.0,499.4515437714527
P-n16-k8,pso,42,23,15,1,16.4,8.138795979750322,35,100,0.01,0.46,499.4515437714527,499.45154377145275,5.684341886080802e-14,0.0,19,0.5,0.1,0,0,0,0,0.4680000000000001,0.524,0.668,0.0,499.4515437714527
P-n16-k8,pso,42,24,15,1,16.4,8.138795979750322,35,100,0.01,0.48,499.4515437714527,499.45154377145275,5.684341886080802e-14,0.0,19,0.5,0.1,0,0,0,0,0.484,0.512,0.6839999999999999,0.0,499.4515437714527
P-n16-k8,pso,42,25,15,1,16.4,8.138795979750322,35,100,0.01,0.5,499.4515437714527,499.45154377145275,5.684341886080802e-14,0.0,19,0.5,0.1,0,0,0,0,0.5,0.5,0.7,0.0,499.4515437714527
P-n16-k8,pso,42,26,15,1,16.4,8.138795979750322,35,100,0.01,0.52,499.4515437714527,499.45154377145275,5.684341886080802e-14,0.0,19,0.5,0.1,0,0,0,0,0.516,0.48800000000000004,0.6839999999999999,0.0,499.4515437714527
P-n16-k8,pso,42,27,15,1,16.4,8.138795979750322,35,100,0.01,0.54,499.4515437714527,499.45154377145275,5.684341886080802e-14,0.0,19,0.5,0.1,0,0,0,0,0.532,0.47600000000000003,0.6679999999999999,0.0,499.4515437714527
P-n16-k8,pso,42,28,15,1,16.4,8.138795979750322,35,100,0.01,0.56,499.4515437714527,499.45154377145275,5.684341886080802e-14,0.0,19,0.5,0.1,0,0,0,0,0.548,0.464,0.6519999999999999,0.0,499.4515437714527
P-n16-k8,pso,42,29,15,1,16.4,8.138795979750322,35,100,0.01,0.58,499.4515437714527,499.45154377145275,5.684341886080802e-14,0.0,19,0.5,0.1,0,0,0,0,0.564,0.45200000000000007,0.6360000000000001,0.0,499.4515437714527
P-n16-k8,pso,42,30,15,1,16.4,8.138795979750322,35,100,0.01,0.6,499.4515437714527,499.45154377145275,5.684341886080802e-14,0.0,19,0.5,0.1,0,0,0,0,0.58,0.44000000000000006,0.6200000000000001,0.0,499.4515437714527
P-n16-k8,pso,42,31,15,1,16.4,8.138795979750322,35,100,0.01,0.62,499.4515437714527,499.45154377145275,5.684341886080802e-14,0.0,19,0.5,0.1,0,0,0,0,0.596,0.42800000000000005,0.6040000000000001,0.0,499.4515437714527
P-n16-k8,pso,42,32,15,1,16.4,8.138795979750322,35,100,0.01,0.64,499.4515437714527,499.45154377145275,5.684341886080802e-14,0.0,19,0.5,0.1,0,0,0,0,0.612,0.41600000000000004,0.588,0.0,499.4515437714527
P-n16-k8,pso,42,33,15,1,16.4,8.138795979750322,35,100,0.01,0.66,499.4515437714527,499.45154377145275,5.684341886080802e-14,0.0,19,0.5,0.1,0,0,0,0,0.628,0.404,0.572,0.0,499.4515437714527
P-n16-k8,pso,42,34,15,1,16.4,8.138795979750322,35,100,0.01,0.68,499.4515437714527,499.45154377145275,5.684341886080802e-14,0.0,19,0.5,0.1,0,0,0,0,0.644,0.392,0.5559999999999999,0.0,499.4515437714527
P-n16-k8,pso,42,35,15,1,16.4,8.138795979750322,35,100,0.01,0.7,499.4515437714527,499.45154377145275,5.684341886080802e-14,0.0,19,0.5,0.1,0,0,0,0,0.6599999999999999,0.38000000000000006,0.54,0.0,499.4515437714527
P-n16-k8,pso,42,36,15,1,16.4,8.138795979750322,35,100,0.01,0.72,499.4515437714527,499.45154377145275,5.684341886080802e-14,0.0,19,0.5,0.1,0,0,0,0,0.6759999999999999,0.36800000000000005,0.524,0.0,499.4515437714527
P-n16-k8,pso,42,37,15,1,16.4,8.138795979750322,35,100,0.01,0.74,499.4515437714527,499.45154377145275,5.684341886080802e-14,0.0,19,0.5,0.1,0,0,0,0,0.692,0.35600000000000004,0.508,0.0,499.4515437714527
P-n16-k8,pso,42,38,15,1,16.4,8.138795979750322,35,100,0.01,0.76,499.4515437714527,499.45154377145275,5.684341886080802e-14,0.0,19,0.5,0.1,0,0,0,0,0.7080000000000001,0.3440000000000001,0.492,0.0,499.4515437714527
P-n16-k8,pso,42,39,15,1,16.4,8.138795979750322,35,100,0.01,0.78,499.4515437714527,499.45154377145275,5.684341886080802e-14,0.0,19,0.5,0.1,0,0,0,0,0.7240000000000001,0.3320000000000001,0.476,0.0,499.4515437714527
P-n16-k8,pso,42,40,15,1,16.4,8.138795979750322,35,100,0.01,0.8,499.4515437714527,499.45154377145275,5.684341886080802e-14,0.0,19,0.5,0.1,0,0,0,0,0.7400000000000001,0.32000000000000006,0.45999999999999996,0.0,499.4515437714527
P-n16-k8,pso,42,41,15,1,16.4,8.138795979750322,35,100,0.01,0.82,499.4515437714527,499.45154377145275,5.684341886080802e-14,0.0,19,0.5,0.1,0,0,0,0,0.756,0.3080000000000001,0.44400000000000006,0.0,499.4515437714527
P-n16-k8,pso,42,42,15,1,16.4,8.138795979750322,35,100,0.01,0.84,499.4515437714527,499.45154377145275,5.684341886080802e-14,0.0,19,0.5,0.1,0,0,0,0,0.772,0.29600000000000004,0.42800000000000005,0.0,499.4515437714527
P-n16-k8,pso,42,43,15,1,16.4,8.138795979750322,35,100,0.01,0.86,499.4515437714527,499.45154377145275,5.684341886080802e-14,0.0,19,0.5,0.1,0,0,0,0,0.788,0.28400000000000003,0.41200000000000003,0.0,499.4515437714527
P-n16-k8,pso,42,44,15,1,16.4,8.138795979750322,35,100,0.01,0.88,499.4515437714527,499.45154377145275,5.684341886080802e-14,0.0,19,0.5,0.1,0,0,0,0,0.804,0.272,0.396,0.0,499.4515437714527
P-n16-k8,pso,42,45,15,1,16.4,8.138795979750322,35,100,0.01,0.9,499.4515437714527,499.45154377145275,5.684341886080802e-14,0.0,19,0.5,0.1,0,0,0,0,0.8200000000000001,0.26,0.38,0.0,499.4515437714527
P-n16-k8,pso,42,46,15,1,16.4,8.138795979750322,35,100,0.01,0.92,499.4515437714527,499.45154377145275,5.684341886080802e-14,0.0,19,0.5,0.1,0,0,0,0,0.8360000000000001,0.248,0.364,0.0,499.4515437714527
P-n16-k8,pso,42,47,15,1,16.4,8.138795979750322,35,100,0.01,0.94,499.4515437714527,499.45154377145275,5.684341886080802e-14,0.0,19,0.5,0.1,0,0,0,0,0.852,0.2360000000000001,0.34800000000000003,0.0,499.4515437714527
P-n16-k8,pso,42,48,15,1,16.4,8.138795979750322,35,100,0.01,0.96,499.4515437714527,499.45154377145275,5.684341886080802e-14,0.0,19,0.5,0.1,0,0,0,0,0.868,0.2240000000000001,0.332,0.0,499.4515437714527
P-n16-k8,pso,42,49,15,1,16.4,8.138795979750322,35,100,0.01,0.98,499.4515437714527,499.45154377145275,5.684341886080802e-14,0.0,19,0.5,0.1,0,0,0,0,0.884,0.21200000000000008,0.316,0.0,499.4515437714527
P-n16-k8,pso,43,0,15,1,16.4,8.138795979750322,35,100,0.01,0.0,1000.0,1000.0,100.0,0.0,0,0.5,0.1,0,0,0,0,0.1,0.8,0.3,0.0,499.4515437714527
P-n16-k8,pso,43,1,15,1,16.4,8.138795979750322,35,100,0.01,0.02,499.4515437714527,499.4515437714527,100.0,0.0,0,0.5,0.1,0,0,0,0,0.116,0.788,0.316,0.0,499.4515437714527
P-n16-k8,pso,43,2,15,1,16.4,8.138795979750322,35,100,0.01,0.04,499.4515437714527,499.4515437714527,100.0,0.0,0,0.5,0.1,0,0,0,0,0.132,0.776,0.33199999999999996,0.0,499.4515437714527
P-n16-k8,pso,43,3,15,1,16.4,8.138795979750322,35,100,0.01,0.06,499.4515437714527,499.4515437714527,100.0,0.0,0,0.5,0.1,0,0,0,0,0.14800000000000002,0.764,0.348,0.0,499.4515437714527
P-n16-k8,pso,43,4,15,1,16.4,8.138795979750322,35,100,0.01,0.08,499.4515437714527,499.4515437714527,100.0,0.0,0,0.5,0.1,0,0,0,0,0.164,0.752,0.364,0.0,499.4515437714527
P-n16-k8,pso,43,5,15,1,16.4,8.138795979750322,35,100,0.01,0.1,499.4515437714527,499.45154377145275,100.0,0.0,0,0.5,0.1,0,0,0,0,0.18000000000000002,0.74,0.38,0.0,499.4515437714527
P-n16-k8,pso,43,6,15,1,16.4,8.138795979750322,35,100,0.01,0.12,499.4515437714527,499.4515437714527,100.0,0.0,0,0.5,0.1,0,0,0,0,0.196,0.7280000000000001,0.396,0.0,499.4515437714527
P-n16-k8,pso,43,7,15,1,16.4,8.138795979750322,35,100,0.01,0.14,499.4515437714527,499.4515437714527,100.0,0.0,0,0.5,0.1,0,0,0,0,0.21200000000000002,0.7160000000000001,0.41200000000000003,0.0,499.4515437714527
P-n16-k8,pso,43,8,15,1,16.4,8.138795979750322,35,100,0.01,0.16,499.4515437714527,499.4515437714527,100.0,0.0,0,0.5,0.1,0,0,0,0,0.228,0.7040000000000001,0.42800000000000005,0.0,499.4515437714527
P-n16-k8,pso,43,9,15,1,16.4,8.138795979750322,35,100,0.01,0.18,499.4515437714527,499.45154377145275,100.0,0.0,0,0.5,0.1,0,0,0,0,0.244,0.6920000000000001,0.44399999999999995,0.0,499.4515437714527
P-n16-k8,pso,43,10,15,1,16.4,8.138795979750322,35,100,0.01,0.2,499.4515437714527,499.45154377145275,100.0,0.0,0,0.5,0.1,0,0,0,0,0.26,0.68,0.46,0.0,499.4515437714527
P-n16-k8,pso,43,11,15,1,16.4,8.138795979750322,35,100,0.01,0.22,499.4515437714527,499.45154377145275,5.684341886080802e-14,0.0,10,0.5,0.1,0,0,0,0,0.276,0.668,0.476,0.0,499.4515437714527
P-n16-k8,pso,43,12,15,1,16.4,8.138795979750322,35,100,0.01,0.24,499.4515437714527,499.45154377145275,5.684341886080802e-14,0.0,11,0.5,0.1,0,0,0,0,0.29200000000000004,0.656,0.492,0.0,499.4515437714527
P-n16-k8,pso,43,13,15,1,16.4,8.138795979750322,35,100,0.01,0.26,499.4515437714527,499.45154377145275,5.684341886080802e-14,0.0,12,0.5,0.1,0,0,0,0,0.30800000000000005,0.644,0.508,0.0,499.4515437714527
P-n16-k8,pso,43,14,15,1,16.4,8.138795979750322,35,100,0.01,0.28,499.4515437714527,499.45154377145275,5.684341886080802e-14,0.0,13,0.5,0.1,0,0,0,0,0.32400000000000007,0.632,0.524,0.0,499.4515437714527
P-n16-k8,pso,43,15,15,1,16.4,8.138795979750322,35,100,0.01,0.3,499.4515437714527,499.45154377145275,5.684341886080802e-14,0.0,14,0.5,0.1,0,0,0,0,0.33999999999999997,0.6200000000000001,0.54,0.0,499.4515437714527
P-n16-k8,pso,43,16,15,1,16.4,8.138795979750322,35,100,0.01,0.32,499.4515437714527,499.45154377145275,5.684341886080802e-14,0.0,15,0.5,0.1,0,0,0,0,0.356,0.6080000000000001,0.556,0.0,499.4515437714527
P-n16-k8,pso,43,17,15,1,16.4,8.138795979750322,35,100,0.01,0.34,499.4515437714527,499.45154377145275,5.684341886080802e-14,0.0,16,0.5,0.1,0,0,0,0,0.372,0.5960000000000001,0.5720000000000001,0.0,499.4515437714527
P-n16-k8,pso,43,18,15,1,16.4,8.138795979750322,35,100,0.01,0.36,499.4515437714527,499.45154377145275,5.684341886080802e-14,0.0,17,0.5,0.1,0,0,0,0,0.388,0.5840000000000001,0.588,0.0,499.4515437714527
P-n16-k8,pso,43,19,15,1,16.4,8.138795979750322,35,100,0.01,0.38,499.4515437714527,499.45154377145275,5.684341886080802e-14,0.0,18,0.5,0.1,0,0,0,0,0.404,0.5720000000000001,0.6040000000000001,0.0,499.4515437714527
P-n16-k8,pso,43,20,15,1,16.4,8.138795979750322,35,100,0.01,0.4,499.4515437714527,499.45154377145275,5.684341886080802e-14,0.0,19,0.5,0.1,0,0,0,0,0.42000000000000004,0.56,0.6200000000000001,0.0,499.4515437714527
P-n16-k8,pso,43,21,15,1,16.4,8.138795979750322,35,100,0.01,0.42,499.4515437714527,499.45154377145275,5.684341886080802e-14,0.0,19,0.5,0.1,0,0,0,0,0.43600000000000005,0.548,0.636,0.0,499.4515437714527
P-n16-k8,pso,43,22,15,1,16.4,8.138795979750322,35,100,0.01,0.44,499.4515437714527,499.45154377145275,5.684341886080802e-14,0.0,19,0.5,0.1,0,0,0,0,0.45200000000000007,0.536,0.652,0.0,499.4515437714527
P-n16-k8,pso,43,23,15,1,16.4,8.138795979750322,35,100,0.01,0.46,499.4515437714527,499.45154377145275,5.684341886080802e-14,0.0,19,0.5,0.1,0,0,0,0,0.4680000000000001,0.524,0.668,0.0,499.4515437714527
P-n16-k8,pso,43,24,15,1,16.4,8.138795979750322,35,100,0.01,0.48,499.4515437714527,499.45154377145275,5.684341886080802e-14,0.0,19,0.5,0.1,0,0,0,0,0.484,0.512,0.6839999999999999,0.0,499.4515437714527
P-n16-k8,pso,43,25,15,1,16.4,8.138795979750322,35,100,0.01,0.5,499.4515437714527,499.45154377145275,5.684341886080802e-14,0.0,19,0.5,0.1,0,0,0,0,0.5,0.5,0.7,0.0,499.4515437714527
P-n16-k8,pso,43,26,15,1,16.4,8.138795979750322,35,100,0.01,0.52,499.4515437714527,499.45154377145275,5.684341886080802e-14,0.0,19,0.5,0.1,0,0,0,0,0.516,0.48800000000000004,0.6839999999999999,0.0,499.4515437714527
P-n16-k8,pso,43,27,15,1,16.4,8.138795979750322,35,100,0.01,0.54,499.4515437714527,499.45154377145275,5.684341886080802e-14,0.0,19,0.5,0.1,0,0,0,0,0.532,0.47600000000000003,0.6679999999999999,0.0,499.4515437714527
P-n16-k8,pso,43,28,15,1,16.4,8.138795979750322,35,100,0.01,0.56,499.4515437714527,499.45154377145275,5.684341886080802e-14,0.0,19,0.5,0.1,0,0,0,0,0.548,0.464,0.6519999999999999,0.0,499.4515437714527
P-n16-k8,pso,43,29,15,1,16.4,8.138795979750322,35,100,0.01,0.58,499.4515437714527,499.45154377145275,5.684341886080802e-14,0.0,19,0.5,0.1,0,0,0,0,0.564,0.45200000000000007,0.6360000000000001,0.0,499.4515437714527
P-n16-k8,pso,43,30,15,1,16.4,8.138795979750322,35,100,0.01,0.6,499.4515437714527,499.45154377145275,5.684341886080802e-14,0.0,19,0.5,0.1,0,0,0,0,0.58,0.44000000000000006,0.6200000000000001,0.0,499.4515437714527
P-n16-k8,pso,43,31,15,1,16.4,8.138795979750322,35,100,0.01,0.62,499.4515437714527,499.45154377145275,5.684341886080802e-14,0.0,19,0.5,0.1,0,0,0,0,0.596,0.42800000000000005,0.6040000000000001,0.0,499.4515437714527
P-n16-k8,pso,43,32,15,1,16.4,8.138795979750322,35,100,0.01,0.64,499.4515437714527,499.45154377145275,5.684341886080802e-14,0.0,19,0.5,0.1,0,0,0,0,0.612,0.41600000000000004,0.588,0.0,499.4515437714527
P-n16-k8,pso,43,33,15,1,16.4,8.138795979750322,35,100,0.01,0.66,499.4515437714527,499.45154377145275,5.684341886080802e-14,0.0,19,0.5,0.1,0,0,0,0,0.628,0.404,0.572,0.0,499.4515437714527
P-n16-k8,pso,43,34,15,1,16.4,8.138795979750322,35,100,0.01,0.68,499.4515437714527,499.45154377145275,5.684341886080802e-14,0.0,19,0.5,0.1,0,0,0,0,0.644,0.392,0.5559999999999999,0.0,499.4515437714527
P-n16-k8,pso,43,35,15,1,16.4,8.138795979750322,35,100,0.01,0.7,499.4515437714527,499.45154377145275,5.684341886080802e-14,0.0,19,0.5,0.1,0,0,0,0,0.6599999999999999,0.38000000000000006,0.54,0.0,499.4515437714527
P-n16-k8,pso,43,36,15,1,16.4,8.138795979750322,35,100,0.01,0.72,499.4515437714527,499.45154377145275,5.684341886080802e-14,0.0,19,0.5,0.1,0,0,0,0,0.6759999999999999,0.36800000000000005,0.524,0.0,499.4515437714527
P-n16-k8,pso,43,37,15,1,16.4,8.138795979750322,35,100,0.01,0.74,499.4515437714527,499.45154377145275,5.684341886080802e-14,0.0,19,0.5,0.1,0,0,0,0,0.692,0.35600000000000004,0.508,0.0,499.4515437714527
P-n16-k8,pso,43,38,15,1,16.4,8.138795979750322,35,100,0.01,0.76,499.4515437714527,499.45154377145275,5.684341886080802e-14,0.0,19,0.5,0.1,0,0,0,0,0.7080000000000001,0.3440000000000001,0.492,0.0,499.4515437714527
P-n16-k8,pso,43,39,15,1,16.4,8.138795979750322,35,100,0.01,0.78,499.4515437714527,499.45154377145275,5.684341886080802e-14,0.0,19,0.5,0.1,0,0,0,0,0.7240000000000001,0.3320000000000001,0.476,0.0,499.4515437714527
P-n16-k8,pso,43,40,15,1,16.4,8.138795979750322,35,100,0.01,0.8,499.4515437714527,499.45154377145275,5.684341886080802e-14,0.0,19,0.5,0.1,0,0,0,0,0.7400000000000001,0.32000000000000006,0.45999999999999996,0.0,499.4515437714527
P-n16-k8,pso,43,41,15,1,16.4,8.138795979750322,35,100,0.01,0.82,499.4515437714527,499.45154377145275,5.684341886080802e-14,0.0,19,0.5,0.1,0,0,0,0,0.756,0.3080000000000001,0.44400000000000006,0.0,499.4515437714527
P-n16-k8,pso,43,42,15,1,16.4,8.138795979750322,35,100,0.01,0.84,499.4515437714527,499.45154377145275,5.684341886080802e-14,0.0,19,0.5,0.1,0,0,0,0,0.772,0.29600000000000004,0.42800000000000005,0.0,499.4515437714527
P-n16-k8,pso,43,43,15,1,16.4,8.138795979750322,35,100,0.01,0.86,499.4515437714527,499.45154377145275,5.684341886080802e-14,0.0,19,0.5,0.1,0,0,0,0,0.788,0.28400000000000003,0.41200000000000003,0.0,499.4515437714527
P-n16-k8,pso,43,44,15,1,16.4,8.138795979750322,35,100,0.01,0.88,499.4515437714527,499.45154377145275,5.684341886080802e-14,0.0,19,0.5,0.1,0,0,0,0,0.804,0.272,0.396,0.0,499.4515437714527
P-n16-k8,pso,43,45,15,1,16.4,8.138795979750322,35,100,0.01,0.9,499.4515437714527,499.45154377145275,5.684341886080802e-14,0.0,19,0.5,0.1,0,0,0,0,0.8200000000000001,0.26,0.38,0.0,499.4515437714527
P-n16-k8,pso,43,46,15,1,16.4,8.138795979750322,35,100,0.01,0.92,499.4515437714527,499.45154377145275,5.684341886080802e-14,0.0,19,0.5,0.1,0,0,0,0,0.8360000000000001,0.248,0.364,0.0,499.4515437714527
P-n16-k8,pso,43,47,15,1,16.4,8.138795979750322,35,100,0.01,0.94,499.4515437714527,499.45154377145275,5.684341886080802e-14,0.0,19,0.5,0.1,0,0,0,0,0.852,0.2360000000000001,0.34800000000000003,0.0,499.4515437714527
P-n16-k8,pso,43,48,15,1,16.4,8.138795979750322,35,100,0.01,0.96,499.4515437714527,499.45154377145275,5.684341886080802e-14,0.0,19,0.5,0.1,0,0,0,0,0.868,0.2240000000000001,0.332,0.0,499.4515437714527
P-n16-k8,pso,43,49,15,1,16.4,8.138795979750322,35,100,0.01,0.98,499.4515437714527,499.45154377145275,5.684341886080802e-14,0.0,19,0.5,0.1,0,0,0,0,0.884,0.21200000000000008,0.316,0.0,499.4515437714527
P-n16-k8,pso,44,0,15,1,16.4,8.138795979750322,35,100,0.01,0.0,1000.0,1000.0,100.0,0.0,0,0.5,0.1,0,0,0,0,0.1,0.8,0.3,0.0,499.4515437714527
P-n16-k8,pso,44,1,15,1,16.4,8.138795979750322,35,100,0.01,0.02,499.4515437714527,499.4515437714527,100.0,0.0,0,0.5,0.1,0,0,0,0,0.116,0.788,0.316,0.0,499.4515437714527
P-n16-k8,pso,44,2,15,1,16.4,8.138795979750322,35,100,0.01,0.04,499.4515437714527,499.4515437714527,100.0,0.0,0,0.5,0.1,0,0,0,0,0.132,0.776,0.33199999999999996,0.0,499.4515437714527
P-n16-k8,pso,44,3,15,1,16.4,8.138795979750322,35,100,0.01,0.06,499.4515437714527,499.4515437714527,100.0,0.0,0,0.5,0.1,0,0,0,0,0.14800000000000002,0.764,0.348,0.0,499.4515437714527
P-n16-k8,pso,44,4,15,1,16.4,8.138795979750322,35,100,0.01,0.08,499.4515437714527,499.4515437714527,100.0,0.0,0,0.5,0.1,0,0,0,0,0.164,0.752,0.364,0.0,499.4515437714527
P-n16-k8,pso,44,5,15,1,16.4,8.138795979750322,35,100,0.01,0.1,499.4515437714527,499.45154377145275,100.0,0.0,0,0.5,0.1,0,0,0,0,0.18000000000000002,0.74,0.38,0.0,499.4515437714527
P-n16-k8,pso,44,6,15,1,16.4,8.138795979750322,35,100,0.01,0.12,499.4515437714527,499.4515437714527,100.0,0.0,0,0.5,0.1,0,0,0,0,0.196,0.7280000000000001,0.396,0.0,499.4515437714527
P-n16-k8,pso,44,7,15,1,16.4,8.138795979750322,35,100,0.01,0.14,499.4515437714527,499.4515437714527,100.0,0.0,0,0.5,0.1,0,0,0,0,0.21200000000000002,0.7160000000000001,0.41200000000000003,0.0,499.4515437714527
P-n16-k8,pso,44,8,15,1,16.4,8.138795979750322,35,100,0.01,0.16,499.4515437714527,499.4515437714527,100.0,0.0,0,0.5,0.1,0,0,0,0,0.228,0.7040000000000001,0.42800000000000005,0.0,499.4515437714527
P-n16-k8,pso,44,9,15,1,16.4,8.138795979750322,35,100,0.01,0.18,499.4515437714527,499.45154377145275,100.0,0.0,0,0.5,0.1,0,0,0,0,0.244,0.6920000000000001,0.44399999999999995,0.0,499.4515437714527
P-n16-k8,pso,44,10,15,1,16.4,8.138795979750322,35,100,0.01,0.2,499.4515437714527,499.45154377145275,100.0,0.0,0,0.5,0.1,0,0,0,0,0.26,0.68,0.46,0.0,499.4515437714527
P-n16-k8,pso,44,11,15,1,16.4,8.138795979750322,35,100,0.01,0.22,499.4515437714527,499.45154377145275,5.684341886080802e-14,0.0,10,0.5,0.1,0,0,0,0,0.276,0.668,0.476,0.0,499.4515437714527
P-n16-k8,pso,44,12,15,1,16.4,8.138795979750322,35,100,0.01,0.24,499.4515437714527,499.45154377145275,5.684341886080802e-14,0.0,11,0.5,0.1,0,0,0,0,0.29200000000000004,0.656,0.492,0.0,499.4515437714527
P-n16-k8,pso,44,13,15,1,16.4,8.138795979750322,35,100,0.01,0.26,499.4515437714527,499.45154377145275,5.684341886080802e-14,0.0,12,0.5,0.1,0,0,0,0,0.30800000000000005,0.644,0.508,0.0,499.4515437714527
P-n16-k8,pso,44,14,15,1,16.4,8.138795979750322,35,100,0.01,0.28,499.4515437714527,499.45154377145275,5.684341886080802e-14,0.0,13,0.5,0.1,0,0,0,0,0.32400000000000007,0.632,0.524,0.0,499.4515437714527
P-n16-k8,pso,44,15,15,1,16.4,8.138795979750322,35,100,0.01,0.3,499.4515437714527,499.45154377145275,5.684341886080802e-14,0.0,14,0.5,0.1,0,0,0,0,0.33999999999999997,0.6200000000000001,0.54,0.0,499.4515437714527
P-n16-k8,pso,44,16,15,1,16.4,8.138795979750322,35,100,0.01,0.32,499.4515437714527,499.45154377145275,5.684341886080802e-14,0.0,15,0.5,0.1,0,0,0,0,0.356,0.6080000000000001,0.556,0.0,499.4515437714527
P-n16-k8,pso,44,17,15,1,16.4,8.138795979750322,35,100,0.01,0.34,499.4515437714527,499.45154377145275,5.684341886080802e-14,0.0,16,0.5,0.1,0,0,0,0,0.372,0.5960000000000001,0.5720000000000001,0.0,499.4515437714527
P-n16-k8,pso,44,18,15,1,16.4,8.138795979750322,35,100,0.01,0.36,499.4515437714527,499.45154377145275,5.684341886080802e-14,0.0,17,0.5,0.1,0,0,0,0,0.388,0.5840000000000001,0.588,0.0,499.4515437714527
P-n16-k8,pso,44,19,15,1,16.4,8.138795979750322,35,100,0.01,0.38,499.4515437714527,499.45154377145275,5.684341886080802e-14,0.0,18,0.5,0.1,0,0,0,0,0.404,0.5720000000000001,0.6040000000000001,0.0,499.4515437714527
P-n16-k8,pso,44,20,15,1,16.4,8.138795979750322,35,100,0.01,0.4,499.4515437714527,499.45154377145275,5.684341886080802e-14,0.0,19,0.5,0.1,0,0,0,0,0.42000000000000004,0.56,0.6200000000000001,0.0,499.4515437714527
P-n16-k8,pso,44,21,15,1,16.4,8.138795979750322,35,100,0.01,0.42,499.4515437714527,499.45154377145275,5.684341886080802e-14,0.0,19,0.5,0.1,0,0,0,0,0.43600000000000005,0.548,0.636,0.0,499.4515437714527
P-n16-k8,pso,44,22,15,1,16.4,8.138795979750322,35,100,0.01,0.44,499.4515437714527,499.45154377145275,5.684341886080802e-14,0.0,19,0.5,0.1,0,0,0,0,0.45200000000000007,0.536,0.652,0.0,499.4515437714527
P-n16-k8,pso,44,23,15,1,16.4,8.138795979750322,35,100,0.01,0.46,499.4515437714527,499.45154377145275,5.684341886080802e-14,0.0,19,0.5,0.1,0,0,0,0,0.4680000000000001,0.524,0.668,0.0,499.4515437714527
P-n16-k8,pso,44,24,15,1,16.4,8.138795979750322,35,100,0.01,0.48,499.4515437714527,499.45154377145275,5.684341886080802e-14,0.0,19,0.5,0.1,0,0,0,0,0.484,0.512,0.6839999999999999,0.0,499.4515437714527
P-n16-k8,pso,44,25,15,1,16.4,8.138795979750322,35,100,0.01,0.5,499.4515437714527,499.45154377145275,5.684341886080802e-14,0.0,19,0.5,0.1,0,0,0,0,0.5,0.5,0.7,0.0,499.4515437714527
P-n16-k8,pso,44,26,15,1,16.4,8.138795979750322,35,100,0.01,0.52,499.4515437714527,499.45154377145275,5.684341886080802e-14,0.0,19,0.5,0.1,0,0,0,0,0.516,0.48800000000000004,0.6839999999999999,0.0,499.4515437714527
P-n16-k8,pso,44,27,15,1,16.4,8.138795979750322,35,100,0.01,0.54,499.4515437714527,499.45154377145275,5.684341886080802e-14,0.0,19,0.5,0.1,0,0,0,0,0.532,0.47600000000000003,0.6679999999999999,0.0,499.4515437714527
P-n16-k8,pso,44,28,15,1,16.4,8.138795979750322,35,100,0.01,0.56,499.4515437714527,499.45154377145275,5.684341886080802e-14,0.0,19,0.5,0.1,0,0,0,0,0.548,0.464,0.6519999999999999,0.0,499.4515437714527
P-n16-k8,pso,44,29,15,1,16.4,8.138795979750322,35,100,0.01,0.58,499.4515437714527,499.45154377145275,5.684341886080802e-14,0.0,19,0.5,0.1,0,0,0,0,0.564,0.45200000000000007,0.6360000000000001,0.0,499.4515437714527
P-n16-k8,pso,44,30,15,1,16.4,8.138795979750322,35,100,0.01,0.6,499.4515437714527,499.45154377145275,5.684341886080802e-14,0.0,19,0.5,0.1,0,0,0,0,0.58,0.44000000000000006,0.6200000000000001,0.0,499.4515437714527
P-n16-k8,pso,44,31,15,1,16.4,8.138795979750322,35,100,0.01,0.62,499.4515437714527,499.45154377145275,5.684341886080802e-14,0.0,19,0.5,0.1,0,0,0,0,0.596,0.42800000000000005,0.6040000000000001,0.0,499.4515437714527
P-n16-k8,pso,44,32,15,1,16.4,8.138795979750322,35,100,0.01,0.64,499.4515437714527,499.45154377145275,5.684341886080802e-14,0.0,19,0.5,0.1,0,0,0,0,0.612,0.41600000000000004,0.588,0.0,499.4515437714527
P-n16-k8,pso,44,33,15,1,16.4,8.138795979750322,35,100,0.01,0.66,499.4515437714527,499.45154377145275,5.684341886080802e-14,0.0,19,0.5,0.1,0,0,0,0,0.628,0.404,0.572,0.0,499.4515437714527
P-n16-k8,pso,44,34,15,1,16.4,8.138795979750322,35,100,0.01,0.68,499.4515437714527,499.45154377145275,5.684341886080802e-14,0.0,19,0.5,0.1,0,0,0,0,0.644,0.392,0.5559999999999999,0.0,499.4515437714527
P-n16-k8,pso,44,35,15,1,16.4,8.138795979750322,35,100,0.01,0.7,499.4515437714527,499.45154377145275,5.684341886080802e-14,0.0,19,0.5,0.1,0,0,0,0,0.6599999999999999,0.38000000000000006,0.54,0.0,499.4515437714527
P-n16-k8,pso,44,36,15,1,16.4,8.138795979750322,35,100,0.01,0.72,499.4515437714527,499.45154377145275,5.684341886080802e-14,0.0,19,0.5,0.1,0,0,0,0,0.6759999999999999,0.36800000000000005,0.524,0.0,499.4515437714527
P-n16-k8,pso,44,37,15,1,16.4,8.138795979750322,35,100,0.01,0.74,499.4515437714527,499.45154377145275,5.684341886080802e-14,0.0,19,0.5,0.1,0,0,0,0,0.692,0.35600000000000004,0.508,0.0,499.4515437714527
P-n16-k8,pso,44,38,15,1,16.4,8.138795979750322,35,100,0.01,0.76,499.4515437714527,499.45154377145275,5.684341886080802e-14,0.0,19,0.5,0.1,0,0,0,0,0.7080000000000001,0.3440000000000001,0.492,0.0,499.4515437714527
P-n16-k8,pso,44,39,15,1,16.4,8.138795979750322,35,100,0.01,0.78,499.4515437714527,499.45154377145275,5.684341886080802e-14,0.0,19,0.5,0.1,0,0,0,0,0.7240000000000001,0.3320000000000001,0.476,0.0,499.4515437714527
P-n16-k8,pso,44,40,15,1,16.4,8.138795979750322,35,100,0.01,0.8,499.4515437714527,499.45154377145275,5.684341886080802e-14,0.0,19,0.5,0.1,0,0,0,0,0.7400000000000001,0.32000000000000006,0.45999999999999996,0.0,499.4515437714527
P-n16-k8,pso,44,41,15,1,16.4,8.138795979750322,35,100,0.01,0.82,499.4515437714527,499.45154377145275,5.684341886080802e-14,0.0,19,0.5,0.1,0,0,0,0,0.756,0.3080000000000001,0.44400000000000006,0.0,499.4515437714527
P-n16-k8,pso,44,42,15,1,16.4,8.138795979750322,35,100,0.01,0.84,499.4515437714527,499.45154377145275,5.684341886080802e-14,0.0,19,0.5,0.1,0,0,0,0,0.772,0.29600000000000004,0.42800000000000005,0.0,499.4515437714527
P-n16-k8,pso,44,43,15,1,16.4,8.138795979750322,35,100,0.01,0.86,499.4515437714527,499.45154377145275,5.684341886080802e-14,0.0,19,0.5,0.1,0,0,0,0,0.788,0.28400000000000003,0.41200000000000003,0.0,499.4515437714527
P-n16-k8,pso,44,44,15,1,16.4,8.138795979750322,35,100,0.01,0.88,499.4515437714527,499.45154377145275,5.684341886080802e-14,0.0,19,0.5,0.1,0,0,0,0,0.804,0.272,0.396,0.0,499.4515437714527
P-n16-k8,pso,44,45,15,1,16.4,8.138795979750322,35,100,0.01,0.9,499.4515437714527,499.45154377145275,5.684341886080802e-14,0.0,19,0.5,0.1,0,0,0,0,0.8200000000000001,0.26,0.38,0.0,499.4515437714527
P-n16-k8,pso,44,46,15,1,16.4,8.138795979750322,35,100,0.01,0.92,499.4515437714527,499.45154377145275,5.684341886080802e-14,0.0,19,0.5,0.1,0,0,0,0,0.8360000000000001,0.248,0.364,0.0,499.4515437714527
P-n16-k8,pso,44,47,15,1,16.4,8.138795979750322,35,100,0.01,0.94,499.4515437714527,499.45154377145275,5.684341886080802e-14,0.0,19,0.5,0.1,0,0,0,0,0.852,0.2360000000000001,0.34800000000000003,0.0,499.4515437714527
P-n16-k8,pso,44,48,15,1,16.4,8.138795979750322,35,100,0.01,0.96,499.4515437714527,499.45154377145275,5.684341886080802e-14,0.0,19,0.5,0.1,0,0,0,0,0.868,0.2240000000000001,0.332,0.0,499.4515437714527
P-n16-k8,pso,44,49,15,1,16.4,8.138795979750322,35,100,0.01,0.98,499.4515437714527,499.45154377145275,5.684341886080802e-14,0.0,19,0.5,0.1,0,0,0,0,0.884,0.21200000000000008,0.316,0.0,499.4515437714527
P-n16-k8,pso,45,0,15,1,16.4,8.138795979750322,35,100,0.01,0.0,1000.0,1000.0,100.0,0.0,0,0.5,0.1,0,0,0,0,0.1,0.8,0.3,0.0,499.4515437714527
P-n16-k8,pso,45,1,15,1,16.4,8.138795979750322,35,100,0.01,0.02,499.4515437714527,499.4515437714527,100.0,0.0,0,0.5,0.1,0,0,0,0,0.116,0.788,0.316,0.0,499.4515437714527
P-n16-k8,pso,45,2,15,1,16.4,8.138795979750322,35,100,0.01,0.04,499.4515437714527,499.4515437714527,100.0,0.0,0,0.5,0.1,0,0,0,0,0.132,0.776,0.33199999999999996,0.0,499.4515437714527
P-n16-k8,pso,45,3,15,1,16.4,8.138795979750322,35,100,0.01,0.06,499.4515437714527,499.4515437714527,100.0,0.0,0,0.5,0.1,0,0,0,0,0.14800000000000002,0.764,0.348,0.0,499.4515437714527
P-n16-k8,pso,45,4,15,1,16.4,8.138795979750322,35,100,0.01,0.08,499.4515437714527,499.4515437714527,100.0,0.0,0,0.5,0.1,0,0,0,0,0.164,0.752,0.364,0.0,499.4515437714527
P-n16-k8,pso,45,5,15,1,16.4,8.138795979750322,35,100,0.01,0.1,499.4515437714527,499.45154377145275,100.0,0.0,0,0.5,0.1,0,0,0,0,0.18000000000000002,0.74,0.38,0.0,499.4515437714527
P-n16-k8,pso,45,6,15,1,16.4,8.138795979750322,35,100,0.01,0.12,499.4515437714527,499.4515437714527,100.0,0.0,0,0.5,0.1,0,0,0,0,0.196,0.7280000000000001,0.396,0.0,499.4515437714527
P-n16-k8,pso,45,7,15,1,16.4,8.138795979750322,35,100,0.01,0.14,499.4515437714527,499.4515437714527,100.0,0.0,0,0.5,0.1,0,0,0,0,0.21200000000000002,0.7160000000000001,0.41200000000000003,0.0,499.4515437714527
P-n16-k8,pso,45,8,15,1,16.4,8.138795979750322,35,100,0.01,0.16,499.4515437714527,499.4515437714527,100.0,0.0,0,0.5,0.1,0,0,0,0,0.228,0.7040000000000001,0.42800000000000005,0.0,499.4515437714527
P-n16-k8,pso,45,9,15,1,16.4,8.138795979750322,35,100,0.01,0.18,499.4515437714527,499.45154377145275,100.0,0.0,0,0.5,0.1,0,0,0,0,0.244,0.6920000000000001,0.44399999999999995,0.0,499.4515437714527
P-n16-k8,pso,45,10,15,1,16.4,8.138795979750322,35,100,0.01,0.2,499.4515437714527,499.45154377145275,100.0,0.0,0,0.5,0.1,0,0,0,0,0.26,0.68,0.46,0.0,499.4515437714527
P-n16-k8,pso,45,11,15,1,16.4,8.138795979750322,35,100,0.01,0.22,499.4515437714527,499.45154377145275,5.684341886080802e-14,0.0,10,0.5,0.1,0,0,0,0,0.276,0.668,0.476,0.0,499.4515437714527
P-n16-k8,pso,45,12,15,1,16.4,8.138795979750322,35,100,0.01,0.24,499.4515437714527,499.45154377145275,5.684341886080802e-14,0.0,11,0.5,0.1,0,0,0,0,0.29200000000000004,0.656,0.492,0.0,499.4515437714527
P-n16-k8,pso,45,13,15,1,16.4,8.138795979750322,35,100,0.01,0.26,499.4515437714527,499.45154377145275,5.684341886080802e-14,0.0,12,0.5,0.1,0,0,0,0,0.30800000000000005,0.644,0.508,0.0,499.4515437714527
P-n16-k8,pso,45,14,15,1,16.4,8.138795979750322,35,100,0.01,0.28,499.4515437714527,499.45154377145275,5.684341886080802e-14,0.0,13,0.5,0.1,0,0,0,0,0.32400000000000007,0.632,0.524,0.0,499.4515437714527
P-n16-k8,pso,45,15,15,1,16.4,8.138795979750322,35,100,0.01,0.3,499.4515437714527,499.45154377145275,5.684341886080802e-14,0.0,14,0.5,0.1,0,0,0,0,0.33999999999999997,0.6200000000000001,0.54,0.0,499.4515437714527
P-n16-k8,pso,45,16,15,1,16.4,8.138795979750322,35,100,0.01,0.32,499.4515437714527,499.45154377145275,5.684341886080802e-14,0.0,15,0.5,0.1,0,0,0,0,0.356,0.6080000000000001,0.556,0.0,499.4515437714527
P-n16-k8,pso,45,17,15,1,16.4,8.138795979750322,35,100,0.01,0.34,499.4515437714527,499.45154377145275,5.684341886080802e-14,0.0,16,0.5,0.1,0,0,0,0,0.372,0.5960000000000001,0.5720000000000001,0.0,499.4515437714527
P-n16-k8,pso,45,18,15,1,16.4,8.138795979750322,35,100,0.01,0.36,499.4515437714527,499.45154377145275,5.684341886080802e-14,0.0,17,0.5,0.1,0,0,0,0,0.388,0.5840000000000001,0.588,0.0,499.4515437714527
P-n16-k8,pso,45,19,15,1,16.4,8.138795979750322,35,100,0.01,0.38,499.4515437714527,499.45154377145275,5.684341886080802e-14,0.0,18,0.5,0.1,0,0,0,0,0.404,0.5720000000000001,0.6040000000000001,0.0,499.4515437714527
P-n16-k8,pso,45,20,15,1,16.4,8.138795979750322,35,100,0.01,0.4,499.4515437714527,499.45154377145275,5.684341886080802e-14,0.0,19,0.5,0.1,0,0,0,0,0.42000000000000004,0.56,0.6200000000000001,0.0,499.4515437714527
P-n16-k8,pso,45,21,15,1,16.4,8.138795979750322,35,100,0.01,0.42,499.4515437714527,499.45154377145275,5.684341886080802e-14,0.0,19,0.5,0.1,0,0,0,0,0.43600000000000005,0.548,0.636,0.0,499.4515437714527
P-n16-k8,pso,45,22,15,1,16.4,8.138795979750322,35,100,0.01,0.44,499.4515437714527,499.45154377145275,5.684341886080802e-14,0.0,19,0.5,0.1,0,0,0,0,0.45200000000000007,0.536,0.652,0.0,499.4515437714527
P-n16-k8,pso,45,23,15,1,16.4,8.138795979750322,35,100,0.01,0.46,499.4515437714527,499.45154377145275,5.684341886080802e-14,0.0,19,0.5,0.1,0,0,0,0,0.4680000000000001,0.524,0.668,0.0,499.4515437714527
P-n16-k8,pso,45,24,15,1,16.4,8.138795979750322,35,100,0.01,0.48,499.4515437714527,499.45154377145275,5.684341886080802e-14,0.0,19,0.5,0.1,0,0,0,0,0.484,0.512,0.6839999999999999,0.0,499.4515437714527
P-n16-k8,pso,45,25,15,1,16.4,8.138795979750322,35,100,0.01,0.5,499.4515437714527,499.45154377145275,5.684341886080802e-14,0.0,19,0.5,0.1,0,0,0,0,0.5,0.5,0.7,0.0,499.4515437714527
P-n16-k8,pso,45,26,15,1,16.4,8.138795979750322,35,100,0.01,0.52,499.4515437714527,499.45154377145275,5.684341886080802e-14,0.0,19,0.5,0.1,0,0,0,0,0.516,0.48800000000000004,0.6839999999999999,0.0,499.4515437714527
P-n16-k8,pso,45,27,15,1,16.4,8.138795979750322,35,100,0.01,0.54,499.4515437714527,499.45154377145275,5.684341886080802e-14,0.0,19,0.5,0.1,0,0,0,0,0.532,0.47600000000000003,0.6679999999999999,0.0,499.4515437714527
P-n16-k8,pso,45,28,15,1,16.4,8.138795979750322,35,100,0.01,0.56,499.4515437714527,499.45154377145275,5.684341886080802e-14,0.0,19,0.5,0.1,0,0,0,0,0.548,0.464,0.6519999999999999,0.0,499.4515437714527
P-n16-k8,pso,45,29,15,1,16.4,8.138795979750322,35,100,0.01,0.58,499.4515437714527,499.45154377145275,5.684341886080802e-14,0.0,19,0.5,0.1,0,0,0,0,0.564,0.45200000000000007,0.6360000000000001,0.0,499.4515437714527
P-n16-k8,pso,45,30,15,1,16.4,8.138795979750322,35,100,0.01,0.6,499.4515437714527,499.45154377145275,5.684341886080802e-14,0.0,19,0.5,0.1,0,0,0,0,0.58,0.44000000000000006,0.6200000000000001,0.0,499.4515437714527
P-n16-k8,pso,45,31,15,1,16.4,8.138795979750322,35,100,0.01,0.62,499.4515437714527,499.45154377145275,5.684341886080802e-14,0.0,19,0.5,0.1,0,0,0,0,0.596,0.42800000000000005,0.6040000000000001,0.0,499.4515437714527
P-n16-k8,pso,45,32,15,1,16.4,8.138795979750322,35,100,0.01,0.64,499.4515437714527,499.45154377145275,5.684341886080802e-14,0.0,19,0.5,0.1,0,0,0,0,0.612,0.41600000000000004,0.588,0.0,499.4515437714527
P-n16-k8,pso,45,33,15,1,16.4,8.138795979750322,35,100,0.01,0.66,499.4515437714527,499.45154377145275,5.684341886080802e-14,0.0,19,0.5,0.1,0,0,0,0,0.628,0.404,0.572,0.0,499.4515437714527
P-n16-k8,pso,45,34,15,1,16.4,8.138795979750322,35,100,0.01,0.68,499.4515437714527,499.45154377145275,5.684341886080802e-14,0.0,19,0.5,0.1,0,0,0,0,0.644,0.392,0.5559999999999999,0.0,499.4515437714527
P-n16-k8,pso,45,35,15,1,16.4,8.138795979750322,35,100,0.01,0.7,499.4515437714527,499.45154377145275,5.684341886080802e-14,0.0,19,0.5,0.1,0,0,0,0,0.6599999999999999,0.38000000000000006,0.54,0.0,499.4515437714527
P-n16-k8,pso,45,36,15,1,16.4,8.138795979750322,35,100,0.01,0.72,499.4515437714527,499.45154377145275,5.684341886080802e-14,0.0,19,0.5,0.1,0,0,0,0,0.6759999999999999,0.36800000000000005,0.524,0.0,499.4515437714527
P-n16-k8,pso,45,37,15,1,16.4,8.138795979750322,35,100,0.01,0.74,499.4515437714527,499.45154377145275,5.684341886080802e-14,0.0,19,0.5,0.1,0,0,0,0,0.692,0.35600000000000004,0.508,0.0,499.4515437714527
P-n16-k8,pso,45,38,15,1,16.4,8.138795979750322,35,100,0.01,0.76,499.4515437714527,499.45154377145275,5.684341886080802e-14,0.0,19,0.5,0.1,0,0,0,0,0.7080000000000001,0.3440000000000001,0.492,0.0,499.4515437714527
P-n16-k8,pso,45,39,15,1,16.4,8.138795979750322,35,100,0.01,0.78,499.4515437714527,499.45154377145275,5.684341886080802e-14,0.0,19,0.5,0.1,0,0,0,0,0.7240000000000001,0.3320000000000001,0.476,0.0,499.4515437714527
P-n16-k8,pso,45,40,15,1,16.4,8.138795979750322,35,100,0.01,0.8,499.4515437714527,499.45154377145275,5.684341886080802e-14,0.0,19,0.5,0.1,0,0,0,0,0.7400000000000001,0.32000000000000006,0.45999999999999996,0.0,499.4515437714527
P-n16-k8,pso,45,41,15,1,16.4,8.138795979750322,35,100,0.01,0.82,499.4515437714527,499.45154377145275,5.684341886080802e-14,0.0,19,0.5,0.1,0,0,0,0,0.756,0.3080000000000001,0.44400000000000006,0.0,499.4515437714527
P-n16-k8,pso,45,42,15,1,16.4,8.138795979750322,35,100,0.01,0.84,499.4515437714527,499.45154377145275,5.684341886080802e-14,0.0,19,0.5,0.1,0,0,0,0,0.772,0.29600000000000004,0.42800000000000005,0.0,499.4515437714527
P-n16-k8,pso,45,43,15,1,16.4,8.138795979750322,35,100,0.01,0.86,499.4515437714527,499.45154377145275,5.684341886080802e-14,0.0,19,0.5,0.1,0,0,0,0,0.788,0.28400000000000003,0.41200000000000003,0.0,499.4515437714527
P-n16-k8,pso,45,44,15,1,16.4,8.138795979750322,35,100,0.01,0.88,499.4515437714527,499.45154377145275,5.684341886080802e-14,0.0,19,0.5,0.1,0,0,0,0,0.804,0.272,0.396,0.0,499.4515437714527
P-n16-k8,pso,45,45,15,1,16.4,8.138795979750322,35,100,0.01,0.9,499.4515437714527,499.45154377145275,5.684341886080802e-14,0.0,19,0.5,0.1,0,0,0,0,0.8200000000000001,0.26,0.38,0.0,499.4515437714527
P-n16-k8,pso,45,46,15,1,16.4,8.138795979750322,35,100,0.01,0.92,499.4515437714527,499.45154377145275,5.684341886080802e-14,0.0,19,0.5,0.1,0,0,0,0,0.8360000000000001,0.248,0.364,0.0,499.4515437714527
P-n16-k8,pso,45,47,15,1,16.4,8.138795979750322,35,100,0.01,0.94,499.4515437714527,499.45154377145275,5.684341886080802e-14,0.0,19,0.5,0.1,0,0,0,0,0.852,0.2360000000000001,0.34800000000000003,0.0,499.4515437714527
P-n16-k8,pso,45,48,15,1,16.4,8.138795979750322,35,100,0.01,0.96,499.4515437714527,499.45154377145275,5.684341886080802e-14,0.0,19,0.5,0.1,0,0,0,0,0.868,0.2240000000000001,0.332,0.0,499.4515437714527
P-n16-k8,pso,45,49,15,1,16.4,8.138795979750322,35,100,0.01,0.98,499.4515437714527,499.45154377145275,5.684341886080802e-14,0.0,19,0.5,0.1,0,0,0,0,0.884,0.21200000000000008,0.316,0.0,499.4515437714527
P-n16-k8,pso,46,0,15,1,16.4,8.138795979750322,35,100,0.01,0.0,1000.0,1000.0,100.0,0.0,0,0.5,0.1,0,0,0,0,0.1,0.8,0.3,0.0,499.4515437714527
P-n16-k8,pso,46,1,15,1,16.4,8.138795979750322,35,100,0.01,0.02,499.4515437714527,499.4515437714527,100.0,0.0,0,0.5,0.1,0,0,0,0,0.116,0.788,0.316,0.0,499.4515437714527
P-n16-k8,pso,46,2,15,1,16.4,8.138795979750322,35,100,0.01,0.04,499.4515437714527,499.4515437714527,100.0,0.0,0,0.5,0.1,0,0,0,0,0.132,0.776,0.33199999999999996,0.0,499.4515437714527
P-n16-k8,pso,46,3,15,1,16.4,8.138795979750322,35,100,0.01,0.06,499.4515437714527,499.4515437714527,100.0,0.0,0,0.5,0.1,0,0,0,0,0.14800000000000002,0.764,0.348,0.0,499.4515437714527
P-n16-k8,pso,46,4,15,1,16.4,8.138795979750322,35,100,0.01,0.08,499.4515437714527,499.4515437714527,100.0,0.0,0,0.5,0.1,0,0,0,0,0.164,0.752,0.364,0.0,499.4515437714527
P-n16-k8,pso,46,5,15,1,16.4,8.138795979750322,35,100,0.01,0.1,499.4515437714527,499.45154377145275,100.0,0.0,0,0.5,0.1,0,0,0,0,0.18000000000000002,0.74,0.38,0.0,499.4515437714527
P-n16-k8,pso,46,6,15,1,16.4,8.138795979750322,35,100,0.01,0.12,499.4515437714527,499.4515437714527,100.0,0.0,0,0.5,0.1,0,0,0,0,0.196,0.7280000000000001,0.396,0.0,499.4515437714527
P-n16-k8,pso,46,7,15,1,16.4,8.138795979750322,35,100,0.01,0.14,499.4515437714527,499.4515437714527,100.0,0.0,0,0.5,0.1,0,0,0,0,0.21200000000000002,0.7160000000000001,0.41200000000000003,0.0,499.4515437714527
P-n16-k8,pso,46,8,15,1,16.4,8.138795979750322,35,100,0.01,0.16,499.4515437714527,499.4515437714527,100.0,0.0,0,0.5,0.1,0,0,0,0,0.228,0.7040000000000001,0.42800000000000005,0.0,499.4515437714527
P-n16-k8,pso,46,9,15,1,16.4,8.138795979750322,35,100,0.01,0.18,499.4515437714527,499.45154377145275,100.0,0.0,0,0.5,0.1,0,0,0,0,0.244,0.6920000000000001,0.44399999999999995,0.0,499.4515437714527
P-n16-k8,pso,46,10,15,1,16.4,8.138795979750322,35,100,0.01,0.2,499.4515437714527,499.45154377145275,100.0,0.0,0,0.5,0.1,0,0,0,0,0.26,0.68,0.46,0.0,499.4515437714527
P-n16-k8,pso,46,11,15,1,16.4,8.138795979750322,35,100,0.01,0.22,499.4515437714527,499.45154377145275,5.684341886080802e-14,0.0,10,0.5,0.1,0,0,0,0,0.276,0.668,0.476,0.0,499.4515437714527
P-n16-k8,pso,46,12,15,1,16.4,8.138795979750322,35,100,0.01,0.24,499.4515437714527,499.45154377145275,5.684341886080802e-14,0.0,11,0.5,0.1,0,0,0,0,0.29200000000000004,0.656,0.492,0.0,499.4515437714527
P-n16-k8,pso,46,13,15,1,16.4,8.138795979750322,35,100,0.01,0.26,499.4515437714527,499.45154377145275,5.684341886080802e-14,0.0,12,0.5,0.1,0,0,0,0,0.30800000000000005,0.644,0.508,0.0,499.4515437714527
P-n16-k8,pso,46,14,15,1,16.4,8.138795979750322,35,100,0.01,0.28,499.4515437714527,499.45154377145275,5.684341886080802e-14,0.0,13,0.5,0.1,0,0,0,0,0.32400000000000007,0.632,0.524,0.0,499.4515437714527
P-n16-k8,pso,46,15,15,1,16.4,8.138795979750322,35,100,0.01,0.3,499.4515437714527,499.45154377145275,5.684341886080802e-14,0.0,14,0.5,0.1,0,0,0,0,0.33999999999999997,0.6200000000000001,0.54,0.0,499.4515437714527
P-n16-k8,pso,46,16,15,1,16.4,8.138795979750322,35,100,0.01,0.32,499.4515437714527,499.45154377145275,5.684341886080802e-14,0.0,15,0.5,0.1,0,0,0,0,0.356,0.6080000000000001,0.556,0.0,499.4515437714527
P-n16-k8,pso,46,17,15,1,16.4,8.138795979750322,35,100,0.01,0.34,499.4515437714527,499.45154377145275,5.684341886080802e-14,0.0,16,0.5,0.1,0,0,0,0,0.372,0.5960000000000001,0.5720000000000001,0.0,499.4515437714527
P-n16-k8,pso,46,18,15,1,16.4,8.138795979750322,35,100,0.01,0.36,499.4515437714527,499.45154377145275,5.684341886080802e-14,0.0,17,0.5,0.1,0,0,0,0,0.388,0.5840000000000001,0.588,0.0,499.4515437714527
P-n16-k8,pso,46,19,15,1,16.4,8.138795979750322,35,100,0.01,0.38,499.4515437714527,499.45154377145275,5.684341886080802e-14,0.0,18,0.5,0.1,0,0,0,0,0.404,0.5720000000000001,0.6040000000000001,0.0,499.4515437714527
P-n16-k8,pso,46,20,15,1,16.4,8.138795979750322,35,100,0.01,0.4,499.4515437714527,499.45154377145275,5.684341886080802e-14,0.0,19,0.5,0.1,0,0,0,0,0.42000000000000004,0.56,0.6200000000000001,0.0,499.4515437714527
P-n16-k8,pso,46,21,15,1,16.4,8.138795979750322,35,100,0.01,0.42,499.4515437714527,499.45154377145275,5.684341886080802e-14,0.0,19,0.5,0.1,0,0,0,0,0.43600000000000005,0.548,0.636,0.0,499.4515437714527
P-n16-k8,pso,46,22,15,1,16.4,8.138795979750322,35,100,0.01,0.44,499.4515437714527,499.45154377145275,5.684341886080802e-14,0.0,19,0.5,0.1,0,0,0,0,0.45200000000000007,0.536,0.652,0.0,499.4515437714527
P-n16-k8,pso,46,23,15,1,16.4,8.138795979750322,35,100,0.01,0.46,499.4515437714527,499.45154377145275,5.684341886080802e-14,0.0,19,0.5,0.1,0,0,0,0,0.4680000000000001,0.524,0.668,0.0,499.4515437714527
P-n16-k8,pso,46,24,15,1,16.4,8.138795979750322,35,100,0.01,0.48,499.4515437714527,499.45154377145275,5.684341886080802e-14,0.0,19,0.5,0.1,0,0,0,0,0.484,0.512,0.6839999999999999,0.0,499.4515437714527
P-n16-k8,pso,46,25,15,1,16.4,8.138795979750322,35,100,0.01,0.5,499.4515437714527,499.45154377145275,5.684341886080802e-14,0.0,19,0.5,0.1,0,0,0,0,0.5,0.5,0.7,0.0,499.4515437714527
P-n16-k8,pso,46,26,15,1,16.4,8.138795979750322,35,100,0.01,0.52,499.4515437714527,499.45154377145275,5.684341886080802e-14,0.0,19,0.5,0.1,0,0,0,0,0.516,0.48800000000000004,0.6839999999999999,0.0,499.4515437714527
P-n16-k8,pso,46,27,15,1,16.4,8.138795979750322,35,100,0.01,0.54,499.4515437714527,499.45154377145275,5.684341886080802e-14,0.0,19,0.5,0.1,0,0,0,0,0.532,0.47600000000000003,0.6679999999999999,0.0,499.4515437714527
P-n16-k8,pso,46,28,15,1,16.4,8.138795979750322,35,100,0.01,0.56,499.4515437714527,499.45154377145275,5.684341886080802e-14,0.0,19,0.5,0.1,0,0,0,0,0.548,0.464,0.6519999999999999,0.0,499.4515437714527
P-n16-k8,pso,46,29,15,1,16.4,8.138795979750322,35,100,0.01,0.58,499.4515437714527,499.45154377145275,5.684341886080802e-14,0.0,19,0.5,0.1,0,0,0,0,0.564,0.45200000000000007,0.6360000000000001,0.0,499.4515437714527
P-n16-k8,pso,46,30,15,1,16.4,8.138795979750322,35,100,0.01,0.6,499.4515437714527,499.45154377145275,5.684341886080802e-14,0.0,19,0.5,0.1,0,0,0,0,0.58,0.44000000000000006,0.6200000000000001,0.0,499.4515437714527
P-n16-k8,pso,46,31,15,1,16.4,8.138795979750322,35,100,0.01,0.62,499.4515437714527,499.45154377145275,5.684341886080802e-14,0.0,19,0.5,0.1,0,0,0,0,0.596,0.42800000000000005,0.6040000000000001,0.0,499.4515437714527
P-n16-k8,pso,46,32,15,1,16.4,8.138795979750322,35,100,0.01,0.64,499.4515437714527,499.45154377145275,5.684341886080802e-14,0.0,19,0.5,0.1,0,0,0,0,0.612,0.41600000000000004,0.588,0.0,499.4515437714527
P-n16-k8,pso,46,33,15,1,16.4,8.138795979750322,35,100,0.01,0.66,499.4515437714527,499.45154377145275,5.684341886080802e-14,0.0,19,0.5,0.1,0,0,0,0,0.628,0.404,0.572,0.0,499.4515437714527
P-n16-k8,pso,46,34,15,1,16.4,8.138795979750322,35,100,0.01,0.68,499.4515437714527,499.45154377145275,5.684341886080802e-14,0.0,19,0.5,0.1,0,0,0,0,0.644,0.392,0.5559999999999999,0.0,499.4515437714527
P-n16-k8,pso,46,35,15,1,16.4,8.138795979750322,35,100,0.01,0.7,499.4515437714527,499.45154377145275,5.684341886080802e-14,0.0,19,0.5,0.1,0,0,0,0,0.6599999999999999,0.38000000000000006,0.54,0.0,499.4515437714527
P-n16-k8,pso,46,36,15,1,16.4,8.138795979750322,35,100,0.01,0.72,499.4515437714527,499.45154377145275,5.684341886080802e-14,0.0,19,0.5,0.1,0,0,0,0,0.6759999999999999,0.36800000000000005,0.524,0.0,499.4515437714527
P-n16-k8,pso,46,37,15,1,16.4,8.138795979750322,35,100,0.01,0.74,499.4515437714527,499.45154377145275,5.684341886080802e-14,0.0,19,0.5,0.1,0,0,0,0,0.692,0.35600000000000004,0.508,0.0,499.4515437714527
P-n16-k8,pso,46,38,15,1,16.4,8.138795979750322,35,100,0.01,0.76,499.4515437714527,499.45154377145275,5.684341886080802e-14,0.0,19,0.5,0.1,0,0,0,0,0.7080000000000001,0.3440000000000001,0.492,0.0,499.4515437714527
P-n16-k8,pso,46,39,15,1,16.4,8.138795979750322,35,100,0.01,0.78,499.4515437714527,499.45154377145275,5.684341886080802e-14,0.0,19,0.5,0.1,0,0,0,0,0.7240000000000001,0.3320000000000001,0.476,0.0,499.4515437714527
P-n16-k8,pso,46,40,15,1,16.4,8.138795979750322,35,100,0.01,0.8,499.4515437714527,499.45154377145275,5.684341886080802e-14,0.0,19,0.5,0.1,0,0,0,0,0.7400000000000001,0.32000000000000006,0.45999999999999996,0.0,499.4515437714527
P-n16-k8,pso,46,41,15,1,16.4,8.138795979750322,35,100,0.01,0.82,499.4515437714527,499.45154377145275,5.684341886080802e-14,0.0,19,0.5,0.1,0,0,0,0,0.756,0.3080000000000001,0.44400000000000006,0.0,499.4515437714527
P-n16-k8,pso,46,42,15,1,16.4,8.138795979750322,35,100,0.01,0.84,499.4515437714527,499.45154377145275,5.684341886080802e-14,0.0,19,0.5,0.1,0,0,0,0,0.772,0.29600000000000004,0.42800000000000005,0.0,499.4515437714527
P-n16-k8,pso,46,43,15,1,16.4,8.138795979750322,35,100,0.01,0.86,499.4515437714527,499.45154377145275,5.684341886080802e-14,0.0,19,0.5,0.1,0,0,0,0,0.788,0.28400000000000003,0.41200000000000003,0.0,499.4515437714527
P-n16-k8,pso,46,44,15,1,16.4,8.138795979750322,35,100,0.01,0.88,499.4515437714527,499.45154377145275,5.684341886080802e-14,0.0,19,0.5,0.1,0,0,0,0,0.804,0.272,0.396,0.0,499.4515437714527
P-n16-k8,pso,46,45,15,1,16.4,8.138795979750322,35,100,0.01,0.9,499.4515437714527,499.45154377145275,5.684341886080802e-14,0.0,19,0.5,0.1,0,0,0,0,0.8200000000000001,0.26,0.38,0.0,499.4515437714527
P-n16-k8,pso,46,46,15,1,16.4,8.138795979750322,35,100,0.01,0.92,499.4515437714527,499.45154377145275,5.684341886080802e-14,0.0,19,0.5,0.1,0,0,0,0,0.8360000000000001,0.248,0.364,0.0,499.4515437714527
P-n16-k8,pso,46,47,15,1,16.4,8.138795979750322,35,100,0.01,0.94,499.4515437714527,499.45154377145275,5.684341886080802e-14,0.0,19,0.5,0.1,0,0,0,0,0.852,0.2360000000000001,0.34800000000000003,0.0,499.4515437714527
P-n16-k8,pso,46,48,15,1,16.4,8.138795979750322,35,100,0.01,0.96,499.4515437714527,499.45154377145275,5.684341886080802e-14,0.0,19,0.5,0.1,0,0,0,0,0.868,0.2240000000000001,0.332,0.0,499.4515437714527
P-n16-k8,pso,46,49,15,1,16.4,8.138795979750322,35,100,0.01,0.98,499.4515437714527,499.45154377145275,5.684341886080802e-14,0.0,19,0.5,0.1,0,0,0,0,0.884,0.21200000000000008,0.316,0.0,499.4515437714527
P-n16-k8,pso,47,0,15,1,16.4,8.138795979750322,35,100,0.01,0.0,1000.0,1000.0,100.0,0.0,0,0.5,0.1,0,0,0,0,0.1,0.8,0.3,0.0,507.85189990002283
P-n16-k8,pso,47,1,15,1,16.4,8.138795979750322,35,100,0.01,0.02,507.85189990002283,507.85189990002283,100.0,0.0,0,0.5,0.1,0,0,0,0,0.116,0.788,0.316,0.0,507.85189990002283
P-n16-k8,pso,47,2,15,1,16.4,8.138795979750322,35,100,0.01,0.04,507.85189990002283,507.85189990002283,100.0,0.0,0,0.5,0.1,0,0,0,0,0.132,0.776,0.33199999999999996,0.0,507.85189990002283
P-n16-k8,pso,47,3,15,1,16.4,8.138795979750322,35,100,0.01,0.06,507.85189990002283,507.85189990002283,100.0,0.0,0,0.5,0.1,0,0,0,0,0.14800000000000002,0.764,0.348,0.0,507.85189990002283
P-n16-k8,pso,47,4,15,1,16.4,8.138795979750322,35,100,0.01,0.08,507.85189990002283,507.85189990002283,100.0,0.0,0,0.5,0.1,0,0,0,0,0.164,0.752,0.364,0.0,507.85189990002283
P-n16-k8,pso,47,5,15,1,16.4,8.138795979750322,35,100,0.01,0.1,507.85189990002283,507.85189990002283,100.0,0.0,0,0.5,0.1,0,0,0,0,0.18000000000000002,0.74,0.38,0.0,507.85189990002283
P-n16-k8,pso,47,6,15,1,16.4,8.138795979750322,35,100,0.01,0.12,507.85189990002283,507.85189990002283,100.0,0.0,0,0.5,0.1,0,0,0,0,0.196,0.7280000000000001,0.396,0.0,507.85189990002283
P-n16-k8,pso,47,7,15,1,16.4,8.138795979750322,35,100,0.01,0.14,507.85189990002283,507.8518999000229,100.0,0.0,0,0.5,0.1,0,0,0,0,0.21200000000000002,0.7160000000000001,0.41200000000000003,0.0,507.85189990002283
P-n16-k8,pso,47,8,15,1,16.4,8.138795979750322,35,100,0.01,0.16,507.85189990002283,507.85189990002283,100.0,0.0,0,0.5,0.1,0,0,0,0,0.228,0.7040000000000001,0.42800000000000005,0.0,507.85189990002283
P-n16-k8,pso,47,9,15,1,16.4,8.138795979750322,35,100,0.01,0.18,507.85189990002283,507.85189990002283,100.0,0.0,0,0.5,0.1,0,0,0,0,0.244,0.6920000000000001,0.44399999999999995,0.0,507.85189990002283
P-n16-k8,pso,47,10,15,1,16.4,8.138795979750322,35,100,0.01,0.2,507.85189990002283,507.85189990002283,100.0,0.0,0,0.5,0.1,0,0,0,0,0.26,0.68,0.46,0.0,507.85189990002283
P-n16-k8,pso,47,11,15,1,16.4,8.138795979750322,35,100,0.01,0.22,507.85189990002283,507.85189990002283,0.0,0.0,10,0.5,0.1,0,0,0,0,0.276,0.668,0.476,0.0,507.85189990002283
P-n16-k8,pso,47,12,15,1,16.4,8.138795979750322,35,100,0.01,0.24,507.85189990002283,507.85189990002283,0.0,0.0,11,0.5,0.1,0,0,0,0,0.29200000000000004,0.656,0.492,0.0,507.85189990002283
P-n16-k8,pso,47,13,15,1,16.4,8.138795979750322,35,100,0.01,0.26,507.85189990002283,507.85189990002283,0.0,0.0,12,0.5,0.1,0,0,0,0,0.30800000000000005,0.644,0.508,0.0,507.85189990002283
P-n16-k8,pso,47,14,15,1,16.4,8.138795979750322,35,100,0.01,0.28,507.85189990002283,507.85189990002283,0.0,0.0,13,0.5,0.1,0,0,0,0,0.32400000000000007,0.632,0.524,0.0,507.85189990002283
P-n16-k8,pso,47,15,15,1,16.4,8.138795979750322,35,100,0.01,0.3,507.85189990002283,507.85189990002283,0.0,0.0,14,0.5,0.1,0,0,0,0,0.33999999999999997,0.6200000000000001,0.54,0.0,507.85189990002283
P-n16-k8,pso,47,16,15,1,16.4,8.138795979750322,35,100,0.01,0.32,507.85189990002283,507.85189990002283,0.0,0.0,15,0.5,0.1,0,0,0,0,0.356,0.6080000000000001,0.556,0.0,507.85189990002283
P-n16-k8,pso,47,17,15,1,16.4,8.138795979750322,35,100,0.01,0.34,507.85189990002283,507.85189990002283,0.0,0.0,16,0.5,0.1,0,0,0,0,0.372,0.5960000000000001,0.5720000000000001,0.0,507.85189990002283
P-n16-k8,pso,47,18,15,1,16.4,8.138795979750322,35,100,0.01,0.36,507.85189990002283,507.85189990002283,0.0,0.0,17,0.5,0.1,0,0,0,0,0.388,0.5840000000000001,0.588,0.0,507.85189990002283
P-n16-k8,pso,47,19,15,1,16.4,8.138795979750322,35,100,0.01,0.38,507.85189990002283,507.85189990002283,0.0,0.0,18,0.5,0.1,0,0,0,0,0.404,0.5720000000000001,0.6040000000000001,0.0,507.85189990002283
P-n16-k8,pso,47,20,15,1,16.4,8.138795979750322,35,100,0.01,0.4,507.85189990002283,507.85189990002283,0.0,0.0,19,0.5,0.1,0,0,0,0,0.42000000000000004,0.56,0.6200000000000001,0.0,507.85189990002283
P-n16-k8,pso,47,21,15,1,16.4,8.138795979750322,35,100,0.01,0.42,507.85189990002283,507.85189990002283,0.0,0.0,19,0.5,0.1,0,0,0,0,0.43600000000000005,0.548,0.636,0.0,507.85189990002283
P-n16-k8,pso,47,22,15,1,16.4,8.138795979750322,35,100,0.01,0.44,507.85189990002283,507.85189990002283,0.0,0.0,19,0.5,0.1,0,0,0,0,0.45200000000000007,0.536,0.652,0.0,507.85189990002283
P-n16-k8,pso,47,23,15,1,16.4,8.138795979750322,35,100,0.01,0.46,507.85189990002283,507.85189990002283,0.0,0.0,19,0.5,0.1,0,0,0,0,0.4680000000000001,0.524,0.668,0.0,507.85189990002283
P-n16-k8,pso,47,24,15,1,16.4,8.138795979750322,35,100,0.01,0.48,507.85189990002283,507.85189990002283,0.0,0.0,19,0.5,0.1,0,0,0,0,0.484,0.512,0.6839999999999999,0.0,507.85189990002283
P-n16-k8,pso,47,25,15,1,16.4,8.138795979750322,35,100,0.01,0.5,507.85189990002283,507.85189990002283,0.0,0.0,19,0.5,0.1,0,0,0,0,0.5,0.5,0.7,0.0,507.85189990002283
P-n16-k8,pso,47,26,15,1,16.4,8.138795979750322,35,100,0.01,0.52,507.85189990002283,507.85189990002283,0.0,0.0,19,0.5,0.1,0,0,0,0,0.516,0.48800000000000004,0.6839999999999999,0.0,507.85189990002283
P-n16-k8,pso,47,27,15,1,16.4,8.138795979750322,35,100,0.01,0.54,507.85189990002283,507.85189990002283,0.0,0.0,19,0.5,0.1,0,0,0,0,0.532,0.47600000000000003,0.6679999999999999,0.0,507.85189990002283
P-n16-k8,pso,47,28,15,1,16.4,8.138795979750322,35,100,0.01,0.56,507.85189990002283,507.85189990002283,0.0,0.0,19,0.5,0.1,0,0,0,0,0.548,0.464,0.6519999999999999,0.0,507.85189990002283
P-n16-k8,pso,47,29,15,1,16.4,8.138795979750322,35,100,0.01,0.58,507.85189990002283,507.85189990002283,0.0,0.0,19,0.5,0.1,0,0,0,0,0.564,0.45200000000000007,0.6360000000000001,0.0,507.85189990002283
P-n16-k8,pso,47,30,15,1,16.4,8.138795979750322,35,100,0.01,0.6,507.85189990002283,507.85189990002283,0.0,0.0,19,0.5,0.1,0,0,0,0,0.58,0.44000000000000006,0.6200000000000001,0.0,507.85189990002283
P-n16-k8,pso,47,31,15,1,16.4,8.138795979750322,35,100,0.01,0.62,507.85189990002283,507.85189990002283,0.0,0.0,19,0.5,0.1,0,0,0,0,0.596,0.42800000000000005,0.6040000000000001,0.0,507.85189990002283
P-n16-k8,pso,47,32,15,1,16.4,8.138795979750322,35,100,0.01,0.64,507.85189990002283,507.85189990002283,0.0,0.0,19,0.5,0.1,0,0,0,0,0.612,0.41600000000000004,0.588,0.0,507.85189990002283
P-n16-k8,pso,47,33,15,1,16.4,8.138795979750322,35,100,0.01,0.66,507.85189990002283,507.85189990002283,0.0,0.0,19,0.5,0.1,0,0,0,0,0.628,0.404,0.572,0.0,507.85189990002283
P-n16-k8,pso,47,34,15,1,16.4,8.138795979750322,35,100,0.01,0.68,507.85189990002283,507.85189990002283,0.0,0.0,19,0.5,0.1,0,0,0,0,0.644,0.392,0.5559999999999999,0.0,507.85189990002283
P-n16-k8,pso,47,35,15,1,16.4,8.138795979750322,35,100,0.01,0.7,507.85189990002283,507.85189990002283,0.0,0.0,19,0.5,0.1,0,0,0,0,0.6599999999999999,0.38000000000000006,0.54,0.0,507.85189990002283
P-n16-k8,pso,47,36,15,1,16.4,8.138795979750322,35,100,0.01,0.72,507.85189990002283,507.85189990002283,0.0,0.0,19,0.5,0.1,0,0,0,0,0.6759999999999999,0.36800000000000005,0.524,0.0,507.85189990002283
P-n16-k8,pso,47,37,15,1,16.4,8.138795979750322,35,100,0.01,0.74,507.85189990002283,507.85189990002283,0.0,0.0,19,0.5,0.1,0,0,0,0,0.692,0.35600000000000004,0.508,0.0,507.85189990002283
P-n16-k8,pso,47,38,15,1,16.4,8.138795979750322,35,100,0.01,0.76,507.85189990002283,507.85189990002283,0.0,0.0,19,0.5,0.1,0,0,0,0,0.7080000000000001,0.3440000000000001,0.492,0.0,507.85189990002283
P-n16-k8,pso,47,39,15,1,16.4,8.138795979750322,35,100,0.01,0.78,507.85189990002283,507.85189990002283,0.0,0.0,19,0.5,0.1,0,0,0,0,0.7240000000000001,0.3320000000000001,0.476,0.0,507.85189990002283
P-n16-k8,pso,47,40,15,1,16.4,8.138795979750322,35,100,0.01,0.8,507.85189990002283,507.85189990002283,0.0,0.0,19,0.5,0.1,0,0,0,0,0.7400000000000001,0.32000000000000006,0.45999999999999996,0.0,507.85189990002283
P-n16-k8,pso,47,41,15,1,16.4,8.138795979750322,35,100,0.01,0.82,507.85189990002283,507.85189990002283,0.0,0.0,19,0.5,0.1,0,0,0,0,0.756,0.3080000000000001,0.44400000000000006,0.0,507.85189990002283
P-n16-k8,pso,47,42,15,1,16.4,8.138795979750322,35,100,0.01,0.84,507.85189990002283,507.85189990002283,0.0,0.0,19,0.5,0.1,0,0,0,0,0.772,0.29600000000000004,0.42800000000000005,0.0,507.85189990002283
P-n16-k8,pso,47,43,15,1,16.4,8.138795979750322,35,100,0.01,0.86,507.85189990002283,507.85189990002283,0.0,0.0,19,0.5,0.1,0,0,0,0,0.788,0.28400000000000003,0.41200000000000003,0.0,507.85189990002283
P-n16-k8,pso,47,44,15,1,16.4,8.138795979750322,35,100,0.01,0.88,507.85189990002283,507.85189990002283,0.0,0.0,19,0.5,0.1,0,0,0,0,0.804,0.272,0.396,0.0,507.85189990002283
P-n16-k8,pso,47,45,15,1,16.4,8.138795979750322,35,100,0.01,0.9,507.85189990002283,507.85189990002283,0.0,0.0,19,0.5,0.1,0,0,0,0,0.8200000000000001,0.26,0.38,0.0,507.85189990002283
P-n16-k8,pso,47,46,15,1,16.4,8.138795979750322,35,100,0.01,0.92,507.85189990002283,507.85189990002283,0.0,0.0,19,0.5,0.1,0,0,0,0,0.8360000000000001,0.248,0.364,0.0,507.85189990002283
P-n16-k8,pso,47,47,15,1,16.4,8.138795979750322,35,100,0.01,0.94,507.85189990002283,507.85189990002283,0.0,0.0,19,0.5,0.1,0,0,0,0,0.852,0.2360000000000001,0.34800000000000003,0.0,507.85189990002283
P-n16-k8,pso,47,48,15,1,16.4,8.138795979750322,35,100,0.01,0.96,507.85189990002283,507.85189990002283,0.0,0.0,19,0.5,0.1,0,0,0,0,0.868,0.2240000000000001,0.332,0.0,507.85189990002283
P-n16-k8,pso,47,49,15,1,16.4,8.138795979750322,35,100,0.01,0.98,507.85189990002283,507.85189990002283,0.0,0.0,19,0.5,0.1,0,0,0,0,0.884,0.21200000000000008,0.316,0.0,507.85189990002283
P-n16-k8,pso,48,0,15,1,16.4,8.138795979750322,35,100,0.01,0.0,1000.0,1000.0,100.0,0.0,0,0.5,0.1,0,0,0,0,0.1,0.8,0.3,0.0,507.85189990002283
P-n16-k8,pso,48,1,15,1,16.4,8.138795979750322,35,100,0.01,0.02,507.85189990002283,507.85189990002283,100.0,0.0,0,0.5,0.1,0,0,0,0,0.116,0.788,0.316,0.0,507.85189990002283
P-n16-k8,pso,48,2,15,1,16.4,8.138795979750322,35,100,0.01,0.04,507.85189990002283,507.85189990002283,100.0,0.0,0,0.5,0.1,0,0,0,0,0.132,0.776,0.33199999999999996,0.0,507.85189990002283
P-n16-k8,pso,48,3,15,1,16.4,8.138795979750322,35,100,0.01,0.06,507.85189990002283,507.85189990002283,100.0,0.0,0,0.5,0.1,0,0,0,0,0.14800000000000002,0.764,0.348,0.0,507.85189990002283
P-n16-k8,pso,48,4,15,1,16.4,8.138795979750322,35,100,0.01,0.08,507.85189990002283,507.85189990002283,100.0,0.0,0,0.5,0.1,0,0,0,0,0.164,0.752,0.364,0.0,507.85189990002283
P-n16-k8,pso,48,5,15,1,16.4,8.138795979750322,35,100,0.01,0.1,507.85189990002283,507.85189990002283,100.0,0.0,0,0.5,0.1,0,0,0,0,0.18000000000000002,0.74,0.38,0.0,507.85189990002283
P-n16-k8,pso,48,6,15,1,16.4,8.138795979750322,35,100,0.01,0.12,507.85189990002283,507.85189990002283,100.0,0.0,0,0.5,0.1,0,0,0,0,0.196,0.7280000000000001,0.396,0.0,507.85189990002283
P-n16-k8,pso,48,7,15,1,16.4,8.138795979750322,35,100,0.01,0.14,507.85189990002283,507.8518999000229,100.0,0.0,0,0.5,0.1,0,0,0,0,0.21200000000000002,0.7160000000000001,0.41200000000000003,0.0,507.85189990002283
P-n16-k8,pso,48,8,15,1,16.4,8.138795979750322,35,100,0.01,0.16,507.85189990002283,507.85189990002283,100.0,0.0,0,0.5,0.1,0,0,0,0,0.228,0.7040000000000001,0.42800000000000005,0.0,507.85189990002283
P-n16-k8,pso,48,9,15,1,16.4,8.138795979750322,35,100,0.01,0.18,507.85189990002283,507.85189990002283,100.0,0.0,0,0.5,0.1,0,0,0,0,0.244,0.6920000000000001,0.44399999999999995,0.0,507.85189990002283
P-n16-k8,pso,48,10,15,1,16.4,8.138795979750322,35,100,0.01,0.2,507.85189990002283,507.85189990002283,100.0,0.0,0,0.5,0.1,0,0,0,0,0.26,0.68,0.46,0.0,507.85189990002283
P-n16-k8,pso,48,11,15,1,16.4,8.138795979750322,35,100,0.01,0.22,507.85189990002283,507.85189990002283,0.0,0.0,10,0.5,0.1,0,0,0,0,0.276,0.668,0.476,0.0,507.85189990002283
P-n16-k8,pso,48,12,15,1,16.4,8.138795979750322,35,100,0.01,0.24,507.85189990002283,507.85189990002283,0.0,0.0,11,0.5,0.1,0,0,0,0,0.29200000000000004,0.656,0.492,0.0,507.85189990002283
P-n16-k8,pso,48,13,15,1,16.4,8.138795979750322,35,100,0.01,0.26,507.85189990002283,507.85189990002283,0.0,0.0,12,0.5,0.1,0,0,0,0,0.30800000000000005,0.644,0.508,0.0,507.85189990002283
P-n16-k8,pso,48,14,15,1,16.4,8.138795979750322,35,100,0.01,0.28,507.85189990002283,507.85189990002283,0.0,0.0,13,0.5,0.1,0,0,0,0,0.32400000000000007,0.632,0.524,0.0,507.85189990002283
P-n16-k8,pso,48,15,15,1,16.4,8.138795979750322,35,100,0.01,0.3,507.85189990002283,507.85189990002283,0.0,0.0,14,0.5,0.1,0,0,0,0,0.33999999999999997,0.6200000000000001,0.54,0.0,507.85189990002283
P-n16-k8,pso,48,16,15,1,16.4,8.138795979750322,35,100,0.01,0.32,507.85189990002283,507.85189990002283,0.0,0.0,15,0.5,0.1,0,0,0,0,0.356,0.6080000000000001,0.556,0.0,507.85189990002283
P-n16-k8,pso,48,17,15,1,16.4,8.138795979750322,35,100,0.01,0.34,507.85189990002283,507.85189990002283,0.0,0.0,16,0.5,0.1,0,0,0,0,0.372,0.5960000000000001,0.5720000000000001,0.0,507.85189990002283
P-n16-k8,pso,48,18,15,1,16.4,8.138795979750322,35,100,0.01,0.36,507.85189990002283,507.85189990002283,0.0,0.0,17,0.5,0.1,0,0,0,0,0.388,0.5840000000000001,0.588,0.0,507.85189990002283
P-n16-k8,pso,48,19,15,1,16.4,8.138795979750322,35,100,0.01,0.38,507.85189990002283,507.85189990002283,0.0,0.0,18,0.5,0.1,0,0,0,0,0.404,0.5720000000000001,0.6040000000000001,0.0,507.85189990002283
P-n16-k8,pso,48,20,15,1,16.4,8.138795979750322,35,100,0.01,0.4,507.85189990002283,507.85189990002283,0.0,0.0,19,0.5,0.1,0,0,0,0,0.42000000000000004,0.56,0.6200000000000001,0.0,507.85189990002283
P-n16-k8,pso,48,21,15,1,16.4,8.138795979750322,35,100,0.01,0.42,507.85189990002283,507.85189990002283,0.0,0.0,19,0.5,0.1,0,0,0,0,0.43600000000000005,0.548,0.636,0.0,507.85189990002283
P-n16-k8,pso,48,22,15,1,16.4,8.138795979750322,35,100,0.01,0.44,507.85189990002283,507.85189990002283,0.0,0.0,19,0.5,0.1,0,0,0,0,0.45200000000000007,0.536,0.652,0.0,507.85189990002283
P-n16-k8,pso,48,23,15,1,16.4,8.138795979750322,35,100,0.01,0.46,507.85189990002283,507.85189990002283,0.0,0.0,19,0.5,0.1,0,0,0,0,0.4680000000000001,0.524,0.668,0.0,507.85189990002283
P-n16-k8,pso,48,24,15,1,16.4,8.138795979750322,35,100,0.01,0.48,507.85189990002283,507.85189990002283,0.0,0.0,19,0.5,0.1,0,0,0,0,0.484,0.512,0.6839999999999999,0.0,507.85189990002283
P-n16-k8,pso,48,25,15,1,16.4,8.138795979750322,35,100,0.01,0.5,507.85189990002283,507.85189990002283,0.0,0.0,19,0.5,0.1,0,0,0,0,0.5,0.5,0.7,0.0,507.85189990002283
P-n16-k8,pso,48,26,15,1,16.4,8.138795979750322,35,100,0.01,0.52,507.85189990002283,507.85189990002283,0.0,0.0,19,0.5,0.1,0,0,0,0,0.516,0.48800000000000004,0.6839999999999999,0.0,507.85189990002283
P-n16-k8,pso,48,27,15,1,16.4,8.138795979750322,35,100,0.01,0.54,507.85189990002283,507.85189990002283,0.0,0.0,19,0.5,0.1,0,0,0,0,0.532,0.47600000000000003,0.6679999999999999,0.0,507.85189990002283
P-n16-k8,pso,48,28,15,1,16.4,8.138795979750322,35,100,0.01,0.56,507.85189990002283,507.85189990002283,0.0,0.0,19,0.5,0.1,0,0,0,0,0.548,0.464,0.6519999999999999,0.0,507.85189990002283
P-n16-k8,pso,48,29,15,1,16.4,8.138795979750322,35,100,0.01,0.58,507.85189990002283,507.85189990002283,0.0,0.0,19,0.5,0.1,0,0,0,0,0.564,0.45200000000000007,0.6360000000000001,0.0,507.85189990002283
P-n16-k8,pso,48,30,15,1,16.4,8.138795979750322,35,100,0.01,0.6,507.85189990002283,507.85189990002283,0.0,0.0,19,0.5,0.1,0,0,0,0,0.58,0.44000000000000006,0.6200000000000001,0.0,507.85189990002283
P-n16-k8,pso,48,31,15,1,16.4,8.138795979750322,35,100,0.01,0.62,507.85189990002283,507.85189990002283,0.0,0.0,19,0.5,0.1,0,0,0,0,0.596,0.42800000000000005,0.6040000000000001,0.0,507.85189990002283
P-n16-k8,pso,48,32,15,1,16.4,8.138795979750322,35,100,0.01,0.64,507.85189990002283,507.85189990002283,0.0,0.0,19,0.5,0.1,0,0,0,0,0.612,0.41600000000000004,0.588,0.0,507.85189990002283
P-n16-k8,pso,48,33,15,1,16.4,8.138795979750322,35,100,0.01,0.66,507.85189990002283,507.85189990002283,0.0,0.0,19,0.5,0.1,0,0,0,0,0.628,0.404,0.572,0.0,507.85189990002283
P-n16-k8,pso,48,34,15,1,16.4,8.138795979750322,35,100,0.01,0.68,507.85189990002283,507.85189990002283,0.0,0.0,19,0.5,0.1,0,0,0,0,0.644,0.392,0.5559999999999999,0.0,507.85189990002283
P-n16-k8,pso,48,35,15,1,16.4,8.138795979750322,35,100,0.01,0.7,507.85189990002283,507.85189990002283,0.0,0.0,19,0.5,0.1,0,0,0,0,0.6599999999999999,0.38000000000000006,0.54,0.0,507.85189990002283
P-n16-k8,pso,48,36,15,1,16.4,8.138795979750322,35,100,0.01,0.72,507.85189990002283,507.85189990002283,0.0,0.0,19,0.5,0.1,0,0,0,0,0.6759999999999999,0.36800000000000005,0.524,0.0,507.85189990002283
P-n16-k8,pso,48,37,15,1,16.4,8.138795979750322,35,100,0.01,0.74,507.85189990002283,507.85189990002283,0.0,0.0,19,0.5,0.1,0,0,0,0,0.692,0.35600000000000004,0.508,0.0,507.85189990002283
P-n16-k8,pso,48,38,15,1,16.4,8.138795979750322,35,100,0.01,0.76,507.85189990002283,507.85189990002283,0.0,0.0,19,0.5,0.1,0,0,0,0,0.7080000000000001,0.3440000000000001,0.492,0.0,507.85189990002283
P-n16-k8,pso,48,39,15,1,16.4,8.138795979750322,35,100,0.01,0.78,507.85189990002283,507.85189990002283,0.0,0.0,19,0.5,0.1,0,0,0,0,0.7240000000000001,0.3320000000000001,0.476,0.0,507.85189990002283
P-n16-k8,pso,48,40,15,1,16.4,8.138795979750322,35,100,0.01,0.8,507.85189990002283,507.85189990002283,0.0,0.0,19,0.5,0.1,0,0,0,0,0.7400000000000001,0.32000000000000006,0.45999999999999996,0.0,507.85189990002283
P-n16-k8,pso,48,41,15,1,16.4,8.138795979750322,35,100,0.01,0.82,507.85189990002283,507.85189990002283,0.0,0.0,19,0.5,0.1,0,0,0,0,0.756,0.3080000000000001,0.44400000000000006,0.0,507.85189990002283
P-n16-k8,pso,48,42,15,1,16.4,8.138795979750322,35,100,0.01,0.84,507.85189990002283,507.85189990002283,0.0,0.0,19,0.5,0.1,0,0,0,0,0.772,0.29600000000000004,0.42800000000000005,0.0,507.85189990002283
P-n16-k8,pso,48,43,15,1,16.4,8.138795979750322,35,100,0.01,0.86,507.85189990002283,507.85189990002283,0.0,0.0,19,0.5,0.1,0,0,0,0,0.788,0.28400000000000003,0.41200000000000003,0.0,507.85189990002283
P-n16-k8,pso,48,44,15,1,16.4,8.138795979750322,35,100,0.01,0.88,507.85189990002283,507.85189990002283,0.0,0.0,19,0.5,0.1,0,0,0,0,0.804,0.272,0.396,0.0,507.85189990002283
P-n16-k8,pso,48,45,15,1,16.4,8.138795979750322,35,100,0.01,0.9,507.85189990002283,507.85189990002283,0.0,0.0,19,0.5,0.1,0,0,0,0,0.8200000000000001,0.26,0.38,0.0,507.85189990002283
P-n16-k8,pso,48,46,15,1,16.4,8.138795979750322,35,100,0.01,0.92,507.85189990002283,507.85189990002283,0.0,0.0,19,0.5,0.1,0,0,0,0,0.8360000000000001,0.248,0.364,0.0,507.85189990002283
P-n16-k8,pso,48,47,15,1,16.4,8.138795979750322,35,100,0.01,0.94,507.85189990002283,507.85189990002283,0.0,0.0,19,0.5,0.1,0,0,0,0,0.852,0.2360000000000001,0.34800000000000003,0.0,507.85189990002283
P-n16-k8,pso,48,48,15,1,16.4,8.138795979750322,35,100,0.01,0.96,507.85189990002283,507.85189990002283,0.0,0.0,19,0.5,0.1,0,0,0,0,0.868,0.2240000000000001,0.332,0.0,507.85189990002283
P-n16-k8,pso,48,49,15,1,16.4,8.138795979750322,35,100,0.01,0.98,507.85189990002283,507.85189990002283,0.0,0.0,19,0.5,0.1,0,0,0,0,0.884,0.21200000000000008,0.316,0.0,507.85189990002283
P-n16-k8,pso,49,0,15,1,16.4,8.138795979750322,35,100,0.01,0.0,1000.0,1000.0,100.0,0.0,0,0.5,0.1,0,0,0,0,0.1,0.8,0.3,0.0,507.85189990002283
P-n16-k8,pso,49,1,15,1,16.4,8.138795979750322,35,100,0.01,0.02,507.85189990002283,507.85189990002283,100.0,0.0,0,0.5,0.1,0,0,0,0,0.116,0.788,0.316,0.0,507.85189990002283
P-n16-k8,pso,49,2,15,1,16.4,8.138795979750322,35,100,0.01,0.04,507.85189990002283,507.85189990002283,100.0,0.0,0,0.5,0.1,0,0,0,0,0.132,0.776,0.33199999999999996,0.0,507.85189990002283
P-n16-k8,pso,49,3,15,1,16.4,8.138795979750322,35,100,0.01,0.06,507.85189990002283,507.85189990002283,100.0,0.0,0,0.5,0.1,0,0,0,0,0.14800000000000002,0.764,0.348,0.0,507.85189990002283
P-n16-k8,pso,49,4,15,1,16.4,8.138795979750322,35,100,0.01,0.08,507.85189990002283,507.85189990002283,100.0,0.0,0,0.5,0.1,0,0,0,0,0.164,0.752,0.364,0.0,507.85189990002283
P-n16-k8,pso,49,5,15,1,16.4,8.138795979750322,35,100,0.01,0.1,507.85189990002283,507.85189990002283,100.0,0.0,0,0.5,0.1,0,0,0,0,0.18000000000000002,0.74,0.38,0.0,507.85189990002283
P-n16-k8,pso,49,6,15,1,16.4,8.138795979750322,35,100,0.01,0.12,507.85189990002283,507.85189990002283,100.0,0.0,0,0.5,0.1,0,0,0,0,0.196,0.7280000000000001,0.396,0.0,507.85189990002283
P-n16-k8,pso,49,7,15,1,16.4,8.138795979750322,35,100,0.01,0.14,507.85189990002283,507.8518999000229,100.0,0.0,0,0.5,0.1,0,0,0,0,0.21200000000000002,0.7160000000000001,0.41200000000000003,0.0,507.85189990002283
P-n16-k8,pso,49,8,15,1,16.4,8.138795979750322,35,100,0.01,0.16,507.85189990002283,507.85189990002283,100.0,0.0,0,0.5,0.1,0,0,0,0,0.228,0.7040000000000001,0.42800000000000005,0.0,507.85189990002283
P-n16-k8,pso,49,9,15,1,16.4,8.138795979750322,35,100,0.01,0.18,507.85189990002283,507.85189990002283,100.0,0.0,0,0.5,0.1,0,0,0,0,0.244,0.6920000000000001,0.44399999999999995,0.0,507.85189990002283
P-n16-k8,pso,49,10,15,1,16.4,8.138795979750322,35,100,0.01,0.2,507.85189990002283,507.85189990002283,100.0,0.0,0,0.5,0.1,0,0,0,0,0.26,0.68,0.46,0.0,507.85189990002283
P-n16-k8,pso,49,11,15,1,16.4,8.138795979750322,35,100,0.01,0.22,507.85189990002283,507.85189990002283,0.0,0.0,10,0.5,0.1,0,0,0,0,0.276,0.668,0.476,0.0,507.85189990002283
P-n16-k8,pso,49,12,15,1,16.4,8.138795979750322,35,100,0.01,0.24,507.85189990002283,507.85189990002283,0.0,0.0,11,0.5,0.1,0,0,0,0,0.29200000000000004,0.656,0.492,0.0,507.85189990002283
P-n16-k8,pso,49,13,15,1,16.4,8.138795979750322,35,100,0.01,0.26,507.85189990002283,507.85189990002283,0.0,0.0,12,0.5,0.1,0,0,0,0,0.30800000000000005,0.644,0.508,0.0,507.85189990002283
P-n16-k8,pso,49,14,15,1,16.4,8.138795979750322,35,100,0.01,0.28,507.85189990002283,507.85189990002283,0.0,0.0,13,0.5,0.1,0,0,0,0,0.32400000000000007,0.632,0.524,0.0,507.85189990002283
P-n16-k8,pso,49,15,15,1,16.4,8.138795979750322,35,100,0.01,0.3,507.85189990002283,507.85189990002283,0.0,0.0,14,0.5,0.1,0,0,0,0,0.33999999999999997,0.6200000000000001,0.54,0.0,507.85189990002283
P-n16-k8,pso,49,16,15,1,16.4,8.138795979750322,35,100,0.01,0.32,507.85189990002283,507.85189990002283,0.0,0.0,15,0.5,0.1,0,0,0,0,0.356,0.6080000000000001,0.556,0.0,507.85189990002283
P-n16-k8,pso,49,17,15,1,16.4,8.138795979750322,35,100,0.01,0.34,507.85189990002283,507.85189990002283,0.0,0.0,16,0.5,0.1,0,0,0,0,0.372,0.5960000000000001,0.5720000000000001,0.0,507.85189990002283
P-n16-k8,pso,49,18,15,1,16.4,8.138795979750322,35,100,0.01,0.36,507.85189990002283,507.85189990002283,0.0,0.0,17,0.5,0.1,0,0,0,0,0.388,0.5840000000000001,0.588,0.0,507.85189990002283
P-n16-k8,pso,49,19,15,1,16.4,8.138795979750322,35,100,0.01,0.38,507.85189990002283,507.85189990002283,0.0,0.0,18,0.5,0.1,0,0,0,0,0.404,0.5720000000000001,0.6040000000000001,0.0,507.85189990002283
P-n16-k8,pso,49,20,15,1,16.4,8.138795979750322,35,100,0.01,0.4,507.85189990002283,507.85189990002283,0.0,0.0,19,0.5,0.1,0,0,0,0,0.42000000000000004,0.56,0.6200000000000001,0.0,507.85189990002283
P-n16-k8,pso,49,21,15,1,16.4,8.138795979750322,35,100,0.01,0.42,507.85189990002283,507.85189990002283,0.0,0.0,19,0.5,0.1,0,0,0,0,0.43600000000000005,0.548,0.636,0.0,507.85189990002283
P-n16-k8,pso,49,22,15,1,16.4,8.138795979750322,35,100,0.01,0.44,507.85189990002283,507.85189990002283,0.0,0.0,19,0.5,0.1,0,0,0,0,0.45200000000000007,0.536,0.652,0.0,507.85189990002283
P-n16-k8,pso,49,23,15,1,16.4,8.138795979750322,35,100,0.01,0.46,507.85189990002283,507.85189990002283,0.0,0.0,19,0.5,0.1,0,0,0,0,0.4680000000000001,0.524,0.668,0.0,507.85189990002283
P-n16-k8,pso,49,24,15,1,16.4,8.138795979750322,35,100,0.01,0.48,507.85189990002283,507.85189990002283,0.0,0.0,19,0.5,0.1,0,0,0,0,0.484,0.512,0.6839999999999999,0.0,507.85189990002283
P-n16-k8,pso,49,25,15,1,16.4,8.138795979750322,35,100,0.01,0.5,507.85189990002283,507.85189990002283,0.0,0.0,19,0.5,0.1,0,0,0,0,0.5,0.5,0.7,0.0,507.85189990002283
P-n16-k8,pso,49,26,15,1,16.4,8.138795979750322,35,100,0.01,0.52,507.85189990002283,507.85189990002283,0.0,0.0,19,0.5,0.1,0,0,0,0,0.516,0.48800000000000004,0.6839999999999999,0.0,507.85189990002283
P-n16-k8,pso,49,27,15,1,16.4,8.138795979750322,35,100,0.01,0.54,507.85189990002283,507.85189990002283,0.0,0.0,19,0.5,0.1,0,0,0,0,0.532,0.47600000000000003,0.6679999999999999,0.0,507.85189990002283
P-n16-k8,pso,49,28,15,1,16.4,8.138795979750322,35,100,0.01,0.56,507.85189990002283,507.85189990002283,0.0,0.0,19,0.5,0.1,0,0,0,0,0.548,0.464,0.6519999999999999,0.0,507.85189990002283
P-n16-k8,pso,49,29,15,1,16.4,8.138795979750322,35,100,0.01,0.58,507.85189990002283,507.85189990002283,0.0,0.0,19,0.5,0.1,0,0,0,0,0.564,0.45200000000000007,0.6360000000000001,0.0,507.85189990002283
P-n16-k8,pso,49,30,15,1,16.4,8.138795979750322,35,100,0.01,0.6,507.85189990002283,507.85189990002283,0.0,0.0,19,0.5,0.1,0,0,0,0,0.58,0.44000000000000006,0.6200000000000001,0.0,507.85189990002283
P-n16-k8,pso,49,31,15,1,16.4,8.138795979750322,35,100,0.01,0.62,507.85189990002283,507.85189990002283,0.0,0.0,19,0.5,0.1,0,0,0,0,0.596,0.42800000000000005,0.6040000000000001,0.0,507.85189990002283
P-n16-k8,pso,49,32,15,1,16.4,8.138795979750322,35,100,0.01,0.64,507.85189990002283,507.85189990002283,0.0,0.0,19,0.5,0.1,0,0,0,0,0.612,0.41600000000000004,0.588,0.0,507.85189990002283
P-n16-k8,pso,49,33,15,1,16.4,8.138795979750322,35,100,0.01,0.66,507.85189990002283,507.85189990002283,0.0,0.0,19,0.5,0.1,0,0,0,0,0.628,0.404,0.572,0.0,507.85189990002283
P-n16-k8,pso,49,34,15,1,16.4,8.138795979750322,35,100,0.01,0.68,507.85189990002283,507.85189990002283,0.0,0.0,19,0.5,0.1,0,0,0,0,0.644,0.392,0.5559999999999999,0.0,507.85189990002283
P-n16-k8,pso,49,35,15,1,16.4,8.138795979750322,35,100,0.01,0.7,507.85189990002283,507.85189990002283,0.0,0.0,19,0.5,0.1,0,0,0,0,0.6599999999999999,0.38000000000000006,0.54,0.0,507.85189990002283
P-n16-k8,pso,49,36,15,1,16.4,8.138795979750322,35,100,0.01,0.72,507.85189990002283,507.85189990002283,0.0,0.0,19,0.5,0.1,0,0,0,0,0.6759999999999999,0.36800000000000005,0.524,0.0,507.85189990002283
P-n16-k8,pso,49,37,15,1,16.4,8.138795979750322,35,100,0.01,0.74,507.85189990002283,507.85189990002283,0.0,0.0,19,0.5,0.1,0,0,0,0,0.692,0.35600000000000004,0.508,0.0,507.85189990002283
P-n16-k8,pso,49,38,15,1,16.4,8.138795979750322,35,100,0.01,0.76,507.85189990002283,507.85189990002283,0.0,0.0,19,0.5,0.1,0,0,0,0,0.7080000000000001,0.3440000000000001,0.492,0.0,507.85189990002283
P-n16-k8,pso,49,39,15,1,16.4,8.138795979750322,35,100,0.01,0.78,507.85189990002283,507.85189990002283,0.0,0.0,19,0.5,0.1,0,0,0,0,0.7240000000000001,0.3320000000000001,0.476,0.0,507.85189990002283
P-n16-k8,pso,49,40,15,1,16.4,8.138795979750322,35,100,0.01,0.8,507.85189990002283,507.85189990002283,0.0,0.0,19,0.5,0.1,0,0,0,0,0.7400000000000001,0.32000000000000006,0.45999999999999996,0.0,507.85189990002283
P-n16-k8,pso,49,41,15,1,16.4,8.138795979750322,35,100,0.01,0.82,507.85189990002283,507.85189990002283,0.0,0.0,19,0.5,0.1,0,0,0,0,0.756,0.3080000000000001,0.44400000000000006,0.0,507.85189990002283
P-n16-k8,pso,49,42,15,1,16.4,8.138795979750322,35,100,0.01,0.84,507.85189990002283,507.85189990002283,0.0,0.0,19,0.5,0.1,0,0,0,0,0.772,0.29600000000000004,0.42800000000000005,0.0,507.85189990002283
P-n16-k8,pso,49,43,15,1,16.4,8.138795979750322,35,100,0.01,0.86,507.85189990002283,507.85189990002283,0.0,0.0,19,0.5,0.1,0,0,0,0,0.788,0.28400000000000003,0.41200000000000003,0.0,507.85189990002283
P-n16-k8,pso,49,44,15,1,16.4,8.138795979750322,35,100,0.01,0.88,507.85189990002283,507.85189990002283,0.0,0.0,19,0.5,0.1,0,0,0,0,0.804,0.272,0.396,0.0,507.85189990002283
P-n16-k8,pso,49,45,15,1,16.4,8.138795979750322,35,100,0.01,0.9,507.85189990002283,507.85189990002283,0.0,0.0,19,0.5,0.1,0,0,0,0,0.8200000000000001,0.26,0.38,0.0,507.85189990002283
P-n16-k8,pso,49,46,15,1,16.4,8.138795979750322,35,100,0.01,0.92,507.85189990002283,507.85189990002283,0.0,0.0,19,0.5,0.1,0,0,0,0,0.8360000000000001,0.248,0.364,0.0,507.85189990002283
P-n16-k8,pso,49,47,15,1,16.4,8.138795979750322,35,100,0.01,0.94,507.85189990002283,507.85189990002283,0.0,0.0,19,0.5,0.1,0,0,0,0,0.852,0.2360000000000001,0.34800000000000003,0.0,507.85189990002283
P-n16-k8,pso,49,48,15,1,16.4,8.138795979750322,35,100,0.01,0.96,507.85189990002283,507.85189990002283,0.0,0.0,19,0.5,0.1,0,0,0,0,0.868,0.2240000000000001,0.332,0.0,507.85189990002283
P-n16-k8,pso,49,49,15,1,16.4,8.138795979750322,35,100,0.01,0.98,507.85189990002283,507.85189990002283,0.0,0.0,19,0.5,0.1,0,0,0,0,0.884,0.21200000000000008,0.316,0.0,507.85189990002283
P-n16-k8,ga,0,0,15,1,16.4,8.138795979750322,35,100,0.01,0.0,1000.0,1000.0,100.0,0.0,0,0.5,0.1,0,0,0,0,0.3,0.5,0.4,0.0,475.7724340103465
P-n16-k8,ga,0,1,15,1,16.4,8.138795979750322,35,100,0.01,0.02,475.7724340103465,475.7724340103465,100.0,0.0,0,0.5,0.1,0,0,0,0,0.31,0.496,0.41883715585879405,0.0,475.7724340103465
P-n16-k8,ga,0,2,15,1,16.4,8.138795979750322,35,100,0.01,0.04,475.7724340103465,475.7724340103465,100.0,0.0,0,0.5,0.1,0,0,0,0,0.32,0.492,0.4375999700692913,0.0,475.7724340103465
P-n16-k8,ga,0,3,15,1,16.4,8.138795979750322,35,100,0.01,0.06,475.7724340103465,475.77243401034656,100.0,0.0,0,0.5,0.1,0,0,0,0,0.32999999999999996,0.488,0.4562143943757174,0.0,475.7724340103465
P-n16-k8,ga,0,4,15,1,16.4,8.138795979750322,35,100,0.01,0.08,475.7724340103465,475.7724340103465,100.0,0.0,0,0.5,0.1,0,0,0,0,0.33999999999999997,0.484,0.47460696614945647,0.0,475.7724340103465
P-n16-k8,ga,0,5,15,1,16.4,8.138795979750322,35,100,0.01,0.1,475.7724340103465,475.7724340103465,100.0,0.0,0,0.5,0.1,0,0,0,0,0.35,0.48,0.4927050983124842,0.0,475.7724340103465
P-n16-k8,ga,0,6,15,1,16.4,8.138795979750322,35,100,0.01,0.12,475.7724340103465,475.77243401034644,100.0,0.0,0,0.5,0.1,0,0,0,0,0.36,0.476,0.5104373658054034,0.0,475.7724340103465
P-n16-k8,ga,0,7,15,1,16.4,8.138795979750322,35,100,0.01,0.14,475.7724340103465,475.77243401034644,100.0,0.0,0,0.5,0.1,0,0,0,0,0.37,0.472,0.5277337874695218,0.0,475.7724340103465
P-n16-k8,ga,0,8,15,1,16.4,8.138795979750322,35,100,0.01,0.16,475.7724340103465,475.7724340103465,100.0,0.0,0,0.5,0.1,0,0,0,0,0.38,0.46799999999999997,0.5445261022305146,0.0,475.7724340103465
P-n16-k8,ga,0,9,15,1,16.4,8.138795979750322,35,100,0.01,0.18,475.7724340103465,475.77243401034656,100.0,0.0,0,0.5,0.1,0,0,0,0,0.39,0.464,0.560748038493699,0.0,475.7724340103465
P-n16-k8,ga,0,10,15,1,16.4,8.138795979750322,35,100,0.01,0.2,475.7724340103465,475.77243401034656,100.0,0.0,0,0.5,0.1,0,0,0,0,0.4,0.45999999999999996,0.576335575687742,0.0,475.7724340103465
P-n16-k8,ga,0,11,15,1,16.4,8.138795979750322,35,100,0.01,0.22,475.7724340103465,475.77243401034656,5.684341886080802e-14,0.0,10,0.5,0.1,0,0,0,0,0.41,0.456,0.5912271969246069,0.0,475.7724340103465
P-n16-k8,ga,0,12,15,1,16.4,8.138795979750322,35,100,0.01,0.24,475.7724340103465,475.77243401034656,5.684341886080802e-14,0.0,11,0.5,0.1,0,0,0,0,0.42,0.452,0.6053641317786066,0.0,475.7724340103465
P-n16-k8,ga,0,13,15,1,16.4,8.138795979750322,35,100,0.01,0.26,475.7724340103465,475.77243401034656,5.684341886080802e-14,0.0,12,0.5,0.1,0,0,0,0,0.43,0.448,0.6186905882264235,0.0,475.7724340103465
P-n16-k8,ga,0,14,15,1,16.4,8.138795979750322,35,100,0.01,0.28,475.7724340103465,475.77243401034656,5.684341886080802e-14,0.0,13,0.5,0.1,0,0,0,0,0.44,0.444,0.6311539728327368,0.0,475.7724340103465
P-n16-k8,ga,0,15,15,1,16.4,8.138795979750322,35,100,0.01,0.3,475.7724340103465,475.77243401034656,5.684341886080802e-14,0.0,14,0.5,0.1,0,0,0,0,0.44999999999999996,0.44,0.6427050983124842,0.0,475.7724340103465
P-n16-k8,ga,0,16,15,1,16.4,8.138795979750322,35,100,0.01,0.32,475.7724340103465,475.77243401034656,5.684341886080802e-14,0.0,15,0.5,0.1,0,0,0,0,0.45999999999999996,0.436,0.6532983776506045,0.0,475.7724340103465
P-n16-k8,ga,0,17,15,1,16.4,8.138795979750322,35,100,0.01,0.34,475.7724340103465,475.77243401034656,5.684341886080802e-14,0.0,16,0.5,0.1,0,0,0,0,0.47,0.432,0.6628920040131592,0.0,475.7724340103465
P-n16-k8,ga,0,18,15,1,16.4,8.138795979750322,35,100,0.01,0.36,475.7724340103465,475.77243401034656,5.684341886080802e-14,0.0,17,0.5,0.1,0,0,0,0,0.48,0.428,0.6714481157398059,0.0,475.7724340103465
P-n16-k8,ga,0,19,15,1,16.4,8.138795979750322,35,100,0.01,0.38,475.7724340103465,475.77243401034656,5.684341886080802e-14,0.0,18,0.5,0.1,0,0,0,0,0.49,0.424,0.6789329457664754,0.0,475.7724340103465
P-n16-k8,ga,0,20,15,1,16.4,8.138795979750322,35,100,0.01,0.4,475.7724340103465,475.77243401034656,5.684341886080802e-14,0.0,19,0.5,0.1,0,0,0,0,0.5,0.42,0.685316954888546,0.0,475.7724340103465
P-n16-k8,ga,0,21,15,1,16.4,8.138795979750322,35,100,0.01,0.42,475.7724340103465,475.77243401034656,5.684341886080802e-14,0.0,19,0.5,0.1,0,0,0,0,0.51,0.416,0.6905749483385893,0.0,475.7724340103465
P-n16-k8,ga,0,22,15,1,16.4,8.138795979750322,35,100,0.01,0.44,475.7724340103465,475.77243401034656,5.684341886080802e-14,0.0,19,0.5,0.1,0,0,0,0,0.52,0.412,0.6946861752186066,0.0,475.7724340103465
P-n16-k8,ga,0,23,15,1,16.4,8.138795979750322,35,100,0.01,0.46,475.7724340103465,475.77243401034656,5.684341886080802e-14,0.0,19,0.5,0.1,0,0,0,0,0.53,0.408,0.6976344103943434,0.0,475.7724340103465
P-n16-k8,ga,0,24,15,1,16.4,8.138795979750322,35,100,0.01,0.48,475.7724340103465,475.77243401034656,5.684341886080802e-14,0.0,19,0.5,0.1,0,0,0,0,0.54,0.404,0.6994080185284814,0.0,475.7724340103465
P-n16-k8,ga,0,25,15,1,16.4,8.138795979750322,35,100,0.01,0.5,475.7724340103465,475.77243401034656,5.684341886080802e-14,0.0,19,0.5,0.1,0,0,0,0,0.55,0.4,0.7,0.0,475.7724340103465
P-n16-k8,ga,0,26,15,1,16.4,8.138795979750322,35,100,0.01,0.52,475.7724340103465,475.77243401034656,5.684341886080802e-14,0.0,19,0.5,0.1,0,0,0,0,0.56,0.396,0.6994080185284814,0.0,475.7724340103465
P-n16-k8,ga,0,27,15,1,16.4,8.138795979750322,35,100,0.01,0.54,475.7724340103465,475.77243401034656,5.684341886080802e-14,0.0,19,0.5,0.1,0,0,0,0,0.5700000000000001,0.392,0.6976344103943433,0.0,475.7724340103465
P-n16-k8,ga,0,28,15,1,16.4,8.138795979750322,35,100,0.01,0.56,475.7724340103465,475.77243401034656,5.684341886080802e-14,0.0,19,0.5,0.1,0,0,0,0,0.5800000000000001,0.388,0.6946861752186066,0.0,475.7724340103465
P-n16-k8,ga,0,29,15,1,16.4,8.138795979750322,35,100,0.01,0.58,475.7724340103465,475.77243401034656,5.684341886080802e-14,0.0,19,0.5,0.1,0,0,0,0,0.59,0.384,0.6905749483385893,0.0,475.7724340103465
P-n16-k8,ga,0,30,15,1,16.4,8.138795979750322,35,100,0.01,0.6,475.7724340103465,475.77243401034656,5.684341886080802e-14,0.0,19,0.5,0.1,0,0,0,0,0.6,0.38,0.685316954888546,0.0,475.7724340103465
P-n16-k8,ga,0,31,15,1,16.4,8.138795979750322,35,100,0.01,0.62,475.7724340103465,475.77243401034656,5.684341886080802e-14,0.0,19,0.5,0.1,0,0,0,0,0.61,0.376,0.6789329457664754,0.0,475.7724340103465
P-n16-k8,ga,0,32,15,1,16.4,8.138795979750322,35,100,0.01,0.64,475.7724340103465,475.77243401034656,5.684341886080802e-14,0.0,19,0.5,0.1,0,0,0,0,0.62,0.372,0.6714481157398058,0.0,475.7724340103465
P-n16-k8,ga,0,33,15,1,16.4,8.138795979750322,35,100,0.01,0.66,475.7724340103465,475.77243401034656,5.684341886080802e-14,0.0,19,0.5,0.1,0,0,0,0,0.63,0.368,0.6628920040131591,0.0,475.7724340103465
P-n16-k8,ga,0,34,15,1,16.4,8.138795979750322,35,100,0.01,0.68,475.7724340103465,475.77243401034656,5.684341886080802e-14,0.0,19,0.5,0.1,0,0,0,0,0.64,0.364,0.6532983776506045,0.0,475.7724340103465
P-n16-k8,ga,0,35,15,1,16.4,8.138795979750322,35,100,0.01,0.7,475.7724340103465,475.77243401034656,5.684341886080802e-14,0.0,19,0.5,0.1,0,0,0,0,0.6499999999999999,0.36,0.6427050983124842,0.0,475.7724340103465
P-n16-k8,ga,0,36,15,1,16.4,8.138795979750322,35,100,0.01,0.72,475.7724340103465,475.77243401034656,5.684341886080802e-14,0.0,19,0.5,0.1,0,0,0,0,0.6599999999999999,0.356,0.6311539728327368,0.0,475.7724340103465
P-n16-k8,ga,0,37,15,1,16.4,8.138795979750322,35,100,0.01,0.74,475.7724340103465,475.77243401034656,5.684341886080802e-14,0.0,19,0.5,0.1,0,0,0,0,0.6699999999999999,0.352,0.6186905882264234,0.0,475.7724340103465
P-n16-k8,ga,0,38,15,1,16.4,8.138795979750322,35,100,0.01,0.76,475.7724340103465,475.77243401034656,5.684341886080802e-14,0.0,19,0.5,0.1,0,0,0,0,0.6799999999999999,0.348,0.6053641317786067,0.0,475.7724340103465
P-n16-k8,ga,0,39,15,1,16.4,8.138795979750322,35,100,0.01,0.78,475.7724340103465,475.77243401034656,5.684341886080802e-14,0.0,19,0.5,0.1,0,0,0,0,0.69,0.344,0.591227196924607,0.0,475.7724340103465
P-n16-k8,ga,0,40,15,1,16.4,8.138795979750322,35,100,0.01,0.8,475.7724340103465,475.77243401034656,5.684341886080802e-14,0.0,19,0.5,0.1,0,0,0,0,0.7,0.33999999999999997,0.576335575687742,0.0,475.7724340103465
P-n16-k8,ga,0,41,15,1,16.4,8.138795979750322,35,100,0.01,0.82,475.7724340103465,475.77243401034656,5.684341886080802e-14,0.0,19,0.5,0.1,0,0,0,0,0.71,0.33599999999999997,0.5607480384936991,0.0,475.7724340103465
P-n16-k8,ga,0,42,15,1,16.4,8.138795979750322,35,100,0.01,0.84,475.7724340103465,475.77243401034656,5.684341886080802e-14,0.0,19,0.5,0.1,0,0,0,0,0.72,0.33199999999999996,0.5445261022305147,0.0,475.7724340103465
P-n16-k8,ga,0,43,15,1,16.4,8.138795979750322,35,100,0.01,0.86,475.7724340103465,475.77243401034656,5.684341886080802e-14,0.0,19,0.5,0.1,0,0,0,0,0.73,0.32799999999999996,0.5277337874695218,0.0,475.7724340103465
P-n16-k8,ga,0,44,15,1,16.4,8.138795979750322,35,100,0.01,0.88,475.7724340103465,475.77243401034656,5.684341886080802e-14,0.0,19,0.5,0.1,0,0,0,0,0.74,0.32399999999999995,0.5104373658054034,0.0,475.7724340103465
P-n16-k8,ga,0,45,15,1,16.4,8.138795979750322,35,100,0.01,0.9,475.7724340103465,475.77243401034656,5.684341886080802e-14,0.0,19,0.5,0.1,0,0,0,0,0.75,0.31999999999999995,0.49270509831248427,0.0,475.7724340103465
P-n16-k8,ga,0,46,15,1,16.4,8.138795979750322,35,100,0.01,0.92,475.7724340103465,475.77243401034656,5.684341886080802e-14,0.0,19,0.5,0.1,0,0,0,0,0.76,0.31599999999999995,0.47460696614945647,0.0,475.7724340103465
P-n16-k8,ga,0,47,15,1,16.4,8.138795979750322,35,100,0.01,0.94,475.7724340103465,475.77243401034656,5.684341886080802e-14,0.0,19,0.5,0.1,0,0,0,0,0.77,0.312,0.45621439437571754,0.0,475.7724340103465
P-n16-k8,ga,0,48,15,1,16.4,8.138795979750322,35,100,0.01,0.96,475.7724340103465,475.77243401034656,5.684341886080802e-14,0.0,19,0.5,0.1,0,0,0,0,0.78,0.308,0.4375999700692914,0.0,475.7724340103465
P-n16-k8,ga,0,49,15,1,16.4,8.138795979750322,35,100,0.01,0.98,475.7724340103465,475.77243401034656,5.684341886080802e-14,0.0,19,0.5,0.1,0,0,0,0,0.79,0.304,0.4188371558587941,0.0,475.7724340103465
P-n16-k8,ga,1,0,15,1,16.4,8.138795979750322,35,100,0.01,0.0,1000.0,1000.0,100.0,0.0,0,0.5,0.1,0,0,0,0,0.3,0.5,0.4,0.0,475.7724340103465
P-n16-k8,ga,1,1,15,1,16.4,8.138795979750322,35,100,0.01,0.02,475.7724340103465,475.7724340103465,100.0,0.0,0,0.5,0.1,0,0,0,0,0.31,0.496,0.41883715585879405,0.0,475.7724340103465
P-n16-k8,ga,1,2,15,1,16.4,8.138795979750322,35,100,0.01,0.04,475.7724340103465,475.7724340103465,100.0,0.0,0,0.5,0.1,0,0,0,0,0.32,0.492,0.4375999700692913,0.0,475.7724340103465
P-n16-k8,ga,1,3,15,1,16.4,8.138795979750322,35,100,0.01,0.06,475.7724340103465,475.77243401034656,100.0,0.0,0,0.5,0.1,0,0,0,0,0.32999999999999996,0.488,0.4562143943757174,0.0,475.7724340103465
P-n16-k8,ga,1,4,15,1,16.4,8.138795979750322,35,100,0.01,0.08,475.7724340103465,475.7724340103465,100.0,0.0,0,0.5,0.1,0,0,0,0,0.33999999999999997,0.484,0.47460696614945647,0.0,475.7724340103465
P-n16-k8,ga,1,5,15,1,16.4,8.138795979750322,35,100,0.01,0.1,475.7724340103465,475.7724340103465,100.0,0.0,0,0.5,0.1,0,0,0,0,0.35,0.48,0.4927050983124842,0.0,475.7724340103465
P-n16-k8,ga,1,6,15,1,16.4,8.138795979750322,35,100,0.01,0.12,475.7724340103465,475.77243401034644,100.0,0.0,0,0.5,0.1,0,0,0,0,0.36,0.476,0.5104373658054034,0.0,475.7724340103465
P-n16-k8,ga,1,7,15,1,16.4,8.138795979750322,35,100,0.01,0.14,475.7724340103465,475.77243401034644,100.0,0.0,0,0.5,0.1,0,0,0,0,0.37,0.472,0.5277337874695218,0.0,475.7724340103465
P-n16-k8,ga,1,8,15,1,16.4,8.138795979750322,35,100,0.01,0.16,475.7724340103465,475.7724340103465,100.0,0.0,0,0.5,0.1,0,0,0,0,0.38,0.46799999999999997,0.5445261022305146,0.0,475.7724340103465
P-n16-k8,ga,1,9,15,1,16.4,8.138795979750322,35,100,0.01,0.18,475.7724340103465,475.77243401034656,100.0,0.0,0,0.5,0.1,0,0,0,0,0.39,0.464,0.560748038493699,0.0,475.7724340103465
P-n16-k8,ga,1,10,15,1,16.4,8.138795979750322,35,100,0.01,0.2,475.7724340103465,475.77243401034656,100.0,0.0,0,0.5,0.1,0,0,0,0,0.4,0.45999999999999996,0.576335575687742,0.0,475.7724340103465
P-n16-k8,ga,1,11,15,1,16.4,8.138795979750322,35,100,0.01,0.22,475.7724340103465,475.77243401034656,5.684341886080802e-14,0.0,10,0.5,0.1,0,0,0,0,0.41,0.456,0.5912271969246069,0.0,475.7724340103465
P-n16-k8,ga,1,12,15,1,16.4,8.138795979750322,35,100,0.01,0.24,475.7724340103465,475.77243401034656,5.684341886080802e-14,0.0,11,0.5,0.1,0,0,0,0,0.42,0.452,0.6053641317786066,0.0,475.7724340103465
P-n16-k8,ga,1,13,15,1,16.4,8.138795979750322,35,100,0.01,0.26,475.7724340103465,475.77243401034656,5.684341886080802e-14,0.0,12,0.5,0.1,0,0,0,0,0.43,0.448,0.6186905882264235,0.0,475.7724340103465
P-n16-k8,ga,1,14,15,1,16.4,8.138795979750322,35,100,0.01,0.28,475.7724340103465,475.77243401034656,5.684341886080802e-14,0.0,13,0.5,0.1,0,0,0,0,0.44,0.444,0.6311539728327368,0.0,475.7724340103465
P-n16-k8,ga,1,15,15,1,16.4,8.138795979750322,35,100,0.01,0.3,475.7724340103465,475.77243401034656,5.684341886080802e-14,0.0,14,0.5,0.1,0,0,0,0,0.44999999999999996,0.44,0.6427050983124842,0.0,475.7724340103465
P-n16-k8,ga,1,16,15,1,16.4,8.138795979750322,35,100,0.01,0.32,475.7724340103465,475.77243401034656,5.684341886080802e-14,0.0,15,0.5,0.1,0,0,0,0,0.45999999999999996,0.436,0.6532983776506045,0.0,475.7724340103465
P-n16-k8,ga,1,17,15,1,16.4,8.138795979750322,35,100,0.01,0.34,475.7724340103465,475.77243401034656,5.684341886080802e-14,0.0,16,0.5,0.1,0,0,0,0,0.47,0.432,0.6628920040131592,0.0,475.7724340103465
P-n16-k8,ga,1,18,15,1,16.4,8.138795979750322,35,100,0.01,0.36,475.7724340103465,475.77243401034656,5.684341886080802e-14,0.0,17,0.5,0.1,0,0,0,0,0.48,0.428,0.6714481157398059,0.0,475.7724340103465
P-n16-k8,ga,1,19,15,1,16.4,8.138795979750322,35,100,0.01,0.38,475.7724340103465,475.77243401034656,5.684341886080802e-14,0.0,18,0.5,0.1,0,0,0,0,0.49,0.424,0.6789329457664754,0.0,475.7724340103465
P-n16-k8,ga,1,20,15,1,16.4,8.138795979750322,35,100,0.01,0.4,475.7724340103465,475.77243401034656,5.684341886080802e-14,0.0,19,0.5,0.1,0,0,0,0,0.5,0.42,0.685316954888546,0.0,475.7724340103465
P-n16-k8,ga,1,21,15,1,16.4,8.138795979750322,35,100,0.01,0.42,475.7724340103465,475.77243401034656,5.684341886080802e-14,0.0,19,0.5,0.1,0,0,0,0,0.51,0.416,0.6905749483385893,0.0,475.7724340103465
P-n16-k8,ga,1,22,15,1,16.4,8.138795979750322,35,100,0.01,0.44,475.7724340103465,475.77243401034656,5.684341886080802e-14,0.0,19,0.5,0.1,0,0,0,0,0.52,0.412,0.6946861752186066,0.0,475.7724340103465
P-n16-k8,ga,1,23,15,1,16.4,8.138795979750322,35,100,0.01,0.46,475.7724340103465,475.77243401034656,5.684341886080802e-14,0.0,19,0.5,0.1,0,0,0,0,0.53,0.408,0.6976344103943434,0.0,475.7724340103465
P-n16-k8,ga,1,24,15,1,16.4,8.138795979750322,35,100,0.01,0.48,475.7724340103465,475.77243401034656,5.684341886080802e-14,0.0,19,0.5,0.1,0,0,0,0,0.54,0.404,0.6994080185284814,0.0,475.7724340103465
P-n16-k8,ga,1,25,15,1,16.4,8.138795979750322,35,100,0.01,0.5,475.7724340103465,475.77243401034656,5.684341886080802e-14,0.0,19,0.5,0.1,0,0,0,0,0.55,0.4,0.7,0.0,475.7724340103465
P-n16-k8,ga,1,26,15,1,16.4,8.138795979750322,35,100,0.01,0.52,475.7724340103465,475.77243401034656,5.684341886080802e-14,0.0,19,0.5,0.1,0,0,0,0,0.56,0.396,0.6994080185284814,0.0,475.7724340103465
P-n16-k8,ga,1,27,15,1,16.4,8.138795979750322,35,100,0.01,0.54,475.7724340103465,475.77243401034656,5.684341886080802e-14,0.0,19,0.5,0.1,0,0,0,0,0.5700000000000001,0.392,0.6976344103943433,0.0,475.7724340103465
P-n16-k8,ga,1,28,15,1,16.4,8.138795979750322,35,100,0.01,0.56,475.7724340103465,475.77243401034656,5.684341886080802e-14,0.0,19,0.5,0.1,0,0,0,0,0.5800000000000001,0.388,0.6946861752186066,0.0,475.7724340103465
P-n16-k8,ga,1,29,15,1,16.4,8.138795979750322,35,100,0.01,0.58,475.7724340103465,475.77243401034656,5.684341886080802e-14,0.0,19,0.5,0.1,0,0,0,0,0.59,0.384,0.6905749483385893,0.0,475.7724340103465
P-n16-k8,ga,1,30,15,1,16.4,8.138795979750322,35,100,0.01,0.6,475.7724340103465,475.77243401034656,5.684341886080802e-14,0.0,19,0.5,0.1,0,0,0,0,0.6,0.38,0.685316954888546,0.0,475.7724340103465
P-n16-k8,ga,1,31,15,1,16.4,8.138795979750322,35,100,0.01,0.62,475.7724340103465,475.77243401034656,5.684341886080802e-14,0.0,19,0.5,0.1,0,0,0,0,0.61,0.376,0.6789329457664754,0.0,475.7724340103465
P-n16-k8,ga,1,32,15,1,16.4,8.138795979750322,35,100,0.01,0.64,475.7724340103465,475.77243401034656,5.684341886080802e-14,0.0,19,0.5,0.1,0,0,0,0,0.62,0.372,0.6714481157398058,0.0,475.7724340103465
P-n16-k8,ga,1,33,15,1,16.4,8.138795979750322,35,100,0.01,0.66,475.7724340103465,475.77243401034656,5.684341886080802e-14,0.0,19,0.5,0.1,0,0,0,0,0.63,0.368,0.6628920040131591,0.0,475.7724340103465
P-n16-k8,ga,1,34,15,1,16.4,8.138795979750322,35,100,0.01,0.68,475.7724340103465,475.77243401034656,5.684341886080802e-14,0.0,19,0.5,0.1,0,0,0,0,0.64,0.364,0.6532983776506045,0.0,475.7724340103465
P-n16-k8,ga,1,35,15,1,16.4,8.138795979750322,35,100,0.01,0.7,475.7724340103465,475.77243401034656,5.684341886080802e-14,0.0,19,0.5,0.1,0,0,0,0,0.6499999999999999,0.36,0.6427050983124842,0.0,475.7724340103465
P-n16-k8,ga,1,36,15,1,16.4,8.138795979750322,35,100,0.01,0.72,475.7724340103465,475.77243401034656,5.684341886080802e-14,0.0,19,0.5,0.1,0,0,0,0,0.6599999999999999,0.356,0.6311539728327368,0.0,475.7724340103465
P-n16-k8,ga,1,37,15,1,16.4,8.138795979750322,35,100,0.01,0.74,475.7724340103465,475.77243401034656,5.684341886080802e-14,0.0,19,0.5,0.1,0,0,0,0,0.6699999999999999,0.352,0.6186905882264234,0.0,475.7724340103465
P-n16-k8,ga,1,38,15,1,16.4,8.138795979750322,35,100,0.01,0.76,475.7724340103465,475.77243401034656,5.684341886080802e-14,0.0,19,0.5,0.1,0,0,0,0,0.6799999999999999,0.348,0.6053641317786067,0.0,475.7724340103465
P-n16-k8,ga,1,39,15,1,16.4,8.138795979750322,35,100,0.01,0.78,475.7724340103465,475.77243401034656,5.684341886080802e-14,0.0,19,0.5,0.1,0,0,0,0,0.69,0.344,0.591227196924607,0.0,475.7724340103465
P-n16-k8,ga,1,40,15,1,16.4,8.138795979750322,35,100,0.01,0.8,475.7724340103465,475.77243401034656,5.684341886080802e-14,0.0,19,0.5,0.1,0,0,0,0,0.7,0.33999999999999997,0.576335575687742,0.0,475.7724340103465
P-n16-k8,ga,1,41,15,1,16.4,8.138795979750322,35,100,0.01,0.82,475.7724340103465,475.77243401034656,5.684341886080802e-14,0.0,19,0.5,0.1,0,0,0,0,0.71,0.33599999999999997,0.5607480384936991,0.0,475.7724340103465
P-n16-k8,ga,1,42,15,1,16.4,8.138795979750322,35,100,0.01,0.84,475.7724340103465,475.77243401034656,5.684341886080802e-14,0.0,19,0.5,0.1,0,0,0,0,0.72,0.33199999999999996,0.5445261022305147,0.0,475.7724340103465
P-n16-k8,ga,1,43,15,1,16.4,8.138795979750322,35,100,0.01,0.86,475.7724340103465,475.77243401034656,5.684341886080802e-14,0.0,19,0.5,0.1,0,0,0,0,0.73,0.32799999999999996,0.5277337874695218,0.0,475.7724340103465
P-n16-k8,ga,1,44,15,1,16.4,8.138795979750322,35,100,0.01,0.88,475.7724340103465,475.77243401034656,5.684341886080802e-14,0.0,19,0.5,0.1,0,0,0,0,0.74,0.32399999999999995,0.5104373658054034,0.0,475.7724340103465
P-n16-k8,ga,1,45,15,1,16.4,8.138795979750322,35,100,0.01,0.9,475.7724340103465,475.77243401034656,5.684341886080802e-14,0.0,19,0.5,0.1,0,0,0,0,0.75,0.31999999999999995,0.49270509831248427,0.0,475.7724340103465
P-n16-k8,ga,1,46,15,1,16.4,8.138795979750322,35,100,0.01,0.92,475.7724340103465,475.77243401034656,5.684341886080802e-14,0.0,19,0.5,0.1,0,0,0,0,0.76,0.31599999999999995,0.47460696614945647,0.0,475.7724340103465
P-n16-k8,ga,1,47,15,1,16.4,8.138795979750322,35,100,0.01,0.94,475.7724340103465,475.77243401034656,5.684341886080802e-14,0.0,19,0.5,0.1,0,0,0,0,0.77,0.312,0.45621439437571754,0.0,475.7724340103465
P-n16-k8,ga,1,48,15,1,16.4,8.138795979750322,35,100,0.01,0.96,475.7724340103465,475.77243401034656,5.684341886080802e-14,0.0,19,0.5,0.1,0,0,0,0,0.78,0.308,0.4375999700692914,0.0,475.7724340103465
P-n16-k8,ga,1,49,15,1,16.4,8.138795979750322,35,100,0.01,0.98,475.7724340103465,475.77243401034656,5.684341886080802e-14,0.0,19,0.5,0.1,0,0,0,0,0.79,0.304,0.4188371558587941,0.0,475.7724340103465
P-n16-k8,ga,2,0,15,1,16.4,8.138795979750322,35,100,0.01,0.0,1000.0,1000.0,100.0,0.0,0,0.5,0.1,0,0,0,0,0.3,0.5,0.4,0.0,475.7724340103465
P-n16-k8,ga,2,1,15,1,16.4,8.138795979750322,35,100,0.01,0.02,475.7724340103465,475.7724340103465,100.0,0.0,0,0.5,0.1,0,0,0,0,0.31,0.496,0.41883715585879405,0.0,475.7724340103465
P-n16-k8,ga,2,2,15,1,16.4,8.138795979750322,35,100,0.01,0.04,475.7724340103465,475.7724340103465,100.0,0.0,0,0.5,0.1,0,0,0,0,0.32,0.492,0.4375999700692913,0.0,475.7724340103465
P-n16-k8,ga,2,3,15,1,16.4,8.138795979750322,35,100,0.01,0.06,475.7724340103465,475.77243401034656,100.0,0.0,0,0.5,0.1,0,0,0,0,0.32999999999999996,0.488,0.4562143943757174,0.0,475.7724340103465
P-n16-k8,ga,2,4,15,1,16.4,8.138795979750322,35,100,0.01,0.08,475.7724340103465,475.7724340103465,100.0,0.0,0,0.5,0.1,0,0,0,0,0.33999999999999997,0.484,0.47460696614945647,0.0,475.7724340103465
P-n16-k8,ga,2,5,15,1,16.4,8.138795979750322,35,100,0.01,0.1,475.7724340103465,475.7724340103465,100.0,0.0,0,0.5,0.1,0,0,0,0,0.35,0.48,0.4927050983124842,0.0,475.7724340103465
P-n16-k8,ga,2,6,15,1,16.4,8.138795979750322,35,100,0.01,0.12,475.7724340103465,475.77243401034644,100.0,0.0,0,0.5,0.1,0,0,0,0,0.36,0.476,0.5104373658054034,0.0,475.7724340103465
P-n16-k8,ga,2,7,15,1,16.4,8.138795979750322,35,100,0.01,0.14,475.7724340103465,475.77243401034644,100.0,0.0,0,0.5,0.1,0,0,0,0,0.37,0.472,0.5277337874695218,0.0,475.7724340103465
P-n16-k8,ga,2,8,15,1,16.4,8.138795979750322,35,100,0.01,0.16,475.7724340103465,475.7724340103465,100.0,0.0,0,0.5,0.1,0,0,0,0,0.38,0.46799999999999997,0.5445261022305146,0.0,475.7724340103465
P-n16-k8,ga,2,9,15,1,16.4,8.138795979750322,35,100,0.01,0.18,475.7724340103465,475.77243401034656,100.0,0.0,0,0.5,0.1,0,0,0,0,0.39,0.464,0.560748038493699,0.0,475.7724340103465
P-n16-k8,ga,2,10,15,1,16.4,8.138795979750322,35,100,0.01,0.2,475.7724340103465,475.77243401034656,100.0,0.0,0,0.5,0.1,0,0,0,0,0.4,0.45999999999999996,0.576335575687742,0.0,475.7724340103465
P-n16-k8,ga,2,11,15,1,16.4,8.138795979750322,35,100,0.01,0.22,475.7724340103465,475.77243401034656,5.684341886080802e-14,0.0,10,0.5,0.1,0,0,0,0,0.41,0.456,0.5912271969246069,0.0,475.7724340103465
P-n16-k8,ga,2,12,15,1,16.4,8.138795979750322,35,100,0.01,0.24,475.7724340103465,475.77243401034656,5.684341886080802e-14,0.0,11,0.5,0.1,0,0,0,0,0.42,0.452,0.6053641317786066,0.0,475.7724340103465
P-n16-k8,ga,2,13,15,1,16.4,8.138795979750322,35,100,0.01,0.26,475.7724340103465,475.77243401034656,5.684341886080802e-14,0.0,12,0.5,0.1,0,0,0,0,0.43,0.448,0.6186905882264235,0.0,475.7724340103465
P-n16-k8,ga,2,14,15,1,16.4,8.138795979750322,35,100,0.01,0.28,475.7724340103465,475.77243401034656,5.684341886080802e-14,0.0,13,0.5,0.1,0,0,0,0,0.44,0.444,0.6311539728327368,0.0,475.7724340103465
P-n16-k8,ga,2,15,15,1,16.4,8.138795979750322,35,100,0.01,0.3,475.7724340103465,475.77243401034656,5.684341886080802e-14,0.0,14,0.5,0.1,0,0,0,0,0.44999999999999996,0.44,0.6427050983124842,0.0,475.7724340103465
P-n16-k8,ga,2,16,15,1,16.4,8.138795979750322,35,100,0.01,0.32,475.7724340103465,475.77243401034656,5.684341886080802e-14,0.0,15,0.5,0.1,0,0,0,0,0.45999999999999996,0.436,0.6532983776506045,0.0,475.7724340103465
P-n16-k8,ga,2,17,15,1,16.4,8.138795979750322,35,100,0.01,0.34,475.7724340103465,475.77243401034656,5.684341886080802e-14,0.0,16,0.5,0.1,0,0,0,0,0.47,0.432,0.6628920040131592,0.0,475.7724340103465
P-n16-k8,ga,2,18,15,1,16.4,8.138795979750322,35,100,0.01,0.36,475.7724340103465,475.77243401034656,5.684341886080802e-14,0.0,17,0.5,0.1,0,0,0,0,0.48,0.428,0.6714481157398059,0.0,475.7724340103465
P-n16-k8,ga,2,19,15,1,16.4,8.138795979750322,35,100,0.01,0.38,475.7724340103465,475.77243401034656,5.684341886080802e-14,0.0,18,0.5,0.1,0,0,0,0,0.49,0.424,0.6789329457664754,0.0,475.7724340103465
P-n16-k8,ga,2,20,15,1,16.4,8.138795979750322,35,100,0.01,0.4,475.7724340103465,475.77243401034656,5.684341886080802e-14,0.0,19,0.5,0.1,0,0,0,0,0.5,0.42,0.685316954888546,0.0,475.7724340103465
P-n16-k8,ga,2,21,15,1,16.4,8.138795979750322,35,100,0.01,0.42,475.7724340103465,475.77243401034656,5.684341886080802e-14,0.0,19,0.5,0.1,0,0,0,0,0.51,0.416,0.6905749483385893,0.0,475.7724340103465
P-n16-k8,ga,2,22,15,1,16.4,8.138795979750322,35,100,0.01,0.44,475.7724340103465,475.77243401034656,5.684341886080802e-14,0.0,19,0.5,0.1,0,0,0,0,0.52,0.412,0.6946861752186066,0.0,475.7724340103465
P-n16-k8,ga,2,23,15,1,16.4,8.138795979750322,35,100,0.01,0.46,475.7724340103465,475.77243401034656,5.684341886080802e-14,0.0,19,0.5,0.1,0,0,0,0,0.53,0.408,0.6976344103943434,0.0,475.7724340103465
P-n16-k8,ga,2,24,15,1,16.4,8.138795979750322,35,100,0.01,0.48,475.7724340103465,475.77243401034656,5.684341886080802e-14,0.0,19,0.5,0.1,0,0,0,0,0.54,0.404,0.6994080185284814,0.0,475.7724340103465
P-n16-k8,ga,2,25,15,1,16.4,8.138795979750322,35,100,0.01,0.5,475.7724340103465,475.77243401034656,5.684341886080802e-14,0.0,19,0.5,0.1,0,0,0,0,0.55,0.4,0.7,0.0,475.7724340103465
P-n16-k8,ga,2,26,15,1,16.4,8.138795979750322,35,100,0.01,0.52,475.7724340103465,475.77243401034656,5.684341886080802e-14,0.0,19,0.5,0.1,0,0,0,0,0.56,0.396,0.6994080185284814,0.0,475.7724340103465
P-n16-k8,ga,2,27,15,1,16.4,8.138795979750322,35,100,0.01,0.54,475.7724340103465,475.77243401034656,5.684341886080802e-14,0.0,19,0.5,0.1,0,0,0,0,0.5700000000000001,0.392,0.6976344103943433,0.0,475.7724340103465
P-n16-k8,ga,2,28,15,1,16.4,8.138795979750322,35,100,0.01,0.56,475.7724340103465,475.77243401034656,5.684341886080802e-14,0.0,19,0.5,0.1,0,0,0,0,0.5800000000000001,0.388,0.6946861752186066,0.0,475.7724340103465
P-n16-k8,ga,2,29,15,1,16.4,8.138795979750322,35,100,0.01,0.58,475.7724340103465,475.77243401034656,5.684341886080802e-14,0.0,19,0.5,0.1,0,0,0,0,0.59,0.384,0.6905749483385893,0.0,475.7724340103465
P-n16-k8,ga,2,30,15,1,16.4,8.138795979750322,35,100,0.01,0.6,475.7724340103465,475.77243401034656,5.684341886080802e-14,0.0,19,0.5,0.1,0,0,0,0,0.6,0.38,0.685316954888546,0.0,475.7724340103465
P-n16-k8,ga,2,31,15,1,16.4,8.138795979750322,35,100,0.01,0.62,475.7724340103465,475.77243401034656,5.684341886080802e-14,0.0,19,0.5,0.1,0,0,0,0,0.61,0.376,0.6789329457664754,0.0,475.7724340103465
P-n16-k8,ga,2,32,15,1,16.4,8.138795979750322,35,100,0.01,0.64,475.7724340103465,475.77243401034656,5.684341886080802e-14,0.0,19,0.5,0.1,0,0,0,0,0.62,0.372,0.6714481157398058,0.0,475.7724340103465
P-n16-k8,ga,2,33,15,1,16.4,8.138795979750322,35,100,0.01,0.66,475.7724340103465,475.77243401034656,5.684341886080802e-14,0.0,19,0.5,0.1,0,0,0,0,0.63,0.368,0.6628920040131591,0.0,475.7724340103465
P-n16-k8,ga,2,34,15,1,16.4,8.138795979750322,35,100,0.01,0.68,475.7724340103465,475.77243401034656,5.684341886080802e-14,0.0,19,0.5,0.1,0,0,0,0,0.64,0.364,0.6532983776506045,0.0,475.7724340103465
P-n16-k8,ga,2,35,15,1,16.4,8.138795979750322,35,100,0.01,0.7,475.7724340103465,475.77243401034656,5.684341886080802e-14,0.0,19,0.5,0.1,0,0,0,0,0.6499999999999999,0.36,0.6427050983124842,0.0,475.7724340103465
P-n16-k8,ga,2,36,15,1,16.4,8.138795979750322,35,100,0.01,0.72,475.7724340103465,475.77243401034656,5.684341886080802e-14,0.0,19,0.5,0.1,0,0,0,0,0.6599999999999999,0.356,0.6311539728327368,0.0,475.7724340103465
P-n16-k8,ga,2,37,15,1,16.4,8.138795979750322,35,100,0.01,0.74,475.7724340103465,475.77243401034656,5.684341886080802e-14,0.0,19,0.5,0.1,0,0,0,0,0.6699999999999999,0.352,0.6186905882264234,0.0,475.7724340103465
P-n16-k8,ga,2,38,15,1,16.4,8.138795979750322,35,100,0.01,0.76,475.7724340103465,475.77243401034656,5.684341886080802e-14,0.0,19,0.5,0.1,0,0,0,0,0.6799999999999999,0.348,0.6053641317786067,0.0,475.7724340103465
P-n16-k8,ga,2,39,15,1,16.4,8.138795979750322,35,100,0.01,0.78,475.7724340103465,475.77243401034656,5.684341886080802e-14,0.0,19,0.5,0.1,0,0,0,0,0.69,0.344,0.591227196924607,0.0,475.7724340103465
P-n16-k8,ga,2,40,15,1,16.4,8.138795979750322,35,100,0.01,0.8,475.7724340103465,475.77243401034656,5.684341886080802e-14,0.0,19,0.5,0.1,0,0,0,0,0.7,0.33999999999999997,0.576335575687742,0.0,475.7724340103465
P-n16-k8,ga,2,41,15,1,16.4,8.138795979750322,35,100,0.01,0.82,475.7724340103465,475.77243401034656,5.684341886080802e-14,0.0,19,0.5,0.1,0,0,0,0,0.71,0.33599999999999997,0.5607480384936991,0.0,475.7724340103465
P-n16-k8,ga,2,42,15,1,16.4,8.138795979750322,35,100,0.01,0.84,475.7724340103465,475.77243401034656,5.684341886080802e-14,0.0,19,0.5,0.1,0,0,0,0,0.72,0.33199999999999996,0.5445261022305147,0.0,475.7724340103465
P-n16-k8,ga,2,43,15,1,16.4,8.138795979750322,35,100,0.01,0.86,475.7724340103465,475.77243401034656,5.684341886080802e-14,0.0,19,0.5,0.1,0,0,0,0,0.73,0.32799999999999996,0.5277337874695218,0.0,475.7724340103465
P-n16-k8,ga,2,44,15,1,16.4,8.138795979750322,35,100,0.01,0.88,475.7724340103465,475.77243401034656,5.684341886080802e-14,0.0,19,0.5,0.1,0,0,0,0,0.74,0.32399999999999995,0.5104373658054034,0.0,475.7724340103465
P-n16-k8,ga,2,45,15,1,16.4,8.138795979750322,35,100,0.01,0.9,475.7724340103465,475.77243401034656,5.684341886080802e-14,0.0,19,0.5,0.1,0,0,0,0,0.75,0.31999999999999995,0.49270509831248427,0.0,475.7724340103465
P-n16-k8,ga,2,46,15,1,16.4,8.138795979750322,35,100,0.01,0.92,475.7724340103465,475.77243401034656,5.684341886080802e-14,0.0,19,0.5,0.1,0,0,0,0,0.76,0.31599999999999995,0.47460696614945647,0.0,475.7724340103465
P-n16-k8,ga,2,47,15,1,16.4,8.138795979750322,35,100,0.01,0.94,475.7724340103465,475.77243401034656,5.684341886080802e-14,0.0,19,0.5,0.1,0,0,0,0,0.77,0.312,0.45621439437571754,0.0,475.7724340103465
P-n16-k8,ga,2,48,15,1,16.4,8.138795979750322,35,100,0.01,0.96,475.7724340103465,475.77243401034656,5.684341886080802e-14,0.0,19,0.5,0.1,0,0,0,0,0.78,0.308,0.4375999700692914,0.0,475.7724340103465
P-n16-k8,ga,2,49,15,1,16.4,8.138795979750322,35,100,0.01,0.98,475.7724340103465,475.77243401034656,5.684341886080802e-14,0.0,19,0.5,0.1,0,0,0,0,0.79,0.304,0.4188371558587941,0.0,475.7724340103465
P-n16-k8,ga,3,0,15,1,16.4,8.138795979750322,35,100,0.01,0.0,1000.0,1000.0,100.0,0.0,0,0.5,0.1,0,0,0,0,0.3,0.5,0.4,0.0,475.7724340103465
P-n16-k8,ga,3,1,15,1,16.4,8.138795979750322,35,100,0.01,0.02,475.7724340103465,475.7724340103465,100.0,0.0,0,0.5,0.1,0,0,0,0,0.31,0.496,0.41883715585879405,0.0,475.7724340103465
P-n16-k8,ga,3,2,15,1,16.4,8.138795979750322,35,100,0.01,0.04,475.7724340103465,475.7724340103465,100.0,0.0,0,0.5,0.1,0,0,0,0,0.32,0.492,0.4375999700692913,0.0,475.7724340103465
P-n16-k8,ga,3,3,15,1,16.4,8.138795979750322,35,100,0.01,0.06,475.7724340103465,475.77243401034656,100.0,0.0,0,0.5,0.1,0,0,0,0,0.32999999999999996,0.488,0.4562143943757174,0.0,475.7724340103465
P-n16-k8,ga,3,4,15,1,16.4,8.138795979750322,35,100,0.01,0.08,475.7724340103465,475.7724340103465,100.0,0.0,0,0.5,0.1,0,0,0,0,0.33999999999999997,0.484,0.47460696614945647,0.0,475.7724340103465
P-n16-k8,ga,3,5,15,1,16.4,8.138795979750322,35,100,0.01,0.1,475.7724340103465,475.7724340103465,100.0,0.0,0,0.5,0.1,0,0,0,0,0.35,0.48,0.4927050983124842,0.0,475.7724340103465
P-n16-k8,ga,3,6,15,1,16.4,8.138795979750322,35,100,0.01,0.12,475.7724340103465,475.77243401034644,100.0,0.0,0,0.5,0.1,0,0,0,0,0.36,0.476,0.5104373658054034,0.0,475.7724340103465
P-n16-k8,ga,3,7,15,1,16.4,8.138795979750322,35,100,0.01,0.14,475.7724340103465,475.77243401034644,100.0,0.0,0,0.5,0.1,0,0,0,0,0.37,0.472,0.5277337874695218,0.0,475.7724340103465
P-n16-k8,ga,3,8,15,1,16.4,8.138795979750322,35,100,0.01,0.16,475.7724340103465,475.7724340103465,100.0,0.0,0,0.5,0.1,0,0,0,0,0.38,0.46799999999999997,0.5445261022305146,0.0,475.7724340103465
P-n16-k8,ga,3,9,15,1,16.4,8.138795979750322,35,100,0.01,0.18,475.7724340103465,475.77243401034656,100.0,0.0,0,0.5,0.1,0,0,0,0,0.39,0.464,0.560748038493699,0.0,475.7724340103465
P-n16-k8,ga,3,10,15,1,16.4,8.138795979750322,35,100,0.01,0.2,475.7724340103465,475.77243401034656,100.0,0.0,0,0.5,0.1,0,0,0,0,0.4,0.45999999999999996,0.576335575687742,0.0,475.7724340103465
P-n16-k8,ga,3,11,15,1,16.4,8.138795979750322,35,100,0.01,0.22,475.7724340103465,475.77243401034656,5.684341886080802e-14,0.0,10,0.5,0.1,0,0,0,0,0.41,0.456,0.5912271969246069,0.0,475.7724340103465
P-n16-k8,ga,3,12,15,1,16.4,8.138795979750322,35,100,0.01,0.24,475.7724340103465,475.77243401034656,5.684341886080802e-14,0.0,11,0.5,0.1,0,0,0,0,0.42,0.452,0.6053641317786066,0.0,475.7724340103465
P-n16-k8,ga,3,13,15,1,16.4,8.138795979750322,35,100,0.01,0.26,475.7724340103465,475.77243401034656,5.684341886080802e-14,0.0,12,0.5,0.1,0,0,0,0,0.43,0.448,0.6186905882264235,0.0,475.7724340103465
P-n16-k8,ga,3,14,15,1,16.4,8.138795979750322,35,100,0.01,0.28,475.7724340103465,475.77243401034656,5.684341886080802e-14,0.0,13,0.5,0.1,0,0,0,0,0.44,0.444,0.6311539728327368,0.0,475.7724340103465
P-n16-k8,ga,3,15,15,1,16.4,8.138795979750322,35,100,0.01,0.3,475.7724340103465,475.77243401034656,5.684341886080802e-14,0.0,14,0.5,0.1,0,0,0,0,0.44999999999999996,0.44,0.6427050983124842,0.0,475.7724340103465
P-n16-k8,ga,3,16,15,1,16.4,8.138795979750322,35,100,0.01,0.32,475.7724340103465,475.77243401034656,5.684341886080802e-14,0.0,15,0.5,0.1,0,0,0,0,0.45999999999999996,0.436,0.6532983776506045,0.0,475.7724340103465
P-n16-k8,ga,3,17,15,1,16.4,8.138795979750322,35,100,0.01,0.34,475.7724340103465,475.77243401034656,5.684341886080802e-14,0.0,16,0.5,0.1,0,0,0,0,0.47,0.432,0.6628920040131592,0.0,475.7724340103465
P-n16-k8,ga,3,18,15,1,16.4,8.138795979750322,35,100,0.01,0.36,475.7724340103465,475.77243401034656,5.684341886080802e-14,0.0,17,0.5,0.1,0,0,0,0,0.48,0.428,0.6714481157398059,0.0,475.7724340103465
P-n16-k8,ga,3,19,15,1,16.4,8.138795979750322,35,100,0.01,0.38,475.7724340103465,475.77243401034656,5.684341886080802e-14,0.0,18,0.5,0.1,0,0,0,0,0.49,0.424,0.6789329457664754,0.0,475.7724340103465
P-n16-k8,ga,3,20,15,1,16.4,8.138795979750322,35,100,0.01,0.4,475.7724340103465,475.77243401034656,5.684341886080802e-14,0.0,19,0.5,0.1,0,0,0,0,0.5,0.42,0.685316954888546,0.0,475.7724340103465
P-n16-k8,ga,3,21,15,1,16.4,8.138795979750322,35,100,0.01,0.42,475.7724340103465,475.77243401034656,5.684341886080802e-14,0.0,19,0.5,0.1,0,0,0,0,0.51,0.416,0.6905749483385893,0.0,475.7724340103465
P-n16-k8,ga,3,22,15,1,16.4,8.138795979750322,35,100,0.01,0.44,475.7724340103465,475.77243401034656,5.684341886080802e-14,0.0,19,0.5,0.1,0,0,0,0,0.52,0.412,0.6946861752186066,0.0,475.7724340103465
P-n16-k8,ga,3,23,15,1,16.4,8.138795979750322,35,100,0.01,0.46,475.7724340103465,475.77243401034656,5.684341886080802e-14,0.0,19,0.5,0.1,0,0,0,0,0.53,0.408,0.6976344103943434,0.0,475.7724340103465
P-n16-k8,ga,3,24,15,1,16.4,8.138795979750322,35,100,0.01,0.48,475.7724340103465,475.77243401034656,5.684341886080802e-14,0.0,19,0.5,0.1,0,0,0,0,0.54,0.404,0.6994080185284814,0.0,475.7724340103465
P-n16-k8,ga,3,25,15,1,16.4,8.138795979750322,35,100,0.01,0.5,475.7724340103465,475.77243401034656,5.684341886080802e-14,0.0,19,0.5,0.1,0,0,0,0,0.55,0.4,0.7,0.0,475.7724340103465
P-n16-k8,ga,3,26,15,1,16.4,8.138795979750322,35,100,0.01,0.52,475.7724340103465,475.77243401034656,5.684341886080802e-14,0.0,19,0.5,0.1,0,0,0,0,0.56,0.396,0.6994080185284814,0.0,475.7724340103465
P-n16-k8,ga,3,27,15,1,16.4,8.138795979750322,35,100,0.01,0.54,475.7724340103465,475.77243401034656,5.684341886080802e-14,0.0,19,0.5,0.1,0,0,0,0,0.5700000000000001,0.392,0.6976344103943433,0.0,475.7724340103465
P-n16-k8,ga,3,28,15,1,16.4,8.138795979750322,35,100,0.01,0.56,475.7724340103465,475.77243401034656,5.684341886080802e-14,0.0,19,0.5,0.1,0,0,0,0,0.5800000000000001,0.388,0.6946861752186066,0.0,475.7724340103465
P-n16-k8,ga,3,29,15,1,16.4,8.138795979750322,35,100,0.01,0.58,475.7724340103465,475.77243401034656,5.684341886080802e-14,0.0,19,0.5,0.1,0,0,0,0,0.59,0.384,0.6905749483385893,0.0,475.7724340103465
P-n16-k8,ga,3,30,15,1,16.4,8.138795979750322,35,100,0.01,0.6,475.7724340103465,475.77243401034656,5.684341886080802e-14,0.0,19,0.5,0.1,0,0,0,0,0.6,0.38,0.685316954888546,0.0,475.7724340103465
P-n16-k8,ga,3,31,15,1,16.4,8.138795979750322,35,100,0.01,0.62,475.7724340103465,475.77243401034656,5.684341886080802e-14,0.0,19,0.5,0.1,0,0,0,0,0.61,0.376,0.6789329457664754,0.0,475.7724340103465
P-n16-k8,ga,3,32,15,1,16.4,8.138795979750322,35,100,0.01,0.64,475.7724340103465,475.77243401034656,5.684341886080802e-14,0.0,19,0.5,0.1,0,0,0,0,0.62,0.372,0.6714481157398058,0.0,475.7724340103465
P-n16-k8,ga,3,33,15,1,16.4,8.138795979750322,35,100,0.01,0.66,475.7724340103465,475.77243401034656,5.684341886080802e-14,0.0,19,0.5,0.1,0,0,0,0,0.63,0.368,0.6628920040131591,0.0,475.7724340103465
P-n16-k8,ga,3,34,15,1,16.4,8.138795979750322,35,100,0.01,0.68,475.7724340103465,475.77243401034656,5.684341886080802e-14,0.0,19,0.5,0.1,0,0,0,0,0.64,0.364,0.6532983776506045,0.0,475.7724340103465
P-n16-k8,ga,3,35,15,1,16.4,8.138795979750322,35,100,0.01,0.7,475.7724340103465,475.77243401034656,5.684341886080802e-14,0.0,19,0.5,0.1,0,0,0,0,0.6499999999999999,0.36,0.6427050983124842,0.0,475.7724340103465
P-n16-k8,ga,3,36,15,1,16.4,8.138795979750322,35,100,0.01,0.72,475.7724340103465,475.77243401034656,5.684341886080802e-14,0.0,19,0.5,0.1,0,0,0,0,0.6599999999999999,0.356,0.6311539728327368,0.0,475.7724340103465
P-n16-k8,ga,3,37,15,1,16.4,8.138795979750322,35,100,0.01,0.74,475.7724340103465,475.77243401034656,5.684341886080802e-14,0.0,19,0.5,0.1,0,0,0,0,0.6699999999999999,0.352,0.6186905882264234,0.0,475.7724340103465
P-n16-k8,ga,3,38,15,1,16.4,8.138795979750322,35,100,0.01,0.76,475.7724340103465,475.77243401034656,5.684341886080802e-14,0.0,19,0.5,0.1,0,0,0,0,0.6799999999999999,0.348,0.6053641317786067,0.0,475.7724340103465
P-n16-k8,ga,3,39,15,1,16.4,8.138795979750322,35,100,0.01,0.78,475.7724340103465,475.77243401034656,5.684341886080802e-14,0.0,19,0.5,0.1,0,0,0,0,0.69,0.344,0.591227196924607,0.0,475.7724340103465
P-n16-k8,ga,3,40,15,1,16.4,8.138795979750322,35,100,0.01,0.8,475.7724340103465,475.77243401034656,5.684341886080802e-14,0.0,19,0.5,0.1,0,0,0,0,0.7,0.33999999999999997,0.576335575687742,0.0,475.7724340103465
P-n16-k8,ga,3,41,15,1,16.4,8.138795979750322,35,100,0.01,0.82,475.7724340103465,475.77243401034656,5.684341886080802e-14,0.0,19,0.5,0.1,0,0,0,0,0.71,0.33599999999999997,0.5607480384936991,0.0,475.7724340103465
P-n16-k8,ga,3,42,15,1,16.4,8.138795979750322,35,100,0.01,0.84,475.7724340103465,475.77243401034656,5.684341886080802e-14,0.0,19,0.5,0.1,0,0,0,0,0.72,0.33199999999999996,0.5445261022305147,0.0,475.7724340103465
P-n16-k8,ga,3,43,15,1,16.4,8.138795979750322,35,100,0.01,0.86,475.7724340103465,475.77243401034656,5.684341886080802e-14,0.0,19,0.5,0.1,0,0,0,0,0.73,0.32799999999999996,0.5277337874695218,0.0,475.7724340103465
P-n16-k8,ga,3,44,15,1,16.4,8.138795979750322,35,100,0.01,0.88,475.7724340103465,475.77243401034656,5.684341886080802e-14,0.0,19,0.5,0.1,0,0,0,0,0.74,0.32399999999999995,0.5104373658054034,0.0,475.7724340103465
P-n16-k8,ga,3,45,15,1,16.4,8.138795979750322,35,100,0.01,0.9,475.7724340103465,475.77243401034656,5.684341886080802e-14,0.0,19,0.5,0.1,0,0,0,0,0.75,0.31999999999999995,0.49270509831248427,0.0,475.7724340103465
P-n16-k8,ga,3,46,15,1,16.4,8.138795979750322,35,100,0.01,0.92,475.7724340103465,475.77243401034656,5.684341886080802e-14,0.0,19,0.5,0.1,0,0,0,0,0.76,0.31599999999999995,0.47460696614945647,0.0,475.7724340103465
P-n16-k8,ga,3,47,15,1,16.4,8.138795979750322,35,100,0.01,0.94,475.7724340103465,475.77243401034656,5.684341886080802e-14,0.0,19,0.5,0.1,0,0,0,0,0.77,0.312,0.45621439437571754,0.0,475.7724340103465
P-n16-k8,ga,3,48,15,1,16.4,8.138795979750322,35,100,0.01,0.96,475.7724340103465,475.77243401034656,5.684341886080802e-14,0.0,19,0.5,0.1,0,0,0,0,0.78,0.308,0.4375999700692914,0.0,475.7724340103465
P-n16-k8,ga,3,49,15,1,16.4,8.138795979750322,35,100,0.01,0.98,475.7724340103465,475.77243401034656,5.684341886080802e-14,0.0,19,0.5,0.1,0,0,0,0,0.79,0.304,0.4188371558587941,0.0,475.7724340103465
P-n16-k8,ga,4,0,15,1,16.4,8.138795979750322,35,100,0.01,0.0,1000.0,1000.0,100.0,0.0,0,0.5,0.1,0,0,0,0,0.3,0.5,0.4,0.0,475.7724340103465
P-n16-k8,ga,4,1,15,1,16.4,8.138795979750322,35,100,0.01,0.02,475.7724340103465,475.7724340103465,100.0,0.0,0,0.5,0.1,0,0,0,0,0.31,0.496,0.41883715585879405,0.0,475.7724340103465
P-n16-k8,ga,4,2,15,1,16.4,8.138795979750322,35,100,0.01,0.04,475.7724340103465,475.7724340103465,100.0,0.0,0,0.5,0.1,0,0,0,0,0.32,0.492,0.4375999700692913,0.0,475.7724340103465
P-n16-k8,ga,4,3,15,1,16.4,8.138795979750322,35,100,0.01,0.06,475.7724340103465,475.77243401034656,100.0,0.0,0,0.5,0.1,0,0,0,0,0.32999999999999996,0.488,0.4562143943757174,0.0,475.7724340103465
P-n16-k8,ga,4,4,15,1,16.4,8.138795979750322,35,100,0.01,0.08,475.7724340103465,475.7724340103465,100.0,0.0,0,0.5,0.1,0,0,0,0,0.33999999999999997,0.484,0.47460696614945647,0.0,475.7724340103465
P-n16-k8,ga,4,5,15,1,16.4,8.138795979750322,35,100,0.01,0.1,475.7724340103465,475.7724340103465,100.0,0.0,0,0.5,0.1,0,0,0,0,0.35,0.48,0.4927050983124842,0.0,475.7724340103465
P-n16-k8,ga,4,6,15,1,16.4,8.138795979750322,35,100,0.01,0.12,475.7724340103465,475.77243401034644,100.0,0.0,0,0.5,0.1,0,0,0,0,0.36,0.476,0.5104373658054034,0.0,475.7724340103465
P-n16-k8,ga,4,7,15,1,16.4,8.138795979750322,35,100,0.01,0.14,475.7724340103465,475.77243401034644,100.0,0.0,0,0.5,0.1,0,0,0,0,0.37,0.472,0.5277337874695218,0.0,475.7724340103465
P-n16-k8,ga,4,8,15,1,16.4,8.138795979750322,35,100,0.01,0.16,475.7724340103465,475.7724340103465,100.0,0.0,0,0.5,0.1,0,0,0,0,0.38,0.46799999999999997,0.5445261022305146,0.0,475.7724340103465
P-n16-k8,ga,4,9,15,1,16.4,8.138795979750322,35,100,0.01,0.18,475.7724340103465,475.77243401034656,100.0,0.0,0,0.5,0.1,0,0,0,0,0.39,0.464,0.560748038493699,0.0,475.7724340103465
P-n16-k8,ga,4,10,15,1,16.4,8.138795979750322,35,100,0.01,0.2,475.7724340103465,475.77243401034656,100.0,0.0,0,0.5,0.1,0,0,0,0,0.4,0.45999999999999996,0.576335575687742,0.0,475.7724340103465
P-n16-k8,ga,4,11,15,1,16.4,8.138795979750322,35,100,0.01,0.22,475.7724340103465,475.77243401034656,5.684341886080802e-14,0.0,10,0.5,0.1,0,0,0,0,0.41,0.456,0.5912271969246069,0.0,475.7724340103465
P-n16-k8,ga,4,12,15,1,16.4,8.138795979750322,35,100,0.01,0.24,475.7724340103465,475.77243401034656,5.684341886080802e-14,0.0,11,0.5,0.1,0,0,0,0,0.42,0.452,0.6053641317786066,0.0,475.7724340103465
P-n16-k8,ga,4,13,15,1,16.4,8.138795979750322,35,100,0.01,0.26,475.7724340103465,475.77243401034656,5.684341886080802e-14,0.0,12,0.5,0.1,0,0,0,0,0.43,0.448,0.6186905882264235,0.0,475.7724340103465
P-n16-k8,ga,4,14,15,1,16.4,8.138795979750322,35,100,0.01,0.28,475.7724340103465,475.77243401034656,5.684341886080802e-14,0.0,13,0.5,0.1,0,0,0,0,0.44,0.444,0.6311539728327368,0.0,475.7724340103465
P-n16-k8,ga,4,15,15,1,16.4,8.138795979750322,35,100,0.01,0.3,475.7724340103465,475.77243401034656,5.684341886080802e-14,0.0,14,0.5,0.1,0,0,0,0,0.44999999999999996,0.44,0.6427050983124842,0.0,475.7724340103465
P-n16-k8,ga,4,16,15,1,16.4,8.138795979750322,35,100,0.01,0.32,475.7724340103465,475.77243401034656,5.684341886080802e-14,0.0,15,0.5,0.1,0,0,0,0,0.45999999999999996,0.436,0.6532983776506045,0.0,475.7724340103465
P-n16-k8,ga,4,17,15,1,16.4,8.138795979750322,35,100,0.01,0.34,475.7724340103465,475.77243401034656,5.684341886080802e-14,0.0,16,0.5,0.1,0,0,0,0,0.47,0.432,0.6628920040131592,0.0,475.7724340103465
P-n16-k8,ga,4,18,15,1,16.4,8.138795979750322,35,100,0.01,0.36,475.7724340103465,475.77243401034656,5.684341886080802e-14,0.0,17,0.5,0.1,0,0,0,0,0.48,0.428,0.6714481157398059,0.0,475.7724340103465
P-n16-k8,ga,4,19,15,1,16.4,8.138795979750322,35,100,0.01,0.38,475.7724340103465,475.77243401034656,5.684341886080802e-14,0.0,18,0.5,0.1,0,0,0,0,0.49,0.424,0.6789329457664754,0.0,475.7724340103465
P-n16-k8,ga,4,20,15,1,16.4,8.138795979750322,35,100,0.01,0.4,475.7724340103465,475.77243401034656,5.684341886080802e-14,0.0,19,0.5,0.1,0,0,0,0,0.5,0.42,0.685316954888546,0.0,475.7724340103465
P-n16-k8,ga,4,21,15,1,16.4,8.138795979750322,35,100,0.01,0.42,475.7724340103465,475.77243401034656,5.684341886080802e-14,0.0,19,0.5,0.1,0,0,0,0,0.51,0.416,0.6905749483385893,0.0,475.7724340103465
P-n16-k8,ga,4,22,15,1,16.4,8.138795979750322,35,100,0.01,0.44,475.7724340103465,475.77243401034656,5.684341886080802e-14,0.0,19,0.5,0.1,0,0,0,0,0.52,0.412,0.6946861752186066,0.0,475.7724340103465
P-n16-k8,ga,4,23,15,1,16.4,8.138795979750322,35,100,0.01,0.46,475.7724340103465,475.77243401034656,5.684341886080802e-14,0.0,19,0.5,0.1,0,0,0,0,0.53,0.408,0.6976344103943434,0.0,475.7724340103465
P-n16-k8,ga,4,24,15,1,16.4,8.138795979750322,35,100,0.01,0.48,475.7724340103465,475.77243401034656,5.684341886080802e-14,0.0,19,0.5,0.1,0,0,0,0,0.54,0.404,0.6994080185284814,0.0,475.7724340103465
P-n16-k8,ga,4,25,15,1,16.4,8.138795979750322,35,100,0.01,0.5,475.7724340103465,475.77243401034656,5.684341886080802e-14,0.0,19,0.5,0.1,0,0,0,0,0.55,0.4,0.7,0.0,475.7724340103465
P-n16-k8,ga,4,26,15,1,16.4,8.138795979750322,35,100,0.01,0.52,475.7724340103465,475.77243401034656,5.684341886080802e-14,0.0,19,0.5,0.1,0,0,0,0,0.56,0.396,0.6994080185284814,0.0,475.7724340103465
P-n16-k8,ga,4,27,15,1,16.4,8.138795979750322,35,100,0.01,0.54,475.7724340103465,475.77243401034656,5.684341886080802e-14,0.0,19,0.5,0.1,0,0,0,0,0.5700000000000001,0.392,0.6976344103943433,0.0,475.7724340103465
P-n16-k8,ga,4,28,15,1,16.4,8.138795979750322,35,100,0.01,0.56,475.7724340103465,475.77243401034656,5.684341886080802e-14,0.0,19,0.5,0.1,0,0,0,0,0.5800000000000001,0.388,0.6946861752186066,0.0,475.7724340103465
P-n16-k8,ga,4,29,15,1,16.4,8.138795979750322,35,100,0.01,0.58,475.7724340103465,475.77243401034656,5.684341886080802e-14,0.0,19,0.5,0.1,0,0,0,0,0.59,0.384,0.6905749483385893,0.0,475.7724340103465
P-n16-k8,ga,4,30,15,1,16.4,8.138795979750322,35,100,0.01,0.6,475.7724340103465,475.77243401034656,5.684341886080802e-14,0.0,19,0.5,0.1,0,0,0,0,0.6,0.38,0.685316954888546,0.0,475.7724340103465
P-n16-k8,ga,4,31,15,1,16.4,8.138795979750322,35,100,0.01,0.62,475.7724340103465,475.77243401034656,5.684341886080802e-14,0.0,19,0.5,0.1,0,0,0,0,0.61,0.376,0.6789329457664754,0.0,475.7724340103465
P-n16-k8,ga,4,32,15,1,16.4,8.138795979750322,35,100,0.01,0.64,475.7724340103465,475.77243401034656,5.684341886080802e-14,0.0,19,0.5,0.1,0,0,0,0,0.62,0.372,0.6714481157398058,0.0,475.7724340103465
P-n16-k8,ga,4,33,15,1,16.4,8.138795979750322,35,100,0.01,0.66,475.7724340103465,475.77243401034656,5.684341886080802e-14,0.0,19,0.5,0.1,0,0,0,0,0.63,0.368,0.6628920040131591,0.0,475.7724340103465
P-n16-k8,ga,4,34,15,1,16.4,8.138795979750322,35,100,0.01,0.68,475.7724340103465,475.77243401034656,5.684341886080802e-14,0.0,19,0.5,0.1,0,0,0,0,0.64,0.364,0.6532983776506045,0.0,475.7724340103465
P-n16-k8,ga,4,35,15,1,16.4,8.138795979750322,35,100,0.01,0.7,475.7724340103465,475.77243401034656,5.684341886080802e-14,0.0,19,0.5,0.1,0,0,0,0,0.6499999999999999,0.36,0.6427050983124842,0.0,475.7724340103465
P-n16-k8,ga,4,36,15,1,16.4,8.138795979750322,35,100,0.01,0.72,475.7724340103465,475.77243401034656,5.684341886080802e-14,0.0,19,0.5,0.1,0,0,0,0,0.6599999999999999,0.356,0.6311539728327368,0.0,475.7724340103465
P-n16-k8,ga,4,37,15,1,16.4,8.138795979750322,35,100,0.01,0.74,475.7724340103465,475.77243401034656,5.684341886080802e-14,0.0,19,0.5,0.1,0,0,0,0,0.6699999999999999,0.352,0.6186905882264234,0.0,475.7724340103465
P-n16-k8,ga,4,38,15,1,16.4,8.138795979750322,35,100,0.01,0.76,475.7724340103465,475.77243401034656,5.684341886080802e-14,0.0,19,0.5,0.1,0,0,0,0,0.6799999999999999,0.348,0.6053641317786067,0.0,475.7724340103465
P-n16-k8,ga,4,39,15,1,16.4,8.138795979750322,35,100,0.01,0.78,475.7724340103465,475.77243401034656,5.684341886080802e-14,0.0,19,0.5,0.1,0,0,0,0,0.69,0.344,0.591227196924607,0.0,475.7724340103465
P-n16-k8,ga,4,40,15,1,16.4,8.138795979750322,35,100,0.01,0.8,475.7724340103465,475.77243401034656,5.684341886080802e-14,0.0,19,0.5,0.1,0,0,0,0,0.7,0.33999999999999997,0.576335575687742,0.0,475.7724340103465
P-n16-k8,ga,4,41,15,1,16.4,8.138795979750322,35,100,0.01,0.82,475.7724340103465,475.77243401034656,5.684341886080802e-14,0.0,19,0.5,0.1,0,0,0,0,0.71,0.33599999999999997,0.5607480384936991,0.0,475.7724340103465
P-n16-k8,ga,4,42,15,1,16.4,8.138795979750322,35,100,0.01,0.84,475.7724340103465,475.77243401034656,5.684341886080802e-14,0.0,19,0.5,0.1,0,0,0,0,0.72,0.33199999999999996,0.5445261022305147,0.0,475.7724340103465
P-n16-k8,ga,4,43,15,1,16.4,8.138795979750322,35,100,0.01,0.86,475.7724340103465,475.77243401034656,5.684341886080802e-14,0.0,19,0.5,0.1,0,0,0,0,0.73,0.32799999999999996,0.5277337874695218,0.0,475.7724340103465
P-n16-k8,ga,4,44,15,1,16.4,8.138795979750322,35,100,0.01,0.88,475.7724340103465,475.77243401034656,5.684341886080802e-14,0.0,19,0.5,0.1,0,0,0,0,0.74,0.32399999999999995,0.5104373658054034,0.0,475.7724340103465
P-n16-k8,ga,4,45,15,1,16.4,8.138795979750322,35,100,0.01,0.9,475.7724340103465,475.77243401034656,5.684341886080802e-14,0.0,19,0.5,0.1,0,0,0,0,0.75,0.31999999999999995,0.49270509831248427,0.0,475.7724340103465
P-n16-k8,ga,4,46,15,1,16.4,8.138795979750322,35,100,0.01,0.92,475.7724340103465,475.77243401034656,5.684341886080802e-14,0.0,19,0.5,0.1,0,0,0,0,0.76,0.31599999999999995,0.47460696614945647,0.0,475.7724340103465
P-n16-k8,ga,4,47,15,1,16.4,8.138795979750322,35,100,0.01,0.94,475.7724340103465,475.77243401034656,5.684341886080802e-14,0.0,19,0.5,0.1,0,0,0,0,0.77,0.312,0.45621439437571754,0.0,475.7724340103465
P-n16-k8,ga,4,48,15,1,16.4,8.138795979750322,35,100,0.01,0.96,475.7724340103465,475.77243401034656,5.684341886080802e-14,0.0,19,0.5,0.1,0,0,0,0,0.78,0.308,0.4375999700692914,0.0,475.7724340103465
P-n16-k8,ga,4,49,15,1,16.4,8.138795979750322,35,100,0.01,0.98,475.7724340103465,475.77243401034656,5.684341886080802e-14,0.0,19,0.5,0.1,0,0,0,0,0.79,0.304,0.4188371558587941,0.0,475.7724340103465
P-n16-k8,ga,5,0,15,1,16.4,8.138795979750322,35,100,0.01,0.0,1000.0,1000.0,100.0,0.0,0,0.5,0.1,0,0,0,0,0.3,0.5,0.4,0.0,475.7724340103465
P-n16-k8,ga,5,1,15,1,16.4,8.138795979750322,35,100,0.01,0.02,475.7724340103465,475.7724340103465,100.0,0.0,0,0.5,0.1,0,0,0,0,0.31,0.496,0.41883715585879405,0.0,475.7724340103465
P-n16-k8,ga,5,2,15,1,16.4,8.138795979750322,35,100,0.01,0.04,475.7724340103465,475.7724340103465,100.0,0.0,0,0.5,0.1,0,0,0,0,0.32,0.492,0.4375999700692913,0.0,475.7724340103465
P-n16-k8,ga,5,3,15,1,16.4,8.138795979750322,35,100,0.01,0.06,475.7724340103465,475.77243401034656,100.0,0.0,0,0.5,0.1,0,0,0,0,0.32999999999999996,0.488,0.4562143943757174,0.0,475.7724340103465
P-n16-k8,ga,5,4,15,1,16.4,8.138795979750322,35,100,0.01,0.08,475.7724340103465,475.7724340103465,100.0,0.0,0,0.5,0.1,0,0,0,0,0.33999999999999997,0.484,0.47460696614945647,0.0,475.7724340103465
P-n16-k8,ga,5,5,15,1,16.4,8.138795979750322,35,100,0.01,0.1,475.7724340103465,475.7724340103465,100.0,0.0,0,0.5,0.1,0,0,0,0,0.35,0.48,0.4927050983124842,0.0,475.7724340103465
P-n16-k8,ga,5,6,15,1,16.4,8.138795979750322,35,100,0.01,0.12,475.7724340103465,475.77243401034644,100.0,0.0,0,0.5,0.1,0,0,0,0,0.36,0.476,0.5104373658054034,0.0,475.7724340103465
P-n16-k8,ga,5,7,15,1,16.4,8.138795979750322,35,100,0.01,0.14,475.7724340103465,475.77243401034644,100.0,0.0,0,0.5,0.1,0,0,0,0,0.37,0.472,0.5277337874695218,0.0,475.7724340103465
P-n16-k8,ga,5,8,15,1,16.4,8.138795979750322,35,100,0.01,0.16,475.7724340103465,475.7724340103465,100.0,0.0,0,0.5,0.1,0,0,0,0,0.38,0.46799999999999997,0.5445261022305146,0.0,475.7724340103465
P-n16-k8,ga,5,9,15,1,16.4,8.138795979750322,35,100,0.01,0.18,475.7724340103465,475.77243401034656,100.0,0.0,0,0.5,0.1,0,0,0,0,0.39,0.464,0.560748038493699,0.0,475.7724340103465
P-n16-k8,ga,5,10,15,1,16.4,8.138795979750322,35,100,0.01,0.2,475.7724340103465,475.77243401034656,100.0,0.0,0,0.5,0.1,0,0,0,0,0.4,0.45999999999999996,0.576335575687742,0.0,475.7724340103465
P-n16-k8,ga,5,11,15,1,16.4,8.138795979750322,35,100,0.01,0.22,475.7724340103465,475.77243401034656,5.684341886080802e-14,0.0,10,0.5,0.1,0,0,0,0,0.41,0.456,0.5912271969246069,0.0,475.7724340103465
P-n16-k8,ga,5,12,15,1,16.4,8.138795979750322,35,100,0.01,0.24,475.7724340103465,475.77243401034656,5.684341886080802e-14,0.0,11,0.5,0.1,0,0,0,0,0.42,0.452,0.6053641317786066,0.0,475.7724340103465
P-n16-k8,ga,5,13,15,1,16.4,8.138795979750322,35,100,0.01,0.26,475.7724340103465,475.77243401034656,5.684341886080802e-14,0.0,12,0.5,0.1,0,0,0,0,0.43,0.448,0.6186905882264235,0.0,475.7724340103465
P-n16-k8,ga,5,14,15,1,16.4,8.138795979750322,35,100,0.01,0.28,475.7724340103465,475.77243401034656,5.684341886080802e-14,0.0,13,0.5,0.1,0,0,0,0,0.44,0.444,0.6311539728327368,0.0,475.7724340103465
P-n16-k8,ga,5,15,15,1,16.4,8.138795979750322,35,100,0.01,0.3,475.7724340103465,475.77243401034656,5.684341886080802e-14,0.0,14,0.5,0.1,0,0,0,0,0.44999999999999996,0.44,0.6427050983124842,0.0,475.7724340103465
P-n16-k8,ga,5,16,15,1,16.4,8.138795979750322,35,100,0.01,0.32,475.7724340103465,475.77243401034656,5.684341886080802e-14,0.0,15,0.5,0.1,0,0,0,0,0.45999999999999996,0.436,0.6532983776506045,0.0,475.7724340103465
P-n16-k8,ga,5,17,15,1,16.4,8.138795979750322,35,100,0.01,0.34,475.7724340103465,475.77243401034656,5.684341886080802e-14,0.0,16,0.5,0.1,0,0,0,0,0.47,0.432,0.6628920040131592,0.0,475.7724340103465
P-n16-k8,ga,5,18,15,1,16.4,8.138795979750322,35,100,0.01,0.36,475.7724340103465,475.77243401034656,5.684341886080802e-14,0.0,17,0.5,0.1,0,0,0,0,0.48,0.428,0.6714481157398059,0.0,475.7724340103465
P-n16-k8,ga,5,19,15,1,16.4,8.138795979750322,35,100,0.01,0.38,475.7724340103465,475.77243401034656,5.684341886080802e-14,0.0,18,0.5,0.1,0,0,0,0,0.49,0.424,0.6789329457664754,0.0,475.7724340103465
P-n16-k8,ga,5,20,15,1,16.4,8.138795979750322,35,100,0.01,0.4,475.7724340103465,475.77243401034656,5.684341886080802e-14,0.0,19,0.5,0.1,0,0,0,0,0.5,0.42,0.685316954888546,0.0,475.7724340103465
P-n16-k8,ga,5,21,15,1,16.4,8.138795979750322,35,100,0.01,0.42,475.7724340103465,475.77243401034656,5.684341886080802e-14,0.0,19,0.5,0.1,0,0,0,0,0.51,0.416,0.6905749483385893,0.0,475.7724340103465
P-n16-k8,ga,5,22,15,1,16.4,8.138795979750322,35,100,0.01,0.44,475.7724340103465,475.77243401034656,5.684341886080802e-14,0.0,19,0.5,0.1,0,0,0,0,0.52,0.412,0.6946861752186066,0.0,475.7724340103465
P-n16-k8,ga,5,23,15,1,16.4,8.138795979750322,35,100,0.01,0.46,475.7724340103465,475.77243401034656,5.684341886080802e-14,0.0,19,0.5,0.1,0,0,0,0,0.53,0.408,0.6976344103943434,0.0,475.7724340103465
P-n16-k8,ga,5,24,15,1,16.4,8.138795979750322,35,100,0.01,0.48,475.7724340103465,475.77243401034656,5.684341886080802e-14,0.0,19,0.5,0.1,0,0,0,0,0.54,0.404,0.6994080185284814,0.0,475.7724340103465
P-n16-k8,ga,5,25,15,1,16.4,8.138795979750322,35,100,0.01,0.5,475.7724340103465,475.77243401034656,5.684341886080802e-14,0.0,19,0.5,0.1,0,0,0,0,0.55,0.4,0.7,0.0,475.7724340103465
P-n16-k8,ga,5,26,15,1,16.4,8.138795979750322,35,100,0.01,0.52,475.7724340103465,475.77243401034656,5.684341886080802e-14,0.0,19,0.5,0.1,0,0,0,0,0.56,0.396,0.6994080185284814,0.0,475.7724340103465
P-n16-k8,ga,5,27,15,1,16.4,8.138795979750322,35,100,0.01,0.54,475.7724340103465,475.77243401034656,5.684341886080802e-14,0.0,19,0.5,0.1,0,0,0,0,0.5700000000000001,0.392,0.6976344103943433,0.0,475.7724340103465
P-n16-k8,ga,5,28,15,1,16.4,8.138795979750322,35,100,0.01,0.56,475.7724340103465,475.77243401034656,5.684341886080802e-14,0.0,19,0.5,0.1,0,0,0,0,0.5800000000000001,0.388,0.6946861752186066,0.0,475.7724340103465
P-n16-k8,ga,5,29,15,1,16.4,8.138795979750322,35,100,0.01,0.58,475.7724340103465,475.77243401034656,5.684341886080802e-14,0.0,19,0.5,0.1,0,0,0,0,0.59,0.384,0.6905749483385893,0.0,475.7724340103465
P-n16-k8,ga,5,30,15,1,16.4,8.138795979750322,35,100,0.01,0.6,475.7724340103465,475.77243401034656,5.684341886080802e-14,0.0,19,0.5,0.1,0,0,0,0,0.6,0.38,0.685316954888546,0.0,475.7724340103465
P-n16-k8,ga,5,31,15,1,16.4,8.138795979750322,35,100,0.01,0.62,475.7724340103465,475.77243401034656,5.684341886080802e-14,0.0,19,0.5,0.1,0,0,0,0,0.61,0.376,0.6789329457664754,0.0,475.7724340103465
P-n16-k8,ga,5,32,15,1,16.4,8.138795979750322,35,100,0.01,0.64,475.7724340103465,475.77243401034656,5.684341886080802e-14,0.0,19,0.5,0.1,0,0,0,0,0.62,0.372,0.6714481157398058,0.0,475.7724340103465
P-n16-k8,ga,5,33,15,1,16.4,8.138795979750322,35,100,0.01,0.66,475.7724340103465,475.77243401034656,5.684341886080802e-14,0.0,19,0.5,0.1,0,0,0,0,0.63,0.368,0.6628920040131591,0.0,475.7724340103465
P-n16-k8,ga,5,34,15,1,16.4,8.138795979750322,35,100,0.01,0.68,475.7724340103465,475.77243401034656,5.684341886080802e-14,0.0,19,0.5,0.1,0,0,0,0,0.64,0.364,0.6532983776506045,0.0,475.7724340103465
P-n16-k8,ga,5,35,15,1,16.4,8.138795979750322,35,100,0.01,0.7,475.7724340103465,475.77243401034656,5.684341886080802e-14,0.0,19,0.5,0.1,0,0,0,0,0.6499999999999999,0.36,0.6427050983124842,0.0,475.7724340103465
P-n16-k8,ga,5,36,15,1,16.4,8.138795979750322,35,100,0.01,0.72,475.7724340103465,475.77243401034656,5.684341886080802e-14,0.0,19,0.5,0.1,0,0,0,0,0.6599999999999999,0.356,0.6311539728327368,0.0,475.7724340103465
P-n16-k8,ga,5,37,15,1,16.4,8.138795979750322,35,100,0.01,0.74,475.7724340103465,475.77243401034656,5.684341886080802e-14,0.0,19,0.5,0.1,0,0,0,0,0.6699999999999999,0.352,0.6186905882264234,0.0,475.7724340103465
P-n16-k8,ga,5,38,15,1,16.4,8.138795979750322,35,100,0.01,0.76,475.7724340103465,475.77243401034656,5.684341886080802e-14,0.0,19,0.5,0.1,0,0,0,0,0.6799999999999999,0.348,0.6053641317786067,0.0,475.7724340103465
P-n16-k8,ga,5,39,15,1,16.4,8.138795979750322,35,100,0.01,0.78,475.7724340103465,475.77243401034656,5.684341886080802e-14,0.0,19,0.5,0.1,0,0,0,0,0.69,0.344,0.591227196924607,0.0,475.7724340103465
P-n16-k8,ga,5,40,15,1,16.4,8.138795979750322,35,100,0.01,0.8,475.7724340103465,475.77243401034656,5.684341886080802e-14,0.0,19,0.5,0.1,0,0,0,0,0.7,0.33999999999999997,0.576335575687742,0.0,475.7724340103465
P-n16-k8,ga,5,41,15,1,16.4,8.138795979750322,35,100,0.01,0.82,475.7724340103465,475.77243401034656,5.684341886080802e-14,0.0,19,0.5,0.1,0,0,0,0,0.71,0.33599999999999997,0.5607480384936991,0.0,475.7724340103465
P-n16-k8,ga,5,42,15,1,16.4,8.138795979750322,35,100,0.01,0.84,475.7724340103465,475.77243401034656,5.684341886080802e-14,0.0,19,0.5,0.1,0,0,0,0,0.72,0.33199999999999996,0.5445261022305147,0.0,475.7724340103465
P-n16-k8,ga,5,43,15,1,16.4,8.138795979750322,35,100,0.01,0.86,475.7724340103465,475.77243401034656,5.684341886080802e-14,0.0,19,0.5,0.1,0,0,0,0,0.73,0.32799999999999996,0.5277337874695218,0.0,475.7724340103465
P-n16-k8,ga,5,44,15,1,16.4,8.138795979750322,35,100,0.01,0.88,475.7724340103465,475.77243401034656,5.684341886080802e-14,0.0,19,0.5,0.1,0,0,0,0,0.74,0.32399999999999995,0.5104373658054034,0.0,475.7724340103465
P-n16-k8,ga,5,45,15,1,16.4,8.138795979750322,35,100,0.01,0.9,475.7724340103465,475.77243401034656,5.684341886080802e-14,0.0,19,0.5,0.1,0,0,0,0,0.75,0.31999999999999995,0.49270509831248427,0.0,475.7724340103465
P-n16-k8,ga,5,46,15,1,16.4,8.138795979750322,35,100,0.01,0.92,475.7724340103465,475.77243401034656,5.684341886080802e-14,0.0,19,0.5,0.1,0,0,0,0,0.76,0.31599999999999995,0.47460696614945647,0.0,475.7724340103465
P-n16-k8,ga,5,47,15,1,16.4,8.138795979750322,35,100,0.01,0.94,475.7724340103465,475.77243401034656,5.684341886080802e-14,0.0,19,0.5,0.1,0,0,0,0,0.77,0.312,0.45621439437571754,0.0,475.7724340103465
P-n16-k8,ga,5,48,15,1,16.4,8.138795979750322,35,100,0.01,0.96,475.7724340103465,475.77243401034656,5.684341886080802e-14,0.0,19,0.5,0.1,0,0,0,0,0.78,0.308,0.4375999700692914,0.0,475.7724340103465
P-n16-k8,ga,5,49,15,1,16.4,8.138795979750322,35,100,0.01,0.98,475.7724340103465,475.77243401034656,5.684341886080802e-14,0.0,19,0.5,0.1,0,0,0,0,0.79,0.304,0.4188371558587941,0.0,475.7724340103465
P-n16-k8,ga,6,0,15,1,16.4,8.138795979750322,35,100,0.01,0.0,1000.0,1000.0,100.0,0.0,0,0.5,0.1,0,0,0,0,0.3,0.5,0.4,0.0,475.7724340103465
P-n16-k8,ga,6,1,15,1,16.4,8.138795979750322,35,100,0.01,0.02,475.7724340103465,475.7724340103465,100.0,0.0,0,0.5,0.1,0,0,0,0,0.31,0.496,0.41883715585879405,0.0,475.7724340103465
P-n16-k8,ga,6,2,15,1,16.4,8.138795979750322,35,100,0.01,0.04,475.7724340103465,475.7724340103465,100.0,0.0,0,0.5,0.1,0,0,0,0,0.32,0.492,0.4375999700692913,0.0,475.7724340103465
P-n16-k8,ga,6,3,15,1,16.4,8.138795979750322,35,100,0.01,0.06,475.7724340103465,475.77243401034656,100.0,0.0,0,0.5,0.1,0,0,0,0,0.32999999999999996,0.488,0.4562143943757174,0.0,475.7724340103465
P-n16-k8,ga,6,4,15,1,16.4,8.138795979750322,35,100,0.01,0.08,475.7724340103465,475.7724340103465,100.0,0.0,0,0.5,0.1,0,0,0,0,0.33999999999999997,0.484,0.47460696614945647,0.0,475.7724340103465
P-n16-k8,ga,6,5,15,1,16.4,8.138795979750322,35,100,0.01,0.1,475.7724340103465,475.7724340103465,100.0,0.0,0,0.5,0.1,0,0,0,0,0.35,0.48,0.4927050983124842,0.0,475.7724340103465
P-n16-k8,ga,6,6,15,1,16.4,8.138795979750322,35,100,0.01,0.12,475.7724340103465,475.77243401034644,100.0,0.0,0,0.5,0.1,0,0,0,0,0.36,0.476,0.5104373658054034,0.0,475.7724340103465
P-n16-k8,ga,6,7,15,1,16.4,8.138795979750322,35,100,0.01,0.14,475.7724340103465,475.77243401034644,100.0,0.0,0,0.5,0.1,0,0,0,0,0.37,0.472,0.5277337874695218,0.0,475.7724340103465
P-n16-k8,ga,6,8,15,1,16.4,8.138795979750322,35,100,0.01,0.16,475.7724340103465,475.7724340103465,100.0,0.0,0,0.5,0.1,0,0,0,0,0.38,0.46799999999999997,0.5445261022305146,0.0,475.7724340103465
P-n16-k8,ga,6,9,15,1,16.4,8.138795979750322,35,100,0.01,0.18,475.7724340103465,475.77243401034656,100.0,0.0,0,0.5,0.1,0,0,0,0,0.39,0.464,0.560748038493699,0.0,475.7724340103465
P-n16-k8,ga,6,10,15,1,16.4,8.138795979750322,35,100,0.01,0.2,475.7724340103465,475.77243401034656,100.0,0.0,0,0.5,0.1,0,0,0,0,0.4,0.45999999999999996,0.576335575687742,0.0,475.7724340103465
P-n16-k8,ga,6,11,15,1,16.4,8.138795979750322,35,100,0.01,0.22,475.7724340103465,475.77243401034656,5.684341886080802e-14,0.0,10,0.5,0.1,0,0,0,0,0.41,0.456,0.5912271969246069,0.0,475.7724340103465
P-n16-k8,ga,6,12,15,1,16.4,8.138795979750322,35,100,0.01,0.24,475.7724340103465,475.77243401034656,5.684341886080802e-14,0.0,11,0.5,0.1,0,0,0,0,0.42,0.452,0.6053641317786066,0.0,475.7724340103465
P-n16-k8,ga,6,13,15,1,16.4,8.138795979750322,35,100,0.01,0.26,475.7724340103465,475.77243401034656,5.684341886080802e-14,0.0,12,0.5,0.1,0,0,0,0,0.43,0.448,0.6186905882264235,0.0,475.7724340103465
P-n16-k8,ga,6,14,15,1,16.4,8.138795979750322,35,100,0.01,0.28,475.7724340103465,475.77243401034656,5.684341886080802e-14,0.0,13,0.5,0.1,0,0,0,0,0.44,0.444,0.6311539728327368,0.0,475.7724340103465
P-n16-k8,ga,6,15,15,1,16.4,8.138795979750322,35,100,0.01,0.3,475.7724340103465,475.77243401034656,5.684341886080802e-14,0.0,14,0.5,0.1,0,0,0,0,0.44999999999999996,0.44,0.6427050983124842,0.0,475.7724340103465
P-n16-k8,ga,6,16,15,1,16.4,8.138795979750322,35,100,0.01,0.32,475.7724340103465,475.77243401034656,5.684341886080802e-14,0.0,15,0.5,0.1,0,0,0,0,0.45999999999999996,0.436,0.6532983776506045,0.0,475.7724340103465
P-n16-k8,ga,6,17,15,1,16.4,8.138795979750322,35,100,0.01,0.34,475.7724340103465,475.77243401034656,5.684341886080802e-14,0.0,16,0.5,0.1,0,0,0,0,0.47,0.432,0.6628920040131592,0.0,475.7724340103465
P-n16-k8,ga,6,18,15,1,16.4,8.138795979750322,35,100,0.01,0.36,475.7724340103465,475.77243401034656,5.684341886080802e-14,0.0,17,0.5,0.1,0,0,0,0,0.48,0.428,0.6714481157398059,0.0,475.7724340103465
P-n16-k8,ga,6,19,15,1,16.4,8.138795979750322,35,100,0.01,0.38,475.7724340103465,475.77243401034656,5.684341886080802e-14,0.0,18,0.5,0.1,0,0,0,0,0.49,0.424,0.6789329457664754,0.0,475.7724340103465
P-n16-k8,ga,6,20,15,1,16.4,8.138795979750322,35,100,0.01,0.4,475.7724340103465,475.77243401034656,5.684341886080802e-14,0.0,19,0.5,0.1,0,0,0,0,0.5,0.42,0.685316954888546,0.0,475.7724340103465
P-n16-k8,ga,6,21,15,1,16.4,8.138795979750322,35,100,0.01,0.42,475.7724340103465,475.77243401034656,5.684341886080802e-14,0.0,19,0.5,0.1,0,0,0,0,0.51,0.416,0.6905749483385893,0.0,475.7724340103465
P-n16-k8,ga,6,22,15,1,16.4,8.138795979750322,35,100,0.01,0.44,475.7724340103465,475.77243401034656,5.684341886080802e-14,0.0,19,0.5,0.1,0,0,0,0,0.52,0.412,0.6946861752186066,0.0,475.7724340103465
P-n16-k8,ga,6,23,15,1,16.4,8.138795979750322,35,100,0.01,0.46,475.7724340103465,475.77243401034656,5.684341886080802e-14,0.0,19,0.5,0.1,0,0,0,0,0.53,0.408,0.6976344103943434,0.0,475.7724340103465
P-n16-k8,ga,6,24,15,1,16.4,8.138795979750322,35,100,0.01,0.48,475.7724340103465,475.77243401034656,5.684341886080802e-14,0.0,19,0.5,0.1,0,0,0,0,0.54,0.404,0.6994080185284814,0.0,475.7724340103465
P-n16-k8,ga,6,25,15,1,16.4,8.138795979750322,35,100,0.01,0.5,475.7724340103465,475.77243401034656,5.684341886080802e-14,0.0,19,0.5,0.1,0,0,0,0,0.55,0.4,0.7,0.0,475.7724340103465
P-n16-k8,ga,6,26,15,1,16.4,8.138795979750322,35,100,0.01,0.52,475.7724340103465,475.77243401034656,5.684341886080802e-14,0.0,19,0.5,0.1,0,0,0,0,0.56,0.396,0.6994080185284814,0.0,475.7724340103465
P-n16-k8,ga,6,27,15,1,16.4,8.138795979750322,35,100,0.01,0.54,475.7724340103465,475.77243401034656,5.684341886080802e-14,0.0,19,0.5,0.1,0,0,0,0,0.5700000000000001,0.392,0.6976344103943433,0.0,475.7724340103465
P-n16-k8,ga,6,28,15,1,16.4,8.138795979750322,35,100,0.01,0.56,475.7724340103465,475.77243401034656,5.684341886080802e-14,0.0,19,0.5,0.1,0,0,0,0,0.5800000000000001,0.388,0.6946861752186066,0.0,475.7724340103465
P-n16-k8,ga,6,29,15,1,16.4,8.138795979750322,35,100,0.01,0.58,475.7724340103465,475.77243401034656,5.684341886080802e-14,0.0,19,0.5,0.1,0,0,0,0,0.59,0.384,0.6905749483385893,0.0,475.7724340103465
P-n16-k8,ga,6,30,15,1,16.4,8.138795979750322,35,100,0.01,0.6,475.7724340103465,475.77243401034656,5.684341886080802e-14,0.0,19,0.5,0.1,0,0,0,0,0.6,0.38,0.685316954888546,0.0,475.7724340103465
P-n16-k8,ga,6,31,15,1,16.4,8.138795979750322,35,100,0.01,0.62,475.7724340103465,475.77243401034656,5.684341886080802e-14,0.0,19,0.5,0.1,0,0,0,0,0.61,0.376,0.6789329457664754,0.0,475.7724340103465
P-n16-k8,ga,6,32,15,1,16.4,8.138795979750322,35,100,0.01,0.64,475.7724340103465,475.77243401034656,5.684341886080802e-14,0.0,19,0.5,0.1,0,0,0,0,0.62,0.372,0.6714481157398058,0.0,475.7724340103465
P-n16-k8,ga,6,33,15,1,16.4,8.138795979750322,35,100,0.01,0.66,475.7724340103465,475.77243401034656,5.684341886080802e-14,0.0,19,0.5,0.1,0,0,0,0,0.63,0.368,0.6628920040131591,0.0,475.7724340103465
P-n16-k8,ga,6,34,15,1,16.4,8.138795979750322,35,100,0.01,0.68,475.7724340103465,475.77243401034656,5.684341886080802e-14,0.0,19,0.5,0.1,0,0,0,0,0.64,0.364,0.6532983776506045,0.0,475.7724340103465
P-n16-k8,ga,6,35,15,1,16.4,8.138795979750322,35,100,0.01,0.7,475.7724340103465,475.77243401034656,5.684341886080802e-14,0.0,19,0.5,0.1,0,0,0,0,0.6499999999999999,0.36,0.6427050983124842,0.0,475.7724340103465
P-n16-k8,ga,6,36,15,1,16.4,8.138795979750322,35,100,0.01,0.72,475.7724340103465,475.77243401034656,5.684341886080802e-14,0.0,19,0.5,0.1,0,0,0,0,0.6599999999999999,0.356,0.6311539728327368,0.0,475.7724340103465
P-n16-k8,ga,6,37,15,1,16.4,8.138795979750322,35,100,0.01,0.74,475.7724340103465,475.77243401034656,5.684341886080802e-14,0.0,19,0.5,0.1,0,0,0,0,0.6699999999999999,0.352,0.6186905882264234,0.0,475.7724340103465
P-n16-k8,ga,6,38,15,1,16.4,8.138795979750322,35,100,0.01,0.76,475.7724340103465,475.77243401034656,5.684341886080802e-14,0.0,19,0.5,0.1,0,0,0,0,0.6799999999999999,0.348,0.6053641317786067,0.0,475.7724340103465
P-n16-k8,ga,6,39,15,1,16.4,8.138795979750322,35,100,0.01,0.78,475.7724340103465,475.77243401034656,5.684341886080802e-14,0.0,19,0.5,0.1,0,0,0,0,0.69,0.344,0.591227196924607,0.0,475.7724340103465
P-n16-k8,ga,6,40,15,1,16.4,8.138795979750322,35,100,0.01,0.8,475.7724340103465,475.77243401034656,5.684341886080802e-14,0.0,19,0.5,0.1,0,0,0,0,0.7,0.33999999999999997,0.576335575687742,0.0,475.7724340103465
P-n16-k8,ga,6,41,15,1,16.4,8.138795979750322,35,100,0.01,0.82,475.7724340103465,475.77243401034656,5.684341886080802e-14,0.0,19,0.5,0.1,0,0,0,0,0.71,0.33599999999999997,0.5607480384936991,0.0,475.7724340103465
P-n16-k8,ga,6,42,15,1,16.4,8.138795979750322,35,100,0.01,0.84,475.7724340103465,475.77243401034656,5.684341886080802e-14,0.0,19,0.5,0.1,0,0,0,0,0.72,0.33199999999999996,0.5445261022305147,0.0,475.7724340103465
P-n16-k8,ga,6,43,15,1,16.4,8.138795979750322,35,100,0.01,0.86,475.7724340103465,475.77243401034656,5.684341886080802e-14,0.0,19,0.5,0.1,0,0,0,0,0.73,0.32799999999999996,0.5277337874695218,0.0,475.7724340103465
P-n16-k8,ga,6,44,15,1,16.4,8.138795979750322,35,100,0.01,0.88,475.7724340103465,475.77243401034656,5.684341886080802e-14,0.0,19,0.5,0.1,0,0,0,0,0.74,0.32399999999999995,0.5104373658054034,0.0,475.7724340103465
P-n16-k8,ga,6,45,15,1,16.4,8.138795979750322,35,100,0.01,0.9,475.7724340103465,475.77243401034656,5.684341886080802e-14,0.0,19,0.5,0.1,0,0,0,0,0.75,0.31999999999999995,0.49270509831248427,0.0,475.7724340103465
P-n16-k8,ga,6,46,15,1,16.4,8.138795979750322,35,100,0.01,0.92,475.7724340103465,475.77243401034656,5.684341886080802e-14,0.0,19,0.5,0.1,0,0,0,0,0.76,0.31599999999999995,0.47460696614945647,0.0,475.7724340103465
P-n16-k8,ga,6,47,15,1,16.4,8.138795979750322,35,100,0.01,0.94,475.7724340103465,475.77243401034656,5.684341886080802e-14,0.0,19,0.5,0.1,0,0,0,0,0.77,0.312,0.45621439437571754,0.0,475.7724340103465
P-n16-k8,ga,6,48,15,1,16.4,8.138795979750322,35,100,0.01,0.96,475.7724340103465,475.77243401034656,5.684341886080802e-14,0.0,19,0.5,0.1,0,0,0,0,0.78,0.308,0.4375999700692914,0.0,475.7724340103465
P-n16-k8,ga,6,49,15,1,16.4,8.138795979750322,35,100,0.01,0.98,475.7724340103465,475.77243401034656,5.684341886080802e-14,0.0,19,0.5,0.1,0,0,0,0,0.79,0.304,0.4188371558587941,0.0,475.7724340103465
P-n16-k8,ga,7,0,15,1,16.4,8.138795979750322,35,100,0.01,0.0,1000.0,1000.0,100.0,0.0,0,0.5,0.1,0,0,0,0,0.3,0.5,0.4,0.0,475.7724340103465
P-n16-k8,ga,7,1,15,1,16.4,8.138795979750322,35,100,0.01,0.02,475.7724340103465,475.7724340103465,100.0,0.0,0,0.5,0.1,0,0,0,0,0.31,0.496,0.41883715585879405,0.0,475.7724340103465
P-n16-k8,ga,7,2,15,1,16.4,8.138795979750322,35,100,0.01,0.04,475.7724340103465,475.7724340103465,100.0,0.0,0,0.5,0.1,0,0,0,0,0.32,0.492,0.4375999700692913,0.0,475.7724340103465
P-n16-k8,ga,7,3,15,1,16.4,8.138795979750322,35,100,0.01,0.06,475.7724340103465,475.77243401034656,100.0,0.0,0,0.5,0.1,0,0,0,0,0.32999999999999996,0.488,0.4562143943757174,0.0,475.7724340103465
P-n16-k8,ga,7,4,15,1,16.4,8.138795979750322,35,100,0.01,0.08,475.7724340103465,475.7724340103465,100.0,0.0,0,0.5,0.1,0,0,0,0,0.33999999999999997,0.484,0.47460696614945647,0.0,475.7724340103465
P-n16-k8,ga,7,5,15,1,16.4,8.138795979750322,35,100,0.01,0.1,475.7724340103465,475.7724340103465,100.0,0.0,0,0.5,0.1,0,0,0,0,0.35,0.48,0.4927050983124842,0.0,475.7724340103465
P-n16-k8,ga,7,6,15,1,16.4,8.138795979750322,35,100,0.01,0.12,475.7724340103465,475.77243401034644,100.0,0.0,0,0.5,0.1,0,0,0,0,0.36,0.476,0.5104373658054034,0.0,475.7724340103465
P-n16-k8,ga,7,7,15,1,16.4,8.138795979750322,35,100,0.01,0.14,475.7724340103465,475.77243401034644,100.0,0.0,0,0.5,0.1,0,0,0,0,0.37,0.472,0.5277337874695218,0.0,475.7724340103465
P-n16-k8,ga,7,8,15,1,16.4,8.138795979750322,35,100,0.01,0.16,475.7724340103465,475.7724340103465,100.0,0.0,0,0.5,0.1,0,0,0,0,0.38,0.46799999999999997,0.5445261022305146,0.0,475.7724340103465
P-n16-k8,ga,7,9,15,1,16.4,8.138795979750322,35,100,0.01,0.18,475.7724340103465,475.77243401034656,100.0,0.0,0,0.5,0.1,0,0,0,0,0.39,0.464,0.560748038493699,0.0,475.7724340103465
P-n16-k8,ga,7,10,15,1,16.4,8.138795979750322,35,100,0.01,0.2,475.7724340103465,475.77243401034656,100.0,0.0,0,0.5,0.1,0,0,0,0,0.4,0.45999999999999996,0.576335575687742,0.0,475.7724340103465
P-n16-k8,ga,7,11,15,1,16.4,8.138795979750322,35,100,0.01,0.22,475.7724340103465,475.77243401034656,5.684341886080802e-14,0.0,10,0.5,0.1,0,0,0,0,0.41,0.456,0.5912271969246069,0.0,475.7724340103465
P-n16-k8,ga,7,12,15,1,16.4,8.138795979750322,35,100,0.01,0.24,475.7724340103465,475.77243401034656,5.684341886080802e-14,0.0,11,0.5,0.1,0,0,0,0,0.42,0.452,0.6053641317786066,0.0,475.7724340103465
P-n16-k8,ga,7,13,15,1,16.4,8.138795979750322,35,100,0.01,0.26,475.7724340103465,475.77243401034656,5.684341886080802e-14,0.0,12,0.5,0.1,0,0,0,0,0.43,0.448,0.6186905882264235,0.0,475.7724340103465
P-n16-k8,ga,7,14,15,1,16.4,8.138795979750322,35,100,0.01,0.28,475.7724340103465,475.77243401034656,5.684341886080802e-14,0.0,13,0.5,0.1,0,0,0,0,0.44,0.444,0.6311539728327368,0.0,475.7724340103465
P-n16-k8,ga,7,15,15,1,16.4,8.138795979750322,35,100,0.01,0.3,475.7724340103465,475.77243401034656,5.684341886080802e-14,0.0,14,0.5,0.1,0,0,0,0,0.44999999999999996,0.44,0.6427050983124842,0.0,475.7724340103465
P-n16-k8,ga,7,16,15,1,16.4,8.138795979750322,35,100,0.01,0.32,475.7724340103465,475.77243401034656,5.684341886080802e-14,0.0,15,0.5,0.1,0,0,0,0,0.45999999999999996,0.436,0.6532983776506045,0.0,475.7724340103465
P-n16-k8,ga,7,17,15,1,16.4,8.138795979750322,35,100,0.01,0.34,475.7724340103465,475.77243401034656,5.684341886080802e-14,0.0,16,0.5,0.1,0,0,0,0,0.47,0.432,0.6628920040131592,0.0,475.7724340103465
P-n16-k8,ga,7,18,15,1,16.4,8.138795979750322,35,100,0.01,0.36,475.7724340103465,475.77243401034656,5.684341886080802e-14,0.0,17,0.5,0.1,0,0,0,0,0.48,0.428,0.6714481157398059,0.0,475.7724340103465
P-n16-k8,ga,7,19,15,1,16.4,8.138795979750322,35,100,0.01,0.38,475.7724340103465,475.77243401034656,5.684341886080802e-14,0.0,18,0.5,0.1,0,0,0,0,0.49,0.424,0.6789329457664754,0.0,475.7724340103465
P-n16-k8,ga,7,20,15,1,16.4,8.138795979750322,35,100,0.01,0.4,475.7724340103465,475.77243401034656,5.684341886080802e-14,0.0,19,0.5,0.1,0,0,0,0,0.5,0.42,0.685316954888546,0.0,475.7724340103465
P-n16-k8,ga,7,21,15,1,16.4,8.138795979750322,35,100,0.01,0.42,475.7724340103465,475.77243401034656,5.684341886080802e-14,0.0,19,0.5,0.1,0,0,0,0,0.51,0.416,0.6905749483385893,0.0,475.7724340103465
P-n16-k8,ga,7,22,15,1,16.4,8.138795979750322,35,100,0.01,0.44,475.7724340103465,475.77243401034656,5.684341886080802e-14,0.0,19,0.5,0.1,0,0,0,0,0.52,0.412,0.6946861752186066,0.0,475.7724340103465
P-n16-k8,ga,7,23,15,1,16.4,8.138795979750322,35,100,0.01,0.46,475.7724340103465,475.77243401034656,5.684341886080802e-14,0.0,19,0.5,0.1,0,0,0,0,0.53,0.408,0.6976344103943434,0.0,475.7724340103465
P-n16-k8,ga,7,24,15,1,16.4,8.138795979750322,35,100,0.01,0.48,475.7724340103465,475.77243401034656,5.684341886080802e-14,0.0,19,0.5,0.1,0,0,0,0,0.54,0.404,0.6994080185284814,0.0,475.7724340103465
P-n16-k8,ga,7,25,15,1,16.4,8.138795979750322,35,100,0.01,0.5,475.7724340103465,475.77243401034656,5.684341886080802e-14,0.0,19,0.5,0.1,0,0,0,0,0.55,0.4,0.7,0.0,475.7724340103465
P-n16-k8,ga,7,26,15,1,16.4,8.138795979750322,35,100,0.01,0.52,475.7724340103465,475.77243401034656,5.684341886080802e-14,0.0,19,0.5,0.1,0,0,0,0,0.56,0.396,0.6994080185284814,0.0,475.7724340103465
P-n16-k8,ga,7,27,15,1,16.4,8.138795979750322,35,100,0.01,0.54,475.7724340103465,475.77243401034656,5.684341886080802e-14,0.0,19,0.5,0.1,0,0,0,0,0.5700000000000001,0.392,0.6976344103943433,0.0,475.7724340103465
P-n16-k8,ga,7,28,15,1,16.4,8.138795979750322,35,100,0.01,0.56,475.7724340103465,475.77243401034656,5.684341886080802e-14,0.0,19,0.5,0.1,0,0,0,0,0.5800000000000001,0.388,0.6946861752186066,0.0,475.7724340103465
P-n16-k8,ga,7,29,15,1,16.4,8.138795979750322,35,100,0.01,0.58,475.7724340103465,475.77243401034656,5.684341886080802e-14,0.0,19,0.5,0.1,0,0,0,0,0.59,0.384,0.6905749483385893,0.0,475.7724340103465
P-n16-k8,ga,7,30,15,1,16.4,8.138795979750322,35,100,0.01,0.6,475.7724340103465,475.77243401034656,5.684341886080802e-14,0.0,19,0.5,0.1,0,0,0,0,0.6,0.38,0.685316954888546,0.0,475.7724340103465
P-n16-k8,ga,7,31,15,1,16.4,8.138795979750322,35,100,0.01,0.62,475.7724340103465,475.77243401034656,5.684341886080802e-14,0.0,19,0.5,0.1,0,0,0,0,0.61,0.376,0.6789329457664754,0.0,475.7724340103465
P-n16-k8,ga,7,32,15,1,16.4,8.138795979750322,35,100,0.01,0.64,475.7724340103465,475.77243401034656,5.684341886080802e-14,0.0,19,0.5,0.1,0,0,0,0,0.62,0.372,0.6714481157398058,0.0,475.7724340103465
P-n16-k8,ga,7,33,15,1,16.4,8.138795979750322,35,100,0.01,0.66,475.7724340103465,475.77243401034656,5.684341886080802e-14,0.0,19,0.5,0.1,0,0,0,0,0.63,0.368,0.6628920040131591,0.0,475.7724340103465
P-n16-k8,ga,7,34,15,1,16.4,8.138795979750322,35,100,0.01,0.68,475.7724340103465,475.77243401034656,5.684341886080802e-14,0.0,19,0.5,0.1,0,0,0,0,0.64,0.364,0.6532983776506045,0.0,475.7724340103465
P-n16-k8,ga,7,35,15,1,16.4,8.138795979750322,35,100,0.01,0.7,475.7724340103465,475.77243401034656,5.684341886080802e-14,0.0,19,0.5,0.1,0,0,0,0,0.6499999999999999,0.36,0.6427050983124842,0.0,475.7724340103465
P-n16-k8,ga,7,36,15,1,16.4,8.138795979750322,35,100,0.01,0.72,475.7724340103465,475.77243401034656,5.684341886080802e-14,0.0,19,0.5,0.1,0,0,0,0,0.6599999999999999,0.356,0.6311539728327368,0.0,475.7724340103465
P-n16-k8,ga,7,37,15,1,16.4,8.138795979750322,35,100,0.01,0.74,475.7724340103465,475.77243401034656,5.684341886080802e-14,0.0,19,0.5,0.1,0,0,0,0,0.6699999999999999,0.352,0.6186905882264234,0.0,475.7724340103465
P-n16-k8,ga,7,38,15,1,16.4,8.138795979750322,35,100,0.01,0.76,475.7724340103465,475.77243401034656,5.684341886080802e-14,0.0,19,0.5,0.1,0,0,0,0,0.6799999999999999,0.348,0.6053641317786067,0.0,475.7724340103465
P-n16-k8,ga,7,39,15,1,16.4,8.138795979750322,35,100,0.01,0.78,475.7724340103465,475.77243401034656,5.684341886080802e-14,0.0,19,0.5,0.1,0,0,0,0,0.69,0.344,0.591227196924607,0.0,475.7724340103465
P-n16-k8,ga,7,40,15,1,16.4,8.138795979750322,35,100,0.01,0.8,475.7724340103465,475.77243401034656,5.684341886080802e-14,0.0,19,0.5,0.1,0,0,0,0,0.7,0.33999999999999997,0.576335575687742,0.0,475.7724340103465
P-n16-k8,ga,7,41,15,1,16.4,8.138795979750322,35,100,0.01,0.82,475.7724340103465,475.77243401034656,5.684341886080802e-14,0.0,19,0.5,0.1,0,0,0,0,0.71,0.33599999999999997,0.5607480384936991,0.0,475.7724340103465
P-n16-k8,ga,7,42,15,1,16.4,8.138795979750322,35,100,0.01,0.84,475.7724340103465,475.77243401034656,5.684341886080802e-14,0.0,19,0.5,0.1,0,0,0,0,0.72,0.33199999999999996,0.5445261022305147,0.0,475.7724340103465
P-n16-k8,ga,7,43,15,1,16.4,8.138795979750322,35,100,0.01,0.86,475.7724340103465,475.77243401034656,5.684341886080802e-14,0.0,19,0.5,0.1,0,0,0,0,0.73,0.32799999999999996,0.5277337874695218,0.0,475.7724340103465
P-n16-k8,ga,7,44,15,1,16.4,8.138795979750322,35,100,0.01,0.88,475.7724340103465,475.77243401034656,5.684341886080802e-14,0.0,19,0.5,0.1,0,0,0,0,0.74,0.32399999999999995,0.5104373658054034,0.0,475.7724340103465
P-n16-k8,ga,7,45,15,1,16.4,8.138795979750322,35,100,0.01,0.9,475.7724340103465,475.77243401034656,5.684341886080802e-14,0.0,19,0.5,0.1,0,0,0,0,0.75,0.31999999999999995,0.49270509831248427,0.0,475.7724340103465
P-n16-k8,ga,7,46,15,1,16.4,8.138795979750322,35,100,0.01,0.92,475.7724340103465,475.77243401034656,5.684341886080802e-14,0.0,19,0.5,0.1,0,0,0,0,0.76,0.31599999999999995,0.47460696614945647,0.0,475.7724340103465
P-n16-k8,ga,7,47,15,1,16.4,8.138795979750322,35,100,0.01,0.94,475.7724340103465,475.77243401034656,5.684341886080802e-14,0.0,19,0.5,0.1,0,0,0,0,0.77,0.312,0.45621439437571754,0.0,475.7724340103465
P-n16-k8,ga,7,48,15,1,16.4,8.138795979750322,35,100,0.01,0.96,475.7724340103465,475.77243401034656,5.684341886080802e-14,0.0,19,0.5,0.1,0,0,0,0,0.78,0.308,0.4375999700692914,0.0,475.7724340103465
P-n16-k8,ga,7,49,15,1,16.4,8.138795979750322,35,100,0.01,0.98,475.7724340103465,475.77243401034656,5.684341886080802e-14,0.0,19,0.5,0.1,0,0,0,0,0.79,0.304,0.4188371558587941,0.0,475.7724340103465
P-n16-k8,ga,8,0,15,1,16.4,8.138795979750322,35,100,0.01,0.0,1000.0,1000.0,100.0,0.0,0,0.5,0.1,0,0,0,0,0.3,0.5,0.4,0.0,475.7724340103465
P-n16-k8,ga,8,1,15,1,16.4,8.138795979750322,35,100,0.01,0.02,475.7724340103465,475.7724340103465,100.0,0.0,0,0.5,0.1,0,0,0,0,0.31,0.496,0.41883715585879405,0.0,475.7724340103465
P-n16-k8,ga,8,2,15,1,16.4,8.138795979750322,35,100,0.01,0.04,475.7724340103465,475.7724340103465,100.0,0.0,0,0.5,0.1,0,0,0,0,0.32,0.492,0.4375999700692913,0.0,475.7724340103465
P-n16-k8,ga,8,3,15,1,16.4,8.138795979750322,35,100,0.01,0.06,475.7724340103465,475.77243401034656,100.0,0.0,0,0.5,0.1,0,0,0,0,0.32999999999999996,0.488,0.4562143943757174,0.0,475.7724340103465
P-n16-k8,ga,8,4,15,1,16.4,8.138795979750322,35,100,0.01,0.08,475.7724340103465,475.7724340103465,100.0,0.0,0,0.5,0.1,0,0,0,0,0.33999999999999997,0.484,0.47460696614945647,0.0,475.7724340103465
P-n16-k8,ga,8,5,15,1,16.4,8.138795979750322,35,100,0.01,0.1,475.7724340103465,475.7724340103465,100.0,0.0,0,0.5,0.1,0,0,0,0,0.35,0.48,0.4927050983124842,0.0,475.7724340103465
P-n16-k8,ga,8,6,15,1,16.4,8.138795979750322,35,100,0.01,0.12,475.7724340103465,475.77243401034644,100.0,0.0,0,0.5,0.1,0,0,0,0,0.36,0.476,0.5104373658054034,0.0,475.7724340103465
P-n16-k8,ga,8,7,15,1,16.4,8.138795979750322,35,100,0.01,0.14,475.7724340103465,475.77243401034644,100.0,0.0,0,0.5,0.1,0,0,0,0,0.37,0.472,0.5277337874695218,0.0,475.7724340103465
P-n16-k8,ga,8,8,15,1,16.4,8.138795979750322,35,100,0.01,0.16,475.7724340103465,475.7724340103465,100.0,0.0,0,0.5,0.1,0,0,0,0,0.38,0.46799999999999997,0.5445261022305146,0.0,475.7724340103465
P-n16-k8,ga,8,9,15,1,16.4,8.138795979750322,35,100,0.01,0.18,475.7724340103465,475.77243401034656,100.0,0.0,0,0.5,0.1,0,0,0,0,0.39,0.464,0.560748038493699,0.0,475.7724340103465
P-n16-k8,ga,8,10,15,1,16.4,8.138795979750322,35,100,0.01,0.2,475.7724340103465,475.77243401034656,100.0,0.0,0,0.5,0.1,0,0,0,0,0.4,0.45999999999999996,0.576335575687742,0.0,475.7724340103465
P-n16-k8,ga,8,11,15,1,16.4,8.138795979750322,35,100,0.01,0.22,475.7724340103465,475.77243401034656,5.684341886080802e-14,0.0,10,0.5,0.1,0,0,0,0,0.41,0.456,0.5912271969246069,0.0,475.7724340103465
P-n16-k8,ga,8,12,15,1,16.4,8.138795979750322,35,100,0.01,0.24,475.7724340103465,475.77243401034656,5.684341886080802e-14,0.0,11,0.5,0.1,0,0,0,0,0.42,0.452,0.6053641317786066,0.0,475.7724340103465
P-n16-k8,ga,8,13,15,1,16.4,8.138795979750322,35,100,0.01,0.26,475.7724340103465,475.77243401034656,5.684341886080802e-14,0.0,12,0.5,0.1,0,0,0,0,0.43,0.448,0.6186905882264235,0.0,475.7724340103465
P-n16-k8,ga,8,14,15,1,16.4,8.138795979750322,35,100,0.01,0.28,475.7724340103465,475.77243401034656,5.684341886080802e-14,0.0,13,0.5,0.1,0,0,0,0,0.44,0.444,0.6311539728327368,0.0,475.7724340103465
P-n16-k8,ga,8,15,15,1,16.4,8.138795979750322,35,100,0.01,0.3,475.7724340103465,475.77243401034656,5.684341886080802e-14,0.0,14,0.5,0.1,0,0,0,0,0.44999999999999996,0.44,0.6427050983124842,0.0,475.7724340103465
P-n16-k8,ga,8,16,15,1,16.4,8.138795979750322,35,100,0.01,0.32,475.7724340103465,475.77243401034656,5.684341886080802e-14,0.0,15,0.5,0.1,0,0,0,0,0.45999999999999996,0.436,0.6532983776506045,0.0,475.7724340103465
P-n16-k8,ga,8,17,15,1,16.4,8.138795979750322,35,100,0.01,0.34,475.7724340103465,475.77243401034656,5.684341886080802e-14,0.0,16,0.5,0.1,0,0,0,0,0.47,0.432,0.6628920040131592,0.0,475.7724340103465
P-n16-k8,ga,8,18,15,1,16.4,8.138795979750322,35,100,0.01,0.36,475.7724340103465,475.77243401034656,5.684341886080802e-14,0.0,17,0.5,0.1,0,0,0,0,0.48,0.428,0.6714481157398059,0.0,475.7724340103465
P-n16-k8,ga,8,19,15,1,16.4,8.138795979750322,35,100,0.01,0.38,475.7724340103465,475.77243401034656,5.684341886080802e-14,0.0,18,0.5,0.1,0,0,0,0,0.49,0.424,0.6789329457664754,0.0,475.7724340103465
P-n16-k8,ga,8,20,15,1,16.4,8.138795979750322,35,100,0.01,0.4,475.7724340103465,475.77243401034656,5.684341886080802e-14,0.0,19,0.5,0.1,0,0,0,0,0.5,0.42,0.685316954888546,0.0,475.7724340103465
P-n16-k8,ga,8,21,15,1,16.4,8.138795979750322,35,100,0.01,0.42,475.7724340103465,475.77243401034656,5.684341886080802e-14,0.0,19,0.5,0.1,0,0,0,0,0.51,0.416,0.6905749483385893,0.0,475.7724340103465
P-n16-k8,ga,8,22,15,1,16.4,8.138795979750322,35,100,0.01,0.44,475.7724340103465,475.77243401034656,5.684341886080802e-14,0.0,19,0.5,0.1,0,0,0,0,0.52,0.412,0.6946861752186066,0.0,475.7724340103465
P-n16-k8,ga,8,23,15,1,16.4,8.138795979750322,35,100,0.01,0.46,475.7724340103465,475.77243401034656,5.684341886080802e-14,0.0,19,0.5,0.1,0,0,0,0,0.53,0.408,0.6976344103943434,0.0,475.7724340103465
P-n16-k8,ga,8,24,15,1,16.4,8.138795979750322,35,100,0.01,0.48,475.7724340103465,475.77243401034656,5.684341886080802e-14,0.0,19,0.5,0.1,0,0,0,0,0.54,0.404,0.6994080185284814,0.0,475.7724340103465
P-n16-k8,ga,8,25,15,1,16.4,8.138795979750322,35,100,0.01,0.5,475.7724340103465,475.77243401034656,5.684341886080802e-14,0.0,19,0.5,0.1,0,0,0,0,0.55,0.4,0.7,0.0,475.7724340103465
P-n16-k8,ga,8,26,15,1,16.4,8.138795979750322,35,100,0.01,0.52,475.7724340103465,475.77243401034656,5.684341886080802e-14,0.0,19,0.5,0.1,0,0,0,0,0.56,0.396,0.6994080185284814,0.0,475.7724340103465
P-n16-k8,ga,8,27,15,1,16.4,8.138795979750322,35,100,0.01,0.54,475.7724340103465,475.77243401034656,5.684341886080802e-14,0.0,19,0.5,0.1,0,0,0,0,0.5700000000000001,0.392,0.6976344103943433,0.0,475.7724340103465
P-n16-k8,ga,8,28,15,1,16.4,8.138795979750322,35,100,0.01,0.56,475.7724340103465,475.77243401034656,5.684341886080802e-14,0.0,19,0.5,0.1,0,0,0,0,0.5800000000000001,0.388,0.6946861752186066,0.0,475.7724340103465
P-n16-k8,ga,8,29,15,1,16.4,8.138795979750322,35,100,0.01,0.58,475.7724340103465,475.77243401034656,5.684341886080802e-14,0.0,19,0.5,0.1,0,0,0,0,0.59,0.384,0.6905749483385893,0.0,475.7724340103465
P-n16-k8,ga,8,30,15,1,16.4,8.138795979750322,35,100,0.01,0.6,475.7724340103465,475.77243401034656,5.684341886080802e-14,0.0,19,0.5,0.1,0,0,0,0,0.6,0.38,0.685316954888546,0.0,475.7724340103465
P-n16-k8,ga,8,31,15,1,16.4,8.138795979750322,35,100,0.01,0.62,475.7724340103465,475.77243401034656,5.684341886080802e-14,0.0,19,0.5,0.1,0,0,0,0,0.61,0.376,0.6789329457664754,0.0,475.7724340103465
P-n16-k8,ga,8,32,15,1,16.4,8.138795979750322,35,100,0.01,0.64,475.7724340103465,475.77243401034656,5.684341886080802e-14,0.0,19,0.5,0.1,0,0,0,0,0.62,0.372,0.6714481157398058,0.0,475.7724340103465
P-n16-k8,ga,8,33,15,1,16.4,8.138795979750322,35,100,0.01,0.66,475.7724340103465,475.77243401034656,5.684341886080802e-14,0.0,19,0.5,0.1,0,0,0,0,0.63,0.368,0.6628920040131591,0.0,475.7724340103465
P-n16-k8,ga,8,34,15,1,16.4,8.138795979750322,35,100,0.01,0.68,475.7724340103465,475.77243401034656,5.684341886080802e-14,0.0,19,0.5,0.1,0,0,0,0,0.64,0.364,0.6532983776506045,0.0,475.7724340103465
P-n16-k8,ga,8,35,15,1,16.4,8.138795979750322,35,100,0.01,0.7,475.7724340103465,475.77243401034656,5.684341886080802e-14,0.0,19,0.5,0.1,0,0,0,0,0.6499999999999999,0.36,0.6427050983124842,0.0,475.7724340103465
P-n16-k8,ga,8,36,15,1,16.4,8.138795979750322,35,100,0.01,0.72,475.7724340103465,475.77243401034656,5.684341886080802e-14,0.0,19,0.5,0.1,0,0,0,0,0.6599999999999999,0.356,0.6311539728327368,0.0,475.7724340103465
P-n16-k8,ga,8,37,15,1,16.4,8.138795979750322,35,100,0.01,0.74,475.7724340103465,475.77243401034656,5.684341886080802e-14,0.0,19,0.5,0.1,0,0,0,0,0.6699999999999999,0.352,0.6186905882264234,0.0,475.7724340103465
P-n16-k8,ga,8,38,15,1,16.4,8.138795979750322,35,100,0.01,0.76,475.7724340103465,475.77243401034656,5.684341886080802e-14,0.0,19,0.5,0.1,0,0,0,0,0.6799999999999999,0.348,0.6053641317786067,0.0,475.7724340103465
P-n16-k8,ga,8,39,15,1,16.4,8.138795979750322,35,100,0.01,0.78,475.7724340103465,475.77243401034656,5.684341886080802e-14,0.0,19,0.5,0.1,0,0,0,0,0.69,0.344,0.591227196924607,0.0,475.7724340103465
P-n16-k8,ga,8,40,15,1,16.4,8.138795979750322,35,100,0.01,0.8,475.7724340103465,475.77243401034656,5.684341886080802e-14,0.0,19,0.5,0.1,0,0,0,0,0.7,0.33999999999999997,0.576335575687742,0.0,475.7724340103465
P-n16-k8,ga,8,41,15,1,16.4,8.138795979750322,35,100,0.01,0.82,475.7724340103465,475.77243401034656,5.684341886080802e-14,0.0,19,0.5,0.1,0,0,0,0,0.71,0.33599999999999997,0.5607480384936991,0.0,475.7724340103465
P-n16-k8,ga,8,42,15,1,16.4,8.138795979750322,35,100,0.01,0.84,475.7724340103465,475.77243401034656,5.684341886080802e-14,0.0,19,0.5,0.1,0,0,0,0,0.72,0.33199999999999996,0.5445261022305147,0.0,475.7724340103465
P-n16-k8,ga,8,43,15,1,16.4,8.138795979750322,35,100,0.01,0.86,475.7724340103465,475.77243401034656,5.684341886080802e-14,0.0,19,0.5,0.1,0,0,0,0,0.73,0.32799999999999996,0.5277337874695218,0.0,475.7724340103465
P-n16-k8,ga,8,44,15,1,16.4,8.138795979750322,35,100,0.01,0.88,475.7724340103465,475.77243401034656,5.684341886080802e-14,0.0,19,0.5,0.1,0,0,0,0,0.74,0.32399999999999995,0.5104373658054034,0.0,475.7724340103465
P-n16-k8,ga,8,45,15,1,16.4,8.138795979750322,35,100,0.01,0.9,475.7724340103465,475.77243401034656,5.684341886080802e-14,0.0,19,0.5,0.1,0,0,0,0,0.75,0.31999999999999995,0.49270509831248427,0.0,475.7724340103465
P-n16-k8,ga,8,46,15,1,16.4,8.138795979750322,35,100,0.01,0.92,475.7724340103465,475.77243401034656,5.684341886080802e-14,0.0,19,0.5,0.1,0,0,0,0,0.76,0.31599999999999995,0.47460696614945647,0.0,475.7724340103465
P-n16-k8,ga,8,47,15,1,16.4,8.138795979750322,35,100,0.01,0.94,475.7724340103465,475.77243401034656,5.684341886080802e-14,0.0,19,0.5,0.1,0,0,0,0,0.77,0.312,0.45621439437571754,0.0,475.7724340103465
P-n16-k8,ga,8,48,15,1,16.4,8.138795979750322,35,100,0.01,0.96,475.7724340103465,475.77243401034656,5.684341886080802e-14,0.0,19,0.5,0.1,0,0,0,0,0.78,0.308,0.4375999700692914,0.0,475.7724340103465
P-n16-k8,ga,8,49,15,1,16.4,8.138795979750322,35,100,0.01,0.98,475.7724340103465,475.77243401034656,5.684341886080802e-14,0.0,19,0.5,0.1,0,0,0,0,0.79,0.304,0.4188371558587941,0.0,475.7724340103465
P-n16-k8,ga,9,0,15,1,16.4,8.138795979750322,35,100,0.01,0.0,1000.0,1000.0,100.0,0.0,0,0.5,0.1,0,0,0,0,0.3,0.5,0.4,0.0,475.7724340103465
P-n16-k8,ga,9,1,15,1,16.4,8.138795979750322,35,100,0.01,0.02,475.7724340103465,475.7724340103465,100.0,0.0,0,0.5,0.1,0,0,0,0,0.31,0.496,0.41883715585879405,0.0,475.7724340103465
P-n16-k8,ga,9,2,15,1,16.4,8.138795979750322,35,100,0.01,0.04,475.7724340103465,475.7724340103465,100.0,0.0,0,0.5,0.1,0,0,0,0,0.32,0.492,0.4375999700692913,0.0,475.7724340103465
P-n16-k8,ga,9,3,15,1,16.4,8.138795979750322,35,100,0.01,0.06,475.7724340103465,475.77243401034656,100.0,0.0,0,0.5,0.1,0,0,0,0,0.32999999999999996,0.488,0.4562143943757174,0.0,475.7724340103465
P-n16-k8,ga,9,4,15,1,16.4,8.138795979750322,35,100,0.01,0.08,475.7724340103465,475.7724340103465,100.0,0.0,0,0.5,0.1,0,0,0,0,0.33999999999999997,0.484,0.47460696614945647,0.0,475.7724340103465
P-n16-k8,ga,9,5,15,1,16.4,8.138795979750322,35,100,0.01,0.1,475.7724340103465,475.7724340103465,100.0,0.0,0,0.5,0.1,0,0,0,0,0.35,0.48,0.4927050983124842,0.0,475.7724340103465
P-n16-k8,ga,9,6,15,1,16.4,8.138795979750322,35,100,0.01,0.12,475.7724340103465,475.77243401034644,100.0,0.0,0,0.5,0.1,0,0,0,0,0.36,0.476,0.5104373658054034,0.0,475.7724340103465
P-n16-k8,ga,9,7,15,1,16.4,8.138795979750322,35,100,0.01,0.14,475.7724340103465,475.77243401034644,100.0,0.0,0,0.5,0.1,0,0,0,0,0.37,0.472,0.5277337874695218,0.0,475.7724340103465
P-n16-k8,ga,9,8,15,1,16.4,8.138795979750322,35,100,0.01,0.16,475.7724340103465,475.7724340103465,100.0,0.0,0,0.5,0.1,0,0,0,0,0.38,0.46799999999999997,0.5445261022305146,0.0,475.7724340103465
P-n16-k8,ga,9,9,15,1,16.4,8.138795979750322,35,100,0.01,0.18,475.7724340103465,475.77243401034656,100.0,0.0,0,0.5,0.1,0,0,0,0,0.39,0.464,0.560748038493699,0.0,475.7724340103465
P-n16-k8,ga,9,10,15,1,16.4,8.138795979750322,35,100,0.01,0.2,475.7724340103465,475.77243401034656,100.0,0.0,0,0.5,0.1,0,0,0,0,0.4,0.45999999999999996,0.576335575687742,0.0,475.7724340103465
P-n16-k8,ga,9,11,15,1,16.4,8.138795979750322,35,100,0.01,0.22,475.7724340103465,475.77243401034656,5.684341886080802e-14,0.0,10,0.5,0.1,0,0,0,0,0.41,0.456,0.5912271969246069,0.0,475.7724340103465
P-n16-k8,ga,9,12,15,1,16.4,8.138795979750322,35,100,0.01,0.24,475.7724340103465,475.77243401034656,5.684341886080802e-14,0.0,11,0.5,0.1,0,0,0,0,0.42,0.452,0.6053641317786066,0.0,475.7724340103465
P-n16-k8,ga,9,13,15,1,16.4,8.138795979750322,35,100,0.01,0.26,475.7724340103465,475.77243401034656,5.684341886080802e-14,0.0,12,0.5,0.1,0,0,0,0,0.43,0.448,0.6186905882264235,0.0,475.7724340103465
P-n16-k8,ga,9,14,15,1,16.4,8.138795979750322,35,100,0.01,0.28,475.7724340103465,475.77243401034656,5.684341886080802e-14,0.0,13,0.5,0.1,0,0,0,0,0.44,0.444,0.6311539728327368,0.0,475.7724340103465
P-n16-k8,ga,9,15,15,1,16.4,8.138795979750322,35,100,0.01,0.3,475.7724340103465,475.77243401034656,5.684341886080802e-14,0.0,14,0.5,0.1,0,0,0,0,0.44999999999999996,0.44,0.6427050983124842,0.0,475.7724340103465
P-n16-k8,ga,9,16,15,1,16.4,8.138795979750322,35,100,0.01,0.32,475.7724340103465,475.77243401034656,5.684341886080802e-14,0.0,15,0.5,0.1,0,0,0,0,0.45999999999999996,0.436,0.6532983776506045,0.0,475.7724340103465
P-n16-k8,ga,9,17,15,1,16.4,8.138795979750322,35,100,0.01,0.34,475.7724340103465,475.77243401034656,5.684341886080802e-14,0.0,16,0.5,0.1,0,0,0,0,0.47,0.432,0.6628920040131592,0.0,475.7724340103465
P-n16-k8,ga,9,18,15,1,16.4,8.138795979750322,35,100,0.01,0.36,475.7724340103465,475.77243401034656,5.684341886080802e-14,0.0,17,0.5,0.1,0,0,0,0,0.48,0.428,0.6714481157398059,0.0,475.7724340103465
P-n16-k8,ga,9,19,15,1,16.4,8.138795979750322,35,100,0.01,0.38,475.7724340103465,475.77243401034656,5.684341886080802e-14,0.0,18,0.5,0.1,0,0,0,0,0.49,0.424,0.6789329457664754,0.0,475.7724340103465
P-n16-k8,ga,9,20,15,1,16.4,8.138795979750322,35,100,0.01,0.4,475.7724340103465,475.77243401034656,5.684341886080802e-14,0.0,19,0.5,0.1,0,0,0,0,0.5,0.42,0.685316954888546,0.0,475.7724340103465
P-n16-k8,ga,9,21,15,1,16.4,8.138795979750322,35,100,0.01,0.42,475.7724340103465,475.77243401034656,5.684341886080802e-14,0.0,19,0.5,0.1,0,0,0,0,0.51,0.416,0.6905749483385893,0.0,475.7724340103465
P-n16-k8,ga,9,22,15,1,16.4,8.138795979750322,35,100,0.01,0.44,475.7724340103465,475.77243401034656,5.684341886080802e-14,0.0,19,0.5,0.1,0,0,0,0,0.52,0.412,0.6946861752186066,0.0,475.7724340103465
P-n16-k8,ga,9,23,15,1,16.4,8.138795979750322,35,100,0.01,0.46,475.7724340103465,475.77243401034656,5.684341886080802e-14,0.0,19,0.5,0.1,0,0,0,0,0.53,0.408,0.6976344103943434,0.0,475.7724340103465
P-n16-k8,ga,9,24,15,1,16.4,8.138795979750322,35,100,0.01,0.48,475.7724340103465,475.77243401034656,5.684341886080802e-14,0.0,19,0.5,0.1,0,0,0,0,0.54,0.404,0.6994080185284814,0.0,475.7724340103465
P-n16-k8,ga,9,25,15,1,16.4,8.138795979750322,35,100,0.01,0.5,475.7724340103465,475.77243401034656,5.684341886080802e-14,0.0,19,0.5,0.1,0,0,0,0,0.55,0.4,0.7,0.0,475.7724340103465
P-n16-k8,ga,9,26,15,1,16.4,8.138795979750322,35,100,0.01,0.52,475.7724340103465,475.77243401034656,5.684341886080802e-14,0.0,19,0.5,0.1,0,0,0,0,0.56,0.396,0.6994080185284814,0.0,475.7724340103465
P-n16-k8,ga,9,27,15,1,16.4,8.138795979750322,35,100,0.01,0.54,475.7724340103465,475.77243401034656,5.684341886080802e-14,0.0,19,0.5,0.1,0,0,0,0,0.5700000000000001,0.392,0.6976344103943433,0.0,475.7724340103465
P-n16-k8,ga,9,28,15,1,16.4,8.138795979750322,35,100,0.01,0.56,475.7724340103465,475.77243401034656,5.684341886080802e-14,0.0,19,0.5,0.1,0,0,0,0,0.5800000000000001,0.388,0.6946861752186066,0.0,475.7724340103465
P-n16-k8,ga,9,29,15,1,16.4,8.138795979750322,35,100,0.01,0.58,475.7724340103465,475.77243401034656,5.684341886080802e-14,0.0,19,0.5,0.1,0,0,0,0,0.59,0.384,0.6905749483385893,0.0,475.7724340103465
P-n16-k8,ga,9,30,15,1,16.4,8.138795979750322,35,100,0.01,0.6,475.7724340103465,475.77243401034656,5.684341886080802e-14,0.0,19,0.5,0.1,0,0,0,0,0.6,0.38,0.685316954888546,0.0,475.7724340103465
P-n16-k8,ga,9,31,15,1,16.4,8.138795979750322,35,100,0.01,0.62,475.7724340103465,475.77243401034656,5.684341886080802e-14,0.0,19,0.5,0.1,0,0,0,0,0.61,0.376,0.6789329457664754,0.0,475.7724340103465
P-n16-k8,ga,9,32,15,1,16.4,8.138795979750322,35,100,0.01,0.64,475.7724340103465,475.77243401034656,5.684341886080802e-14,0.0,19,0.5,0.1,0,0,0,0,0.62,0.372,0.6714481157398058,0.0,475.7724340103465
P-n16-k8,ga,9,33,15,1,16.4,8.138795979750322,35,100,0.01,0.66,475.7724340103465,475.77243401034656,5.684341886080802e-14,0.0,19,0.5,0.1,0,0,0,0,0.63,0.368,0.6628920040131591,0.0,475.7724340103465
P-n16-k8,ga,9,34,15,1,16.4,8.138795979750322,35,100,0.01,0.68,475.7724340103465,475.77243401034656,5.684341886080802e-14,0.0,19,0.5,0.1,0,0,0,0,0.64,0.364,0.6532983776506045,0.0,475.7724340103465
P-n16-k8,ga,9,35,15,1,16.4,8.138795979750322,35,100,0.01,0.7,475.7724340103465,475.77243401034656,5.684341886080802e-14,0.0,19,0.5,0.1,0,0,0,0,0.6499999999999999,0.36,0.6427050983124842,0.0,475.7724340103465
P-n16-k8,ga,9,36,15,1,16.4,8.138795979750322,35,100,0.01,0.72,475.7724340103465,475.77243401034656,5.684341886080802e-14,0.0,19,0.5,0.1,0,0,0,0,0.6599999999999999,0.356,0.6311539728327368,0.0,475.7724340103465
P-n16-k8,ga,9,37,15,1,16.4,8.138795979750322,35,100,0.01,0.74,475.7724340103465,475.77243401034656,5.684341886080802e-14,0.0,19,0.5,0.1,0,0,0,0,0.6699999999999999,0.352,0.6186905882264234,0.0,475.7724340103465
P-n16-k8,ga,9,38,15,1,16.4,8.138795979750322,35,100,0.01,0.76,475.7724340103465,475.77243401034656,5.684341886080802e-14,0.0,19,0.5,0.1,0,0,0,0,0.6799999999999999,0.348,0.6053641317786067,0.0,475.7724340103465
P-n16-k8,ga,9,39,15,1,16.4,8.138795979750322,35,100,0.01,0.78,475.7724340103465,475.77243401034656,5.684341886080802e-14,0.0,19,0.5,0.1,0,0,0,0,0.69,0.344,0.591227196924607,0.0,475.7724340103465
P-n16-k8,ga,9,40,15,1,16.4,8.138795979750322,35,100,0.01,0.8,475.7724340103465,475.77243401034656,5.684341886080802e-14,0.0,19,0.5,0.1,0,0,0,0,0.7,0.33999999999999997,0.576335575687742,0.0,475.7724340103465
P-n16-k8,ga,9,41,15,1,16.4,8.138795979750322,35,100,0.01,0.82,475.7724340103465,475.77243401034656,5.684341886080802e-14,0.0,19,0.5,0.1,0,0,0,0,0.71,0.33599999999999997,0.5607480384936991,0.0,475.7724340103465
P-n16-k8,ga,9,42,15,1,16.4,8.138795979750322,35,100,0.01,0.84,475.7724340103465,475.77243401034656,5.684341886080802e-14,0.0,19,0.5,0.1,0,0,0,0,0.72,0.33199999999999996,0.5445261022305147,0.0,475.7724340103465
P-n16-k8,ga,9,43,15,1,16.4,8.138795979750322,35,100,0.01,0.86,475.7724340103465,475.77243401034656,5.684341886080802e-14,0.0,19,0.5,0.1,0,0,0,0,0.73,0.32799999999999996,0.5277337874695218,0.0,475.7724340103465
P-n16-k8,ga,9,44,15,1,16.4,8.138795979750322,35,100,0.01,0.88,475.7724340103465,475.77243401034656,5.684341886080802e-14,0.0,19,0.5,0.1,0,0,0,0,0.74,0.32399999999999995,0.5104373658054034,0.0,475.7724340103465
P-n16-k8,ga,9,45,15,1,16.4,8.138795979750322,35,100,0.01,0.9,475.7724340103465,475.77243401034656,5.684341886080802e-14,0.0,19,0.5,0.1,0,0,0,0,0.75,0.31999999999999995,0.49270509831248427,0.0,475.7724340103465
P-n16-k8,ga,9,46,15,1,16.4,8.138795979750322,35,100,0.01,0.92,475.7724340103465,475.77243401034656,5.684341886080802e-14,0.0,19,0.5,0.1,0,0,0,0,0.76,0.31599999999999995,0.47460696614945647,0.0,475.7724340103465
P-n16-k8,ga,9,47,15,1,16.4,8.138795979750322,35,100,0.01,0.94,475.7724340103465,475.77243401034656,5.684341886080802e-14,0.0,19,0.5,0.1,0,0,0,0,0.77,0.312,0.45621439437571754,0.0,475.7724340103465
P-n16-k8,ga,9,48,15,1,16.4,8.138795979750322,35,100,0.01,0.96,475.7724340103465,475.77243401034656,5.684341886080802e-14,0.0,19,0.5,0.1,0,0,0,0,0.78,0.308,0.4375999700692914,0.0,475.7724340103465
P-n16-k8,ga,9,49,15,1,16.4,8.138795979750322,35,100,0.01,0.98,475.7724340103465,475.77243401034656,5.684341886080802e-14,0.0,19,0.5,0.1,0,0,0,0,0.79,0.304,0.4188371558587941,0.0,475.7724340103465
P-n16-k8,ga,10,0,15,1,16.4,8.138795979750322,35,100,0.01,0.0,1000.0,1000.0,100.0,0.0,0,0.5,0.1,0,0,0,0,0.3,0.5,0.4,0.0,475.7724340103465
P-n16-k8,ga,10,1,15,1,16.4,8.138795979750322,35,100,0.01,0.02,475.7724340103465,475.7724340103465,100.0,0.0,0,0.5,0.1,0,0,0,0,0.31,0.496,0.41883715585879405,0.0,475.7724340103465
P-n16-k8,ga,10,2,15,1,16.4,8.138795979750322,35,100,0.01,0.04,475.7724340103465,475.7724340103465,100.0,0.0,0,0.5,0.1,0,0,0,0,0.32,0.492,0.4375999700692913,0.0,475.7724340103465
P-n16-k8,ga,10,3,15,1,16.4,8.138795979750322,35,100,0.01,0.06,475.7724340103465,475.77243401034656,100.0,0.0,0,0.5,0.1,0,0,0,0,0.32999999999999996,0.488,0.4562143943757174,0.0,475.7724340103465
P-n16-k8,ga,10,4,15,1,16.4,8.138795979750322,35,100,0.01,0.08,475.7724340103465,475.7724340103465,100.0,0.0,0,0.5,0.1,0,0,0,0,0.33999999999999997,0.484,0.47460696614945647,0.0,475.7724340103465
P-n16-k8,ga,10,5,15,1,16.4,8.138795979750322,35,100,0.01,0.1,475.7724340103465,475.7724340103465,100.0,0.0,0,0.5,0.1,0,0,0,0,0.35,0.48,0.4927050983124842,0.0,475.7724340103465
P-n16-k8,ga,10,6,15,1,16.4,8.138795979750322,35,100,0.01,0.12,475.7724340103465,475.77243401034644,100.0,0.0,0,0.5,0.1,0,0,0,0,0.36,0.476,0.5104373658054034,0.0,475.7724340103465
P-n16-k8,ga,10,7,15,1,16.4,8.138795979750322,35,100,0.01,0.14,475.7724340103465,475.77243401034644,100.0,0.0,0,0.5,0.1,0,0,0,0,0.37,0.472,0.5277337874695218,0.0,475.7724340103465
P-n16-k8,ga,10,8,15,1,16.4,8.138795979750322,35,100,0.01,0.16,475.7724340103465,475.7724340103465,100.0,0.0,0,0.5,0.1,0,0,0,0,0.38,0.46799999999999997,0.5445261022305146,0.0,475.7724340103465
P-n16-k8,ga,10,9,15,1,16.4,8.138795979750322,35,100,0.01,0.18,475.7724340103465,475.77243401034656,100.0,0.0,0,0.5,0.1,0,0,0,0,0.39,0.464,0.560748038493699,0.0,475.7724340103465
P-n16-k8,ga,10,10,15,1,16.4,8.138795979750322,35,100,0.01,0.2,475.7724340103465,475.77243401034656,100.0,0.0,0,0.5,0.1,0,0,0,0,0.4,0.45999999999999996,0.576335575687742,0.0,475.7724340103465
P-n16-k8,ga,10,11,15,1,16.4,8.138795979750322,35,100,0.01,0.22,475.7724340103465,475.77243401034656,5.684341886080802e-14,0.0,10,0.5,0.1,0,0,0,0,0.41,0.456,0.5912271969246069,0.0,475.7724340103465
P-n16-k8,ga,10,12,15,1,16.4,8.138795979750322,35,100,0.01,0.24,475.7724340103465,475.77243401034656,5.684341886080802e-14,0.0,11,0.5,0.1,0,0,0,0,0.42,0.452,0.6053641317786066,0.0,475.7724340103465
P-n16-k8,ga,10,13,15,1,16.4,8.138795979750322,35,100,0.01,0.26,475.7724340103465,475.77243401034656,5.684341886080802e-14,0.0,12,0.5,0.1,0,0,0,0,0.43,0.448,0.6186905882264235,0.0,475.7724340103465
P-n16-k8,ga,10,14,15,1,16.4,8.138795979750322,35,100,0.01,0.28,475.7724340103465,475.77243401034656,5.684341886080802e-14,0.0,13,0.5,0.1,0,0,0,0,0.44,0.444,0.6311539728327368,0.0,475.7724340103465
P-n16-k8,ga,10,15,15,1,16.4,8.138795979750322,35,100,0.01,0.3,475.7724340103465,475.77243401034656,5.684341886080802e-14,0.0,14,0.5,0.1,0,0,0,0,0.44999999999999996,0.44,0.6427050983124842,0.0,475.7724340103465
P-n16-k8,ga,10,16,15,1,16.4,8.138795979750322,35,100,0.01,0.32,475.7724340103465,475.77243401034656,5.684341886080802e-14,0.0,15,0.5,0.1,0,0,0,0,0.45999999999999996,0.436,0.6532983776506045,0.0,475.7724340103465
P-n16-k8,ga,10,17,15,1,16.4,8.138795979750322,35,100,0.01,0.34,475.7724340103465,475.77243401034656,5.684341886080802e-14,0.0,16,0.5,0.1,0,0,0,0,0.47,0.432,0.6628920040131592,0.0,475.7724340103465
P-n16-k8,ga,10,18,15,1,16.4,8.138795979750322,35,100,0.01,0.36,475.7724340103465,475.77243401034656,5.684341886080802e-14,0.0,17,0.5,0.1,0,0,0,0,0.48,0.428,0.6714481157398059,0.0,475.7724340103465
P-n16-k8,ga,10,19,15,1,16.4,8.138795979750322,35,100,0.01,0.38,475.7724340103465,475.77243401034656,5.684341886080802e-14,0.0,18,0.5,0.1,0,0,0,0,0.49,0.424,0.6789329457664754,0.0,475.7724340103465
P-n16-k8,ga,10,20,15,1,16.4,8.138795979750322,35,100,0.01,0.4,475.7724340103465,475.77243401034656,5.684341886080802e-14,0.0,19,0.5,0.1,0,0,0,0,0.5,0.42,0.685316954888546,0.0,475.7724340103465
P-n16-k8,ga,10,21,15,1,16.4,8.138795979750322,35,100,0.01,0.42,475.7724340103465,475.77243401034656,5.684341886080802e-14,0.0,19,0.5,0.1,0,0,0,0,0.51,0.416,0.6905749483385893,0.0,475.7724340103465
P-n16-k8,ga,10,22,15,1,16.4,8.138795979750322,35,100,0.01,0.44,475.7724340103465,475.77243401034656,5.684341886080802e-14,0.0,19,0.5,0.1,0,0,0,0,0.52,0.412,0.6946861752186066,0.0,475.7724340103465
P-n16-k8,ga,10,23,15,1,16.4,8.138795979750322,35,100,0.01,0.46,475.7724340103465,475.77243401034656,5.684341886080802e-14,0.0,19,0.5,0.1,0,0,0,0,0.53,0.408,0.6976344103943434,0.0,475.7724340103465
P-n16-k8,ga,10,24,15,1,16.4,8.138795979750322,35,100,0.01,0.48,475.7724340103465,475.77243401034656,5.684341886080802e-14,0.0,19,0.5,0.1,0,0,0,0,0.54,0.404,0.6994080185284814,0.0,475.7724340103465
P-n16-k8,ga,10,25,15,1,16.4,8.138795979750322,35,100,0.01,0.5,475.7724340103465,475.77243401034656,5.684341886080802e-14,0.0,19,0.5,0.1,0,0,0,0,0.55,0.4,0.7,0.0,475.7724340103465
P-n16-k8,ga,10,26,15,1,16.4,8.138795979750322,35,100,0.01,0.52,475.7724340103465,475.77243401034656,5.684341886080802e-14,0.0,19,0.5,0.1,0,0,0,0,0.56,0.396,0.6994080185284814,0.0,475.7724340103465
P-n16-k8,ga,10,27,15,1,16.4,8.138795979750322,35,100,0.01,0.54,475.7724340103465,475.77243401034656,5.684341886080802e-14,0.0,19,0.5,0.1,0,0,0,0,0.5700000000000001,0.392,0.6976344103943433,0.0,475.7724340103465
P-n16-k8,ga,10,28,15,1,16.4,8.138795979750322,35,100,0.01,0.56,475.7724340103465,475.77243401034656,5.684341886080802e-14,0.0,19,0.5,0.1,0,0,0,0,0.5800000000000001,0.388,0.6946861752186066,0.0,475.7724340103465
P-n16-k8,ga,10,29,15,1,16.4,8.138795979750322,35,100,0.01,0.58,475.7724340103465,475.77243401034656,5.684341886080802e-14,0.0,19,0.5,0.1,0,0,0,0,0.59,0.384,0.6905749483385893,0.0,475.7724340103465
P-n16-k8,ga,10,30,15,1,16.4,8.138795979750322,35,100,0.01,0.6,475.7724340103465,475.77243401034656,5.684341886080802e-14,0.0,19,0.5,0.1,0,0,0,0,0.6,0.38,0.685316954888546,0.0,475.7724340103465
P-n16-k8,ga,10,31,15,1,16.4,8.138795979750322,35,100,0.01,0.62,475.7724340103465,475.77243401034656,5.684341886080802e-14,0.0,19,0.5,0.1,0,0,0,0,0.61,0.376,0.6789329457664754,0.0,475.7724340103465
P-n16-k8,ga,10,32,15,1,16.4,8.138795979750322,35,100,0.01,0.64,475.7724340103465,475.77243401034656,5.684341886080802e-14,0.0,19,0.5,0.1,0,0,0,0,0.62,0.372,0.6714481157398058,0.0,475.7724340103465
P-n16-k8,ga,10,33,15,1,16.4,8.138795979750322,35,100,0.01,0.66,475.7724340103465,475.77243401034656,5.684341886080802e-14,0.0,19,0.5,0.1,0,0,0,0,0.63,0.368,0.6628920040131591,0.0,475.7724340103465
P-n16-k8,ga,10,34,15,1,16.4,8.138795979750322,35,100,0.01,0.68,475.7724340103465,475.77243401034656,5.684341886080802e-14,0.0,19,0.5,0.1,0,0,0,0,0.64,0.364,0.6532983776506045,0.0,475.7724340103465
P-n16-k8,ga,10,35,15,1,16.4,8.138795979750322,35,100,0.01,0.7,475.7724340103465,475.77243401034656,5.684341886080802e-14,0.0,19,0.5,0.1,0,0,0,0,0.6499999999999999,0.36,0.6427050983124842,0.0,475.7724340103465
P-n16-k8,ga,10,36,15,1,16.4,8.138795979750322,35,100,0.01,0.72,475.7724340103465,475.77243401034656,5.684341886080802e-14,0.0,19,0.5,0.1,0,0,0,0,0.6599999999999999,0.356,0.6311539728327368,0.0,475.7724340103465
P-n16-k8,ga,10,37,15,1,16.4,8.138795979750322,35,100,0.01,0.74,475.7724340103465,475.77243401034656,5.684341886080802e-14,0.0,19,0.5,0.1,0,0,0,0,0.6699999999999999,0.352,0.6186905882264234,0.0,475.7724340103465
P-n16-k8,ga,10,38,15,1,16.4,8.138795979750322,35,100,0.01,0.76,475.7724340103465,475.77243401034656,5.684341886080802e-14,0.0,19,0.5,0.1,0,0,0,0,0.6799999999999999,0.348,0.6053641317786067,0.0,475.7724340103465
P-n16-k8,ga,10,39,15,1,16.4,8.138795979750322,35,100,0.01,0.78,475.7724340103465,475.77243401034656,5.684341886080802e-14,0.0,19,0.5,0.1,0,0,0,0,0.69,0.344,0.591227196924607,0.0,475.7724340103465
P-n16-k8,ga,10,40,15,1,16.4,8.138795979750322,35,100,0.01,0.8,475.7724340103465,475.77243401034656,5.684341886080802e-14,0.0,19,0.5,0.1,0,0,0,0,0.7,0.33999999999999997,0.576335575687742,0.0,475.7724340103465
P-n16-k8,ga,10,41,15,1,16.4,8.138795979750322,35,100,0.01,0.82,475.7724340103465,475.77243401034656,5.684341886080802e-14,0.0,19,0.5,0.1,0,0,0,0,0.71,0.33599999999999997,0.5607480384936991,0.0,475.7724340103465
P-n16-k8,ga,10,42,15,1,16.4,8.138795979750322,35,100,0.01,0.84,475.7724340103465,475.77243401034656,5.684341886080802e-14,0.0,19,0.5,0.1,0,0,0,0,0.72,0.33199999999999996,0.5445261022305147,0.0,475.7724340103465
P-n16-k8,ga,10,43,15,1,16.4,8.138795979750322,35,100,0.01,0.86,475.7724340103465,475.77243401034656,5.684341886080802e-14,0.0,19,0.5,0.1,0,0,0,0,0.73,0.32799999999999996,0.5277337874695218,0.0,475.7724340103465
P-n16-k8,ga,10,44,15,1,16.4,8.138795979750322,35,100,0.01,0.88,475.7724340103465,475.77243401034656,5.684341886080802e-14,0.0,19,0.5,0.1,0,0,0,0,0.74,0.32399999999999995,0.5104373658054034,0.0,475.7724340103465
P-n16-k8,ga,10,45,15,1,16.4,8.138795979750322,35,100,0.01,0.9,475.7724340103465,475.77243401034656,5.684341886080802e-14,0.0,19,0.5,0.1,0,0,0,0,0.75,0.31999999999999995,0.49270509831248427,0.0,475.7724340103465
P-n16-k8,ga,10,46,15,1,16.4,8.138795979750322,35,100,0.01,0.92,475.7724340103465,475.77243401034656,5.684341886080802e-14,0.0,19,0.5,0.1,0,0,0,0,0.76,0.31599999999999995,0.47460696614945647,0.0,475.7724340103465
P-n16-k8,ga,10,47,15,1,16.4,8.138795979750322,35,100,0.01,0.94,475.7724340103465,475.77243401034656,5.684341886080802e-14,0.0,19,0.5,0.1,0,0,0,0,0.77,0.312,0.45621439437571754,0.0,475.7724340103465
P-n16-k8,ga,10,48,15,1,16.4,8.138795979750322,35,100,0.01,0.96,475.7724340103465,475.77243401034656,5.684341886080802e-14,0.0,19,0.5,0.1,0,0,0,0,0.78,0.308,0.4375999700692914,0.0,475.7724340103465
P-n16-k8,ga,10,49,15,1,16.4,8.138795979750322,35,100,0.01,0.98,475.7724340103465,475.77243401034656,5.684341886080802e-14,0.0,19,0.5,0.1,0,0,0,0,0.79,0.304,0.4188371558587941,0.0,475.7724340103465
P-n16-k8,ga,11,0,15,1,16.4,8.138795979750322,35,100,0.01,0.0,1000.0,1000.0,100.0,0.0,0,0.5,0.1,0,0,0,0,0.3,0.5,0.4,0.0,475.7724340103465
P-n16-k8,ga,11,1,15,1,16.4,8.138795979750322,35,100,0.01,0.02,475.7724340103465,475.7724340103465,100.0,0.0,0,0.5,0.1,0,0,0,0,0.31,0.496,0.41883715585879405,0.0,475.7724340103465
P-n16-k8,ga,11,2,15,1,16.4,8.138795979750322,35,100,0.01,0.04,475.7724340103465,475.7724340103465,100.0,0.0,0,0.5,0.1,0,0,0,0,0.32,0.492,0.4375999700692913,0.0,475.7724340103465
P-n16-k8,ga,11,3,15,1,16.4,8.138795979750322,35,100,0.01,0.06,475.7724340103465,475.77243401034656,100.0,0.0,0,0.5,0.1,0,0,0,0,0.32999999999999996,0.488,0.4562143943757174,0.0,475.7724340103465
P-n16-k8,ga,11,4,15,1,16.4,8.138795979750322,35,100,0.01,0.08,475.7724340103465,475.7724340103465,100.0,0.0,0,0.5,0.1,0,0,0,0,0.33999999999999997,0.484,0.47460696614945647,0.0,475.7724340103465
P-n16-k8,ga,11,5,15,1,16.4,8.138795979750322,35,100,0.01,0.1,475.7724340103465,475.7724340103465,100.0,0.0,0,0.5,0.1,0,0,0,0,0.35,0.48,0.4927050983124842,0.0,475.7724340103465
P-n16-k8,ga,11,6,15,1,16.4,8.138795979750322,35,100,0.01,0.12,475.7724340103465,475.77243401034644,100.0,0.0,0,0.5,0.1,0,0,0,0,0.36,0.476,0.5104373658054034,0.0,475.7724340103465
P-n16-k8,ga,11,7,15,1,16.4,8.138795979750322,35,100,0.01,0.14,475.7724340103465,475.77243401034644,100.0,0.0,0,0.5,0.1,0,0,0,0,0.37,0.472,0.5277337874695218,0.0,475.7724340103465
P-n16-k8,ga,11,8,15,1,16.4,8.138795979750322,35,100,0.01,0.16,475.7724340103465,475.7724340103465,100.0,0.0,0,0.5,0.1,0,0,0,0,0.38,0.46799999999999997,0.5445261022305146,0.0,475.7724340103465
P-n16-k8,ga,11,9,15,1,16.4,8.138795979750322,35,100,0.01,0.18,475.7724340103465,475.77243401034656,100.0,0.0,0,0.5,0.1,0,0,0,0,0.39,0.464,0.560748038493699,0.0,475.7724340103465
P-n16-k8,ga,11,10,15,1,16.4,8.138795979750322,35,100,0.01,0.2,475.7724340103465,475.77243401034656,100.0,0.0,0,0.5,0.1,0,0,0,0,0.4,0.45999999999999996,0.576335575687742,0.0,475.7724340103465
P-n16-k8,ga,11,11,15,1,16.4,8.138795979750322,35,100,0.01,0.22,475.7724340103465,475.77243401034656,5.684341886080802e-14,0.0,10,0.5,0.1,0,0,0,0,0.41,0.456,0.5912271969246069,0.0,475.7724340103465
P-n16-k8,ga,11,12,15,1,16.4,8.138795979750322,35,100,0.01,0.24,475.7724340103465,475.77243401034656,5.684341886080802e-14,0.0,11,0.5,0.1,0,0,0,0,0.42,0.452,0.6053641317786066,0.0,475.7724340103465
P-n16-k8,ga,11,13,15,1,16.4,8.138795979750322,35,100,0.01,0.26,475.7724340103465,475.77243401034656,5.684341886080802e-14,0.0,12,0.5,0.1,0,0,0,0,0.43,0.448,0.6186905882264235,0.0,475.7724340103465
P-n16-k8,ga,11,14,15,1,16.4,8.138795979750322,35,100,0.01,0.28,475.7724340103465,475.77243401034656,5.684341886080802e-14,0.0,13,0.5,0.1,0,0,0,0,0.44,0.444,0.6311539728327368,0.0,475.7724340103465
P-n16-k8,ga,11,15,15,1,16.4,8.138795979750322,35,100,0.01,0.3,475.7724340103465,475.77243401034656,5.684341886080802e-14,0.0,14,0.5,0.1,0,0,0,0,0.44999999999999996,0.44,0.6427050983124842,0.0,475.7724340103465
P-n16-k8,ga,11,16,15,1,16.4,8.138795979750322,35,100,0.01,0.32,475.7724340103465,475.77243401034656,5.684341886080802e-14,0.0,15,0.5,0.1,0,0,0,0,0.45999999999999996,0.436,0.6532983776506045,0.0,475.7724340103465
P-n16-k8,ga,11,17,15,1,16.4,8.138795979750322,35,100,0.01,0.34,475.7724340103465,475.77243401034656,5.684341886080802e-14,0.0,16,0.5,0.1,0,0,0,0,0.47,0.432,0.6628920040131592,0.0,475.7724340103465
P-n16-k8,ga,11,18,15,1,16.4,8.138795979750322,35,100,0.01,0.36,475.7724340103465,475.77243401034656,5.684341886080802e-14,0.0,17,0.5,0.1,0,0,0,0,0.48,0.428,0.6714481157398059,0.0,475.7724340103465
P-n16-k8,ga,11,19,15,1,16.4,8.138795979750322,35,100,0.01,0.38,475.7724340103465,475.77243401034656,5.684341886080802e-14,0.0,18,0.5,0.1,0,0,0,0,0.49,0.424,0.6789329457664754,0.0,475.7724340103465
P-n16-k8,ga,11,20,15,1,16.4,8.138795979750322,35,100,0.01,0.4,475.7724340103465,475.77243401034656,5.684341886080802e-14,0.0,19,0.5,0.1,0,0,0,0,0.5,0.42,0.685316954888546,0.0,475.7724340103465
P-n16-k8,ga,11,21,15,1,16.4,8.138795979750322,35,100,0.01,0.42,475.7724340103465,475.77243401034656,5.684341886080802e-14,0.0,19,0.5,0.1,0,0,0,0,0.51,0.416,0.6905749483385893,0.0,475.7724340103465
P-n16-k8,ga,11,22,15,1,16.4,8.138795979750322,35,100,0.01,0.44,475.7724340103465,475.77243401034656,5.684341886080802e-14,0.0,19,0.5,0.1,0,0,0,0,0.52,0.412,0.6946861752186066,0.0,475.7724340103465
P-n16-k8,ga,11,23,15,1,16.4,8.138795979750322,35,100,0.01,0.46,475.7724340103465,475.77243401034656,5.684341886080802e-14,0.0,19,0.5,0.1,0,0,0,0,0.53,0.408,0.6976344103943434,0.0,475.7724340103465
P-n16-k8,ga,11,24,15,1,16.4,8.138795979750322,35,100,0.01,0.48,475.7724340103465,475.77243401034656,5.684341886080802e-14,0.0,19,0.5,0.1,0,0,0,0,0.54,0.404,0.6994080185284814,0.0,475.7724340103465
P-n16-k8,ga,11,25,15,1,16.4,8.138795979750322,35,100,0.01,0.5,475.7724340103465,475.77243401034656,5.684341886080802e-14,0.0,19,0.5,0.1,0,0,0,0,0.55,0.4,0.7,0.0,475.7724340103465
P-n16-k8,ga,11,26,15,1,16.4,8.138795979750322,35,100,0.01,0.52,475.7724340103465,475.77243401034656,5.684341886080802e-14,0.0,19,0.5,0.1,0,0,0,0,0.56,0.396,0.6994080185284814,0.0,475.7724340103465
P-n16-k8,ga,11,27,15,1,16.4,8.138795979750322,35,100,0.01,0.54,475.7724340103465,475.77243401034656,5.684341886080802e-14,0.0,19,0.5,0.1,0,0,0,0,0.5700000000000001,0.392,0.6976344103943433,0.0,475.7724340103465
P-n16-k8,ga,11,28,15,1,16.4,8.138795979750322,35,100,0.01,0.56,475.7724340103465,475.77243401034656,5.684341886080802e-14,0.0,19,0.5,0.1,0,0,0,0,0.5800000000000001,0.388,0.6946861752186066,0.0,475.7724340103465
P-n16-k8,ga,11,29,15,1,16.4,8.138795979750322,35,100,0.01,0.58,475.7724340103465,475.77243401034656,5.684341886080802e-14,0.0,19,0.5,0.1,0,0,0,0,0.59,0.384,0.6905749483385893,0.0,475.7724340103465
P-n16-k8,ga,11,30,15,1,16.4,8.138795979750322,35,100,0.01,0.6,475.7724340103465,475.77243401034656,5.684341886080802e-14,0.0,19,0.5,0.1,0,0,0,0,0.6,0.38,0.685316954888546,0.0,475.7724340103465
P-n16-k8,ga,11,31,15,1,16.4,8.138795979750322,35,100,0.01,0.62,475.7724340103465,475.77243401034656,5.684341886080802e-14,0.0,19,0.5,0.1,0,0,0,0,0.61,0.376,0.6789329457664754,0.0,475.7724340103465
P-n16-k8,ga,11,32,15,1,16.4,8.138795979750322,35,100,0.01,0.64,475.7724340103465,475.77243401034656,5.684341886080802e-14,0.0,19,0.5,0.1,0,0,0,0,0.62,0.372,0.6714481157398058,0.0,475.7724340103465
P-n16-k8,ga,11,33,15,1,16.4,8.138795979750322,35,100,0.01,0.66,475.7724340103465,475.77243401034656,5.684341886080802e-14,0.0,19,0.5,0.1,0,0,0,0,0.63,0.368,0.6628920040131591,0.0,475.7724340103465
P-n16-k8,ga,11,34,15,1,16.4,8.138795979750322,35,100,0.01,0.68,475.7724340103465,475.77243401034656,5.684341886080802e-14,0.0,19,0.5,0.1,0,0,0,0,0.64,0.364,0.6532983776506045,0.0,475.7724340103465
P-n16-k8,ga,11,35,15,1,16.4,8.138795979750322,35,100,0.01,0.7,475.7724340103465,475.77243401034656,5.684341886080802e-14,0.0,19,0.5,0.1,0,0,0,0,0.6499999999999999,0.36,0.6427050983124842,0.0,475.7724340103465
P-n16-k8,ga,11,36,15,1,16.4,8.138795979750322,35,100,0.01,0.72,475.7724340103465,475.77243401034656,5.684341886080802e-14,0.0,19,0.5,0.1,0,0,0,0,0.6599999999999999,0.356,0.6311539728327368,0.0,475.7724340103465
P-n16-k8,ga,11,37,15,1,16.4,8.138795979750322,35,100,0.01,0.74,475.7724340103465,475.77243401034656,5.684341886080802e-14,0.0,19,0.5,0.1,0,0,0,0,0.6699999999999999,0.352,0.6186905882264234,0.0,475.7724340103465
P-n16-k8,ga,11,38,15,1,16.4,8.138795979750322,35,100,0.01,0.76,475.7724340103465,475.77243401034656,5.684341886080802e-14,0.0,19,0.5,0.1,0,0,0,0,0.6799999999999999,0.348,0.6053641317786067,0.0,475.7724340103465
P-n16-k8,ga,11,39,15,1,16.4,8.138795979750322,35,100,0.01,0.78,475.7724340103465,475.77243401034656,5.684341886080802e-14,0.0,19,0.5,0.1,0,0,0,0,0.69,0.344,0.591227196924607,0.0,475.7724340103465
P-n16-k8,ga,11,40,15,1,16.4,8.138795979750322,35,100,0.01,0.8,475.7724340103465,475.77243401034656,5.684341886080802e-14,0.0,19,0.5,0.1,0,0,0,0,0.7,0.33999999999999997,0.576335575687742,0.0,475.7724340103465
P-n16-k8,ga,11,41,15,1,16.4,8.138795979750322,35,100,0.01,0.82,475.7724340103465,475.77243401034656,5.684341886080802e-14,0.0,19,0.5,0.1,0,0,0,0,0.71,0.33599999999999997,0.5607480384936991,0.0,475.7724340103465
P-n16-k8,ga,11,42,15,1,16.4,8.138795979750322,35,100,0.01,0.84,475.7724340103465,475.77243401034656,5.684341886080802e-14,0.0,19,0.5,0.1,0,0,0,0,0.72,0.33199999999999996,0.5445261022305147,0.0,475.7724340103465
P-n16-k8,ga,11,43,15,1,16.4,8.138795979750322,35,100,0.01,0.86,475.7724340103465,475.77243401034656,5.684341886080802e-14,0.0,19,0.5,0.1,0,0,0,0,0.73,0.32799999999999996,0.5277337874695218,0.0,475.7724340103465
P-n16-k8,ga,11,44,15,1,16.4,8.138795979750322,35,100,0.01,0.88,475.7724340103465,475.77243401034656,5.684341886080802e-14,0.0,19,0.5,0.1,0,0,0,0,0.74,0.32399999999999995,0.5104373658054034,0.0,475.7724340103465
P-n16-k8,ga,11,45,15,1,16.4,8.138795979750322,35,100,0.01,0.9,475.7724340103465,475.77243401034656,5.684341886080802e-14,0.0,19,0.5,0.1,0,0,0,0,0.75,0.31999999999999995,0.49270509831248427,0.0,475.7724340103465
P-n16-k8,ga,11,46,15,1,16.4,8.138795979750322,35,100,0.01,0.92,475.7724340103465,475.77243401034656,5.684341886080802e-14,0.0,19,0.5,0.1,0,0,0,0,0.76,0.31599999999999995,0.47460696614945647,0.0,475.7724340103465
P-n16-k8,ga,11,47,15,1,16.4,8.138795979750322,35,100,0.01,0.94,475.7724340103465,475.77243401034656,5.684341886080802e-14,0.0,19,0.5,0.1,0,0,0,0,0.77,0.312,0.45621439437571754,0.0,475.7724340103465
P-n16-k8,ga,11,48,15,1,16.4,8.138795979750322,35,100,0.01,0.96,475.7724340103465,475.77243401034656,5.684341886080802e-14,0.0,19,0.5,0.1,0,0,0,0,0.78,0.308,0.4375999700692914,0.0,475.7724340103465
P-n16-k8,ga,11,49,15,1,16.4,8.138795979750322,35,100,0.01,0.98,475.7724340103465,475.77243401034656,5.684341886080802e-14,0.0,19,0.5,0.1,0,0,0,0,0.79,0.304,0.4188371558587941,0.0,475.7724340103465
P-n16-k8,ga,12,0,15,1,16.4,8.138795979750322,35,100,0.01,0.0,1000.0,1000.0,100.0,0.0,0,0.5,0.1,0,0,0,0,0.3,0.5,0.4,0.0,475.7724340103465
P-n16-k8,ga,12,1,15,1,16.4,8.138795979750322,35,100,0.01,0.02,475.7724340103465,475.7724340103465,100.0,0.0,0,0.5,0.1,0,0,0,0,0.31,0.496,0.41883715585879405,0.0,475.7724340103465
P-n16-k8,ga,12,2,15,1,16.4,8.138795979750322,35,100,0.01,0.04,475.7724340103465,475.7724340103465,100.0,0.0,0,0.5,0.1,0,0,0,0,0.32,0.492,0.4375999700692913,0.0,475.7724340103465
P-n16-k8,ga,12,3,15,1,16.4,8.138795979750322,35,100,0.01,0.06,475.7724340103465,475.77243401034656,100.0,0.0,0,0.5,0.1,0,0,0,0,0.32999999999999996,0.488,0.4562143943757174,0.0,475.7724340103465
P-n16-k8,ga,12,4,15,1,16.4,8.138795979750322,35,100,0.01,0.08,475.7724340103465,475.7724340103465,100.0,0.0,0,0.5,0.1,0,0,0,0,0.33999999999999997,0.484,0.47460696614945647,0.0,475.7724340103465
P-n16-k8,ga,12,5,15,1,16.4,8.138795979750322,35,100,0.01,0.1,475.7724340103465,475.7724340103465,100.0,0.0,0,0.5,0.1,0,0,0,0,0.35,0.48,0.4927050983124842,0.0,475.7724340103465
P-n16-k8,ga,12,6,15,1,16.4,8.138795979750322,35,100,0.01,0.12,475.7724340103465,475.77243401034644,100.0,0.0,0,0.5,0.1,0,0,0,0,0.36,0.476,0.5104373658054034,0.0,475.7724340103465
P-n16-k8,ga,12,7,15,1,16.4,8.138795979750322,35,100,0.01,0.14,475.7724340103465,475.77243401034644,100.0,0.0,0,0.5,0.1,0,0,0,0,0.37,0.472,0.5277337874695218,0.0,475.7724340103465
P-n16-k8,ga,12,8,15,1,16.4,8.138795979750322,35,100,0.01,0.16,475.7724340103465,475.7724340103465,100.0,0.0,0,0.5,0.1,0,0,0,0,0.38,0.46799999999999997,0.5445261022305146,0.0,475.7724340103465
P-n16-k8,ga,12,9,15,1,16.4,8.138795979750322,35,100,0.01,0.18,475.7724340103465,475.77243401034656,100.0,0.0,0,0.5,0.1,0,0,0,0,0.39,0.464,0.560748038493699,0.0,475.7724340103465
P-n16-k8,ga,12,10,15,1,16.4,8.138795979750322,35,100,0.01,0.2,475.7724340103465,475.77243401034656,100.0,0.0,0,0.5,0.1,0,0,0,0,0.4,0.45999999999999996,0.576335575687742,0.0,475.7724340103465
P-n16-k8,ga,12,11,15,1,16.4,8.138795979750322,35,100,0.01,0.22,475.7724340103465,475.77243401034656,5.684341886080802e-14,0.0,10,0.5,0.1,0,0,0,0,0.41,0.456,0.5912271969246069,0.0,475.7724340103465
P-n16-k8,ga,12,12,15,1,16.4,8.138795979750322,35,100,0.01,0.24,475.7724340103465,475.77243401034656,5.684341886080802e-14,0.0,11,0.5,0.1,0,0,0,0,0.42,0.452,0.6053641317786066,0.0,475.7724340103465
P-n16-k8,ga,12,13,15,1,16.4,8.138795979750322,35,100,0.01,0.26,475.7724340103465,475.77243401034656,5.684341886080802e-14,0.0,12,0.5,0.1,0,0,0,0,0.43,0.448,0.6186905882264235,0.0,475.7724340103465
P-n16-k8,ga,12,14,15,1,16.4,8.138795979750322,35,100,0.01,0.28,475.7724340103465,475.77243401034656,5.684341886080802e-14,0.0,13,0.5,0.1,0,0,0,0,0.44,0.444,0.6311539728327368,0.0,475.7724340103465
P-n16-k8,ga,12,15,15,1,16.4,8.138795979750322,35,100,0.01,0.3,475.7724340103465,475.77243401034656,5.684341886080802e-14,0.0,14,0.5,0.1,0,0,0,0,0.44999999999999996,0.44,0.6427050983124842,0.0,475.7724340103465
P-n16-k8,ga,12,16,15,1,16.4,8.138795979750322,35,100,0.01,0.32,475.7724340103465,475.77243401034656,5.684341886080802e-14,0.0,15,0.5,0.1,0,0,0,0,0.45999999999999996,0.436,0.6532983776506045,0.0,475.7724340103465
P-n16-k8,ga,12,17,15,1,16.4,8.138795979750322,35,100,0.01,0.34,475.7724340103465,475.77243401034656,5.684341886080802e-14,0.0,16,0.5,0.1,0,0,0,0,0.47,0.432,0.6628920040131592,0.0,475.7724340103465
P-n16-k8,ga,12,18,15,1,16.4,8.138795979750322,35,100,0.01,0.36,475.7724340103465,475.77243401034656,5.684341886080802e-14,0.0,17,0.5,0.1,0,0,0,0,0.48,0.428,0.6714481157398059,0.0,475.7724340103465
P-n16-k8,ga,12,19,15,1,16.4,8.138795979750322,35,100,0.01,0.38,475.7724340103465,475.77243401034656,5.684341886080802e-14,0.0,18,0.5,0.1,0,0,0,0,0.49,0.424,0.6789329457664754,0.0,475.7724340103465
P-n16-k8,ga,12,20,15,1,16.4,8.138795979750322,35,100,0.01,0.4,475.7724340103465,475.77243401034656,5.684341886080802e-14,0.0,19,0.5,0.1,0,0,0,0,0.5,0.42,0.685316954888546,0.0,475.7724340103465
P-n16-k8,ga,12,21,15,1,16.4,8.138795979750322,35,100,0.01,0.42,475.7724340103465,475.77243401034656,5.684341886080802e-14,0.0,19,0.5,0.1,0,0,0,0,0.51,0.416,0.6905749483385893,0.0,475.7724340103465
P-n16-k8,ga,12,22,15,1,16.4,8.138795979750322,35,100,0.01,0.44,475.7724340103465,475.77243401034656,5.684341886080802e-14,0.0,19,0.5,0.1,0,0,0,0,0.52,0.412,0.6946861752186066,0.0,475.7724340103465
P-n16-k8,ga,12,23,15,1,16.4,8.138795979750322,35,100,0.01,0.46,475.7724340103465,475.77243401034656,5.684341886080802e-14,0.0,19,0.5,0.1,0,0,0,0,0.53,0.408,0.6976344103943434,0.0,475.7724340103465
P-n16-k8,ga,12,24,15,1,16.4,8.138795979750322,35,100,0.01,0.48,475.7724340103465,475.77243401034656,5.684341886080802e-14,0.0,19,0.5,0.1,0,0,0,0,0.54,0.404,0.6994080185284814,0.0,475.7724340103465
P-n16-k8,ga,12,25,15,1,16.4,8.138795979750322,35,100,0.01,0.5,475.7724340103465,475.77243401034656,5.684341886080802e-14,0.0,19,0.5,0.1,0,0,0,0,0.55,0.4,0.7,0.0,475.7724340103465
P-n16-k8,ga,12,26,15,1,16.4,8.138795979750322,35,100,0.01,0.52,475.7724340103465,475.77243401034656,5.684341886080802e-14,0.0,19,0.5,0.1,0,0,0,0,0.56,0.396,0.6994080185284814,0.0,475.7724340103465
P-n16-k8,ga,12,27,15,1,16.4,8.138795979750322,35,100,0.01,0.54,475.7724340103465,475.77243401034656,5.684341886080802e-14,0.0,19,0.5,0.1,0,0,0,0,0.5700000000000001,0.392,0.6976344103943433,0.0,475.7724340103465
P-n16-k8,ga,12,28,15,1,16.4,8.138795979750322,35,100,0.01,0.56,475.7724340103465,475.77243401034656,5.684341886080802e-14,0.0,19,0.5,0.1,0,0,0,0,0.5800000000000001,0.388,0.6946861752186066,0.0,475.7724340103465
P-n16-k8,ga,12,29,15,1,16.4,8.138795979750322,35,100,0.01,0.58,475.7724340103465,475.77243401034656,5.684341886080802e-14,0.0,19,0.5,0.1,0,0,0,0,0.59,0.384,0.6905749483385893,0.0,475.7724340103465
P-n16-k8,ga,12,30,15,1,16.4,8.138795979750322,35,100,0.01,0.6,475.7724340103465,475.77243401034656,5.684341886080802e-14,0.0,19,0.5,0.1,0,0,0,0,0.6,0.38,0.685316954888546,0.0,475.7724340103465
P-n16-k8,ga,12,31,15,1,16.4,8.138795979750322,35,100,0.01,0.62,475.7724340103465,475.77243401034656,5.684341886080802e-14,0.0,19,0.5,0.1,0,0,0,0,0.61,0.376,0.6789329457664754,0.0,475.7724340103465
P-n16-k8,ga,12,32,15,1,16.4,8.138795979750322,35,100,0.01,0.64,475.7724340103465,475.77243401034656,5.684341886080802e-14,0.0,19,0.5,0.1,0,0,0,0,0.62,0.372,0.6714481157398058,0.0,475.7724340103465
P-n16-k8,ga,12,33,15,1,16.4,8.138795979750322,35,100,0.01,0.66,475.7724340103465,475.77243401034656,5.684341886080802e-14,0.0,19,0.5,0.1,0,0,0,0,0.63,0.368,0.6628920040131591,0.0,475.7724340103465
P-n16-k8,ga,12,34,15,1,16.4,8.138795979750322,35,100,0.01,0.68,475.7724340103465,475.77243401034656,5.684341886080802e-14,0.0,19,0.5,0.1,0,0,0,0,0.64,0.364,0.6532983776506045,0.0,475.7724340103465
P-n16-k8,ga,12,35,15,1,16.4,8.138795979750322,35,100,0.01,0.7,475.7724340103465,475.77243401034656,5.684341886080802e-14,0.0,19,0.5,0.1,0,0,0,0,0.6499999999999999,0.36,0.6427050983124842,0.0,475.7724340103465
P-n16-k8,ga,12,36,15,1,16.4,8.138795979750322,35,100,0.01,0.72,475.7724340103465,475.77243401034656,5.684341886080802e-14,0.0,19,0.5,0.1,0,0,0,0,0.6599999999999999,0.356,0.6311539728327368,0.0,475.7724340103465
P-n16-k8,ga,12,37,15,1,16.4,8.138795979750322,35,100,0.01,0.74,475.7724340103465,475.77243401034656,5.684341886080802e-14,0.0,19,0.5,0.1,0,0,0,0,0.6699999999999999,0.352,0.6186905882264234,0.0,475.7724340103465
P-n16-k8,ga,12,38,15,1,16.4,8.138795979750322,35,100,0.01,0.76,475.7724340103465,475.77243401034656,5.684341886080802e-14,0.0,19,0.5,0.1,0,0,0,0,0.6799999999999999,0.348,0.6053641317786067,0.0,475.7724340103465
P-n16-k8,ga,12,39,15,1,16.4,8.138795979750322,35,100,0.01,0.78,475.7724340103465,475.77243401034656,5.684341886080802e-14,0.0,19,0.5,0.1,0,0,0,0,0.69,0.344,0.591227196924607,0.0,475.7724340103465
P-n16-k8,ga,12,40,15,1,16.4,8.138795979750322,35,100,0.01,0.8,475.7724340103465,475.77243401034656,5.684341886080802e-14,0.0,19,0.5,0.1,0,0,0,0,0.7,0.33999999999999997,0.576335575687742,0.0,475.7724340103465
P-n16-k8,ga,12,41,15,1,16.4,8.138795979750322,35,100,0.01,0.82,475.7724340103465,475.77243401034656,5.684341886080802e-14,0.0,19,0.5,0.1,0,0,0,0,0.71,0.33599999999999997,0.5607480384936991,0.0,475.7724340103465
P-n16-k8,ga,12,42,15,1,16.4,8.138795979750322,35,100,0.01,0.84,475.7724340103465,475.77243401034656,5.684341886080802e-14,0.0,19,0.5,0.1,0,0,0,0,0.72,0.33199999999999996,0.5445261022305147,0.0,475.7724340103465
P-n16-k8,ga,12,43,15,1,16.4,8.138795979750322,35,100,0.01,0.86,475.7724340103465,475.77243401034656,5.684341886080802e-14,0.0,19,0.5,0.1,0,0,0,0,0.73,0.32799999999999996,0.5277337874695218,0.0,475.7724340103465
P-n16-k8,ga,12,44,15,1,16.4,8.138795979750322,35,100,0.01,0.88,475.7724340103465,475.77243401034656,5.684341886080802e-14,0.0,19,0.5,0.1,0,0,0,0,0.74,0.32399999999999995,0.5104373658054034,0.0,475.7724340103465
P-n16-k8,ga,12,45,15,1,16.4,8.138795979750322,35,100,0.01,0.9,475.7724340103465,475.77243401034656,5.684341886080802e-14,0.0,19,0.5,0.1,0,0,0,0,0.75,0.31999999999999995,0.49270509831248427,0.0,475.7724340103465
P-n16-k8,ga,12,46,15,1,16.4,8.138795979750322,35,100,0.01,0.92,475.7724340103465,475.77243401034656,5.684341886080802e-14,0.0,19,0.5,0.1,0,0,0,0,0.76,0.31599999999999995,0.47460696614945647,0.0,475.7724340103465
P-n16-k8,ga,12,47,15,1,16.4,8.138795979750322,35,100,0.01,0.94,475.7724340103465,475.77243401034656,5.684341886080802e-14,0.0,19,0.5,0.1,0,0,0,0,0.77,0.312,0.45621439437571754,0.0,475.7724340103465
P-n16-k8,ga,12,48,15,1,16.4,8.138795979750322,35,100,0.01,0.96,475.7724340103465,475.77243401034656,5.684341886080802e-14,0.0,19,0.5,0.1,0,0,0,0,0.78,0.308,0.4375999700692914,0.0,475.7724340103465
P-n16-k8,ga,12,49,15,1,16.4,8.138795979750322,35,100,0.01,0.98,475.7724340103465,475.77243401034656,5.684341886080802e-14,0.0,19,0.5,0.1,0,0,0,0,0.79,0.304,0.4188371558587941,0.0,475.7724340103465
P-n16-k8,ga,13,0,15,1,16.4,8.138795979750322,35,100,0.01,0.0,1000.0,1000.0,100.0,0.0,0,0.5,0.1,0,0,0,0,0.3,0.5,0.4,0.0,475.7724340103465
P-n16-k8,ga,13,1,15,1,16.4,8.138795979750322,35,100,0.01,0.02,475.7724340103465,475.7724340103465,100.0,0.0,0,0.5,0.1,0,0,0,0,0.31,0.496,0.41883715585879405,0.0,475.7724340103465
P-n16-k8,ga,13,2,15,1,16.4,8.138795979750322,35,100,0.01,0.04,475.7724340103465,475.7724340103465,100.0,0.0,0,0.5,0.1,0,0,0,0,0.32,0.492,0.4375999700692913,0.0,475.7724340103465
P-n16-k8,ga,13,3,15,1,16.4,8.138795979750322,35,100,0.01,0.06,475.7724340103465,475.77243401034656,100.0,0.0,0,0.5,0.1,0,0,0,0,0.32999999999999996,0.488,0.4562143943757174,0.0,475.7724340103465
P-n16-k8,ga,13,4,15,1,16.4,8.138795979750322,35,100,0.01,0.08,475.7724340103465,475.7724340103465,100.0,0.0,0,0.5,0.1,0,0,0,0,0.33999999999999997,0.484,0.47460696614945647,0.0,475.7724340103465
P-n16-k8,ga,13,5,15,1,16.4,8.138795979750322,35,100,0.01,0.1,475.7724340103465,475.7724340103465,100.0,0.0,0,0.5,0.1,0,0,0,0,0.35,0.48,0.4927050983124842,0.0,475.7724340103465
P-n16-k8,ga,13,6,15,1,16.4,8.138795979750322,35,100,0.01,0.12,475.7724340103465,475.77243401034644,100.0,0.0,0,0.5,0.1,0,0,0,0,0.36,0.476,0.5104373658054034,0.0,475.7724340103465
P-n16-k8,ga,13,7,15,1,16.4,8.138795979750322,35,100,0.01,0.14,475.7724340103465,475.77243401034644,100.0,0.0,0,0.5,0.1,0,0,0,0,0.37,0.472,0.5277337874695218,0.0,475.7724340103465
P-n16-k8,ga,13,8,15,1,16.4,8.138795979750322,35,100,0.01,0.16,475.7724340103465,475.7724340103465,100.0,0.0,0,0.5,0.1,0,0,0,0,0.38,0.46799999999999997,0.5445261022305146,0.0,475.7724340103465
P-n16-k8,ga,13,9,15,1,16.4,8.138795979750322,35,100,0.01,0.18,475.7724340103465,475.77243401034656,100.0,0.0,0,0.5,0.1,0,0,0,0,0.39,0.464,0.560748038493699,0.0,475.7724340103465
P-n16-k8,ga,13,10,15,1,16.4,8.138795979750322,35,100,0.01,0.2,475.7724340103465,475.77243401034656,100.0,0.0,0,0.5,0.1,0,0,0,0,0.4,0.45999999999999996,0.576335575687742,0.0,475.7724340103465
P-n16-k8,ga,13,11,15,1,16.4,8.138795979750322,35,100,0.01,0.22,475.7724340103465,475.77243401034656,5.684341886080802e-14,0.0,10,0.5,0.1,0,0,0,0,0.41,0.456,0.5912271969246069,0.0,475.7724340103465
P-n16-k8,ga,13,12,15,1,16.4,8.138795979750322,35,100,0.01,0.24,475.7724340103465,475.77243401034656,5.684341886080802e-14,0.0,11,0.5,0.1,0,0,0,0,0.42,0.452,0.6053641317786066,0.0,475.7724340103465
P-n16-k8,ga,13,13,15,1,16.4,8.138795979750322,35,100,0.01,0.26,475.7724340103465,475.77243401034656,5.684341886080802e-14,0.0,12,0.5,0.1,0,0,0,0,0.43,0.448,0.6186905882264235,0.0,475.7724340103465
P-n16-k8,ga,13,14,15,1,16.4,8.138795979750322,35,100,0.01,0.28,475.7724340103465,475.77243401034656,5.684341886080802e-14,0.0,13,0.5,0.1,0,0,0,0,0.44,0.444,0.6311539728327368,0.0,475.7724340103465
P-n16-k8,ga,13,15,15,1,16.4,8.138795979750322,35,100,0.01,0.3,475.7724340103465,475.77243401034656,5.684341886080802e-14,0.0,14,0.5,0.1,0,0,0,0,0.44999999999999996,0.44,0.6427050983124842,0.0,475.7724340103465
P-n16-k8,ga,13,16,15,1,16.4,8.138795979750322,35,100,0.01,0.32,475.7724340103465,475.77243401034656,5.684341886080802e-14,0.0,15,0.5,0.1,0,0,0,0,0.45999999999999996,0.436,0.6532983776506045,0.0,475.7724340103465
P-n16-k8,ga,13,17,15,1,16.4,8.138795979750322,35,100,0.01,0.34,475.7724340103465,475.77243401034656,5.684341886080802e-14,0.0,16,0.5,0.1,0,0,0,0,0.47,0.432,0.6628920040131592,0.0,475.7724340103465
P-n16-k8,ga,13,18,15,1,16.4,8.138795979750322,35,100,0.01,0.36,475.7724340103465,475.77243401034656,5.684341886080802e-14,0.0,17,0.5,0.1,0,0,0,0,0.48,0.428,0.6714481157398059,0.0,475.7724340103465
P-n16-k8,ga,13,19,15,1,16.4,8.138795979750322,35,100,0.01,0.38,475.7724340103465,475.77243401034656,5.684341886080802e-14,0.0,18,0.5,0.1,0,0,0,0,0.49,0.424,0.6789329457664754,0.0,475.7724340103465
P-n16-k8,ga,13,20,15,1,16.4,8.138795979750322,35,100,0.01,0.4,475.7724340103465,475.77243401034656,5.684341886080802e-14,0.0,19,0.5,0.1,0,0,0,0,0.5,0.42,0.685316954888546,0.0,475.7724340103465
P-n16-k8,ga,13,21,15,1,16.4,8.138795979750322,35,100,0.01,0.42,475.7724340103465,475.77243401034656,5.684341886080802e-14,0.0,19,0.5,0.1,0,0,0,0,0.51,0.416,0.6905749483385893,0.0,475.7724340103465
P-n16-k8,ga,13,22,15,1,16.4,8.138795979750322,35,100,0.01,0.44,475.7724340103465,475.77243401034656,5.684341886080802e-14,0.0,19,0.5,0.1,0,0,0,0,0.52,0.412,0.6946861752186066,0.0,475.7724340103465
P-n16-k8,ga,13,23,15,1,16.4,8.138795979750322,35,100,0.01,0.46,475.7724340103465,475.77243401034656,5.684341886080802e-14,0.0,19,0.5,0.1,0,0,0,0,0.53,0.408,0.6976344103943434,0.0,475.7724340103465
P-n16-k8,ga,13,24,15,1,16.4,8.138795979750322,35,100,0.01,0.48,475.7724340103465,475.77243401034656,5.684341886080802e-14,0.0,19,0.5,0.1,0,0,0,0,0.54,0.404,0.6994080185284814,0.0,475.7724340103465
P-n16-k8,ga,13,25,15,1,16.4,8.138795979750322,35,100,0.01,0.5,475.7724340103465,475.77243401034656,5.684341886080802e-14,0.0,19,0.5,0.1,0,0,0,0,0.55,0.4,0.7,0.0,475.7724340103465
P-n16-k8,ga,13,26,15,1,16.4,8.138795979750322,35,100,0.01,0.52,475.7724340103465,475.77243401034656,5.684341886080802e-14,0.0,19,0.5,0.1,0,0,0,0,0.56,0.396,0.6994080185284814,0.0,475.7724340103465
P-n16-k8,ga,13,27,15,1,16.4,8.138795979750322,35,100,0.01,0.54,475.7724340103465,475.77243401034656,5.684341886080802e-14,0.0,19,0.5,0.1,0,0,0,0,0.5700000000000001,0.392,0.6976344103943433,0.0,475.7724340103465
P-n16-k8,ga,13,28,15,1,16.4,8.138795979750322,35,100,0.01,0.56,475.7724340103465,475.77243401034656,5.684341886080802e-14,0.0,19,0.5,0.1,0,0,0,0,0.5800000000000001,0.388,0.6946861752186066,0.0,475.7724340103465
P-n16-k8,ga,13,29,15,1,16.4,8.138795979750322,35,100,0.01,0.58,475.7724340103465,475.77243401034656,5.684341886080802e-14,0.0,19,0.5,0.1,0,0,0,0,0.59,0.384,0.6905749483385893,0.0,475.7724340103465
P-n16-k8,ga,13,30,15,1,16.4,8.138795979750322,35,100,0.01,0.6,475.7724340103465,475.77243401034656,5.684341886080802e-14,0.0,19,0.5,0.1,0,0,0,0,0.6,0.38,0.685316954888546,0.0,475.7724340103465
P-n16-k8,ga,13,31,15,1,16.4,8.138795979750322,35,100,0.01,0.62,475.7724340103465,475.77243401034656,5.684341886080802e-14,0.0,19,0.5,0.1,0,0,0,0,0.61,0.376,0.6789329457664754,0.0,475.7724340103465
P-n16-k8,ga,13,32,15,1,16.4,8.138795979750322,35,100,0.01,0.64,475.7724340103465,475.77243401034656,5.684341886080802e-14,0.0,19,0.5,0.1,0,0,0,0,0.62,0.372,0.6714481157398058,0.0,475.7724340103465
P-n16-k8,ga,13,33,15,1,16.4,8.138795979750322,35,100,0.01,0.66,475.7724340103465,475.77243401034656,5.684341886080802e-14,0.0,19,0.5,0.1,0,0,0,0,0.63,0.368,0.6628920040131591,0.0,475.7724340103465
P-n16-k8,ga,13,34,15,1,16.4,8.138795979750322,35,100,0.01,0.68,475.7724340103465,475.77243401034656,5.684341886080802e-14,0.0,19,0.5,0.1,0,0,0,0,0.64,0.364,0.6532983776506045,0.0,475.7724340103465
P-n16-k8,ga,13,35,15,1,16.4,8.138795979750322,35,100,0.01,0.7,475.7724340103465,475.77243401034656,5.684341886080802e-14,0.0,19,0.5,0.1,0,0,0,0,0.6499999999999999,0.36,0.6427050983124842,0.0,475.7724340103465
P-n16-k8,ga,13,36,15,1,16.4,8.138795979750322,35,100,0.01,0.72,475.7724340103465,475.77243401034656,5.684341886080802e-14,0.0,19,0.5,0.1,0,0,0,0,0.6599999999999999,0.356,0.6311539728327368,0.0,475.7724340103465
P-n16-k8,ga,13,37,15,1,16.4,8.138795979750322,35,100,0.01,0.74,475.7724340103465,475.77243401034656,5.684341886080802e-14,0.0,19,0.5,0.1,0,0,0,0,0.6699999999999999,0.352,0.6186905882264234,0.0,475.7724340103465
P-n16-k8,ga,13,38,15,1,16.4,8.138795979750322,35,100,0.01,0.76,475.7724340103465,475.77243401034656,5.684341886080802e-14,0.0,19,0.5,0.1,0,0,0,0,0.6799999999999999,0.348,0.6053641317786067,0.0,475.7724340103465
P-n16-k8,ga,13,39,15,1,16.4,8.138795979750322,35,100,0.01,0.78,475.7724340103465,475.77243401034656,5.684341886080802e-14,0.0,19,0.5,0.1,0,0,0,0,0.69,0.344,0.591227196924607,0.0,475.7724340103465
P-n16-k8,ga,13,40,15,1,16.4,8.138795979750322,35,100,0.01,0.8,475.7724340103465,475.77243401034656,5.684341886080802e-14,0.0,19,0.5,0.1,0,0,0,0,0.7,0.33999999999999997,0.576335575687742,0.0,475.7724340103465
P-n16-k8,ga,13,41,15,1,16.4,8.138795979750322,35,100,0.01,0.82,475.7724340103465,475.77243401034656,5.684341886080802e-14,0.0,19,0.5,0.1,0,0,0,0,0.71,0.33599999999999997,0.5607480384936991,0.0,475.7724340103465
P-n16-k8,ga,13,42,15,1,16.4,8.138795979750322,35,100,0.01,0.84,475.7724340103465,475.77243401034656,5.684341886080802e-14,0.0,19,0.5,0.1,0,0,0,0,0.72,0.33199999999999996,0.5445261022305147,0.0,475.7724340103465
P-n16-k8,ga,13,43,15,1,16.4,8.138795979750322,35,100,0.01,0.86,475.7724340103465,475.77243401034656,5.684341886080802e-14,0.0,19,0.5,0.1,0,0,0,0,0.73,0.32799999999999996,0.5277337874695218,0.0,475.7724340103465
P-n16-k8,ga,13,44,15,1,16.4,8.138795979750322,35,100,0.01,0.88,475.7724340103465,475.77243401034656,5.684341886080802e-14,0.0,19,0.5,0.1,0,0,0,0,0.74,0.32399999999999995,0.5104373658054034,0.0,475.7724340103465
P-n16-k8,ga,13,45,15,1,16.4,8.138795979750322,35,100,0.01,0.9,475.7724340103465,475.77243401034656,5.684341886080802e-14,0.0,19,0.5,0.1,0,0,0,0,0.75,0.31999999999999995,0.49270509831248427,0.0,475.7724340103465
P-n16-k8,ga,13,46,15,1,16.4,8.138795979750322,35,100,0.01,0.92,475.7724340103465,475.77243401034656,5.684341886080802e-14,0.0,19,0.5,0.1,0,0,0,0,0.76,0.31599999999999995,0.47460696614945647,0.0,475.7724340103465
P-n16-k8,ga,13,47,15,1,16.4,8.138795979750322,35,100,0.01,0.94,475.7724340103465,475.77243401034656,5.684341886080802e-14,0.0,19,0.5,0.1,0,0,0,0,0.77,0.312,0.45621439437571754,0.0,475.7724340103465
P-n16-k8,ga,13,48,15,1,16.4,8.138795979750322,35,100,0.01,0.96,475.7724340103465,475.77243401034656,5.684341886080802e-14,0.0,19,0.5,0.1,0,0,0,0,0.78,0.308,0.4375999700692914,0.0,475.7724340103465
P-n16-k8,ga,13,49,15,1,16.4,8.138795979750322,35,100,0.01,0.98,475.7724340103465,475.77243401034656,5.684341886080802e-14,0.0,19,0.5,0.1,0,0,0,0,0.79,0.304,0.4188371558587941,0.0,475.7724340103465
P-n16-k8,ga,14,0,15,1,16.4,8.138795979750322,35,100,0.01,0.0,1000.0,1000.0,100.0,0.0,0,0.5,0.1,0,0,0,0,0.3,0.5,0.4,0.0,475.7724340103465
P-n16-k8,ga,14,1,15,1,16.4,8.138795979750322,35,100,0.01,0.02,475.7724340103465,475.7724340103465,100.0,0.0,0,0.5,0.1,0,0,0,0,0.31,0.496,0.41883715585879405,0.0,475.7724340103465
P-n16-k8,ga,14,2,15,1,16.4,8.138795979750322,35,100,0.01,0.04,475.7724340103465,475.7724340103465,100.0,0.0,0,0.5,0.1,0,0,0,0,0.32,0.492,0.4375999700692913,0.0,475.7724340103465
P-n16-k8,ga,14,3,15,1,16.4,8.138795979750322,35,100,0.01,0.06,475.7724340103465,475.77243401034656,100.0,0.0,0,0.5,0.1,0,0,0,0,0.32999999999999996,0.488,0.4562143943757174,0.0,475.7724340103465
P-n16-k8,ga,14,4,15,1,16.4,8.138795979750322,35,100,0.01,0.08,475.7724340103465,475.7724340103465,100.0,0.0,0,0.5,0.1,0,0,0,0,0.33999999999999997,0.484,0.47460696614945647,0.0,475.7724340103465
P-n16-k8,ga,14,5,15,1,16.4,8.138795979750322,35,100,0.01,0.1,475.7724340103465,475.7724340103465,100.0,0.0,0,0.5,0.1,0,0,0,0,0.35,0.48,0.4927050983124842,0.0,475.7724340103465
P-n16-k8,ga,14,6,15,1,16.4,8.138795979750322,35,100,0.01,0.12,475.7724340103465,475.77243401034644,100.0,0.0,0,0.5,0.1,0,0,0,0,0.36,0.476,0.5104373658054034,0.0,475.7724340103465
P-n16-k8,ga,14,7,15,1,16.4,8.138795979750322,35,100,0.01,0.14,475.7724340103465,475.77243401034644,100.0,0.0,0,0.5,0.1,0,0,0,0,0.37,0.472,0.5277337874695218,0.0,475.7724340103465
P-n16-k8,ga,14,8,15,1,16.4,8.138795979750322,35,100,0.01,0.16,475.7724340103465,475.7724340103465,100.0,0.0,0,0.5,0.1,0,0,0,0,0.38,0.46799999999999997,0.5445261022305146,0.0,475.7724340103465
P-n16-k8,ga,14,9,15,1,16.4,8.138795979750322,35,100,0.01,0.18,475.7724340103465,475.77243401034656,100.0,0.0,0,0.5,0.1,0,0,0,0,0.39,0.464,0.560748038493699,0.0,475.7724340103465
P-n16-k8,ga,14,10,15,1,16.4,8.138795979750322,35,100,0.01,0.2,475.7724340103465,475.77243401034656,100.0,0.0,0,0.5,0.1,0,0,0,0,0.4,0.45999999999999996,0.576335575687742,0.0,475.7724340103465
P-n16-k8,ga,14,11,15,1,16.4,8.138795979750322,35,100,0.01,0.22,475.7724340103465,475.77243401034656,5.684341886080802e-14,0.0,10,0.5,0.1,0,0,0,0,0.41,0.456,0.5912271969246069,0.0,475.7724340103465
P-n16-k8,ga,14,12,15,1,16.4,8.138795979750322,35,100,0.01,0.24,475.7724340103465,475.77243401034656,5.684341886080802e-14,0.0,11,0.5,0.1,0,0,0,0,0.42,0.452,0.6053641317786066,0.0,475.7724340103465
P-n16-k8,ga,14,13,15,1,16.4,8.138795979750322,35,100,0.01,0.26,475.7724340103465,475.77243401034656,5.684341886080802e-14,0.0,12,0.5,0.1,0,0,0,0,0.43,0.448,0.6186905882264235,0.0,475.7724340103465
P-n16-k8,ga,14,14,15,1,16.4,8.138795979750322,35,100,0.01,0.28,475.7724340103465,475.77243401034656,5.684341886080802e-14,0.0,13,0.5,0.1,0,0,0,0,0.44,0.444,0.6311539728327368,0.0,475.7724340103465
P-n16-k8,ga,14,15,15,1,16.4,8.138795979750322,35,100,0.01,0.3,475.7724340103465,475.77243401034656,5.684341886080802e-14,0.0,14,0.5,0.1,0,0,0,0,0.44999999999999996,0.44,0.6427050983124842,0.0,475.7724340103465
P-n16-k8,ga,14,16,15,1,16.4,8.138795979750322,35,100,0.01,0.32,475.7724340103465,475.77243401034656,5.684341886080802e-14,0.0,15,0.5,0.1,0,0,0,0,0.45999999999999996,0.436,0.6532983776506045,0.0,475.7724340103465
P-n16-k8,ga,14,17,15,1,16.4,8.138795979750322,35,100,0.01,0.34,475.7724340103465,475.77243401034656,5.684341886080802e-14,0.0,16,0.5,0.1,0,0,0,0,0.47,0.432,0.6628920040131592,0.0,475.7724340103465
P-n16-k8,ga,14,18,15,1,16.4,8.138795979750322,35,100,0.01,0.36,475.7724340103465,475.77243401034656,5.684341886080802e-14,0.0,17,0.5,0.1,0,0,0,0,0.48,0.428,0.6714481157398059,0.0,475.7724340103465
P-n16-k8,ga,14,19,15,1,16.4,8.138795979750322,35,100,0.01,0.38,475.7724340103465,475.77243401034656,5.684341886080802e-14,0.0,18,0.5,0.1,0,0,0,0,0.49,0.424,0.6789329457664754,0.0,475.7724340103465
P-n16-k8,ga,14,20,15,1,16.4,8.138795979750322,35,100,0.01,0.4,475.7724340103465,475.77243401034656,5.684341886080802e-14,0.0,19,0.5,0.1,0,0,0,0,0.5,0.42,0.685316954888546,0.0,475.7724340103465
P-n16-k8,ga,14,21,15,1,16.4,8.138795979750322,35,100,0.01,0.42,475.7724340103465,475.77243401034656,5.684341886080802e-14,0.0,19,0.5,0.1,0,0,0,0,0.51,0.416,0.6905749483385893,0.0,475.7724340103465
P-n16-k8,ga,14,22,15,1,16.4,8.138795979750322,35,100,0.01,0.44,475.7724340103465,475.77243401034656,5.684341886080802e-14,0.0,19,0.5,0.1,0,0,0,0,0.52,0.412,0.6946861752186066,0.0,475.7724340103465
P-n16-k8,ga,14,23,15,1,16.4,8.138795979750322,35,100,0.01,0.46,475.7724340103465,475.77243401034656,5.684341886080802e-14,0.0,19,0.5,0.1,0,0,0,0,0.53,0.408,0.6976344103943434,0.0,475.7724340103465
P-n16-k8,ga,14,24,15,1,16.4,8.138795979750322,35,100,0.01,0.48,475.7724340103465,475.77243401034656,5.684341886080802e-14,0.0,19,0.5,0.1,0,0,0,0,0.54,0.404,0.6994080185284814,0.0,475.7724340103465
P-n16-k8,ga,14,25,15,1,16.4,8.138795979750322,35,100,0.01,0.5,475.7724340103465,475.77243401034656,5.684341886080802e-14,0.0,19,0.5,0.1,0,0,0,0,0.55,0.4,0.7,0.0,475.7724340103465
P-n16-k8,ga,14,26,15,1,16.4,8.138795979750322,35,100,0.01,0.52,475.7724340103465,475.77243401034656,5.684341886080802e-14,0.0,19,0.5,0.1,0,0,0,0,0.56,0.396,0.6994080185284814,0.0,475.7724340103465
P-n16-k8,ga,14,27,15,1,16.4,8.138795979750322,35,100,0.01,0.54,475.7724340103465,475.77243401034656,5.684341886080802e-14,0.0,19,0.5,0.1,0,0,0,0,0.5700000000000001,0.392,0.6976344103943433,0.0,475.7724340103465
P-n16-k8,ga,14,28,15,1,16.4,8.138795979750322,35,100,0.01,0.56,475.7724340103465,475.77243401034656,5.684341886080802e-14,0.0,19,0.5,0.1,0,0,0,0,0.5800000000000001,0.388,0.6946861752186066,0.0,475.7724340103465
P-n16-k8,ga,14,29,15,1,16.4,8.138795979750322,35,100,0.01,0.58,475.7724340103465,475.77243401034656,5.684341886080802e-14,0.0,19,0.5,0.1,0,0,0,0,0.59,0.384,0.6905749483385893,0.0,475.7724340103465
P-n16-k8,ga,14,30,15,1,16.4,8.138795979750322,35,100,0.01,0.6,475.7724340103465,475.77243401034656,5.684341886080802e-14,0.0,19,0.5,0.1,0,0,0,0,0.6,0.38,0.685316954888546,0.0,475.7724340103465
P-n16-k8,ga,14,31,15,1,16.4,8.138795979750322,35,100,0.01,0.62,475.7724340103465,475.77243401034656,5.684341886080802e-14,0.0,19,0.5,0.1,0,0,0,0,0.61,0.376,0.6789329457664754,0.0,475.7724340103465
P-n16-k8,ga,14,32,15,1,16.4,8.138795979750322,35,100,0.01,0.64,475.7724340103465,475.77243401034656,5.684341886080802e-14,0.0,19,0.5,0.1,0,0,0,0,0.62,0.372,0.6714481157398058,0.0,475.7724340103465
P-n16-k8,ga,14,33,15,1,16.4,8.138795979750322,35,100,0.01,0.66,475.7724340103465,475.77243401034656,5.684341886080802e-14,0.0,19,0.5,0.1,0,0,0,0,0.63,0.368,0.6628920040131591,0.0,475.7724340103465
P-n16-k8,ga,14,34,15,1,16.4,8.138795979750322,35,100,0.01,0.68,475.7724340103465,475.77243401034656,5.684341886080802e-14,0.0,19,0.5,0.1,0,0,0,0,0.64,0.364,0.6532983776506045,0.0,475.7724340103465
P-n16-k8,ga,14,35,15,1,16.4,8.138795979750322,35,100,0.01,0.7,475.7724340103465,475.77243401034656,5.684341886080802e-14,0.0,19,0.5,0.1,0,0,0,0,0.6499999999999999,0.36,0.6427050983124842,0.0,475.7724340103465
P-n16-k8,ga,14,36,15,1,16.4,8.138795979750322,35,100,0.01,0.72,475.7724340103465,475.77243401034656,5.684341886080802e-14,0.0,19,0.5,0.1,0,0,0,0,0.6599999999999999,0.356,0.6311539728327368,0.0,475.7724340103465
P-n16-k8,ga,14,37,15,1,16.4,8.138795979750322,35,100,0.01,0.74,475.7724340103465,475.77243401034656,5.684341886080802e-14,0.0,19,0.5,0.1,0,0,0,0,0.6699999999999999,0.352,0.6186905882264234,0.0,475.7724340103465
P-n16-k8,ga,14,38,15,1,16.4,8.138795979750322,35,100,0.01,0.76,475.7724340103465,475.77243401034656,5.684341886080802e-14,0.0,19,0.5,0.1,0,0,0,0,0.6799999999999999,0.348,0.6053641317786067,0.0,475.7724340103465
P-n16-k8,ga,14,39,15,1,16.4,8.138795979750322,35,100,0.01,0.78,475.7724340103465,475.77243401034656,5.684341886080802e-14,0.0,19,0.5,0.1,0,0,0,0,0.69,0.344,0.591227196924607,0.0,475.7724340103465
P-n16-k8,ga,14,40,15,1,16.4,8.138795979750322,35,100,0.01,0.8,475.7724340103465,475.77243401034656,5.684341886080802e-14,0.0,19,0.5,0.1,0,0,0,0,0.7,0.33999999999999997,0.576335575687742,0.0,475.7724340103465
P-n16-k8,ga,14,41,15,1,16.4,8.138795979750322,35,100,0.01,0.82,475.7724340103465,475.77243401034656,5.684341886080802e-14,0.0,19,0.5,0.1,0,0,0,0,0.71,0.33599999999999997,0.5607480384936991,0.0,475.7724340103465
P-n16-k8,ga,14,42,15,1,16.4,8.138795979750322,35,100,0.01,0.84,475.7724340103465,475.77243401034656,5.684341886080802e-14,0.0,19,0.5,0.1,0,0,0,0,0.72,0.33199999999999996,0.5445261022305147,0.0,475.7724340103465
P-n16-k8,ga,14,43,15,1,16.4,8.138795979750322,35,100,0.01,0.86,475.7724340103465,475.77243401034656,5.684341886080802e-14,0.0,19,0.5,0.1,0,0,0,0,0.73,0.32799999999999996,0.5277337874695218,0.0,475.7724340103465
P-n16-k8,ga,14,44,15,1,16.4,8.138795979750322,35,100,0.01,0.88,475.7724340103465,475.77243401034656,5.684341886080802e-14,0.0,19,0.5,0.1,0,0,0,0,0.74,0.32399999999999995,0.5104373658054034,0.0,475.7724340103465
P-n16-k8,ga,14,45,15,1,16.4,8.138795979750322,35,100,0.01,0.9,475.7724340103465,475.77243401034656,5.684341886080802e-14,0.0,19,0.5,0.1,0,0,0,0,0.75,0.31999999999999995,0.49270509831248427,0.0,475.7724340103465
P-n16-k8,ga,14,46,15,1,16.4,8.138795979750322,35,100,0.01,0.92,475.7724340103465,475.77243401034656,5.684341886080802e-14,0.0,19,0.5,0.1,0,0,0,0,0.76,0.31599999999999995,0.47460696614945647,0.0,475.7724340103465
P-n16-k8,ga,14,47,15,1,16.4,8.138795979750322,35,100,0.01,0.94,475.7724340103465,475.77243401034656,5.684341886080802e-14,0.0,19,0.5,0.1,0,0,0,0,0.77,0.312,0.45621439437571754,0.0,475.7724340103465
P-n16-k8,ga,14,48,15,1,16.4,8.138795979750322,35,100,0.01,0.96,475.7724340103465,475.77243401034656,5.684341886080802e-14,0.0,19,0.5,0.1,0,0,0,0,0.78,0.308,0.4375999700692914,0.0,475.7724340103465
P-n16-k8,ga,14,49,15,1,16.4,8.138795979750322,35,100,0.01,0.98,475.7724340103465,475.77243401034656,5.684341886080802e-14,0.0,19,0.5,0.1,0,0,0,0,0.79,0.304,0.4188371558587941,0.0,475.7724340103465
P-n16-k8,ga,15,0,15,1,16.4,8.138795979750322,35,100,0.01,0.0,1000.0,1000.0,100.0,0.0,0,0.5,0.1,0,0,0,0,0.3,0.5,0.4,0.0,475.7724340103465
P-n16-k8,ga,15,1,15,1,16.4,8.138795979750322,35,100,0.01,0.02,475.7724340103465,475.7724340103465,100.0,0.0,0,0.5,0.1,0,0,0,0,0.31,0.496,0.41883715585879405,0.0,475.7724340103465
P-n16-k8,ga,15,2,15,1,16.4,8.138795979750322,35,100,0.01,0.04,475.7724340103465,475.7724340103465,100.0,0.0,0,0.5,0.1,0,0,0,0,0.32,0.492,0.4375999700692913,0.0,475.7724340103465
P-n16-k8,ga,15,3,15,1,16.4,8.138795979750322,35,100,0.01,0.06,475.7724340103465,475.77243401034656,100.0,0.0,0,0.5,0.1,0,0,0,0,0.32999999999999996,0.488,0.4562143943757174,0.0,475.7724340103465
P-n16-k8,ga,15,4,15,1,16.4,8.138795979750322,35,100,0.01,0.08,475.7724340103465,475.7724340103465,100.0,0.0,0,0.5,0.1,0,0,0,0,0.33999999999999997,0.484,0.47460696614945647,0.0,475.7724340103465
P-n16-k8,ga,15,5,15,1,16.4,8.138795979750322,35,100,0.01,0.1,475.7724340103465,475.7724340103465,100.0,0.0,0,0.5,0.1,0,0,0,0,0.35,0.48,0.4927050983124842,0.0,475.7724340103465
P-n16-k8,ga,15,6,15,1,16.4,8.138795979750322,35,100,0.01,0.12,475.7724340103465,475.77243401034644,100.0,0.0,0,0.5,0.1,0,0,0,0,0.36,0.476,0.5104373658054034,0.0,475.7724340103465
P-n16-k8,ga,15,7,15,1,16.4,8.138795979750322,35,100,0.01,0.14,475.7724340103465,475.77243401034644,100.0,0.0,0,0.5,0.1,0,0,0,0,0.37,0.472,0.5277337874695218,0.0,475.7724340103465
P-n16-k8,ga,15,8,15,1,16.4,8.138795979750322,35,100,0.01,0.16,475.7724340103465,475.7724340103465,100.0,0.0,0,0.5,0.1,0,0,0,0,0.38,0.46799999999999997,0.5445261022305146,0.0,475.7724340103465
P-n16-k8,ga,15,9,15,1,16.4,8.138795979750322,35,100,0.01,0.18,475.7724340103465,475.77243401034656,100.0,0.0,0,0.5,0.1,0,0,0,0,0.39,0.464,0.560748038493699,0.0,475.7724340103465
P-n16-k8,ga,15,10,15,1,16.4,8.138795979750322,35,100,0.01,0.2,475.7724340103465,475.77243401034656,100.0,0.0,0,0.5,0.1,0,0,0,0,0.4,0.45999999999999996,0.576335575687742,0.0,475.7724340103465
P-n16-k8,ga,15,11,15,1,16.4,8.138795979750322,35,100,0.01,0.22,475.7724340103465,475.77243401034656,5.684341886080802e-14,0.0,10,0.5,0.1,0,0,0,0,0.41,0.456,0.5912271969246069,0.0,475.7724340103465
P-n16-k8,ga,15,12,15,1,16.4,8.138795979750322,35,100,0.01,0.24,475.7724340103465,475.77243401034656,5.684341886080802e-14,0.0,11,0.5,0.1,0,0,0,0,0.42,0.452,0.6053641317786066,0.0,475.7724340103465
P-n16-k8,ga,15,13,15,1,16.4,8.138795979750322,35,100,0.01,0.26,475.7724340103465,475.77243401034656,5.684341886080802e-14,0.0,12,0.5,0.1,0,0,0,0,0.43,0.448,0.6186905882264235,0.0,475.7724340103465
P-n16-k8,ga,15,14,15,1,16.4,8.138795979750322,35,100,0.01,0.28,475.7724340103465,475.77243401034656,5.684341886080802e-14,0.0,13,0.5,0.1,0,0,0,0,0.44,0.444,0.6311539728327368,0.0,475.7724340103465
P-n16-k8,ga,15,15,15,1,16.4,8.138795979750322,35,100,0.01,0.3,475.7724340103465,475.77243401034656,5.684341886080802e-14,0.0,14,0.5,0.1,0,0,0,0,0.44999999999999996,0.44,0.6427050983124842,0.0,475.7724340103465
P-n16-k8,ga,15,16,15,1,16.4,8.138795979750322,35,100,0.01,0.32,475.7724340103465,475.77243401034656,5.684341886080802e-14,0.0,15,0.5,0.1,0,0,0,0,0.45999999999999996,0.436,0.6532983776506045,0.0,475.7724340103465
P-n16-k8,ga,15,17,15,1,16.4,8.138795979750322,35,100,0.01,0.34,475.7724340103465,475.77243401034656,5.684341886080802e-14,0.0,16,0.5,0.1,0,0,0,0,0.47,0.432,0.6628920040131592,0.0,475.7724340103465
P-n16-k8,ga,15,18,15,1,16.4,8.138795979750322,35,100,0.01,0.36,475.7724340103465,475.77243401034656,5.684341886080802e-14,0.0,17,0.5,0.1,0,0,0,0,0.48,0.428,0.6714481157398059,0.0,475.7724340103465
P-n16-k8,ga,15,19,15,1,16.4,8.138795979750322,35,100,0.01,0.38,475.7724340103465,475.77243401034656,5.684341886080802e-14,0.0,18,0.5,0.1,0,0,0,0,0.49,0.424,0.6789329457664754,0.0,475.7724340103465
P-n16-k8,ga,15,20,15,1,16.4,8.138795979750322,35,100,0.01,0.4,475.7724340103465,475.77243401034656,5.684341886080802e-14,0.0,19,0.5,0.1,0,0,0,0,0.5,0.42,0.685316954888546,0.0,475.7724340103465
P-n16-k8,ga,15,21,15,1,16.4,8.138795979750322,35,100,0.01,0.42,475.7724340103465,475.77243401034656,5.684341886080802e-14,0.0,19,0.5,0.1,0,0,0,0,0.51,0.416,0.6905749483385893,0.0,475.7724340103465
P-n16-k8,ga,15,22,15,1,16.4,8.138795979750322,35,100,0.01,0.44,475.7724340103465,475.77243401034656,5.684341886080802e-14,0.0,19,0.5,0.1,0,0,0,0,0.52,0.412,0.6946861752186066,0.0,475.7724340103465
P-n16-k8,ga,15,23,15,1,16.4,8.138795979750322,35,100,0.01,0.46,475.7724340103465,475.77243401034656,5.684341886080802e-14,0.0,19,0.5,0.1,0,0,0,0,0.53,0.408,0.6976344103943434,0.0,475.7724340103465
P-n16-k8,ga,15,24,15,1,16.4,8.138795979750322,35,100,0.01,0.48,475.7724340103465,475.77243401034656,5.684341886080802e-14,0.0,19,0.5,0.1,0,0,0,0,0.54,0.404,0.6994080185284814,0.0,475.7724340103465
P-n16-k8,ga,15,25,15,1,16.4,8.138795979750322,35,100,0.01,0.5,475.7724340103465,475.77243401034656,5.684341886080802e-14,0.0,19,0.5,0.1,0,0,0,0,0.55,0.4,0.7,0.0,475.7724340103465
P-n16-k8,ga,15,26,15,1,16.4,8.138795979750322,35,100,0.01,0.52,475.7724340103465,475.77243401034656,5.684341886080802e-14,0.0,19,0.5,0.1,0,0,0,0,0.56,0.396,0.6994080185284814,0.0,475.7724340103465
P-n16-k8,ga,15,27,15,1,16.4,8.138795979750322,35,100,0.01,0.54,475.7724340103465,475.77243401034656,5.684341886080802e-14,0.0,19,0.5,0.1,0,0,0,0,0.5700000000000001,0.392,0.6976344103943433,0.0,475.7724340103465
P-n16-k8,ga,15,28,15,1,16.4,8.138795979750322,35,100,0.01,0.56,475.7724340103465,475.77243401034656,5.684341886080802e-14,0.0,19,0.5,0.1,0,0,0,0,0.5800000000000001,0.388,0.6946861752186066,0.0,475.7724340103465
P-n16-k8,ga,15,29,15,1,16.4,8.138795979750322,35,100,0.01,0.58,475.7724340103465,475.77243401034656,5.684341886080802e-14,0.0,19,0.5,0.1,0,0,0,0,0.59,0.384,0.6905749483385893,0.0,475.7724340103465
P-n16-k8,ga,15,30,15,1,16.4,8.138795979750322,35,100,0.01,0.6,475.7724340103465,475.77243401034656,5.684341886080802e-14,0.0,19,0.5,0.1,0,0,0,0,0.6,0.38,0.685316954888546,0.0,475.7724340103465
P-n16-k8,ga,15,31,15,1,16.4,8.138795979750322,35,100,0.01,0.62,475.7724340103465,475.77243401034656,5.684341886080802e-14,0.0,19,0.5,0.1,0,0,0,0,0.61,0.376,0.6789329457664754,0.0,475.7724340103465
P-n16-k8,ga,15,32,15,1,16.4,8.138795979750322,35,100,0.01,0.64,475.7724340103465,475.77243401034656,5.684341886080802e-14,0.0,19,0.5,0.1,0,0,0,0,0.62,0.372,0.6714481157398058,0.0,475.7724340103465
P-n16-k8,ga,15,33,15,1,16.4,8.138795979750322,35,100,0.01,0.66,475.7724340103465,475.77243401034656,5.684341886080802e-14,0.0,19,0.5,0.1,0,0,0,0,0.63,0.368,0.6628920040131591,0.0,475.7724340103465
P-n16-k8,ga,15,34,15,1,16.4,8.138795979750322,35,100,0.01,0.68,475.7724340103465,475.77243401034656,5.684341886080802e-14,0.0,19,0.5,0.1,0,0,0,0,0.64,0.364,0.6532983776506045,0.0,475.7724340103465
P-n16-k8,ga,15,35,15,1,16.4,8.138795979750322,35,100,0.01,0.7,475.7724340103465,475.77243401034656,5.684341886080802e-14,0.0,19,0.5,0.1,0,0,0,0,0.6499999999999999,0.36,0.6427050983124842,0.0,475.7724340103465
P-n16-k8,ga,15,36,15,1,16.4,8.138795979750322,35,100,0.01,0.72,475.7724340103465,475.77243401034656,5.684341886080802e-14,0.0,19,0.5,0.1,0,0,0,0,0.6599999999999999,0.356,0.6311539728327368,0.0,475.7724340103465
P-n16-k8,ga,15,37,15,1,16.4,8.138795979750322,35,100,0.01,0.74,475.7724340103465,475.77243401034656,5.684341886080802e-14,0.0,19,0.5,0.1,0,0,0,0,0.6699999999999999,0.352,0.6186905882264234,0.0,475.7724340103465
P-n16-k8,ga,15,38,15,1,16.4,8.138795979750322,35,100,0.01,0.76,475.7724340103465,475.77243401034656,5.684341886080802e-14,0.0,19,0.5,0.1,0,0,0,0,0.6799999999999999,0.348,0.6053641317786067,0.0,475.7724340103465
P-n16-k8,ga,15,39,15,1,16.4,8.138795979750322,35,100,0.01,0.78,475.7724340103465,475.77243401034656,5.684341886080802e-14,0.0,19,0.5,0.1,0,0,0,0,0.69,0.344,0.591227196924607,0.0,475.7724340103465
P-n16-k8,ga,15,40,15,1,16.4,8.138795979750322,35,100,0.01,0.8,475.7724340103465,475.77243401034656,5.684341886080802e-14,0.0,19,0.5,0.1,0,0,0,0,0.7,0.33999999999999997,0.576335575687742,0.0,475.7724340103465
P-n16-k8,ga,15,41,15,1,16.4,8.138795979750322,35,100,0.01,0.82,475.7724340103465,475.77243401034656,5.684341886080802e-14,0.0,19,0.5,0.1,0,0,0,0,0.71,0.33599999999999997,0.5607480384936991,0.0,475.7724340103465
P-n16-k8,ga,15,42,15,1,16.4,8.138795979750322,35,100,0.01,0.84,475.7724340103465,475.77243401034656,5.684341886080802e-14,0.0,19,0.5,0.1,0,0,0,0,0.72,0.33199999999999996,0.5445261022305147,0.0,475.7724340103465
P-n16-k8,ga,15,43,15,1,16.4,8.138795979750322,35,100,0.01,0.86,475.7724340103465,475.77243401034656,5.684341886080802e-14,0.0,19,0.5,0.1,0,0,0,0,0.73,0.32799999999999996,0.5277337874695218,0.0,475.7724340103465
P-n16-k8,ga,15,44,15,1,16.4,8.138795979750322,35,100,0.01,0.88,475.7724340103465,475.77243401034656,5.684341886080802e-14,0.0,19,0.5,0.1,0,0,0,0,0.74,0.32399999999999995,0.5104373658054034,0.0,475.7724340103465
P-n16-k8,ga,15,45,15,1,16.4,8.138795979750322,35,100,0.01,0.9,475.7724340103465,475.77243401034656,5.684341886080802e-14,0.0,19,0.5,0.1,0,0,0,0,0.75,0.31999999999999995,0.49270509831248427,0.0,475.7724340103465
P-n16-k8,ga,15,46,15,1,16.4,8.138795979750322,35,100,0.01,0.92,475.7724340103465,475.77243401034656,5.684341886080802e-14,0.0,19,0.5,0.1,0,0,0,0,0.76,0.31599999999999995,0.47460696614945647,0.0,475.7724340103465
P-n16-k8,ga,15,47,15,1,16.4,8.138795979750322,35,100,0.01,0.94,475.7724340103465,475.77243401034656,5.684341886080802e-14,0.0,19,0.5,0.1,0,0,0,0,0.77,0.312,0.45621439437571754,0.0,475.7724340103465
P-n16-k8,ga,15,48,15,1,16.4,8.138795979750322,35,100,0.01,0.96,475.7724340103465,475.77243401034656,5.684341886080802e-14,0.0,19,0.5,0.1,0,0,0,0,0.78,0.308,0.4375999700692914,0.0,475.7724340103465
P-n16-k8,ga,15,49,15,1,16.4,8.138795979750322,35,100,0.01,0.98,475.7724340103465,475.77243401034656,5.684341886080802e-14,0.0,19,0.5,0.1,0,0,0,0,0.79,0.304,0.4188371558587941,0.0,475.7724340103465
P-n16-k8,ga,16,0,15,1,16.4,8.138795979750322,35,100,0.01,0.0,1000.0,1000.0,100.0,0.0,0,0.5,0.1,0,0,0,0,0.3,0.5,0.4,0.0,475.7724340103465
P-n16-k8,ga,16,1,15,1,16.4,8.138795979750322,35,100,0.01,0.02,475.7724340103465,475.7724340103465,100.0,0.0,0,0.5,0.1,0,0,0,0,0.31,0.496,0.41883715585879405,0.0,475.7724340103465
P-n16-k8,ga,16,2,15,1,16.4,8.138795979750322,35,100,0.01,0.04,475.7724340103465,475.7724340103465,100.0,0.0,0,0.5,0.1,0,0,0,0,0.32,0.492,0.4375999700692913,0.0,475.7724340103465
P-n16-k8,ga,16,3,15,1,16.4,8.138795979750322,35,100,0.01,0.06,475.7724340103465,475.77243401034656,100.0,0.0,0,0.5,0.1,0,0,0,0,0.32999999999999996,0.488,0.4562143943757174,0.0,475.7724340103465
P-n16-k8,ga,16,4,15,1,16.4,8.138795979750322,35,100,0.01,0.08,475.7724340103465,475.7724340103465,100.0,0.0,0,0.5,0.1,0,0,0,0,0.33999999999999997,0.484,0.47460696614945647,0.0,475.7724340103465
P-n16-k8,ga,16,5,15,1,16.4,8.138795979750322,35,100,0.01,0.1,475.7724340103465,475.7724340103465,100.0,0.0,0,0.5,0.1,0,0,0,0,0.35,0.48,0.4927050983124842,0.0,475.7724340103465
P-n16-k8,ga,16,6,15,1,16.4,8.138795979750322,35,100,0.01,0.12,475.7724340103465,475.77243401034644,100.0,0.0,0,0.5,0.1,0,0,0,0,0.36,0.476,0.5104373658054034,0.0,475.7724340103465
P-n16-k8,ga,16,7,15,1,16.4,8.138795979750322,35,100,0.01,0.14,475.7724340103465,475.77243401034644,100.0,0.0,0,0.5,0.1,0,0,0,0,0.37,0.472,0.5277337874695218,0.0,475.7724340103465
P-n16-k8,ga,16,8,15,1,16.4,8.138795979750322,35,100,0.01,0.16,475.7724340103465,475.7724340103465,100.0,0.0,0,0.5,0.1,0,0,0,0,0.38,0.46799999999999997,0.5445261022305146,0.0,475.7724340103465
P-n16-k8,ga,16,9,15,1,16.4,8.138795979750322,35,100,0.01,0.18,475.7724340103465,475.77243401034656,100.0,0.0,0,0.5,0.1,0,0,0,0,0.39,0.464,0.560748038493699,0.0,475.7724340103465
P-n16-k8,ga,16,10,15,1,16.4,8.138795979750322,35,100,0.01,0.2,475.7724340103465,475.77243401034656,100.0,0.0,0,0.5,0.1,0,0,0,0,0.4,0.45999999999999996,0.576335575687742,0.0,475.7724340103465
P-n16-k8,ga,16,11,15,1,16.4,8.138795979750322,35,100,0.01,0.22,475.7724340103465,475.77243401034656,5.684341886080802e-14,0.0,10,0.5,0.1,0,0,0,0,0.41,0.456,0.5912271969246069,0.0,475.7724340103465
P-n16-k8,ga,16,12,15,1,16.4,8.138795979750322,35,100,0.01,0.24,475.7724340103465,475.77243401034656,5.684341886080802e-14,0.0,11,0.5,0.1,0,0,0,0,0.42,0.452,0.6053641317786066,0.0,475.7724340103465
P-n16-k8,ga,16,13,15,1,16.4,8.138795979750322,35,100,0.01,0.26,475.7724340103465,475.77243401034656,5.684341886080802e-14,0.0,12,0.5,0.1,0,0,0,0,0.43,0.448,0.6186905882264235,0.0,475.7724340103465
P-n16-k8,ga,16,14,15,1,16.4,8.138795979750322,35,100,0.01,0.28,475.7724340103465,475.77243401034656,5.684341886080802e-14,0.0,13,0.5,0.1,0,0,0,0,0.44,0.444,0.6311539728327368,0.0,475.7724340103465
P-n16-k8,ga,16,15,15,1,16.4,8.138795979750322,35,100,0.01,0.3,475.7724340103465,475.77243401034656,5.684341886080802e-14,0.0,14,0.5,0.1,0,0,0,0,0.44999999999999996,0.44,0.6427050983124842,0.0,475.7724340103465
P-n16-k8,ga,16,16,15,1,16.4,8.138795979750322,35,100,0.01,0.32,475.7724340103465,475.77243401034656,5.684341886080802e-14,0.0,15,0.5,0.1,0,0,0,0,0.45999999999999996,0.436,0.6532983776506045,0.0,475.7724340103465
P-n16-k8,ga,16,17,15,1,16.4,8.138795979750322,35,100,0.01,0.34,475.7724340103465,475.77243401034656,5.684341886080802e-14,0.0,16,0.5,0.1,0,0,0,0,0.47,0.432,0.6628920040131592,0.0,475.7724340103465
P-n16-k8,ga,16,18,15,1,16.4,8.138795979750322,35,100,0.01,0.36,475.7724340103465,475.77243401034656,5.684341886080802e-14,0.0,17,0.5,0.1,0,0,0,0,0.48,0.428,0.6714481157398059,0.0,475.7724340103465
P-n16-k8,ga,16,19,15,1,16.4,8.138795979750322,35,100,0.01,0.38,475.7724340103465,475.77243401034656,5.684341886080802e-14,0.0,18,0.5,0.1,0,0,0,0,0.49,0.424,0.6789329457664754,0.0,475.7724340103465
P-n16-k8,ga,16,20,15,1,16.4,8.138795979750322,35,100,0.01,0.4,475.7724340103465,475.77243401034656,5.684341886080802e-14,0.0,19,0.5,0.1,0,0,0,0,0.5,0.42,0.685316954888546,0.0,475.7724340103465
P-n16-k8,ga,16,21,15,1,16.4,8.138795979750322,35,100,0.01,0.42,475.7724340103465,475.77243401034656,5.684341886080802e-14,0.0,19,0.5,0.1,0,0,0,0,0.51,0.416,0.6905749483385893,0.0,475.7724340103465
P-n16-k8,ga,16,22,15,1,16.4,8.138795979750322,35,100,0.01,0.44,475.7724340103465,475.77243401034656,5.684341886080802e-14,0.0,19,0.5,0.1,0,0,0,0,0.52,0.412,0.6946861752186066,0.0,475.7724340103465
P-n16-k8,ga,16,23,15,1,16.4,8.138795979750322,35,100,0.01,0.46,475.7724340103465,475.77243401034656,5.684341886080802e-14,0.0,19,0.5,0.1,0,0,0,0,0.53,0.408,0.6976344103943434,0.0,475.7724340103465
P-n16-k8,ga,16,24,15,1,16.4,8.138795979750322,35,100,0.01,0.48,475.7724340103465,475.77243401034656,5.684341886080802e-14,0.0,19,0.5,0.1,0,0,0,0,0.54,0.404,0.6994080185284814,0.0,475.7724340103465
P-n16-k8,ga,16,25,15,1,16.4,8.138795979750322,35,100,0.01,0.5,475.7724340103465,475.77243401034656,5.684341886080802e-14,0.0,19,0.5,0.1,0,0,0,0,0.55,0.4,0.7,0.0,475.7724340103465
P-n16-k8,ga,16,26,15,1,16.4,8.138795979750322,35,100,0.01,0.52,475.7724340103465,475.77243401034656,5.684341886080802e-14,0.0,19,0.5,0.1,0,0,0,0,0.56,0.396,0.6994080185284814,0.0,475.7724340103465
P-n16-k8,ga,16,27,15,1,16.4,8.138795979750322,35,100,0.01,0.54,475.7724340103465,475.77243401034656,5.684341886080802e-14,0.0,19,0.5,0.1,0,0,0,0,0.5700000000000001,0.392,0.6976344103943433,0.0,475.7724340103465
P-n16-k8,ga,16,28,15,1,16.4,8.138795979750322,35,100,0.01,0.56,475.7724340103465,475.77243401034656,5.684341886080802e-14,0.0,19,0.5,0.1,0,0,0,0,0.5800000000000001,0.388,0.6946861752186066,0.0,475.7724340103465
P-n16-k8,ga,16,29,15,1,16.4,8.138795979750322,35,100,0.01,0.58,475.7724340103465,475.77243401034656,5.684341886080802e-14,0.0,19,0.5,0.1,0,0,0,0,0.59,0.384,0.6905749483385893,0.0,475.7724340103465
P-n16-k8,ga,16,30,15,1,16.4,8.138795979750322,35,100,0.01,0.6,475.7724340103465,475.77243401034656,5.684341886080802e-14,0.0,19,0.5,0.1,0,0,0,0,0.6,0.38,0.685316954888546,0.0,475.7724340103465
P-n16-k8,ga,16,31,15,1,16.4,8.138795979750322,35,100,0.01,0.62,475.7724340103465,475.77243401034656,5.684341886080802e-14,0.0,19,0.5,0.1,0,0,0,0,0.61,0.376,0.6789329457664754,0.0,475.7724340103465
P-n16-k8,ga,16,32,15,1,16.4,8.138795979750322,35,100,0.01,0.64,475.7724340103465,475.77243401034656,5.684341886080802e-14,0.0,19,0.5,0.1,0,0,0,0,0.62,0.372,0.6714481157398058,0.0,475.7724340103465
P-n16-k8,ga,16,33,15,1,16.4,8.138795979750322,35,100,0.01,0.66,475.7724340103465,475.77243401034656,5.684341886080802e-14,0.0,19,0.5,0.1,0,0,0,0,0.63,0.368,0.6628920040131591,0.0,475.7724340103465
P-n16-k8,ga,16,34,15,1,16.4,8.138795979750322,35,100,0.01,0.68,475.7724340103465,475.77243401034656,5.684341886080802e-14,0.0,19,0.5,0.1,0,0,0,0,0.64,0.364,0.6532983776506045,0.0,475.7724340103465
P-n16-k8,ga,16,35,15,1,16.4,8.138795979750322,35,100,0.01,0.7,475.7724340103465,475.77243401034656,5.684341886080802e-14,0.0,19,0.5,0.1,0,0,0,0,0.6499999999999999,0.36,0.6427050983124842,0.0,475.7724340103465
P-n16-k8,ga,16,36,15,1,16.4,8.138795979750322,35,100,0.01,0.72,475.7724340103465,475.77243401034656,5.684341886080802e-14,0.0,19,0.5,0.1,0,0,0,0,0.6599999999999999,0.356,0.6311539728327368,0.0,475.7724340103465
P-n16-k8,ga,16,37,15,1,16.4,8.138795979750322,35,100,0.01,0.74,475.7724340103465,475.77243401034656,5.684341886080802e-14,0.0,19,0.5,0.1,0,0,0,0,0.6699999999999999,0.352,0.6186905882264234,0.0,475.7724340103465
P-n16-k8,ga,16,38,15,1,16.4,8.138795979750322,35,100,0.01,0.76,475.7724340103465,475.77243401034656,5.684341886080802e-14,0.0,19,0.5,0.1,0,0,0,0,0.6799999999999999,0.348,0.6053641317786067,0.0,475.7724340103465
P-n16-k8,ga,16,39,15,1,16.4,8.138795979750322,35,100,0.01,0.78,475.7724340103465,475.77243401034656,5.684341886080802e-14,0.0,19,0.5,0.1,0,0,0,0,0.69,0.344,0.591227196924607,0.0,475.7724340103465
P-n16-k8,ga,16,40,15,1,16.4,8.138795979750322,35,100,0.01,0.8,475.7724340103465,475.77243401034656,5.684341886080802e-14,0.0,19,0.5,0.1,0,0,0,0,0.7,0.33999999999999997,0.576335575687742,0.0,475.7724340103465
P-n16-k8,ga,16,41,15,1,16.4,8.138795979750322,35,100,0.01,0.82,475.7724340103465,475.77243401034656,5.684341886080802e-14,0.0,19,0.5,0.1,0,0,0,0,0.71,0.33599999999999997,0.5607480384936991,0.0,475.7724340103465
P-n16-k8,ga,16,42,15,1,16.4,8.138795979750322,35,100,0.01,0.84,475.7724340103465,475.77243401034656,5.684341886080802e-14,0.0,19,0.5,0.1,0,0,0,0,0.72,0.33199999999999996,0.5445261022305147,0.0,475.7724340103465
P-n16-k8,ga,16,43,15,1,16.4,8.138795979750322,35,100,0.01,0.86,475.7724340103465,475.77243401034656,5.684341886080802e-14,0.0,19,0.5,0.1,0,0,0,0,0.73,0.32799999999999996,0.5277337874695218,0.0,475.7724340103465
P-n16-k8,ga,16,44,15,1,16.4,8.138795979750322,35,100,0.01,0.88,475.7724340103465,475.77243401034656,5.684341886080802e-14,0.0,19,0.5,0.1,0,0,0,0,0.74,0.32399999999999995,0.5104373658054034,0.0,475.7724340103465
P-n16-k8,ga,16,45,15,1,16.4,8.138795979750322,35,100,0.01,0.9,475.7724340103465,475.77243401034656,5.684341886080802e-14,0.0,19,0.5,0.1,0,0,0,0,0.75,0.31999999999999995,0.49270509831248427,0.0,475.7724340103465
P-n16-k8,ga,16,46,15,1,16.4,8.138795979750322,35,100,0.01,0.92,475.7724340103465,475.77243401034656,5.684341886080802e-14,0.0,19,0.5,0.1,0,0,0,0,0.76,0.31599999999999995,0.47460696614945647,0.0,475.7724340103465
P-n16-k8,ga,16,47,15,1,16.4,8.138795979750322,35,100,0.01,0.94,475.7724340103465,475.77243401034656,5.684341886080802e-14,0.0,19,0.5,0.1,0,0,0,0,0.77,0.312,0.45621439437571754,0.0,475.7724340103465
P-n16-k8,ga,16,48,15,1,16.4,8.138795979750322,35,100,0.01,0.96,475.7724340103465,475.77243401034656,5.684341886080802e-14,0.0,19,0.5,0.1,0,0,0,0,0.78,0.308,0.4375999700692914,0.0,475.7724340103465
P-n16-k8,ga,16,49,15,1,16.4,8.138795979750322,35,100,0.01,0.98,475.7724340103465,475.77243401034656,5.684341886080802e-14,0.0,19,0.5,0.1,0,0,0,0,0.79,0.304,0.4188371558587941,0.0,475.7724340103465
P-n16-k8,ga,17,0,15,1,16.4,8.138795979750322,35,100,0.01,0.0,1000.0,1000.0,100.0,0.0,0,0.5,0.1,0,0,0,0,0.3,0.5,0.4,0.0,482.8241044964152
P-n16-k8,ga,17,1,15,1,16.4,8.138795979750322,35,100,0.01,0.02,482.8241044964152,482.8241044964152,100.0,0.0,0,0.5,0.1,0,0,0,0,0.31,0.496,0.41883715585879405,0.0,482.8241044964152
P-n16-k8,ga,17,2,15,1,16.4,8.138795979750322,35,100,0.01,0.04,482.8241044964152,482.8241044964152,100.0,0.0,0,0.5,0.1,0,0,0,0,0.32,0.492,0.4375999700692913,0.0,482.8241044964152
P-n16-k8,ga,17,3,15,1,16.4,8.138795979750322,35,100,0.01,0.06,482.8241044964152,482.8241044964152,100.0,0.0,0,0.5,0.1,0,0,0,0,0.32999999999999996,0.488,0.4562143943757174,0.0,482.8241044964152
P-n16-k8,ga,17,4,15,1,16.4,8.138795979750322,35,100,0.01,0.08,482.8241044964152,482.8241044964152,100.0,0.0,0,0.5,0.1,0,0,0,0,0.33999999999999997,0.484,0.47460696614945647,0.0,482.8241044964152
P-n16-k8,ga,17,5,15,1,16.4,8.138795979750322,35,100,0.01,0.1,482.8241044964152,482.8241044964152,100.0,0.0,0,0.5,0.1,0,0,0,0,0.35,0.48,0.4927050983124842,0.0,482.8241044964152
P-n16-k8,ga,17,6,15,1,16.4,8.138795979750322,35,100,0.01,0.12,482.8241044964152,482.8241044964152,100.0,0.0,0,0.5,0.1,0,0,0,0,0.36,0.476,0.5104373658054034,0.0,482.8241044964152
P-n16-k8,ga,17,7,15,1,16.4,8.138795979750322,35,100,0.01,0.14,482.8241044964152,482.8241044964152,100.0,0.0,0,0.5,0.1,0,0,0,0,0.37,0.472,0.5277337874695218,0.0,482.8241044964152
P-n16-k8,ga,17,8,15,1,16.4,8.138795979750322,35,100,0.01,0.16,482.8241044964152,482.8241044964152,100.0,0.0,0,0.5,0.1,0,0,0,0,0.38,0.46799999999999997,0.5445261022305146,0.0,482.8241044964152
P-n16-k8,ga,17,9,15,1,16.4,8.138795979750322,35,100,0.01,0.18,482.8241044964152,482.8241044964152,100.0,0.0,0,0.5,0.1,0,0,0,0,0.39,0.464,0.560748038493699,0.0,482.8241044964152
P-n16-k8,ga,17,10,15,1,16.4,8.138795979750322,35,100,0.01,0.2,482.8241044964152,482.8241044964152,100.0,0.0,0,0.5,0.1,0,0,0,0,0.4,0.45999999999999996,0.576335575687742,0.0,482.8241044964152
P-n16-k8,ga,17,11,15,1,16.4,8.138795979750322,35,100,0.01,0.22,482.8241044964152,482.8241044964152,0.0,0.0,10,0.5,0.1,0,0,0,0,0.41,0.456,0.5912271969246069,0.0,482.8241044964152
P-n16-k8,ga,17,12,15,1,16.4,8.138795979750322,35,100,0.01,0.24,482.8241044964152,482.8241044964152,0.0,0.0,11,0.5,0.1,0,0,0,0,0.42,0.452,0.6053641317786066,0.0,482.8241044964152
P-n16-k8,ga,17,13,15,1,16.4,8.138795979750322,35,100,0.01,0.26,482.8241044964152,482.8241044964152,0.0,0.0,12,0.5,0.1,0,0,0,0,0.43,0.448,0.6186905882264235,0.0,482.8241044964152
P-n16-k8,ga,17,14,15,1,16.4,8.138795979750322,35,100,0.01,0.28,482.8241044964152,482.8241044964152,0.0,0.0,13,0.5,0.1,0,0,0,0,0.44,0.444,0.6311539728327368,0.0,482.8241044964152
P-n16-k8,ga,17,15,15,1,16.4,8.138795979750322,35,100,0.01,0.3,482.8241044964152,482.8241044964152,0.0,0.0,14,0.5,0.1,0,0,0,0,0.44999999999999996,0.44,0.6427050983124842,0.0,482.8241044964152
P-n16-k8,ga,17,16,15,1,16.4,8.138795979750322,35,100,0.01,0.32,482.8241044964152,482.8241044964152,0.0,0.0,15,0.5,0.1,0,0,0,0,0.45999999999999996,0.436,0.6532983776506045,0.0,482.8241044964152
P-n16-k8,ga,17,17,15,1,16.4,8.138795979750322,35,100,0.01,0.34,482.8241044964152,482.8241044964152,0.0,0.0,16,0.5,0.1,0,0,0,0,0.47,0.432,0.6628920040131592,0.0,482.8241044964152
P-n16-k8,ga,17,18,15,1,16.4,8.138795979750322,35,100,0.01,0.36,482.8241044964152,482.8241044964152,0.0,0.0,17,0.5,0.1,0,0,0,0,0.48,0.428,0.6714481157398059,0.0,482.8241044964152
P-n16-k8,ga,17,19,15,1,16.4,8.138795979750322,35,100,0.01,0.38,482.8241044964152,482.8241044964152,0.0,0.0,18,0.5,0.1,0,0,0,0,0.49,0.424,0.6789329457664754,0.0,482.8241044964152
P-n16-k8,ga,17,20,15,1,16.4,8.138795979750322,35,100,0.01,0.4,482.8241044964152,482.8241044964152,0.0,0.0,19,0.5,0.1,0,0,0,0,0.5,0.42,0.685316954888546,0.0,482.8241044964152
P-n16-k8,ga,17,21,15,1,16.4,8.138795979750322,35,100,0.01,0.42,482.8241044964152,482.8241044964152,0.0,0.0,19,0.5,0.1,0,0,0,0,0.51,0.416,0.6905749483385893,0.0,482.8241044964152
P-n16-k8,ga,17,22,15,1,16.4,8.138795979750322,35,100,0.01,0.44,482.8241044964152,482.8241044964152,0.0,0.0,19,0.5,0.1,0,0,0,0,0.52,0.412,0.6946861752186066,0.0,482.8241044964152
P-n16-k8,ga,17,23,15,1,16.4,8.138795979750322,35,100,0.01,0.46,482.8241044964152,482.8241044964152,0.0,0.0,19,0.5,0.1,0,0,0,0,0.53,0.408,0.6976344103943434,0.0,482.8241044964152
P-n16-k8,ga,17,24,15,1,16.4,8.138795979750322,35,100,0.01,0.48,482.8241044964152,482.8241044964152,0.0,0.0,19,0.5,0.1,0,0,0,0,0.54,0.404,0.6994080185284814,0.0,482.8241044964152
P-n16-k8,ga,17,25,15,1,16.4,8.138795979750322,35,100,0.01,0.5,482.8241044964152,482.8241044964152,0.0,0.0,19,0.5,0.1,0,0,0,0,0.55,0.4,0.7,0.0,482.8241044964152
P-n16-k8,ga,17,26,15,1,16.4,8.138795979750322,35,100,0.01,0.52,482.8241044964152,482.8241044964152,0.0,0.0,19,0.5,0.1,0,0,0,0,0.56,0.396,0.6994080185284814,0.0,482.8241044964152
P-n16-k8,ga,17,27,15,1,16.4,8.138795979750322,35,100,0.01,0.54,482.8241044964152,482.8241044964152,0.0,0.0,19,0.5,0.1,0,0,0,0,0.5700000000000001,0.392,0.6976344103943433,0.0,482.8241044964152
P-n16-k8,ga,17,28,15,1,16.4,8.138795979750322,35,100,0.01,0.56,482.8241044964152,482.8241044964152,0.0,0.0,19,0.5,0.1,0,0,0,0,0.5800000000000001,0.388,0.6946861752186066,0.0,482.8241044964152
P-n16-k8,ga,17,29,15,1,16.4,8.138795979750322,35,100,0.01,0.58,482.8241044964152,482.8241044964152,0.0,0.0,19,0.5,0.1,0,0,0,0,0.59,0.384,0.6905749483385893,0.0,482.8241044964152
P-n16-k8,ga,17,30,15,1,16.4,8.138795979750322,35,100,0.01,0.6,482.8241044964152,482.8241044964152,0.0,0.0,19,0.5,0.1,0,0,0,0,0.6,0.38,0.685316954888546,0.0,482.8241044964152
P-n16-k8,ga,17,31,15,1,16.4,8.138795979750322,35,100,0.01,0.62,482.8241044964152,482.8241044964152,0.0,0.0,19,0.5,0.1,0,0,0,0,0.61,0.376,0.6789329457664754,0.0,482.8241044964152
P-n16-k8,ga,17,32,15,1,16.4,8.138795979750322,35,100,0.01,0.64,482.8241044964152,482.8241044964152,0.0,0.0,19,0.5,0.1,0,0,0,0,0.62,0.372,0.6714481157398058,0.0,482.8241044964152
P-n16-k8,ga,17,33,15,1,16.4,8.138795979750322,35,100,0.01,0.66,482.8241044964152,482.8241044964152,0.0,0.0,19,0.5,0.1,0,0,0,0,0.63,0.368,0.6628920040131591,0.0,482.8241044964152
P-n16-k8,ga,17,34,15,1,16.4,8.138795979750322,35,100,0.01,0.68,482.8241044964152,482.8241044964152,0.0,0.0,19,0.5,0.1,0,0,0,0,0.64,0.364,0.6532983776506045,0.0,482.8241044964152
P-n16-k8,ga,17,35,15,1,16.4,8.138795979750322,35,100,0.01,0.7,482.8241044964152,482.8241044964152,0.0,0.0,19,0.5,0.1,0,0,0,0,0.6499999999999999,0.36,0.6427050983124842,0.0,482.8241044964152
P-n16-k8,ga,17,36,15,1,16.4,8.138795979750322,35,100,0.01,0.72,482.8241044964152,482.8241044964152,0.0,0.0,19,0.5,0.1,0,0,0,0,0.6599999999999999,0.356,0.6311539728327368,0.0,482.8241044964152
P-n16-k8,ga,17,37,15,1,16.4,8.138795979750322,35,100,0.01,0.74,482.8241044964152,482.8241044964152,0.0,0.0,19,0.5,0.1,0,0,0,0,0.6699999999999999,0.352,0.6186905882264234,0.0,482.8241044964152
P-n16-k8,ga,17,38,15,1,16.4,8.138795979750322,35,100,0.01,0.76,482.8241044964152,482.8241044964152,0.0,0.0,19,0.5,0.1,0,0,0,0,0.6799999999999999,0.348,0.6053641317786067,0.0,482.8241044964152
P-n16-k8,ga,17,39,15,1,16.4,8.138795979750322,35,100,0.01,0.78,482.8241044964152,482.8241044964152,0.0,0.0,19,0.5,0.1,0,0,0,0,0.69,0.344,0.591227196924607,0.0,482.8241044964152
P-n16-k8,ga,17,40,15,1,16.4,8.138795979750322,35,100,0.01,0.8,482.8241044964152,482.8241044964152,0.0,0.0,19,0.5,0.1,0,0,0,0,0.7,0.33999999999999997,0.576335575687742,0.0,482.8241044964152
P-n16-k8,ga,17,41,15,1,16.4,8.138795979750322,35,100,0.01,0.82,482.8241044964152,482.8241044964152,0.0,0.0,19,0.5,0.1,0,0,0,0,0.71,0.33599999999999997,0.5607480384936991,0.0,482.8241044964152
P-n16-k8,ga,17,42,15,1,16.4,8.138795979750322,35,100,0.01,0.84,482.8241044964152,482.8241044964152,0.0,0.0,19,0.5,0.1,0,0,0,0,0.72,0.33199999999999996,0.5445261022305147,0.0,482.8241044964152
P-n16-k8,ga,17,43,15,1,16.4,8.138795979750322,35,100,0.01,0.86,482.8241044964152,482.8241044964152,0.0,0.0,19,0.5,0.1,0,0,0,0,0.73,0.32799999999999996,0.5277337874695218,0.0,482.8241044964152
P-n16-k8,ga,17,44,15,1,16.4,8.138795979750322,35,100,0.01,0.88,482.8241044964152,482.8241044964152,0.0,0.0,19,0.5,0.1,0,0,0,0,0.74,0.32399999999999995,0.5104373658054034,0.0,482.8241044964152
P-n16-k8,ga,17,45,15,1,16.4,8.138795979750322,35,100,0.01,0.9,482.8241044964152,482.8241044964152,0.0,0.0,19,0.5,0.1,0,0,0,0,0.75,0.31999999999999995,0.49270509831248427,0.0,482.8241044964152
P-n16-k8,ga,17,46,15,1,16.4,8.138795979750322,35,100,0.01,0.92,482.8241044964152,482.8241044964152,0.0,0.0,19,0.5,0.1,0,0,0,0,0.76,0.31599999999999995,0.47460696614945647,0.0,482.8241044964152
P-n16-k8,ga,17,47,15,1,16.4,8.138795979750322,35,100,0.01,0.94,482.8241044964152,482.8241044964152,0.0,0.0,19,0.5,0.1,0,0,0,0,0.77,0.312,0.45621439437571754,0.0,482.8241044964152
P-n16-k8,ga,17,48,15,1,16.4,8.138795979750322,35,100,0.01,0.96,482.8241044964152,482.8241044964152,0.0,0.0,19,0.5,0.1,0,0,0,0,0.78,0.308,0.4375999700692914,0.0,482.8241044964152
P-n16-k8,ga,17,49,15,1,16.4,8.138795979750322,35,100,0.01,0.98,482.8241044964152,482.8241044964152,0.0,0.0,19,0.5,0.1,0,0,0,0,0.79,0.304,0.4188371558587941,0.0,482.8241044964152
P-n16-k8,ga,18,0,15,1,16.4,8.138795979750322,35,100,0.01,0.0,1000.0,1000.0,100.0,0.0,0,0.5,0.1,0,0,0,0,0.3,0.5,0.4,0.0,482.8241044964152
P-n16-k8,ga,18,1,15,1,16.4,8.138795979750322,35,100,0.01,0.02,482.8241044964152,482.8241044964152,100.0,0.0,0,0.5,0.1,0,0,0,0,0.31,0.496,0.41883715585879405,0.0,482.8241044964152
P-n16-k8,ga,18,2,15,1,16.4,8.138795979750322,35,100,0.01,0.04,482.8241044964152,482.8241044964152,100.0,0.0,0,0.5,0.1,0,0,0,0,0.32,0.492,0.4375999700692913,0.0,482.8241044964152
P-n16-k8,ga,18,3,15,1,16.4,8.138795979750322,35,100,0.01,0.06,482.8241044964152,482.8241044964152,100.0,0.0,0,0.5,0.1,0,0,0,0,0.32999999999999996,0.488,0.4562143943757174,0.0,482.8241044964152
P-n16-k8,ga,18,4,15,1,16.4,8.138795979750322,35,100,0.01,0.08,482.8241044964152,482.8241044964152,100.0,0.0,0,0.5,0.1,0,0,0,0,0.33999999999999997,0.484,0.47460696614945647,0.0,482.8241044964152
P-n16-k8,ga,18,5,15,1,16.4,8.138795979750322,35,100,0.01,0.1,482.8241044964152,482.8241044964152,100.0,0.0,0,0.5,0.1,0,0,0,0,0.35,0.48,0.4927050983124842,0.0,482.8241044964152
P-n16-k8,ga,18,6,15,1,16.4,8.138795979750322,35,100,0.01,0.12,482.8241044964152,482.8241044964152,100.0,0.0,0,0.5,0.1,0,0,0,0,0.36,0.476,0.5104373658054034,0.0,482.8241044964152
P-n16-k8,ga,18,7,15,1,16.4,8.138795979750322,35,100,0.01,0.14,482.8241044964152,482.8241044964152,100.0,0.0,0,0.5,0.1,0,0,0,0,0.37,0.472,0.5277337874695218,0.0,482.8241044964152
P-n16-k8,ga,18,8,15,1,16.4,8.138795979750322,35,100,0.01,0.16,482.8241044964152,482.8241044964152,100.0,0.0,0,0.5,0.1,0,0,0,0,0.38,0.46799999999999997,0.5445261022305146,0.0,482.8241044964152
P-n16-k8,ga,18,9,15,1,16.4,8.138795979750322,35,100,0.01,0.18,482.8241044964152,482.8241044964152,100.0,0.0,0,0.5,0.1,0,0,0,0,0.39,0.464,0.560748038493699,0.0,482.8241044964152
P-n16-k8,ga,18,10,15,1,16.4,8.138795979750322,35,100,0.01,0.2,482.8241044964152,482.8241044964152,100.0,0.0,0,0.5,0.1,0,0,0,0,0.4,0.45999999999999996,0.576335575687742,0.0,482.8241044964152
P-n16-k8,ga,18,11,15,1,16.4,8.138795979750322,35,100,0.01,0.22,482.8241044964152,482.8241044964152,0.0,0.0,10,0.5,0.1,0,0,0,0,0.41,0.456,0.5912271969246069,0.0,482.8241044964152
P-n16-k8,ga,18,12,15,1,16.4,8.138795979750322,35,100,0.01,0.24,482.8241044964152,482.8241044964152,0.0,0.0,11,0.5,0.1,0,0,0,0,0.42,0.452,0.6053641317786066,0.0,482.8241044964152
P-n16-k8,ga,18,13,15,1,16.4,8.138795979750322,35,100,0.01,0.26,482.8241044964152,482.8241044964152,0.0,0.0,12,0.5,0.1,0,0,0,0,0.43,0.448,0.6186905882264235,0.0,482.8241044964152
P-n16-k8,ga,18,14,15,1,16.4,8.138795979750322,35,100,0.01,0.28,482.8241044964152,482.8241044964152,0.0,0.0,13,0.5,0.1,0,0,0,0,0.44,0.444,0.6311539728327368,0.0,482.8241044964152
P-n16-k8,ga,18,15,15,1,16.4,8.138795979750322,35,100,0.01,0.3,482.8241044964152,482.8241044964152,0.0,0.0,14,0.5,0.1,0,0,0,0,0.44999999999999996,0.44,0.6427050983124842,0.0,482.8241044964152
P-n16-k8,ga,18,16,15,1,16.4,8.138795979750322,35,100,0.01,0.32,482.8241044964152,482.8241044964152,0.0,0.0,15,0.5,0.1,0,0,0,0,0.45999999999999996,0.436,0.6532983776506045,0.0,482.8241044964152
P-n16-k8,ga,18,17,15,1,16.4,8.138795979750322,35,100,0.01,0.34,482.8241044964152,482.8241044964152,0.0,0.0,16,0.5,0.1,0,0,0,0,0.47,0.432,0.6628920040131592,0.0,482.8241044964152
P-n16-k8,ga,18,18,15,1,16.4,8.138795979750322,35,100,0.01,0.36,482.8241044964152,482.8241044964152,0.0,0.0,17,0.5,0.1,0,0,0,0,0.48,0.428,0.6714481157398059,0.0,482.8241044964152
P-n16-k8,ga,18,19,15,1,16.4,8.138795979750322,35,100,0.01,0.38,482.8241044964152,482.8241044964152,0.0,0.0,18,0.5,0.1,0,0,0,0,0.49,0.424,0.6789329457664754,0.0,482.8241044964152
P-n16-k8,ga,18,20,15,1,16.4,8.138795979750322,35,100,0.01,0.4,482.8241044964152,482.8241044964152,0.0,0.0,19,0.5,0.1,0,0,0,0,0.5,0.42,0.685316954888546,0.0,482.8241044964152
P-n16-k8,ga,18,21,15,1,16.4,8.138795979750322,35,100,0.01,0.42,482.8241044964152,482.8241044964152,0.0,0.0,19,0.5,0.1,0,0,0,0,0.51,0.416,0.6905749483385893,0.0,482.8241044964152
P-n16-k8,ga,18,22,15,1,16.4,8.138795979750322,35,100,0.01,0.44,482.8241044964152,482.8241044964152,0.0,0.0,19,0.5,0.1,0,0,0,0,0.52,0.412,0.6946861752186066,0.0,482.8241044964152
P-n16-k8,ga,18,23,15,1,16.4,8.138795979750322,35,100,0.01,0.46,482.8241044964152,482.8241044964152,0.0,0.0,19,0.5,0.1,0,0,0,0,0.53,0.408,0.6976344103943434,0.0,482.8241044964152
P-n16-k8,ga,18,24,15,1,16.4,8.138795979750322,35,100,0.01,0.48,482.8241044964152,482.8241044964152,0.0,0.0,19,0.5,0.1,0,0,0,0,0.54,0.404,0.6994080185284814,0.0,482.8241044964152
P-n16-k8,ga,18,25,15,1,16.4,8.138795979750322,35,100,0.01,0.5,482.8241044964152,482.8241044964152,0.0,0.0,19,0.5,0.1,0,0,0,0,0.55,0.4,0.7,0.0,482.8241044964152
P-n16-k8,ga,18,26,15,1,16.4,8.138795979750322,35,100,0.01,0.52,482.8241044964152,482.8241044964152,0.0,0.0,19,0.5,0.1,0,0,0,0,0.56,0.396,0.6994080185284814,0.0,482.8241044964152
P-n16-k8,ga,18,27,15,1,16.4,8.138795979750322,35,100,0.01,0.54,482.8241044964152,482.8241044964152,0.0,0.0,19,0.5,0.1,0,0,0,0,0.5700000000000001,0.392,0.6976344103943433,0.0,482.8241044964152
P-n16-k8,ga,18,28,15,1,16.4,8.138795979750322,35,100,0.01,0.56,482.8241044964152,482.8241044964152,0.0,0.0,19,0.5,0.1,0,0,0,0,0.5800000000000001,0.388,0.6946861752186066,0.0,482.8241044964152
P-n16-k8,ga,18,29,15,1,16.4,8.138795979750322,35,100,0.01,0.58,482.8241044964152,482.8241044964152,0.0,0.0,19,0.5,0.1,0,0,0,0,0.59,0.384,0.6905749483385893,0.0,482.8241044964152
P-n16-k8,ga,18,30,15,1,16.4,8.138795979750322,35,100,0.01,0.6,482.8241044964152,482.8241044964152,0.0,0.0,19,0.5,0.1,0,0,0,0,0.6,0.38,0.685316954888546,0.0,482.8241044964152
P-n16-k8,ga,18,31,15,1,16.4,8.138795979750322,35,100,0.01,0.62,482.8241044964152,482.8241044964152,0.0,0.0,19,0.5,0.1,0,0,0,0,0.61,0.376,0.6789329457664754,0.0,482.8241044964152
P-n16-k8,ga,18,32,15,1,16.4,8.138795979750322,35,100,0.01,0.64,482.8241044964152,482.8241044964152,0.0,0.0,19,0.5,0.1,0,0,0,0,0.62,0.372,0.6714481157398058,0.0,482.8241044964152
P-n16-k8,ga,18,33,15,1,16.4,8.138795979750322,35,100,0.01,0.66,482.8241044964152,482.8241044964152,0.0,0.0,19,0.5,0.1,0,0,0,0,0.63,0.368,0.6628920040131591,0.0,482.8241044964152
P-n16-k8,ga,18,34,15,1,16.4,8.138795979750322,35,100,0.01,0.68,482.8241044964152,482.8241044964152,0.0,0.0,19,0.5,0.1,0,0,0,0,0.64,0.364,0.6532983776506045,0.0,482.8241044964152
P-n16-k8,ga,18,35,15,1,16.4,8.138795979750322,35,100,0.01,0.7,482.8241044964152,482.8241044964152,0.0,0.0,19,0.5,0.1,0,0,0,0,0.6499999999999999,0.36,0.6427050983124842,0.0,482.8241044964152
P-n16-k8,ga,18,36,15,1,16.4,8.138795979750322,35,100,0.01,0.72,482.8241044964152,482.8241044964152,0.0,0.0,19,0.5,0.1,0,0,0,0,0.6599999999999999,0.356,0.6311539728327368,0.0,482.8241044964152
P-n16-k8,ga,18,37,15,1,16.4,8.138795979750322,35,100,0.01,0.74,482.8241044964152,482.8241044964152,0.0,0.0,19,0.5,0.1,0,0,0,0,0.6699999999999999,0.352,0.6186905882264234,0.0,482.8241044964152
P-n16-k8,ga,18,38,15,1,16.4,8.138795979750322,35,100,0.01,0.76,482.8241044964152,482.8241044964152,0.0,0.0,19,0.5,0.1,0,0,0,0,0.6799999999999999,0.348,0.6053641317786067,0.0,482.8241044964152
P-n16-k8,ga,18,39,15,1,16.4,8.138795979750322,35,100,0.01,0.78,482.8241044964152,482.8241044964152,0.0,0.0,19,0.5,0.1,0,0,0,0,0.69,0.344,0.591227196924607,0.0,482.8241044964152
P-n16-k8,ga,18,40,15,1,16.4,8.138795979750322,35,100,0.01,0.8,482.8241044964152,482.8241044964152,0.0,0.0,19,0.5,0.1,0,0,0,0,0.7,0.33999999999999997,0.576335575687742,0.0,482.8241044964152
P-n16-k8,ga,18,41,15,1,16.4,8.138795979750322,35,100,0.01,0.82,482.8241044964152,482.8241044964152,0.0,0.0,19,0.5,0.1,0,0,0,0,0.71,0.33599999999999997,0.5607480384936991,0.0,482.8241044964152
P-n16-k8,ga,18,42,15,1,16.4,8.138795979750322,35,100,0.01,0.84,482.8241044964152,482.8241044964152,0.0,0.0,19,0.5,0.1,0,0,0,0,0.72,0.33199999999999996,0.5445261022305147,0.0,482.8241044964152
P-n16-k8,ga,18,43,15,1,16.4,8.138795979750322,35,100,0.01,0.86,482.8241044964152,482.8241044964152,0.0,0.0,19,0.5,0.1,0,0,0,0,0.73,0.32799999999999996,0.5277337874695218,0.0,482.8241044964152
P-n16-k8,ga,18,44,15,1,16.4,8.138795979750322,35,100,0.01,0.88,482.8241044964152,482.8241044964152,0.0,0.0,19,0.5,0.1,0,0,0,0,0.74,0.32399999999999995,0.5104373658054034,0.0,482.8241044964152
P-n16-k8,ga,18,45,15,1,16.4,8.138795979750322,35,100,0.01,0.9,482.8241044964152,482.8241044964152,0.0,0.0,19,0.5,0.1,0,0,0,0,0.75,0.31999999999999995,0.49270509831248427,0.0,482.8241044964152
P-n16-k8,ga,18,46,15,1,16.4,8.138795979750322,35,100,0.01,0.92,482.8241044964152,482.8241044964152,0.0,0.0,19,0.5,0.1,0,0,0,0,0.76,0.31599999999999995,0.47460696614945647,0.0,482.8241044964152
P-n16-k8,ga,18,47,15,1,16.4,8.138795979750322,35,100,0.01,0.94,482.8241044964152,482.8241044964152,0.0,0.0,19,0.5,0.1,0,0,0,0,0.77,0.312,0.45621439437571754,0.0,482.8241044964152
P-n16-k8,ga,18,48,15,1,16.4,8.138795979750322,35,100,0.01,0.96,482.8241044964152,482.8241044964152,0.0,0.0,19,0.5,0.1,0,0,0,0,0.78,0.308,0.4375999700692914,0.0,482.8241044964152
P-n16-k8,ga,18,49,15,1,16.4,8.138795979750322,35,100,0.01,0.98,482.8241044964152,482.8241044964152,0.0,0.0,19,0.5,0.1,0,0,0,0,0.79,0.304,0.4188371558587941,0.0,482.8241044964152
P-n16-k8,ga,19,0,15,1,16.4,8.138795979750322,35,100,0.01,0.0,1000.0,1000.0,100.0,0.0,0,0.5,0.1,0,0,0,0,0.3,0.5,0.4,0.0,488.0234675431238
P-n16-k8,ga,19,1,15,1,16.4,8.138795979750322,35,100,0.01,0.02,488.0234675431238,488.0234675431238,100.0,0.0,0,0.5,0.1,0,0,0,0,0.31,0.496,0.41883715585879405,0.0,488.0234675431238
P-n16-k8,ga,19,2,15,1,16.4,8.138795979750322,35,100,0.01,0.04,488.0234675431238,488.0234675431238,100.0,0.0,0,0.5,0.1,0,0,0,0,0.32,0.492,0.4375999700692913,0.0,488.0234675431238
P-n16-k8,ga,19,3,15,1,16.4,8.138795979750322,35,100,0.01,0.06,488.0234675431238,488.0234675431238,100.0,0.0,0,0.5,0.1,0,0,0,0,0.32999999999999996,0.488,0.4562143943757174,0.0,488.0234675431238
P-n16-k8,ga,19,4,15,1,16.4,8.138795979750322,35,100,0.01,0.08,488.0234675431238,488.0234675431238,100.0,0.0,0,0.5,0.1,0,0,0,0,0.33999999999999997,0.484,0.47460696614945647,0.0,488.0234675431238
P-n16-k8,ga,19,5,15,1,16.4,8.138795979750322,35,100,0.01,0.1,488.0234675431238,488.02346754312373,100.0,0.0,0,0.5,0.1,0,0,0,0,0.35,0.48,0.4927050983124842,0.0,488.0234675431238
P-n16-k8,ga,19,6,15,1,16.4,8.138795979750322,35,100,0.01,0.12,488.0234675431238,488.0234675431238,100.0,0.0,0,0.5,0.1,0,0,0,0,0.36,0.476,0.5104373658054034,0.0,488.0234675431238
P-n16-k8,ga,19,7,15,1,16.4,8.138795979750322,35,100,0.01,0.14,488.0234675431238,488.0234675431238,100.0,0.0,0,0.5,0.1,0,0,0,0,0.37,0.472,0.5277337874695218,0.0,488.0234675431238
P-n16-k8,ga,19,8,15,1,16.4,8.138795979750322,35,100,0.01,0.16,488.0234675431238,488.0234675431238,100.0,0.0,0,0.5,0.1,0,0,0,0,0.38,0.46799999999999997,0.5445261022305146,0.0,488.0234675431238
P-n16-k8,ga,19,9,15,1,16.4,8.138795979750322,35,100,0.01,0.18,488.0234675431238,488.02346754312373,100.0,0.0,0,0.5,0.1,0,0,0,0,0.39,0.464,0.560748038493699,0.0,488.0234675431238
P-n16-k8,ga,19,10,15,1,16.4,8.138795979750322,35,100,0.01,0.2,488.0234675431238,488.02346754312373,100.0,0.0,0,0.5,0.1,0,0,0,0,0.4,0.45999999999999996,0.576335575687742,0.0,488.0234675431238
P-n16-k8,ga,19,11,15,1,16.4,8.138795979750322,35,100,0.01,0.22,488.0234675431238,488.02346754312373,5.684341886080802e-14,0.0,10,0.5,0.1,0,0,0,0,0.41,0.456,0.5912271969246069,0.0,488.0234675431238
P-n16-k8,ga,19,12,15,1,16.4,8.138795979750322,35,100,0.01,0.24,488.0234675431238,488.02346754312373,5.684341886080802e-14,0.0,11,0.5,0.1,0,0,0,0,0.42,0.452,0.6053641317786066,0.0,488.0234675431238
P-n16-k8,ga,19,13,15,1,16.4,8.138795979750322,35,100,0.01,0.26,488.0234675431238,488.02346754312373,5.684341886080802e-14,0.0,12,0.5,0.1,0,0,0,0,0.43,0.448,0.6186905882264235,0.0,488.0234675431238
P-n16-k8,ga,19,14,15,1,16.4,8.138795979750322,35,100,0.01,0.28,488.0234675431238,488.02346754312373,5.684341886080802e-14,0.0,13,0.5,0.1,0,0,0,0,0.44,0.444,0.6311539728327368,0.0,488.0234675431238
P-n16-k8,ga,19,15,15,1,16.4,8.138795979750322,35,100,0.01,0.3,488.0234675431238,488.02346754312373,5.684341886080802e-14,0.0,14,0.5,0.1,0,0,0,0,0.44999999999999996,0.44,0.6427050983124842,0.0,488.0234675431238
P-n16-k8,ga,19,16,15,1,16.4,8.138795979750322,35,100,0.01,0.32,488.0234675431238,488.02346754312373,5.684341886080802e-14,0.0,15,0.5,0.1,0,0,0,0,0.45999999999999996,0.436,0.6532983776506045,0.0,488.0234675431238
P-n16-k8,ga,19,17,15,1,16.4,8.138795979750322,35,100,0.01,0.34,488.0234675431238,488.02346754312373,5.684341886080802e-14,0.0,16,0.5,0.1,0,0,0,0,0.47,0.432,0.6628920040131592,0.0,488.0234675431238
P-n16-k8,ga,19,18,15,1,16.4,8.138795979750322,35,100,0.01,0.36,488.0234675431238,488.02346754312373,5.684341886080802e-14,0.0,17,0.5,0.1,0,0,0,0,0.48,0.428,0.6714481157398059,0.0,488.0234675431238
P-n16-k8,ga,19,19,15,1,16.4,8.138795979750322,35,100,0.01,0.38,488.0234675431238,488.02346754312373,5.684341886080802e-14,0.0,18,0.5,0.1,0,0,0,0,0.49,0.424,0.6789329457664754,0.0,488.0234675431238
P-n16-k8,ga,19,20,15,1,16.4,8.138795979750322,35,100,0.01,0.4,488.0234675431238,488.02346754312373,5.684341886080802e-14,0.0,19,0.5,0.1,0,0,0,0,0.5,0.42,0.685316954888546,0.0,488.0234675431238
P-n16-k8,ga,19,21,15,1,16.4,8.138795979750322,35,100,0.01,0.42,488.0234675431238,488.02346754312373,5.684341886080802e-14,0.0,19,0.5,0.1,0,0,0,0,0.51,0.416,0.6905749483385893,0.0,488.0234675431238
P-n16-k8,ga,19,22,15,1,16.4,8.138795979750322,35,100,0.01,0.44,488.0234675431238,488.02346754312373,5.684341886080802e-14,0.0,19,0.5,0.1,0,0,0,0,0.52,0.412,0.6946861752186066,0.0,488.0234675431238
P-n16-k8,ga,19,23,15,1,16.4,8.138795979750322,35,100,0.01,0.46,488.0234675431238,488.02346754312373,5.684341886080802e-14,0.0,19,0.5,0.1,0,0,0,0,0.53,0.408,0.6976344103943434,0.0,488.0234675431238
P-n16-k8,ga,19,24,15,1,16.4,8.138795979750322,35,100,0.01,0.48,488.0234675431238,488.02346754312373,5.684341886080802e-14,0.0,19,0.5,0.1,0,0,0,0,0.54,0.404,0.6994080185284814,0.0,488.0234675431238
P-n16-k8,ga,19,25,15,1,16.4,8.138795979750322,35,100,0.01,0.5,488.0234675431238,488.02346754312373,5.684341886080802e-14,0.0,19,0.5,0.1,0,0,0,0,0.55,0.4,0.7,0.0,488.0234675431238
P-n16-k8,ga,19,26,15,1,16.4,8.138795979750322,35,100,0.01,0.52,488.0234675431238,488.02346754312373,5.684341886080802e-14,0.0,19,0.5,0.1,0,0,0,0,0.56,0.396,0.6994080185284814,0.0,488.0234675431238
P-n16-k8,ga,19,27,15,1,16.4,8.138795979750322,35,100,0.01,0.54,488.0234675431238,488.02346754312373,5.684341886080802e-14,0.0,19,0.5,0.1,0,0,0,0,0.5700000000000001,0.392,0.6976344103943433,0.0,488.0234675431238
P-n16-k8,ga,19,28,15,1,16.4,8.138795979750322,35,100,0.01,0.56,488.0234675431238,488.02346754312373,5.684341886080802e-14,0.0,19,0.5,0.1,0,0,0,0,0.5800000000000001,0.388,0.6946861752186066,0.0,488.0234675431238
P-n16-k8,ga,19,29,15,1,16.4,8.138795979750322,35,100,0.01,0.58,488.0234675431238,488.02346754312373,5.684341886080802e-14,0.0,19,0.5,0.1,0,0,0,0,0.59,0.384,0.6905749483385893,0.0,488.0234675431238
P-n16-k8,ga,19,30,15,1,16.4,8.138795979750322,35,100,0.01,0.6,488.0234675431238,488.02346754312373,5.684341886080802e-14,0.0,19,0.5,0.1,0,0,0,0,0.6,0.38,0.685316954888546,0.0,488.0234675431238
P-n16-k8,ga,19,31,15,1,16.4,8.138795979750322,35,100,0.01,0.62,488.0234675431238,488.02346754312373,5.684341886080802e-14,0.0,19,0.5,0.1,0,0,0,0,0.61,0.376,0.6789329457664754,0.0,488.0234675431238
P-n16-k8,ga,19,32,15,1,16.4,8.138795979750322,35,100,0.01,0.64,488.0234675431238,488.02346754312373,5.684341886080802e-14,0.0,19,0.5,0.1,0,0,0,0,0.62,0.372,0.6714481157398058,0.0,488.0234675431238
P-n16-k8,ga,19,33,15,1,16.4,8.138795979750322,35,100,0.01,0.66,488.0234675431238,488.02346754312373,5.684341886080802e-14,0.0,19,0.5,0.1,0,0,0,0,0.63,0.368,0.6628920040131591,0.0,488.0234675431238
P-n16-k8,ga,19,34,15,1,16.4,8.138795979750322,35,100,0.01,0.68,488.0234675431238,488.02346754312373,5.684341886080802e-14,0.0,19,0.5,0.1,0,0,0,0,0.64,0.364,0.6532983776506045,0.0,488.0234675431238
P-n16-k8,ga,19,35,15,1,16.4,8.138795979750322,35,100,0.01,0.7,488.0234675431238,488.02346754312373,5.684341886080802e-14,0.0,19,0.5,0.1,0,0,0,0,0.6499999999999999,0.36,0.6427050983124842,0.0,488.0234675431238
P-n16-k8,ga,19,36,15,1,16.4,8.138795979750322,35,100,0.01,0.72,488.0234675431238,488.02346754312373,5.684341886080802e-14,0.0,19,0.5,0.1,0,0,0,0,0.6599999999999999,0.356,0.6311539728327368,0.0,488.0234675431238
P-n16-k8,ga,19,37,15,1,16.4,8.138795979750322,35,100,0.01,0.74,488.0234675431238,488.02346754312373,5.684341886080802e-14,0.0,19,0.5,0.1,0,0,0,0,0.6699999999999999,0.352,0.6186905882264234,0.0,488.0234675431238
P-n16-k8,ga,19,38,15,1,16.4,8.138795979750322,35,100,0.01,0.76,488.0234675431238,488.02346754312373,5.684341886080802e-14,0.0,19,0.5,0.1,0,0,0,0,0.6799999999999999,0.348,0.6053641317786067,0.0,488.0234675431238
P-n16-k8,ga,19,39,15,1,16.4,8.138795979750322,35,100,0.01,0.78,488.0234675431238,488.02346754312373,5.684341886080802e-14,0.0,19,0.5,0.1,0,0,0,0,0.69,0.344,0.591227196924607,0.0,488.0234675431238
P-n16-k8,ga,19,40,15,1,16.4,8.138795979750322,35,100,0.01,0.8,488.0234675431238,488.02346754312373,5.684341886080802e-14,0.0,19,0.5,0.1,0,0,0,0,0.7,0.33999999999999997,0.576335575687742,0.0,488.0234675431238
P-n16-k8,ga,19,41,15,1,16.4,8.138795979750322,35,100,0.01,0.82,488.0234675431238,488.02346754312373,5.684341886080802e-14,0.0,19,0.5,0.1,0,0,0,0,0.71,0.33599999999999997,0.5607480384936991,0.0,488.0234675431238
P-n16-k8,ga,19,42,15,1,16.4,8.138795979750322,35,100,0.01,0.84,488.0234675431238,488.02346754312373,5.684341886080802e-14,0.0,19,0.5,0.1,0,0,0,0,0.72,0.33199999999999996,0.5445261022305147,0.0,488.0234675431238
P-n16-k8,ga,19,43,15,1,16.4,8.138795979750322,35,100,0.01,0.86,488.0234675431238,488.02346754312373,5.684341886080802e-14,0.0,19,0.5,0.1,0,0,0,0,0.73,0.32799999999999996,0.5277337874695218,0.0,488.0234675431238
P-n16-k8,ga,19,44,15,1,16.4,8.138795979750322,35,100,0.01,0.88,488.0234675431238,488.02346754312373,5.684341886080802e-14,0.0,19,0.5,0.1,0,0,0,0,0.74,0.32399999999999995,0.5104373658054034,0.0,488.0234675431238
P-n16-k8,ga,19,45,15,1,16.4,8.138795979750322,35,100,0.01,0.9,488.0234675431238,488.02346754312373,5.684341886080802e-14,0.0,19,0.5,0.1,0,0,0,0,0.75,0.31999999999999995,0.49270509831248427,0.0,488.0234675431238
P-n16-k8,ga,19,46,15,1,16.4,8.138795979750322,35,100,0.01,0.92,488.0234675431238,488.02346754312373,5.684341886080802e-14,0.0,19,0.5,0.1,0,0,0,0,0.76,0.31599999999999995,0.47460696614945647,0.0,488.0234675431238
P-n16-k8,ga,19,47,15,1,16.4,8.138795979750322,35,100,0.01,0.94,488.0234675431238,488.02346754312373,5.684341886080802e-14,0.0,19,0.5,0.1,0,0,0,0,0.77,0.312,0.45621439437571754,0.0,488.0234675431238
P-n16-k8,ga,19,48,15,1,16.4,8.138795979750322,35,100,0.01,0.96,488.0234675431238,488.02346754312373,5.684341886080802e-14,0.0,19,0.5,0.1,0,0,0,0,0.78,0.308,0.4375999700692914,0.0,488.0234675431238
P-n16-k8,ga,19,49,15,1,16.4,8.138795979750322,35,100,0.01,0.98,488.0234675431238,488.02346754312373,5.684341886080802e-14,0.0,19,0.5,0.1,0,0,0,0,0.79,0.304,0.4188371558587941,0.0,488.0234675431238
P-n16-k8,ga,20,0,15,1,16.4,8.138795979750322,35,100,0.01,0.0,1000.0,1000.0,100.0,0.0,0,0.5,0.1,0,0,0,0,0.3,0.5,0.4,0.0,488.0234675431238
P-n16-k8,ga,20,1,15,1,16.4,8.138795979750322,35,100,0.01,0.02,488.0234675431238,488.0234675431238,100.0,0.0,0,0.5,0.1,0,0,0,0,0.31,0.496,0.41883715585879405,0.0,488.0234675431238
P-n16-k8,ga,20,2,15,1,16.4,8.138795979750322,35,100,0.01,0.04,488.0234675431238,488.0234675431238,100.0,0.0,0,0.5,0.1,0,0,0,0,0.32,0.492,0.4375999700692913,0.0,488.0234675431238
P-n16-k8,ga,20,3,15,1,16.4,8.138795979750322,35,100,0.01,0.06,488.0234675431238,488.0234675431238,100.0,0.0,0,0.5,0.1,0,0,0,0,0.32999999999999996,0.488,0.4562143943757174,0.0,488.0234675431238
P-n16-k8,ga,20,4,15,1,16.4,8.138795979750322,35,100,0.01,0.08,488.0234675431238,488.0234675431238,100.0,0.0,0,0.5,0.1,0,0,0,0,0.33999999999999997,0.484,0.47460696614945647,0.0,488.0234675431238
P-n16-k8,ga,20,5,15,1,16.4,8.138795979750322,35,100,0.01,0.1,488.0234675431238,488.02346754312373,100.0,0.0,0,0.5,0.1,0,0,0,0,0.35,0.48,0.4927050983124842,0.0,488.0234675431238
P-n16-k8,ga,20,6,15,1,16.4,8.138795979750322,35,100,0.01,0.12,488.0234675431238,488.0234675431238,100.0,0.0,0,0.5,0.1,0,0,0,0,0.36,0.476,0.5104373658054034,0.0,488.0234675431238
P-n16-k8,ga,20,7,15,1,16.4,8.138795979750322,35,100,0.01,0.14,488.0234675431238,488.0234675431238,100.0,0.0,0,0.5,0.1,0,0,0,0,0.37,0.472,0.5277337874695218,0.0,488.0234675431238
P-n16-k8,ga,20,8,15,1,16.4,8.138795979750322,35,100,0.01,0.16,488.0234675431238,488.0234675431238,100.0,0.0,0,0.5,0.1,0,0,0,0,0.38,0.46799999999999997,0.5445261022305146,0.0,488.0234675431238
P-n16-k8,ga,20,9,15,1,16.4,8.138795979750322,35,100,0.01,0.18,488.0234675431238,488.02346754312373,100.0,0.0,0,0.5,0.1,0,0,0,0,0.39,0.464,0.560748038493699,0.0,488.0234675431238
P-n16-k8,ga,20,10,15,1,16.4,8.138795979750322,35,100,0.01,0.2,488.0234675431238,488.02346754312373,100.0,0.0,0,0.5,0.1,0,0,0,0,0.4,0.45999999999999996,0.576335575687742,0.0,488.0234675431238
P-n16-k8,ga,20,11,15,1,16.4,8.138795979750322,35,100,0.01,0.22,488.0234675431238,488.02346754312373,5.684341886080802e-14,0.0,10,0.5,0.1,0,0,0,0,0.41,0.456,0.5912271969246069,0.0,488.0234675431238
P-n16-k8,ga,20,12,15,1,16.4,8.138795979750322,35,100,0.01,0.24,488.0234675431238,488.02346754312373,5.684341886080802e-14,0.0,11,0.5,0.1,0,0,0,0,0.42,0.452,0.6053641317786066,0.0,488.0234675431238
P-n16-k8,ga,20,13,15,1,16.4,8.138795979750322,35,100,0.01,0.26,488.0234675431238,488.02346754312373,5.684341886080802e-14,0.0,12,0.5,0.1,0,0,0,0,0.43,0.448,0.6186905882264235,0.0,488.0234675431238
P-n16-k8,ga,20,14,15,1,16.4,8.138795979750322,35,100,0.01,0.28,488.0234675431238,488.02346754312373,5.684341886080802e-14,0.0,13,0.5,0.1,0,0,0,0,0.44,0.444,0.6311539728327368,0.0,488.0234675431238
P-n16-k8,ga,20,15,15,1,16.4,8.138795979750322,35,100,0.01,0.3,488.0234675431238,488.02346754312373,5.684341886080802e-14,0.0,14,0.5,0.1,0,0,0,0,0.44999999999999996,0.44,0.6427050983124842,0.0,488.0234675431238
P-n16-k8,ga,20,16,15,1,16.4,8.138795979750322,35,100,0.01,0.32,488.0234675431238,488.02346754312373,5.684341886080802e-14,0.0,15,0.5,0.1,0,0,0,0,0.45999999999999996,0.436,0.6532983776506045,0.0,488.0234675431238
P-n16-k8,ga,20,17,15,1,16.4,8.138795979750322,35,100,0.01,0.34,488.0234675431238,488.02346754312373,5.684341886080802e-14,0.0,16,0.5,0.1,0,0,0,0,0.47,0.432,0.6628920040131592,0.0,488.0234675431238
P-n16-k8,ga,20,18,15,1,16.4,8.138795979750322,35,100,0.01,0.36,488.0234675431238,488.02346754312373,5.684341886080802e-14,0.0,17,0.5,0.1,0,0,0,0,0.48,0.428,0.6714481157398059,0.0,488.0234675431238
P-n16-k8,ga,20,19,15,1,16.4,8.138795979750322,35,100,0.01,0.38,488.0234675431238,488.02346754312373,5.684341886080802e-14,0.0,18,0.5,0.1,0,0,0,0,0.49,0.424,0.6789329457664754,0.0,488.0234675431238
P-n16-k8,ga,20,20,15,1,16.4,8.138795979750322,35,100,0.01,0.4,488.0234675431238,488.02346754312373,5.684341886080802e-14,0.0,19,0.5,0.1,0,0,0,0,0.5,0.42,0.685316954888546,0.0,488.0234675431238
P-n16-k8,ga,20,21,15,1,16.4,8.138795979750322,35,100,0.01,0.42,488.0234675431238,488.02346754312373,5.684341886080802e-14,0.0,19,0.5,0.1,0,0,0,0,0.51,0.416,0.6905749483385893,0.0,488.0234675431238
P-n16-k8,ga,20,22,15,1,16.4,8.138795979750322,35,100,0.01,0.44,488.0234675431238,488.02346754312373,5.684341886080802e-14,0.0,19,0.5,0.1,0,0,0,0,0.52,0.412,0.6946861752186066,0.0,488.0234675431238
P-n16-k8,ga,20,23,15,1,16.4,8.138795979750322,35,100,0.01,0.46,488.0234675431238,488.02346754312373,5.684341886080802e-14,0.0,19,0.5,0.1,0,0,0,0,0.53,0.408,0.6976344103943434,0.0,488.0234675431238
P-n16-k8,ga,20,24,15,1,16.4,8.138795979750322,35,100,0.01,0.48,488.0234675431238,488.02346754312373,5.684341886080802e-14,0.0,19,0.5,0.1,0,0,0,0,0.54,0.404,0.6994080185284814,0.0,488.0234675431238
P-n16-k8,ga,20,25,15,1,16.4,8.138795979750322,35,100,0.01,0.5,488.0234675431238,488.02346754312373,5.684341886080802e-14,0.0,19,0.5,0.1,0,0,0,0,0.55,0.4,0.7,0.0,488.0234675431238
P-n16-k8,ga,20,26,15,1,16.4,8.138795979750322,35,100,0.01,0.52,488.0234675431238,488.02346754312373,5.684341886080802e-14,0.0,19,0.5,0.1,0,0,0,0,0.56,0.396,0.6994080185284814,0.0,488.0234675431238
P-n16-k8,ga,20,27,15,1,16.4,8.138795979750322,35,100,0.01,0.54,488.0234675431238,488.02346754312373,5.684341886080802e-14,0.0,19,0.5,0.1,0,0,0,0,0.5700000000000001,0.392,0.6976344103943433,0.0,488.0234675431238
P-n16-k8,ga,20,28,15,1,16.4,8.138795979750322,35,100,0.01,0.56,488.0234675431238,488.02346754312373,5.684341886080802e-14,0.0,19,0.5,0.1,0,0,0,0,0.5800000000000001,0.388,0.6946861752186066,0.0,488.0234675431238
P-n16-k8,ga,20,29,15,1,16.4,8.138795979750322,35,100,0.01,0.58,488.0234675431238,488.02346754312373,5.684341886080802e-14,0.0,19,0.5,0.1,0,0,0,0,0.59,0.384,0.6905749483385893,0.0,488.0234675431238
P-n16-k8,ga,20,30,15,1,16.4,8.138795979750322,35,100,0.01,0.6,488.0234675431238,488.02346754312373,5.684341886080802e-14,0.0,19,0.5,0.1,0,0,0,0,0.6,0.38,0.685316954888546,0.0,488.0234675431238
P-n16-k8,ga,20,31,15,1,16.4,8.138795979750322,35,100,0.01,0.62,488.0234675431238,488.02346754312373,5.684341886080802e-14,0.0,19,0.5,0.1,0,0,0,0,0.61,0.376,0.6789329457664754,0.0,488.0234675431238
P-n16-k8,ga,20,32,15,1,16.4,8.138795979750322,35,100,0.01,0.64,488.0234675431238,488.02346754312373,5.684341886080802e-14,0.0,19,0.5,0.1,0,0,0,0,0.62,0.372,0.6714481157398058,0.0,488.0234675431238
P-n16-k8,ga,20,33,15,1,16.4,8.138795979750322,35,100,0.01,0.66,488.0234675431238,488.02346754312373,5.684341886080802e-14,0.0,19,0.5,0.1,0,0,0,0,0.63,0.368,0.6628920040131591,0.0,488.0234675431238
P-n16-k8,ga,20,34,15,1,16.4,8.138795979750322,35,100,0.01,0.68,488.0234675431238,488.02346754312373,5.684341886080802e-14,0.0,19,0.5,0.1,0,0,0,0,0.64,0.364,0.6532983776506045,0.0,488.0234675431238
P-n16-k8,ga,20,35,15,1,16.4,8.138795979750322,35,100,0.01,0.7,488.0234675431238,488.02346754312373,5.684341886080802e-14,0.0,19,0.5,0.1,0,0,0,0,0.6499999999999999,0.36,0.6427050983124842,0.0,488.0234675431238
P-n16-k8,ga,20,36,15,1,16.4,8.138795979750322,35,100,0.01,0.72,488.0234675431238,488.02346754312373,5.684341886080802e-14,0.0,19,0.5,0.1,0,0,0,0,0.6599999999999999,0.356,0.6311539728327368,0.0,488.0234675431238
P-n16-k8,ga,20,37,15,1,16.4,8.138795979750322,35,100,0.01,0.74,488.0234675431238,488.02346754312373,5.684341886080802e-14,0.0,19,0.5,0.1,0,0,0,0,0.6699999999999999,0.352,0.6186905882264234,0.0,488.0234675431238
P-n16-k8,ga,20,38,15,1,16.4,8.138795979750322,35,100,0.01,0.76,488.0234675431238,488.02346754312373,5.684341886080802e-14,0.0,19,0.5,0.1,0,0,0,0,0.6799999999999999,0.348,0.6053641317786067,0.0,488.0234675431238
P-n16-k8,ga,20,39,15,1,16.4,8.138795979750322,35,100,0.01,0.78,488.0234675431238,488.02346754312373,5.684341886080802e-14,0.0,19,0.5,0.1,0,0,0,0,0.69,0.344,0.591227196924607,0.0,488.0234675431238
P-n16-k8,ga,20,40,15,1,16.4,8.138795979750322,35,100,0.01,0.8,488.0234675431238,488.02346754312373,5.684341886080802e-14,0.0,19,0.5,0.1,0,0,0,0,0.7,0.33999999999999997,0.576335575687742,0.0,488.0234675431238
P-n16-k8,ga,20,41,15,1,16.4,8.138795979750322,35,100,0.01,0.82,488.0234675431238,488.02346754312373,5.684341886080802e-14,0.0,19,0.5,0.1,0,0,0,0,0.71,0.33599999999999997,0.5607480384936991,0.0,488.0234675431238
P-n16-k8,ga,20,42,15,1,16.4,8.138795979750322,35,100,0.01,0.84,488.0234675431238,488.02346754312373,5.684341886080802e-14,0.0,19,0.5,0.1,0,0,0,0,0.72,0.33199999999999996,0.5445261022305147,0.0,488.0234675431238
P-n16-k8,ga,20,43,15,1,16.4,8.138795979750322,35,100,0.01,0.86,488.0234675431238,488.02346754312373,5.684341886080802e-14,0.0,19,0.5,0.1,0,0,0,0,0.73,0.32799999999999996,0.5277337874695218,0.0,488.0234675431238
P-n16-k8,ga,20,44,15,1,16.4,8.138795979750322,35,100,0.01,0.88,488.0234675431238,488.02346754312373,5.684341886080802e-14,0.0,19,0.5,0.1,0,0,0,0,0.74,0.32399999999999995,0.5104373658054034,0.0,488.0234675431238
P-n16-k8,ga,20,45,15,1,16.4,8.138795979750322,35,100,0.01,0.9,488.0234675431238,488.02346754312373,5.684341886080802e-14,0.0,19,0.5,0.1,0,0,0,0,0.75,0.31999999999999995,0.49270509831248427,0.0,488.0234675431238
P-n16-k8,ga,20,46,15,1,16.4,8.138795979750322,35,100,0.01,0.92,488.0234675431238,488.02346754312373,5.684341886080802e-14,0.0,19,0.5,0.1,0,0,0,0,0.76,0.31599999999999995,0.47460696614945647,0.0,488.0234675431238
P-n16-k8,ga,20,47,15,1,16.4,8.138795979750322,35,100,0.01,0.94,488.0234675431238,488.02346754312373,5.684341886080802e-14,0.0,19,0.5,0.1,0,0,0,0,0.77,0.312,0.45621439437571754,0.0,488.0234675431238
P-n16-k8,ga,20,48,15,1,16.4,8.138795979750322,35,100,0.01,0.96,488.0234675431238,488.02346754312373,5.684341886080802e-14,0.0,19,0.5,0.1,0,0,0,0,0.78,0.308,0.4375999700692914,0.0,488.0234675431238
P-n16-k8,ga,20,49,15,1,16.4,8.138795979750322,35,100,0.01,0.98,488.0234675431238,488.02346754312373,5.684341886080802e-14,0.0,19,0.5,0.1,0,0,0,0,0.79,0.304,0.4188371558587941,0.0,488.0234675431238
P-n16-k8,ga,21,0,15,1,16.4,8.138795979750322,35,100,0.01,0.0,1000.0,1000.0,100.0,0.0,0,0.5,0.1,0,0,0,0,0.3,0.5,0.4,0.0,467.74060534157326
P-n16-k8,ga,21,1,15,1,16.4,8.138795979750322,35,100,0.01,0.02,467.74060534157326,467.74060534157326,100.0,0.0,0,0.5,0.1,0,0,0,0,0.31,0.496,0.41883715585879405,0.0,467.74060534157326
P-n16-k8,ga,21,2,15,1,16.4,8.138795979750322,35,100,0.01,0.04,467.74060534157326,467.74060534157326,100.0,0.0,0,0.5,0.1,0,0,0,0,0.32,0.492,0.4375999700692913,0.0,467.74060534157326
P-n16-k8,ga,21,3,15,1,16.4,8.138795979750322,35,100,0.01,0.06,467.74060534157326,467.74060534157326,100.0,0.0,0,0.5,0.1,0,0,0,0,0.32999999999999996,0.488,0.4562143943757174,0.0,467.74060534157326
P-n16-k8,ga,21,4,15,1,16.4,8.138795979750322,35,100,0.01,0.08,467.74060534157326,467.74060534157326,100.0,0.0,0,0.5,0.1,0,0,0,0,0.33999999999999997,0.484,0.47460696614945647,0.0,467.74060534157326
P-n16-k8,ga,21,5,15,1,16.4,8.138795979750322,35,100,0.01,0.1,467.74060534157326,467.74060534157326,100.0,0.0,0,0.5,0.1,0,0,0,0,0.35,0.48,0.4927050983124842,0.0,467.74060534157326
P-n16-k8,ga,21,6,15,1,16.4,8.138795979750322,35,100,0.01,0.12,467.74060534157326,467.74060534157326,100.0,0.0,0,0.5,0.1,0,0,0,0,0.36,0.476,0.5104373658054034,0.0,467.74060534157326
P-n16-k8,ga,21,7,15,1,16.4,8.138795979750322,35,100,0.01,0.14,467.74060534157326,467.7406053415733,100.0,0.0,0,0.5,0.1,0,0,0,0,0.37,0.472,0.5277337874695218,0.0,467.74060534157326
P-n16-k8,ga,21,8,15,1,16.4,8.138795979750322,35,100,0.01,0.16,467.74060534157326,467.74060534157326,100.0,0.0,0,0.5,0.1,0,0,0,0,0.38,0.46799999999999997,0.5445261022305146,0.0,467.74060534157326
P-n16-k8,ga,21,9,15,1,16.4,8.138795979750322,35,100,0.01,0.18,467.74060534157326,467.7406053415732,100.0,0.0,0,0.5,0.1,0,0,0,0,0.39,0.464,0.560748038493699,0.0,467.74060534157326
P-n16-k8,ga,21,10,15,1,16.4,8.138795979750322,35,100,0.01,0.2,467.74060534157326,467.74060534157326,100.0,0.0,0,0.5,0.1,0,0,0,0,0.4,0.45999999999999996,0.576335575687742,0.0,467.74060534157326
P-n16-k8,ga,21,11,15,1,16.4,8.138795979750322,35,100,0.01,0.22,467.74060534157326,467.74060534157326,0.0,0.0,10,0.5,0.1,0,0,0,0,0.41,0.456,0.5912271969246069,0.0,467.74060534157326
P-n16-k8,ga,21,12,15,1,16.4,8.138795979750322,35,100,0.01,0.24,467.74060534157326,467.74060534157326,0.0,0.0,11,0.5,0.1,0,0,0,0,0.42,0.452,0.6053641317786066,0.0,467.74060534157326
P-n16-k8,ga,21,13,15,1,16.4,8.138795979750322,35,100,0.01,0.26,467.74060534157326,467.74060534157326,0.0,0.0,12,0.5,0.1,0,0,0,0,0.43,0.448,0.6186905882264235,0.0,467.74060534157326
P-n16-k8,ga,21,14,15,1,16.4,8.138795979750322,35,100,0.01,0.28,467.74060534157326,467.74060534157326,0.0,0.0,13,0.5,0.1,0,0,0,0,0.44,0.444,0.6311539728327368,0.0,467.74060534157326
P-n16-k8,ga,21,15,15,1,16.4,8.138795979750322,35,100,0.01,0.3,467.74060534157326,467.74060534157326,0.0,0.0,14,0.5,0.1,0,0,0,0,0.44999999999999996,0.44,0.6427050983124842,0.0,467.74060534157326
P-n16-k8,ga,21,16,15,1,16.4,8.138795979750322,35,100,0.01,0.32,467.74060534157326,467.74060534157326,0.0,0.0,15,0.5,0.1,0,0,0,0,0.45999999999999996,0.436,0.6532983776506045,0.0,467.74060534157326
P-n16-k8,ga,21,17,15,1,16.4,8.138795979750322,35,100,0.01,0.34,467.74060534157326,467.74060534157326,0.0,0.0,16,0.5,0.1,0,0,0,0,0.47,0.432,0.6628920040131592,0.0,467.74060534157326
P-n16-k8,ga,21,18,15,1,16.4,8.138795979750322,35,100,0.01,0.36,467.74060534157326,467.74060534157326,0.0,0.0,17,0.5,0.1,0,0,0,0,0.48,0.428,0.6714481157398059,0.0,467.74060534157326
P-n16-k8,ga,21,19,15,1,16.4,8.138795979750322,35,100,0.01,0.38,467.74060534157326,467.74060534157326,0.0,0.0,18,0.5,0.1,0,0,0,0,0.49,0.424,0.6789329457664754,0.0,467.74060534157326
P-n16-k8,ga,21,20,15,1,16.4,8.138795979750322,35,100,0.01,0.4,467.74060534157326,467.74060534157326,0.0,0.0,19,0.5,0.1,0,0,0,0,0.5,0.42,0.685316954888546,0.0,467.74060534157326
P-n16-k8,ga,21,21,15,1,16.4,8.138795979750322,35,100,0.01,0.42,467.74060534157326,467.74060534157326,0.0,0.0,19,0.5,0.1,0,0,0,0,0.51,0.416,0.6905749483385893,0.0,467.74060534157326
P-n16-k8,ga,21,22,15,1,16.4,8.138795979750322,35,100,0.01,0.44,467.74060534157326,467.74060534157326,0.0,0.0,19,0.5,0.1,0,0,0,0,0.52,0.412,0.6946861752186066,0.0,467.74060534157326
P-n16-k8,ga,21,23,15,1,16.4,8.138795979750322,35,100,0.01,0.46,467.74060534157326,467.74060534157326,0.0,0.0,19,0.5,0.1,0,0,0,0,0.53,0.408,0.6976344103943434,0.0,467.74060534157326
P-n16-k8,ga,21,24,15,1,16.4,8.138795979750322,35,100,0.01,0.48,467.74060534157326,467.74060534157326,0.0,0.0,19,0.5,0.1,0,0,0,0,0.54,0.404,0.6994080185284814,0.0,467.74060534157326
P-n16-k8,ga,21,25,15,1,16.4,8.138795979750322,35,100,0.01,0.5,467.74060534157326,467.74060534157326,0.0,0.0,19,0.5,0.1,0,0,0,0,0.55,0.4,0.7,0.0,467.74060534157326
P-n16-k8,ga,21,26,15,1,16.4,8.138795979750322,35,100,0.01,0.52,467.74060534157326,467.74060534157326,0.0,0.0,19,0.5,0.1,0,0,0,0,0.56,0.396,0.6994080185284814,0.0,467.74060534157326
P-n16-k8,ga,21,27,15,1,16.4,8.138795979750322,35,100,0.01,0.54,467.74060534157326,467.74060534157326,0.0,0.0,19,0.5,0.1,0,0,0,0,0.5700000000000001,0.392,0.6976344103943433,0.0,467.74060534157326
P-n16-k8,ga,21,28,15,1,16.4,8.138795979750322,35,100,0.01,0.56,467.74060534157326,467.74060534157326,0.0,0.0,19,0.5,0.1,0,0,0,0,0.5800000000000001,0.388,0.6946861752186066,0.0,467.74060534157326
P-n16-k8,ga,21,29,15,1,16.4,8.138795979750322,35,100,0.01,0.58,467.74060534157326,467.74060534157326,0.0,0.0,19,0.5,0.1,0,0,0,0,0.59,0.384,0.6905749483385893,0.0,467.74060534157326
P-n16-k8,ga,21,30,15,1,16.4,8.138795979750322,35,100,0.01,0.6,467.74060534157326,467.74060534157326,0.0,0.0,19,0.5,0.1,0,0,0,0,0.6,0.38,0.685316954888546,0.0,467.74060534157326
P-n16-k8,ga,21,31,15,1,16.4,8.138795979750322,35,100,0.01,0.62,467.74060534157326,467.74060534157326,0.0,0.0,19,0.5,0.1,0,0,0,0,0.61,0.376,0.6789329457664754,0.0,467.74060534157326
P-n16-k8,ga,21,32,15,1,16.4,8.138795979750322,35,100,0.01,0.64,467.74060534157326,467.74060534157326,0.0,0.0,19,0.5,0.1,0,0,0,0,0.62,0.372,0.6714481157398058,0.0,467.74060534157326
P-n16-k8,ga,21,33,15,1,16.4,8.138795979750322,35,100,0.01,0.66,467.74060534157326,467.74060534157326,0.0,0.0,19,0.5,0.1,0,0,0,0,0.63,0.368,0.6628920040131591,0.0,467.74060534157326
P-n16-k8,ga,21,34,15,1,16.4,8.138795979750322,35,100,0.01,0.68,467.74060534157326,467.74060534157326,0.0,0.0,19,0.5,0.1,0,0,0,0,0.64,0.364,0.6532983776506045,0.0,467.74060534157326
P-n16-k8,ga,21,35,15,1,16.4,8.138795979750322,35,100,0.01,0.7,467.74060534157326,467.74060534157326,0.0,0.0,19,0.5,0.1,0,0,0,0,0.6499999999999999,0.36,0.6427050983124842,0.0,467.74060534157326
P-n16-k8,ga,21,36,15,1,16.4,8.138795979750322,35,100,0.01,0.72,467.74060534157326,467.74060534157326,0.0,0.0,19,0.5,0.1,0,0,0,0,0.6599999999999999,0.356,0.6311539728327368,0.0,467.74060534157326
P-n16-k8,ga,21,37,15,1,16.4,8.138795979750322,35,100,0.01,0.74,467.74060534157326,467.74060534157326,0.0,0.0,19,0.5,0.1,0,0,0,0,0.6699999999999999,0.352,0.6186905882264234,0.0,467.74060534157326
P-n16-k8,ga,21,38,15,1,16.4,8.138795979750322,35,100,0.01,0.76,467.74060534157326,467.74060534157326,0.0,0.0,19,0.5,0.1,0,0,0,0,0.6799999999999999,0.348,0.6053641317786067,0.0,467.74060534157326
P-n16-k8,ga,21,39,15,1,16.4,8.138795979750322,35,100,0.01,0.78,467.74060534157326,467.74060534157326,0.0,0.0,19,0.5,0.1,0,0,0,0,0.69,0.344,0.591227196924607,0.0,467.74060534157326
P-n16-k8,ga,21,40,15,1,16.4,8.138795979750322,35,100,0.01,0.8,467.74060534157326,467.74060534157326,0.0,0.0,19,0.5,0.1,0,0,0,0,0.7,0.33999999999999997,0.576335575687742,0.0,467.74060534157326
P-n16-k8,ga,21,41,15,1,16.4,8.138795979750322,35,100,0.01,0.82,467.74060534157326,467.74060534157326,0.0,0.0,19,0.5,0.1,0,0,0,0,0.71,0.33599999999999997,0.5607480384936991,0.0,467.74060534157326
P-n16-k8,ga,21,42,15,1,16.4,8.138795979750322,35,100,0.01,0.84,467.74060534157326,467.74060534157326,0.0,0.0,19,0.5,0.1,0,0,0,0,0.72,0.33199999999999996,0.5445261022305147,0.0,467.74060534157326
P-n16-k8,ga,21,43,15,1,16.4,8.138795979750322,35,100,0.01,0.86,467.74060534157326,467.74060534157326,0.0,0.0,19,0.5,0.1,0,0,0,0,0.73,0.32799999999999996,0.5277337874695218,0.0,467.74060534157326
P-n16-k8,ga,21,44,15,1,16.4,8.138795979750322,35,100,0.01,0.88,467.74060534157326,467.74060534157326,0.0,0.0,19,0.5,0.1,0,0,0,0,0.74,0.32399999999999995,0.5104373658054034,0.0,467.74060534157326
P-n16-k8,ga,21,45,15,1,16.4,8.138795979750322,35,100,0.01,0.9,467.74060534157326,467.74060534157326,0.0,0.0,19,0.5,0.1,0,0,0,0,0.75,0.31999999999999995,0.49270509831248427,0.0,467.74060534157326
P-n16-k8,ga,21,46,15,1,16.4,8.138795979750322,35,100,0.01,0.92,467.74060534157326,467.74060534157326,0.0,0.0,19,0.5,0.1,0,0,0,0,0.76,0.31599999999999995,0.47460696614945647,0.0,467.74060534157326
P-n16-k8,ga,21,47,15,1,16.4,8.138795979750322,35,100,0.01,0.94,467.74060534157326,467.74060534157326,0.0,0.0,19,0.5,0.1,0,0,0,0,0.77,0.312,0.45621439437571754,0.0,467.74060534157326
P-n16-k8,ga,21,48,15,1,16.4,8.138795979750322,35,100,0.01,0.96,467.74060534157326,467.74060534157326,0.0,0.0,19,0.5,0.1,0,0,0,0,0.78,0.308,0.4375999700692914,0.0,467.74060534157326
P-n16-k8,ga,21,49,15,1,16.4,8.138795979750322,35,100,0.01,0.98,467.74060534157326,467.74060534157326,0.0,0.0,19,0.5,0.1,0,0,0,0,0.79,0.304,0.4188371558587941,0.0,467.74060534157326
P-n16-k8,ga,22,0,15,1,16.4,8.138795979750322,35,100,0.01,0.0,1000.0,1000.0,100.0,0.0,0,0.5,0.1,0,0,0,0,0.3,0.5,0.4,0.0,467.74060534157326
P-n16-k8,ga,22,1,15,1,16.4,8.138795979750322,35,100,0.01,0.02,467.74060534157326,467.74060534157326,100.0,0.0,0,0.5,0.1,0,0,0,0,0.31,0.496,0.41883715585879405,0.0,467.74060534157326
P-n16-k8,ga,22,2,15,1,16.4,8.138795979750322,35,100,0.01,0.04,467.74060534157326,467.74060534157326,100.0,0.0,0,0.5,0.1,0,0,0,0,0.32,0.492,0.4375999700692913,0.0,467.74060534157326
P-n16-k8,ga,22,3,15,1,16.4,8.138795979750322,35,100,0.01,0.06,467.74060534157326,467.74060534157326,100.0,0.0,0,0.5,0.1,0,0,0,0,0.32999999999999996,0.488,0.4562143943757174,0.0,467.74060534157326
P-n16-k8,ga,22,4,15,1,16.4,8.138795979750322,35,100,0.01,0.08,467.74060534157326,467.74060534157326,100.0,0.0,0,0.5,0.1,0,0,0,0,0.33999999999999997,0.484,0.47460696614945647,0.0,467.74060534157326
P-n16-k8,ga,22,5,15,1,16.4,8.138795979750322,35,100,0.01,0.1,467.74060534157326,467.74060534157326,100.0,0.0,0,0.5,0.1,0,0,0,0,0.35,0.48,0.4927050983124842,0.0,467.74060534157326
P-n16-k8,ga,22,6,15,1,16.4,8.138795979750322,35,100,0.01,0.12,467.74060534157326,467.74060534157326,100.0,0.0,0,0.5,0.1,0,0,0,0,0.36,0.476,0.5104373658054034,0.0,467.74060534157326
P-n16-k8,ga,22,7,15,1,16.4,8.138795979750322,35,100,0.01,0.14,467.74060534157326,467.7406053415733,100.0,0.0,0,0.5,0.1,0,0,0,0,0.37,0.472,0.5277337874695218,0.0,467.74060534157326
P-n16-k8,ga,22,8,15,1,16.4,8.138795979750322,35,100,0.01,0.16,467.74060534157326,467.74060534157326,100.0,0.0,0,0.5,0.1,0,0,0,0,0.38,0.46799999999999997,0.5445261022305146,0.0,467.74060534157326
P-n16-k8,ga,22,9,15,1,16.4,8.138795979750322,35,100,0.01,0.18,467.74060534157326,467.7406053415732,100.0,0.0,0,0.5,0.1,0,0,0,0,0.39,0.464,0.560748038493699,0.0,467.74060534157326
P-n16-k8,ga,22,10,15,1,16.4,8.138795979750322,35,100,0.01,0.2,467.74060534157326,467.74060534157326,100.0,0.0,0,0.5,0.1,0,0,0,0,0.4,0.45999999999999996,0.576335575687742,0.0,467.74060534157326
P-n16-k8,ga,22,11,15,1,16.4,8.138795979750322,35,100,0.01,0.22,467.74060534157326,467.74060534157326,0.0,0.0,10,0.5,0.1,0,0,0,0,0.41,0.456,0.5912271969246069,0.0,467.74060534157326
P-n16-k8,ga,22,12,15,1,16.4,8.138795979750322,35,100,0.01,0.24,467.74060534157326,467.74060534157326,0.0,0.0,11,0.5,0.1,0,0,0,0,0.42,0.452,0.6053641317786066,0.0,467.74060534157326
P-n16-k8,ga,22,13,15,1,16.4,8.138795979750322,35,100,0.01,0.26,467.74060534157326,467.74060534157326,0.0,0.0,12,0.5,0.1,0,0,0,0,0.43,0.448,0.6186905882264235,0.0,467.74060534157326
P-n16-k8,ga,22,14,15,1,16.4,8.138795979750322,35,100,0.01,0.28,467.74060534157326,467.74060534157326,0.0,0.0,13,0.5,0.1,0,0,0,0,0.44,0.444,0.6311539728327368,0.0,467.74060534157326
P-n16-k8,ga,22,15,15,1,16.4,8.138795979750322,35,100,0.01,0.3,467.74060534157326,467.74060534157326,0.0,0.0,14,0.5,0.1,0,0,0,0,0.44999999999999996,0.44,0.6427050983124842,0.0,467.74060534157326
P-n16-k8,ga,22,16,15,1,16.4,8.138795979750322,35,100,0.01,0.32,467.74060534157326,467.74060534157326,0.0,0.0,15,0.5,0.1,0,0,0,0,0.45999999999999996,0.436,0.6532983776506045,0.0,467.74060534157326
P-n16-k8,ga,22,17,15,1,16.4,8.138795979750322,35,100,0.01,0.34,467.74060534157326,467.74060534157326,0.0,0.0,16,0.5,0.1,0,0,0,0,0.47,0.432,0.6628920040131592,0.0,467.74060534157326
P-n16-k8,ga,22,18,15,1,16.4,8.138795979750322,35,100,0.01,0.36,467.74060534157326,467.74060534157326,0.0,0.0,17,0.5,0.1,0,0,0,0,0.48,0.428,0.6714481157398059,0.0,467.74060534157326
P-n16-k8,ga,22,19,15,1,16.4,8.138795979750322,35,100,0.01,0.38,467.74060534157326,467.74060534157326,0.0,0.0,18,0.5,0.1,0,0,0,0,0.49,0.424,0.6789329457664754,0.0,467.74060534157326
P-n16-k8,ga,22,20,15,1,16.4,8.138795979750322,35,100,0.01,0.4,467.74060534157326,467.74060534157326,0.0,0.0,19,0.5,0.1,0,0,0,0,0.5,0.42,0.685316954888546,0.0,467.74060534157326
P-n16-k8,ga,22,21,15,1,16.4,8.138795979750322,35,100,0.01,0.42,467.74060534157326,467.74060534157326,0.0,0.0,19,0.5,0.1,0,0,0,0,0.51,0.416,0.6905749483385893,0.0,467.74060534157326
P-n16-k8,ga,22,22,15,1,16.4,8.138795979750322,35,100,0.01,0.44,467.74060534157326,467.74060534157326,0.0,0.0,19,0.5,0.1,0,0,0,0,0.52,0.412,0.6946861752186066,0.0,467.74060534157326
P-n16-k8,ga,22,23,15,1,16.4,8.138795979750322,35,100,0.01,0.46,467.74060534157326,467.74060534157326,0.0,0.0,19,0.5,0.1,0,0,0,0,0.53,0.408,0.6976344103943434,0.0,467.74060534157326
P-n16-k8,ga,22,24,15,1,16.4,8.138795979750322,35,100,0.01,0.48,467.74060534157326,467.74060534157326,0.0,0.0,19,0.5,0.1,0,0,0,0,0.54,0.404,0.6994080185284814,0.0,467.74060534157326
P-n16-k8,ga,22,25,15,1,16.4,8.138795979750322,35,100,0.01,0.5,467.74060534157326,467.74060534157326,0.0,0.0,19,0.5,0.1,0,0,0,0,0.55,0.4,0.7,0.0,467.74060534157326
P-n16-k8,ga,22,26,15,1,16.4,8.138795979750322,35,100,0.01,0.52,467.74060534157326,467.74060534157326,0.0,0.0,19,0.5,0.1,0,0,0,0,0.56,0.396,0.6994080185284814,0.0,467.74060534157326
P-n16-k8,ga,22,27,15,1,16.4,8.138795979750322,35,100,0.01,0.54,467.74060534157326,467.74060534157326,0.0,0.0,19,0.5,0.1,0,0,0,0,0.5700000000000001,0.392,0.6976344103943433,0.0,467.74060534157326
P-n16-k8,ga,22,28,15,1,16.4,8.138795979750322,35,100,0.01,0.56,467.74060534157326,467.74060534157326,0.0,0.0,19,0.5,0.1,0,0,0,0,0.5800000000000001,0.388,0.6946861752186066,0.0,467.74060534157326
P-n16-k8,ga,22,29,15,1,16.4,8.138795979750322,35,100,0.01,0.58,467.74060534157326,467.74060534157326,0.0,0.0,19,0.5,0.1,0,0,0,0,0.59,0.384,0.6905749483385893,0.0,467.74060534157326
P-n16-k8,ga,22,30,15,1,16.4,8.138795979750322,35,100,0.01,0.6,467.74060534157326,467.74060534157326,0.0,0.0,19,0.5,0.1,0,0,0,0,0.6,0.38,0.685316954888546,0.0,467.74060534157326
P-n16-k8,ga,22,31,15,1,16.4,8.138795979750322,35,100,0.01,0.62,467.74060534157326,467.74060534157326,0.0,0.0,19,0.5,0.1,0,0,0,0,0.61,0.376,0.6789329457664754,0.0,467.74060534157326
P-n16-k8,ga,22,32,15,1,16.4,8.138795979750322,35,100,0.01,0.64,467.74060534157326,467.74060534157326,0.0,0.0,19,0.5,0.1,0,0,0,0,0.62,0.372,0.6714481157398058,0.0,467.74060534157326
P-n16-k8,ga,22,33,15,1,16.4,8.138795979750322,35,100,0.01,0.66,467.74060534157326,467.74060534157326,0.0,0.0,19,0.5,0.1,0,0,0,0,0.63,0.368,0.6628920040131591,0.0,467.74060534157326
P-n16-k8,ga,22,34,15,1,16.4,8.138795979750322,35,100,0.01,0.68,467.74060534157326,467.74060534157326,0.0,0.0,19,0.5,0.1,0,0,0,0,0.64,0.364,0.6532983776506045,0.0,467.74060534157326
P-n16-k8,ga,22,35,15,1,16.4,8.138795979750322,35,100,0.01,0.7,467.74060534157326,467.74060534157326,0.0,0.0,19,0.5,0.1,0,0,0,0,0.6499999999999999,0.36,0.6427050983124842,0.0,467.74060534157326
P-n16-k8,ga,22,36,15,1,16.4,8.138795979750322,35,100,0.01,0.72,467.74060534157326,467.74060534157326,0.0,0.0,19,0.5,0.1,0,0,0,0,0.6599999999999999,0.356,0.6311539728327368,0.0,467.74060534157326
P-n16-k8,ga,22,37,15,1,16.4,8.138795979750322,35,100,0.01,0.74,467.74060534157326,467.74060534157326,0.0,0.0,19,0.5,0.1,0,0,0,0,0.6699999999999999,0.352,0.6186905882264234,0.0,467.74060534157326
P-n16-k8,ga,22,38,15,1,16.4,8.138795979750322,35,100,0.01,0.76,467.74060534157326,467.74060534157326,0.0,0.0,19,0.5,0.1,0,0,0,0,0.6799999999999999,0.348,0.6053641317786067,0.0,467.74060534157326
P-n16-k8,ga,22,39,15,1,16.4,8.138795979750322,35,100,0.01,0.78,467.74060534157326,467.74060534157326,0.0,0.0,19,0.5,0.1,0,0,0,0,0.69,0.344,0.591227196924607,0.0,467.74060534157326
P-n16-k8,ga,22,40,15,1,16.4,8.138795979750322,35,100,0.01,0.8,467.74060534157326,467.74060534157326,0.0,0.0,19,0.5,0.1,0,0,0,0,0.7,0.33999999999999997,0.576335575687742,0.0,467.74060534157326
P-n16-k8,ga,22,41,15,1,16.4,8.138795979750322,35,100,0.01,0.82,467.74060534157326,467.74060534157326,0.0,0.0,19,0.5,0.1,0,0,0,0,0.71,0.33599999999999997,0.5607480384936991,0.0,467.74060534157326
P-n16-k8,ga,22,42,15,1,16.4,8.138795979750322,35,100,0.01,0.84,467.74060534157326,467.74060534157326,0.0,0.0,19,0.5,0.1,0,0,0,0,0.72,0.33199999999999996,0.5445261022305147,0.0,467.74060534157326
P-n16-k8,ga,22,43,15,1,16.4,8.138795979750322,35,100,0.01,0.86,467.74060534157326,467.74060534157326,0.0,0.0,19,0.5,0.1,0,0,0,0,0.73,0.32799999999999996,0.5277337874695218,0.0,467.74060534157326
P-n16-k8,ga,22,44,15,1,16.4,8.138795979750322,35,100,0.01,0.88,467.74060534157326,467.74060534157326,0.0,0.0,19,0.5,0.1,0,0,0,0,0.74,0.32399999999999995,0.5104373658054034,0.0,467.74060534157326
P-n16-k8,ga,22,45,15,1,16.4,8.138795979750322,35,100,0.01,0.9,467.74060534157326,467.74060534157326,0.0,0.0,19,0.5,0.1,0,0,0,0,0.75,0.31999999999999995,0.49270509831248427,0.0,467.74060534157326
P-n16-k8,ga,22,46,15,1,16.4,8.138795979750322,35,100,0.01,0.92,467.74060534157326,467.74060534157326,0.0,0.0,19,0.5,0.1,0,0,0,0,0.76,0.31599999999999995,0.47460696614945647,0.0,467.74060534157326
P-n16-k8,ga,22,47,15,1,16.4,8.138795979750322,35,100,0.01,0.94,467.74060534157326,467.74060534157326,0.0,0.0,19,0.5,0.1,0,0,0,0,0.77,0.312,0.45621439437571754,0.0,467.74060534157326
P-n16-k8,ga,22,48,15,1,16.4,8.138795979750322,35,100,0.01,0.96,467.74060534157326,467.74060534157326,0.0,0.0,19,0.5,0.1,0,0,0,0,0.78,0.308,0.4375999700692914,0.0,467.74060534157326
P-n16-k8,ga,22,49,15,1,16.4,8.138795979750322,35,100,0.01,0.98,467.74060534157326,467.74060534157326,0.0,0.0,19,0.5,0.1,0,0,0,0,0.79,0.304,0.4188371558587941,0.0,467.74060534157326
P-n16-k8,ga,23,0,15,1,16.4,8.138795979750322,35,100,0.01,0.0,1000.0,1000.0,100.0,0.0,0,0.5,0.1,0,0,0,0,0.3,0.5,0.4,0.0,467.74060534157326
P-n16-k8,ga,23,1,15,1,16.4,8.138795979750322,35,100,0.01,0.02,467.74060534157326,467.74060534157326,100.0,0.0,0,0.5,0.1,0,0,0,0,0.31,0.496,0.41883715585879405,0.0,467.74060534157326
P-n16-k8,ga,23,2,15,1,16.4,8.138795979750322,35,100,0.01,0.04,467.74060534157326,467.74060534157326,100.0,0.0,0,0.5,0.1,0,0,0,0,0.32,0.492,0.4375999700692913,0.0,467.74060534157326
P-n16-k8,ga,23,3,15,1,16.4,8.138795979750322,35,100,0.01,0.06,467.74060534157326,467.74060534157326,100.0,0.0,0,0.5,0.1,0,0,0,0,0.32999999999999996,0.488,0.4562143943757174,0.0,467.74060534157326
P-n16-k8,ga,23,4,15,1,16.4,8.138795979750322,35,100,0.01,0.08,467.74060534157326,467.74060534157326,100.0,0.0,0,0.5,0.1,0,0,0,0,0.33999999999999997,0.484,0.47460696614945647,0.0,467.74060534157326
P-n16-k8,ga,23,5,15,1,16.4,8.138795979750322,35,100,0.01,0.1,467.74060534157326,467.74060534157326,100.0,0.0,0,0.5,0.1,0,0,0,0,0.35,0.48,0.4927050983124842,0.0,467.74060534157326
P-n16-k8,ga,23,6,15,1,16.4,8.138795979750322,35,100,0.01,0.12,467.74060534157326,467.74060534157326,100.0,0.0,0,0.5,0.1,0,0,0,0,0.36,0.476,0.5104373658054034,0.0,467.74060534157326
P-n16-k8,ga,23,7,15,1,16.4,8.138795979750322,35,100,0.01,0.14,467.74060534157326,467.7406053415733,100.0,0.0,0,0.5,0.1,0,0,0,0,0.37,0.472,0.5277337874695218,0.0,467.74060534157326
P-n16-k8,ga,23,8,15,1,16.4,8.138795979750322,35,100,0.01,0.16,467.74060534157326,467.74060534157326,100.0,0.0,0,0.5,0.1,0,0,0,0,0.38,0.46799999999999997,0.5445261022305146,0.0,467.74060534157326
P-n16-k8,ga,23,9,15,1,16.4,8.138795979750322,35,100,0.01,0.18,467.74060534157326,467.7406053415732,100.0,0.0,0,0.5,0.1,0,0,0,0,0.39,0.464,0.560748038493699,0.0,467.74060534157326
P-n16-k8,ga,23,10,15,1,16.4,8.138795979750322,35,100,0.01,0.2,467.74060534157326,467.74060534157326,100.0,0.0,0,0.5,0.1,0,0,0,0,0.4,0.45999999999999996,0.576335575687742,0.0,467.74060534157326
P-n16-k8,ga,23,11,15,1,16.4,8.138795979750322,35,100,0.01,0.22,467.74060534157326,467.74060534157326,0.0,0.0,10,0.5,0.1,0,0,0,0,0.41,0.456,0.5912271969246069,0.0,467.74060534157326
P-n16-k8,ga,23,12,15,1,16.4,8.138795979750322,35,100,0.01,0.24,467.74060534157326,467.74060534157326,0.0,0.0,11,0.5,0.1,0,0,0,0,0.42,0.452,0.6053641317786066,0.0,467.74060534157326
P-n16-k8,ga,23,13,15,1,16.4,8.138795979750322,35,100,0.01,0.26,467.74060534157326,467.74060534157326,0.0,0.0,12,0.5,0.1,0,0,0,0,0.43,0.448,0.6186905882264235,0.0,467.74060534157326
P-n16-k8,ga,23,14,15,1,16.4,8.138795979750322,35,100,0.01,0.28,467.74060534157326,467.74060534157326,0.0,0.0,13,0.5,0.1,0,0,0,0,0.44,0.444,0.6311539728327368,0.0,467.74060534157326
P-n16-k8,ga,23,15,15,1,16.4,8.138795979750322,35,100,0.01,0.3,467.74060534157326,467.74060534157326,0.0,0.0,14,0.5,0.1,0,0,0,0,0.44999999999999996,0.44,0.6427050983124842,0.0,467.74060534157326
P-n16-k8,ga,23,16,15,1,16.4,8.138795979750322,35,100,0.01,0.32,467.74060534157326,467.74060534157326,0.0,0.0,15,0.5,0.1,0,0,0,0,0.45999999999999996,0.436,0.6532983776506045,0.0,467.74060534157326
P-n16-k8,ga,23,17,15,1,16.4,8.138795979750322,35,100,0.01,0.34,467.74060534157326,467.74060534157326,0.0,0.0,16,0.5,0.1,0,0,0,0,0.47,0.432,0.6628920040131592,0.0,467.74060534157326
P-n16-k8,ga,23,18,15,1,16.4,8.138795979750322,35,100,0.01,0.36,467.74060534157326,467.74060534157326,0.0,0.0,17,0.5,0.1,0,0,0,0,0.48,0.428,0.6714481157398059,0.0,467.74060534157326
P-n16-k8,ga,23,19,15,1,16.4,8.138795979750322,35,100,0.01,0.38,467.74060534157326,467.74060534157326,0.0,0.0,18,0.5,0.1,0,0,0,0,0.49,0.424,0.6789329457664754,0.0,467.74060534157326
P-n16-k8,ga,23,20,15,1,16.4,8.138795979750322,35,100,0.01,0.4,467.74060534157326,467.74060534157326,0.0,0.0,19,0.5,0.1,0,0,0,0,0.5,0.42,0.685316954888546,0.0,467.74060534157326
P-n16-k8,ga,23,21,15,1,16.4,8.138795979750322,35,100,0.01,0.42,467.74060534157326,467.74060534157326,0.0,0.0,19,0.5,0.1,0,0,0,0,0.51,0.416,0.6905749483385893,0.0,467.74060534157326
P-n16-k8,ga,23,22,15,1,16.4,8.138795979750322,35,100,0.01,0.44,467.74060534157326,467.74060534157326,0.0,0.0,19,0.5,0.1,0,0,0,0,0.52,0.412,0.6946861752186066,0.0,467.74060534157326
P-n16-k8,ga,23,23,15,1,16.4,8.138795979750322,35,100,0.01,0.46,467.74060534157326,467.74060534157326,0.0,0.0,19,0.5,0.1,0,0,0,0,0.53,0.408,0.6976344103943434,0.0,467.74060534157326
P-n16-k8,ga,23,24,15,1,16.4,8.138795979750322,35,100,0.01,0.48,467.74060534157326,467.74060534157326,0.0,0.0,19,0.5,0.1,0,0,0,0,0.54,0.404,0.6994080185284814,0.0,467.74060534157326
P-n16-k8,ga,23,25,15,1,16.4,8.138795979750322,35,100,0.01,0.5,467.74060534157326,467.74060534157326,0.0,0.0,19,0.5,0.1,0,0,0,0,0.55,0.4,0.7,0.0,467.74060534157326
P-n16-k8,ga,23,26,15,1,16.4,8.138795979750322,35,100,0.01,0.52,467.74060534157326,467.74060534157326,0.0,0.0,19,0.5,0.1,0,0,0,0,0.56,0.396,0.6994080185284814,0.0,467.74060534157326
P-n16-k8,ga,23,27,15,1,16.4,8.138795979750322,35,100,0.01,0.54,467.74060534157326,467.74060534157326,0.0,0.0,19,0.5,0.1,0,0,0,0,0.5700000000000001,0.392,0.6976344103943433,0.0,467.74060534157326
P-n16-k8,ga,23,28,15,1,16.4,8.138795979750322,35,100,0.01,0.56,467.74060534157326,467.74060534157326,0.0,0.0,19,0.5,0.1,0,0,0,0,0.5800000000000001,0.388,0.6946861752186066,0.0,467.74060534157326
P-n16-k8,ga,23,29,15,1,16.4,8.138795979750322,35,100,0.01,0.58,467.74060534157326,467.74060534157326,0.0,0.0,19,0.5,0.1,0,0,0,0,0.59,0.384,0.6905749483385893,0.0,467.74060534157326
P-n16-k8,ga,23,30,15,1,16.4,8.138795979750322,35,100,0.01,0.6,467.74060534157326,467.74060534157326,0.0,0.0,19,0.5,0.1,0,0,0,0,0.6,0.38,0.685316954888546,0.0,467.74060534157326
P-n16-k8,ga,23,31,15,1,16.4,8.138795979750322,35,100,0.01,0.62,467.74060534157326,467.74060534157326,0.0,0.0,19,0.5,0.1,0,0,0,0,0.61,0.376,0.6789329457664754,0.0,467.74060534157326
P-n16-k8,ga,23,32,15,1,16.4,8.138795979750322,35,100,0.01,0.64,467.74060534157326,467.74060534157326,0.0,0.0,19,0.5,0.1,0,0,0,0,0.62,0.372,0.6714481157398058,0.0,467.74060534157326
P-n16-k8,ga,23,33,15,1,16.4,8.138795979750322,35,100,0.01,0.66,467.74060534157326,467.74060534157326,0.0,0.0,19,0.5,0.1,0,0,0,0,0.63,0.368,0.6628920040131591,0.0,467.74060534157326
P-n16-k8,ga,23,34,15,1,16.4,8.138795979750322,35,100,0.01,0.68,467.74060534157326,467.74060534157326,0.0,0.0,19,0.5,0.1,0,0,0,0,0.64,0.364,0.6532983776506045,0.0,467.74060534157326
P-n16-k8,ga,23,35,15,1,16.4,8.138795979750322,35,100,0.01,0.7,467.74060534157326,467.74060534157326,0.0,0.0,19,0.5,0.1,0,0,0,0,0.6499999999999999,0.36,0.6427050983124842,0.0,467.74060534157326
P-n16-k8,ga,23,36,15,1,16.4,8.138795979750322,35,100,0.01,0.72,467.74060534157326,467.74060534157326,0.0,0.0,19,0.5,0.1,0,0,0,0,0.6599999999999999,0.356,0.6311539728327368,0.0,467.74060534157326
P-n16-k8,ga,23,37,15,1,16.4,8.138795979750322,35,100,0.01,0.74,467.74060534157326,467.74060534157326,0.0,0.0,19,0.5,0.1,0,0,0,0,0.6699999999999999,0.352,0.6186905882264234,0.0,467.74060534157326
P-n16-k8,ga,23,38,15,1,16.4,8.138795979750322,35,100,0.01,0.76,467.74060534157326,467.74060534157326,0.0,0.0,19,0.5,0.1,0,0,0,0,0.6799999999999999,0.348,0.6053641317786067,0.0,467.74060534157326
P-n16-k8,ga,23,39,15,1,16.4,8.138795979750322,35,100,0.01,0.78,467.74060534157326,467.74060534157326,0.0,0.0,19,0.5,0.1,0,0,0,0,0.69,0.344,0.591227196924607,0.0,467.74060534157326
P-n16-k8,ga,23,40,15,1,16.4,8.138795979750322,35,100,0.01,0.8,467.74060534157326,467.74060534157326,0.0,0.0,19,0.5,0.1,0,0,0,0,0.7,0.33999999999999997,0.576335575687742,0.0,467.74060534157326
P-n16-k8,ga,23,41,15,1,16.4,8.138795979750322,35,100,0.01,0.82,467.74060534157326,467.74060534157326,0.0,0.0,19,0.5,0.1,0,0,0,0,0.71,0.33599999999999997,0.5607480384936991,0.0,467.74060534157326
P-n16-k8,ga,23,42,15,1,16.4,8.138795979750322,35,100,0.01,0.84,467.74060534157326,467.74060534157326,0.0,0.0,19,0.5,0.1,0,0,0,0,0.72,0.33199999999999996,0.5445261022305147,0.0,467.74060534157326
P-n16-k8,ga,23,43,15,1,16.4,8.138795979750322,35,100,0.01,0.86,467.74060534157326,467.74060534157326,0.0,0.0,19,0.5,0.1,0,0,0,0,0.73,0.32799999999999996,0.5277337874695218,0.0,467.74060534157326
P-n16-k8,ga,23,44,15,1,16.4,8.138795979750322,35,100,0.01,0.88,467.74060534157326,467.74060534157326,0.0,0.0,19,0.5,0.1,0,0,0,0,0.74,0.32399999999999995,0.5104373658054034,0.0,467.74060534157326
P-n16-k8,ga,23,45,15,1,16.4,8.138795979750322,35,100,0.01,0.9,467.74060534157326,467.74060534157326,0.0,0.0,19,0.5,0.1,0,0,0,0,0.75,0.31999999999999995,0.49270509831248427,0.0,467.74060534157326
P-n16-k8,ga,23,46,15,1,16.4,8.138795979750322,35,100,0.01,0.92,467.74060534157326,467.74060534157326,0.0,0.0,19,0.5,0.1,0,0,0,0,0.76,0.31599999999999995,0.47460696614945647,0.0,467.74060534157326
P-n16-k8,ga,23,47,15,1,16.4,8.138795979750322,35,100,0.01,0.94,467.74060534157326,467.74060534157326,0.0,0.0,19,0.5,0.1,0,0,0,0,0.77,0.312,0.45621439437571754,0.0,467.74060534157326
P-n16-k8,ga,23,48,15,1,16.4,8.138795979750322,35,100,0.01,0.96,467.74060534157326,467.74060534157326,0.0,0.0,19,0.5,0.1,0,0,0,0,0.78,0.308,0.4375999700692914,0.0,467.74060534157326
P-n16-k8,ga,23,49,15,1,16.4,8.138795979750322,35,100,0.01,0.98,467.74060534157326,467.74060534157326,0.0,0.0,19,0.5,0.1,0,0,0,0,0.79,0.304,0.4188371558587941,0.0,467.74060534157326
P-n16-k8,ga,24,0,15,1,16.4,8.138795979750322,35,100,0.01,0.0,1000.0,1000.0,100.0,0.0,0,0.5,0.1,0,0,0,0,0.3,0.5,0.4,0.0,467.74060534157326
P-n16-k8,ga,24,1,15,1,16.4,8.138795979750322,35,100,0.01,0.02,467.74060534157326,467.74060534157326,100.0,0.0,0,0.5,0.1,0,0,0,0,0.31,0.496,0.41883715585879405,0.0,467.74060534157326
P-n16-k8,ga,24,2,15,1,16.4,8.138795979750322,35,100,0.01,0.04,467.74060534157326,467.74060534157326,100.0,0.0,0,0.5,0.1,0,0,0,0,0.32,0.492,0.4375999700692913,0.0,467.74060534157326
P-n16-k8,ga,24,3,15,1,16.4,8.138795979750322,35,100,0.01,0.06,467.74060534157326,467.74060534157326,100.0,0.0,0,0.5,0.1,0,0,0,0,0.32999999999999996,0.488,0.4562143943757174,0.0,467.74060534157326
P-n16-k8,ga,24,4,15,1,16.4,8.138795979750322,35,100,0.01,0.08,467.74060534157326,467.74060534157326,100.0,0.0,0,0.5,0.1,0,0,0,0,0.33999999999999997,0.484,0.47460696614945647,0.0,467.74060534157326
P-n16-k8,ga,24,5,15,1,16.4,8.138795979750322,35,100,0.01,0.1,467.74060534157326,467.74060534157326,100.0,0.0,0,0.5,0.1,0,0,0,0,0.35,0.48,0.4927050983124842,0.0,467.74060534157326
P-n16-k8,ga,24,6,15,1,16.4,8.138795979750322,35,100,0.01,0.12,467.74060534157326,467.74060534157326,100.0,0.0,0,0.5,0.1,0,0,0,0,0.36,0.476,0.5104373658054034,0.0,467.74060534157326
P-n16-k8,ga,24,7,15,1,16.4,8.138795979750322,35,100,0.01,0.14,467.74060534157326,467.7406053415733,100.0,0.0,0,0.5,0.1,0,0,0,0,0.37,0.472,0.5277337874695218,0.0,467.74060534157326
P-n16-k8,ga,24,8,15,1,16.4,8.138795979750322,35,100,0.01,0.16,467.74060534157326,467.74060534157326,100.0,0.0,0,0.5,0.1,0,0,0,0,0.38,0.46799999999999997,0.5445261022305146,0.0,467.74060534157326
P-n16-k8,ga,24,9,15,1,16.4,8.138795979750322,35,100,0.01,0.18,467.74060534157326,467.7406053415732,100.0,0.0,0,0.5,0.1,0,0,0,0,0.39,0.464,0.560748038493699,0.0,467.74060534157326
P-n16-k8,ga,24,10,15,1,16.4,8.138795979750322,35,100,0.01,0.2,467.74060534157326,467.74060534157326,100.0,0.0,0,0.5,0.1,0,0,0,0,0.4,0.45999999999999996,0.576335575687742,0.0,467.74060534157326
P-n16-k8,ga,24,11,15,1,16.4,8.138795979750322,35,100,0.01,0.22,467.74060534157326,467.74060534157326,0.0,0.0,10,0.5,0.1,0,0,0,0,0.41,0.456,0.5912271969246069,0.0,467.74060534157326
P-n16-k8,ga,24,12,15,1,16.4,8.138795979750322,35,100,0.01,0.24,467.74060534157326,467.74060534157326,0.0,0.0,11,0.5,0.1,0,0,0,0,0.42,0.452,0.6053641317786066,0.0,467.74060534157326
P-n16-k8,ga,24,13,15,1,16.4,8.138795979750322,35,100,0.01,0.26,467.74060534157326,467.74060534157326,0.0,0.0,12,0.5,0.1,0,0,0,0,0.43,0.448,0.6186905882264235,0.0,467.74060534157326
P-n16-k8,ga,24,14,15,1,16.4,8.138795979750322,35,100,0.01,0.28,467.74060534157326,467.74060534157326,0.0,0.0,13,0.5,0.1,0,0,0,0,0.44,0.444,0.6311539728327368,0.0,467.74060534157326
P-n16-k8,ga,24,15,15,1,16.4,8.138795979750322,35,100,0.01,0.3,467.74060534157326,467.74060534157326,0.0,0.0,14,0.5,0.1,0,0,0,0,0.44999999999999996,0.44,0.6427050983124842,0.0,467.74060534157326
P-n16-k8,ga,24,16,15,1,16.4,8.138795979750322,35,100,0.01,0.32,467.74060534157326,467.74060534157326,0.0,0.0,15,0.5,0.1,0,0,0,0,0.45999999999999996,0.436,0.6532983776506045,0.0,467.74060534157326
P-n16-k8,ga,24,17,15,1,16.4,8.138795979750322,35,100,0.01,0.34,467.74060534157326,467.74060534157326,0.0,0.0,16,0.5,0.1,0,0,0,0,0.47,0.432,0.6628920040131592,0.0,467.74060534157326
P-n16-k8,ga,24,18,15,1,16.4,8.138795979750322,35,100,0.01,0.36,467.74060534157326,467.74060534157326,0.0,0.0,17,0.5,0.1,0,0,0,0,0.48,0.428,0.6714481157398059,0.0,467.74060534157326
P-n16-k8,ga,24,19,15,1,16.4,8.138795979750322,35,100,0.01,0.38,467.74060534157326,467.74060534157326,0.0,0.0,18,0.5,0.1,0,0,0,0,0.49,0.424,0.6789329457664754,0.0,467.74060534157326
P-n16-k8,ga,24,20,15,1,16.4,8.138795979750322,35,100,0.01,0.4,467.74060534157326,467.74060534157326,0.0,0.0,19,0.5,0.1,0,0,0,0,0.5,0.42,0.685316954888546,0.0,467.74060534157326
P-n16-k8,ga,24,21,15,1,16.4,8.138795979750322,35,100,0.01,0.42,467.74060534157326,467.74060534157326,0.0,0.0,19,0.5,0.1,0,0,0,0,0.51,0.416,0.6905749483385893,0.0,467.74060534157326
P-n16-k8,ga,24,22,15,1,16.4,8.138795979750322,35,100,0.01,0.44,467.74060534157326,467.74060534157326,0.0,0.0,19,0.5,0.1,0,0,0,0,0.52,0.412,0.6946861752186066,0.0,467.74060534157326
P-n16-k8,ga,24,23,15,1,16.4,8.138795979750322,35,100,0.01,0.46,467.74060534157326,467.74060534157326,0.0,0.0,19,0.5,0.1,0,0,0,0,0.53,0.408,0.6976344103943434,0.0,467.74060534157326
P-n16-k8,ga,24,24,15,1,16.4,8.138795979750322,35,100,0.01,0.48,467.74060534157326,467.74060534157326,0.0,0.0,19,0.5,0.1,0,0,0,0,0.54,0.404,0.6994080185284814,0.0,467.74060534157326
P-n16-k8,ga,24,25,15,1,16.4,8.138795979750322,35,100,0.01,0.5,467.74060534157326,467.74060534157326,0.0,0.0,19,0.5,0.1,0,0,0,0,0.55,0.4,0.7,0.0,467.74060534157326
P-n16-k8,ga,24,26,15,1,16.4,8.138795979750322,35,100,0.01,0.52,467.74060534157326,467.74060534157326,0.0,0.0,19,0.5,0.1,0,0,0,0,0.56,0.396,0.6994080185284814,0.0,467.74060534157326
P-n16-k8,ga,24,27,15,1,16.4,8.138795979750322,35,100,0.01,0.54,467.74060534157326,467.74060534157326,0.0,0.0,19,0.5,0.1,0,0,0,0,0.5700000000000001,0.392,0.6976344103943433,0.0,467.74060534157326
P-n16-k8,ga,24,28,15,1,16.4,8.138795979750322,35,100,0.01,0.56,467.74060534157326,467.74060534157326,0.0,0.0,19,0.5,0.1,0,0,0,0,0.5800000000000001,0.388,0.6946861752186066,0.0,467.74060534157326
P-n16-k8,ga,24,29,15,1,16.4,8.138795979750322,35,100,0.01,0.58,467.74060534157326,467.74060534157326,0.0,0.0,19,0.5,0.1,0,0,0,0,0.59,0.384,0.6905749483385893,0.0,467.74060534157326
P-n16-k8,ga,24,30,15,1,16.4,8.138795979750322,35,100,0.01,0.6,467.74060534157326,467.74060534157326,0.0,0.0,19,0.5,0.1,0,0,0,0,0.6,0.38,0.685316954888546,0.0,467.74060534157326
P-n16-k8,ga,24,31,15,1,16.4,8.138795979750322,35,100,0.01,0.62,467.74060534157326,467.74060534157326,0.0,0.0,19,0.5,0.1,0,0,0,0,0.61,0.376,0.6789329457664754,0.0,467.74060534157326
P-n16-k8,ga,24,32,15,1,16.4,8.138795979750322,35,100,0.01,0.64,467.74060534157326,467.74060534157326,0.0,0.0,19,0.5,0.1,0,0,0,0,0.62,0.372,0.6714481157398058,0.0,467.74060534157326
P-n16-k8,ga,24,33,15,1,16.4,8.138795979750322,35,100,0.01,0.66,467.74060534157326,467.74060534157326,0.0,0.0,19,0.5,0.1,0,0,0,0,0.63,0.368,0.6628920040131591,0.0,467.74060534157326
P-n16-k8,ga,24,34,15,1,16.4,8.138795979750322,35,100,0.01,0.68,467.74060534157326,467.74060534157326,0.0,0.0,19,0.5,0.1,0,0,0,0,0.64,0.364,0.6532983776506045,0.0,467.74060534157326
P-n16-k8,ga,24,35,15,1,16.4,8.138795979750322,35,100,0.01,0.7,467.74060534157326,467.74060534157326,0.0,0.0,19,0.5,0.1,0,0,0,0,0.6499999999999999,0.36,0.6427050983124842,0.0,467.74060534157326
P-n16-k8,ga,24,36,15,1,16.4,8.138795979750322,35,100,0.01,0.72,467.74060534157326,467.74060534157326,0.0,0.0,19,0.5,0.1,0,0,0,0,0.6599999999999999,0.356,0.6311539728327368,0.0,467.74060534157326
P-n16-k8,ga,24,37,15,1,16.4,8.138795979750322,35,100,0.01,0.74,467.74060534157326,467.74060534157326,0.0,0.0,19,0.5,0.1,0,0,0,0,0.6699999999999999,0.352,0.6186905882264234,0.0,467.74060534157326
P-n16-k8,ga,24,38,15,1,16.4,8.138795979750322,35,100,0.01,0.76,467.74060534157326,467.74060534157326,0.0,0.0,19,0.5,0.1,0,0,0,0,0.6799999999999999,0.348,0.6053641317786067,0.0,467.74060534157326
P-n16-k8,ga,24,39,15,1,16.4,8.138795979750322,35,100,0.01,0.78,467.74060534157326,467.74060534157326,0.0,0.0,19,0.5,0.1,0,0,0,0,0.69,0.344,0.591227196924607,0.0,467.74060534157326
P-n16-k8,ga,24,40,15,1,16.4,8.138795979750322,35,100,0.01,0.8,467.74060534157326,467.74060534157326,0.0,0.0,19,0.5,0.1,0,0,0,0,0.7,0.33999999999999997,0.576335575687742,0.0,467.74060534157326
P-n16-k8,ga,24,41,15,1,16.4,8.138795979750322,35,100,0.01,0.82,467.74060534157326,467.74060534157326,0.0,0.0,19,0.5,0.1,0,0,0,0,0.71,0.33599999999999997,0.5607480384936991,0.0,467.74060534157326
P-n16-k8,ga,24,42,15,1,16.4,8.138795979750322,35,100,0.01,0.84,467.74060534157326,467.74060534157326,0.0,0.0,19,0.5,0.1,0,0,0,0,0.72,0.33199999999999996,0.5445261022305147,0.0,467.74060534157326
P-n16-k8,ga,24,43,15,1,16.4,8.138795979750322,35,100,0.01,0.86,467.74060534157326,467.74060534157326,0.0,0.0,19,0.5,0.1,0,0,0,0,0.73,0.32799999999999996,0.5277337874695218,0.0,467.74060534157326
P-n16-k8,ga,24,44,15,1,16.4,8.138795979750322,35,100,0.01,0.88,467.74060534157326,467.74060534157326,0.0,0.0,19,0.5,0.1,0,0,0,0,0.74,0.32399999999999995,0.5104373658054034,0.0,467.74060534157326
P-n16-k8,ga,24,45,15,1,16.4,8.138795979750322,35,100,0.01,0.9,467.74060534157326,467.74060534157326,0.0,0.0,19,0.5,0.1,0,0,0,0,0.75,0.31999999999999995,0.49270509831248427,0.0,467.74060534157326
P-n16-k8,ga,24,46,15,1,16.4,8.138795979750322,35,100,0.01,0.92,467.74060534157326,467.74060534157326,0.0,0.0,19,0.5,0.1,0,0,0,0,0.76,0.31599999999999995,0.47460696614945647,0.0,467.74060534157326
P-n16-k8,ga,24,47,15,1,16.4,8.138795979750322,35,100,0.01,0.94,467.74060534157326,467.74060534157326,0.0,0.0,19,0.5,0.1,0,0,0,0,0.77,0.312,0.45621439437571754,0.0,467.74060534157326
P-n16-k8,ga,24,48,15,1,16.4,8.138795979750322,35,100,0.01,0.96,467.74060534157326,467.74060534157326,0.0,0.0,19,0.5,0.1,0,0,0,0,0.78,0.308,0.4375999700692914,0.0,467.74060534157326
P-n16-k8,ga,24,49,15,1,16.4,8.138795979750322,35,100,0.01,0.98,467.74060534157326,467.74060534157326,0.0,0.0,19,0.5,0.1,0,0,0,0,0.79,0.304,0.4188371558587941,0.0,467.74060534157326
P-n16-k8,ga,25,0,15,1,16.4,8.138795979750322,35,100,0.01,0.0,1000.0,1000.0,100.0,0.0,0,0.5,0.1,0,0,0,0,0.3,0.5,0.4,0.0,467.74060534157326
P-n16-k8,ga,25,1,15,1,16.4,8.138795979750322,35,100,0.01,0.02,467.74060534157326,467.74060534157326,100.0,0.0,0,0.5,0.1,0,0,0,0,0.31,0.496,0.41883715585879405,0.0,467.74060534157326
P-n16-k8,ga,25,2,15,1,16.4,8.138795979750322,35,100,0.01,0.04,467.74060534157326,467.74060534157326,100.0,0.0,0,0.5,0.1,0,0,0,0,0.32,0.492,0.4375999700692913,0.0,467.74060534157326
P-n16-k8,ga,25,3,15,1,16.4,8.138795979750322,35,100,0.01,0.06,467.74060534157326,467.74060534157326,100.0,0.0,0,0.5,0.1,0,0,0,0,0.32999999999999996,0.488,0.4562143943757174,0.0,467.74060534157326
P-n16-k8,ga,25,4,15,1,16.4,8.138795979750322,35,100,0.01,0.08,467.74060534157326,467.74060534157326,100.0,0.0,0,0.5,0.1,0,0,0,0,0.33999999999999997,0.484,0.47460696614945647,0.0,467.74060534157326
P-n16-k8,ga,25,5,15,1,16.4,8.138795979750322,35,100,0.01,0.1,467.74060534157326,467.74060534157326,100.0,0.0,0,0.5,0.1,0,0,0,0,0.35,0.48,0.4927050983124842,0.0,467.74060534157326
P-n16-k8,ga,25,6,15,1,16.4,8.138795979750322,35,100,0.01,0.12,467.74060534157326,467.74060534157326,100.0,0.0,0,0.5,0.1,0,0,0,0,0.36,0.476,0.5104373658054034,0.0,467.74060534157326
P-n16-k8,ga,25,7,15,1,16.4,8.138795979750322,35,100,0.01,0.14,467.74060534157326,467.7406053415733,100.0,0.0,0,0.5,0.1,0,0,0,0,0.37,0.472,0.5277337874695218,0.0,467.74060534157326
P-n16-k8,ga,25,8,15,1,16.4,8.138795979750322,35,100,0.01,0.16,467.74060534157326,467.74060534157326,100.0,0.0,0,0.5,0.1,0,0,0,0,0.38,0.46799999999999997,0.5445261022305146,0.0,467.74060534157326
P-n16-k8,ga,25,9,15,1,16.4,8.138795979750322,35,100,0.01,0.18,467.74060534157326,467.7406053415732,100.0,0.0,0,0.5,0.1,0,0,0,0,0.39,0.464,0.560748038493699,0.0,467.74060534157326
P-n16-k8,ga,25,10,15,1,16.4,8.138795979750322,35,100,0.01,0.2,467.74060534157326,467.74060534157326,100.0,0.0,0,0.5,0.1,0,0,0,0,0.4,0.45999999999999996,0.576335575687742,0.0,467.74060534157326
P-n16-k8,ga,25,11,15,1,16.4,8.138795979750322,35,100,0.01,0.22,467.74060534157326,467.74060534157326,0.0,0.0,10,0.5,0.1,0,0,0,0,0.41,0.456,0.5912271969246069,0.0,467.74060534157326
P-n16-k8,ga,25,12,15,1,16.4,8.138795979750322,35,100,0.01,0.24,467.74060534157326,467.74060534157326,0.0,0.0,11,0.5,0.1,0,0,0,0,0.42,0.452,0.6053641317786066,0.0,467.74060534157326
P-n16-k8,ga,25,13,15,1,16.4,8.138795979750322,35,100,0.01,0.26,467.74060534157326,467.74060534157326,0.0,0.0,12,0.5,0.1,0,0,0,0,0.43,0.448,0.6186905882264235,0.0,467.74060534157326
P-n16-k8,ga,25,14,15,1,16.4,8.138795979750322,35,100,0.01,0.28,467.74060534157326,467.74060534157326,0.0,0.0,13,0.5,0.1,0,0,0,0,0.44,0.444,0.6311539728327368,0.0,467.74060534157326
P-n16-k8,ga,25,15,15,1,16.4,8.138795979750322,35,100,0.01,0.3,467.74060534157326,467.74060534157326,0.0,0.0,14,0.5,0.1,0,0,0,0,0.44999999999999996,0.44,0.6427050983124842,0.0,467.74060534157326
P-n16-k8,ga,25,16,15,1,16.4,8.138795979750322,35,100,0.01,0.32,467.74060534157326,467.74060534157326,0.0,0.0,15,0.5,0.1,0,0,0,0,0.45999999999999996,0.436,0.6532983776506045,0.0,467.74060534157326
P-n16-k8,ga,25,17,15,1,16.4,8.138795979750322,35,100,0.01,0.34,467.74060534157326,467.74060534157326,0.0,0.0,16,0.5,0.1,0,0,0,0,0.47,0.432,0.6628920040131592,0.0,467.74060534157326
P-n16-k8,ga,25,18,15,1,16.4,8.138795979750322,35,100,0.01,0.36,467.74060534157326,467.74060534157326,0.0,0.0,17,0.5,0.1,0,0,0,0,0.48,0.428,0.6714481157398059,0.0,467.74060534157326
P-n16-k8,ga,25,19,15,1,16.4,8.138795979750322,35,100,0.01,0.38,467.74060534157326,467.74060534157326,0.0,0.0,18,0.5,0.1,0,0,0,0,0.49,0.424,0.6789329457664754,0.0,467.74060534157326
P-n16-k8,ga,25,20,15,1,16.4,8.138795979750322,35,100,0.01,0.4,467.74060534157326,467.74060534157326,0.0,0.0,19,0.5,0.1,0,0,0,0,0.5,0.42,0.685316954888546,0.0,467.74060534157326
P-n16-k8,ga,25,21,15,1,16.4,8.138795979750322,35,100,0.01,0.42,467.74060534157326,467.74060534157326,0.0,0.0,19,0.5,0.1,0,0,0,0,0.51,0.416,0.6905749483385893,0.0,467.74060534157326
P-n16-k8,ga,25,22,15,1,16.4,8.138795979750322,35,100,0.01,0.44,467.74060534157326,467.74060534157326,0.0,0.0,19,0.5,0.1,0,0,0,0,0.52,0.412,0.6946861752186066,0.0,467.74060534157326
P-n16-k8,ga,25,23,15,1,16.4,8.138795979750322,35,100,0.01,0.46,467.74060534157326,467.74060534157326,0.0,0.0,19,0.5,0.1,0,0,0,0,0.53,0.408,0.6976344103943434,0.0,467.74060534157326
P-n16-k8,ga,25,24,15,1,16.4,8.138795979750322,35,100,0.01,0.48,467.74060534157326,467.74060534157326,0.0,0.0,19,0.5,0.1,0,0,0,0,0.54,0.404,0.6994080185284814,0.0,467.74060534157326
P-n16-k8,ga,25,25,15,1,16.4,8.138795979750322,35,100,0.01,0.5,467.74060534157326,467.74060534157326,0.0,0.0,19,0.5,0.1,0,0,0,0,0.55,0.4,0.7,0.0,467.74060534157326
P-n16-k8,ga,25,26,15,1,16.4,8.138795979750322,35,100,0.01,0.52,467.74060534157326,467.74060534157326,0.0,0.0,19,0.5,0.1,0,0,0,0,0.56,0.396,0.6994080185284814,0.0,467.74060534157326
P-n16-k8,ga,25,27,15,1,16.4,8.138795979750322,35,100,0.01,0.54,467.74060534157326,467.74060534157326,0.0,0.0,19,0.5,0.1,0,0,0,0,0.5700000000000001,0.392,0.6976344103943433,0.0,467.74060534157326
P-n16-k8,ga,25,28,15,1,16.4,8.138795979750322,35,100,0.01,0.56,467.74060534157326,467.74060534157326,0.0,0.0,19,0.5,0.1,0,0,0,0,0.5800000000000001,0.388,0.6946861752186066,0.0,467.74060534157326
P-n16-k8,ga,25,29,15,1,16.4,8.138795979750322,35,100,0.01,0.58,467.74060534157326,467.74060534157326,0.0,0.0,19,0.5,0.1,0,0,0,0,0.59,0.384,0.6905749483385893,0.0,467.74060534157326
P-n16-k8,ga,25,30,15,1,16.4,8.138795979750322,35,100,0.01,0.6,467.74060534157326,467.74060534157326,0.0,0.0,19,0.5,0.1,0,0,0,0,0.6,0.38,0.685316954888546,0.0,467.74060534157326
P-n16-k8,ga,25,31,15,1,16.4,8.138795979750322,35,100,0.01,0.62,467.74060534157326,467.74060534157326,0.0,0.0,19,0.5,0.1,0,0,0,0,0.61,0.376,0.6789329457664754,0.0,467.74060534157326
P-n16-k8,ga,25,32,15,1,16.4,8.138795979750322,35,100,0.01,0.64,467.74060534157326,467.74060534157326,0.0,0.0,19,0.5,0.1,0,0,0,0,0.62,0.372,0.6714481157398058,0.0,467.74060534157326
P-n16-k8,ga,25,33,15,1,16.4,8.138795979750322,35,100,0.01,0.66,467.74060534157326,467.74060534157326,0.0,0.0,19,0.5,0.1,0,0,0,0,0.63,0.368,0.6628920040131591,0.0,467.74060534157326
P-n16-k8,ga,25,34,15,1,16.4,8.138795979750322,35,100,0.01,0.68,467.74060534157326,467.74060534157326,0.0,0.0,19,0.5,0.1,0,0,0,0,0.64,0.364,0.6532983776506045,0.0,467.74060534157326
P-n16-k8,ga,25,35,15,1,16.4,8.138795979750322,35,100,0.01,0.7,467.74060534157326,467.74060534157326,0.0,0.0,19,0.5,0.1,0,0,0,0,0.6499999999999999,0.36,0.6427050983124842,0.0,467.74060534157326
P-n16-k8,ga,25,36,15,1,16.4,8.138795979750322,35,100,0.01,0.72,467.74060534157326,467.74060534157326,0.0,0.0,19,0.5,0.1,0,0,0,0,0.6599999999999999,0.356,0.6311539728327368,0.0,467.74060534157326
P-n16-k8,ga,25,37,15,1,16.4,8.138795979750322,35,100,0.01,0.74,467.74060534157326,467.74060534157326,0.0,0.0,19,0.5,0.1,0,0,0,0,0.6699999999999999,0.352,0.6186905882264234,0.0,467.74060534157326
P-n16-k8,ga,25,38,15,1,16.4,8.138795979750322,35,100,0.01,0.76,467.74060534157326,467.74060534157326,0.0,0.0,19,0.5,0.1,0,0,0,0,0.6799999999999999,0.348,0.6053641317786067,0.0,467.74060534157326
P-n16-k8,ga,25,39,15,1,16.4,8.138795979750322,35,100,0.01,0.78,467.74060534157326,467.74060534157326,0.0,0.0,19,0.5,0.1,0,0,0,0,0.69,0.344,0.591227196924607,0.0,467.74060534157326
P-n16-k8,ga,25,40,15,1,16.4,8.138795979750322,35,100,0.01,0.8,467.74060534157326,467.74060534157326,0.0,0.0,19,0.5,0.1,0,0,0,0,0.7,0.33999999999999997,0.576335575687742,0.0,467.74060534157326
P-n16-k8,ga,25,41,15,1,16.4,8.138795979750322,35,100,0.01,0.82,467.74060534157326,467.74060534157326,0.0,0.0,19,0.5,0.1,0,0,0,0,0.71,0.33599999999999997,0.5607480384936991,0.0,467.74060534157326
P-n16-k8,ga,25,42,15,1,16.4,8.138795979750322,35,100,0.01,0.84,467.74060534157326,467.74060534157326,0.0,0.0,19,0.5,0.1,0,0,0,0,0.72,0.33199999999999996,0.5445261022305147,0.0,467.74060534157326
P-n16-k8,ga,25,43,15,1,16.4,8.138795979750322,35,100,0.01,0.86,467.74060534157326,467.74060534157326,0.0,0.0,19,0.5,0.1,0,0,0,0,0.73,0.32799999999999996,0.5277337874695218,0.0,467.74060534157326
P-n16-k8,ga,25,44,15,1,16.4,8.138795979750322,35,100,0.01,0.88,467.74060534157326,467.74060534157326,0.0,0.0,19,0.5,0.1,0,0,0,0,0.74,0.32399999999999995,0.5104373658054034,0.0,467.74060534157326
P-n16-k8,ga,25,45,15,1,16.4,8.138795979750322,35,100,0.01,0.9,467.74060534157326,467.74060534157326,0.0,0.0,19,0.5,0.1,0,0,0,0,0.75,0.31999999999999995,0.49270509831248427,0.0,467.74060534157326
P-n16-k8,ga,25,46,15,1,16.4,8.138795979750322,35,100,0.01,0.92,467.74060534157326,467.74060534157326,0.0,0.0,19,0.5,0.1,0,0,0,0,0.76,0.31599999999999995,0.47460696614945647,0.0,467.74060534157326
P-n16-k8,ga,25,47,15,1,16.4,8.138795979750322,35,100,0.01,0.94,467.74060534157326,467.74060534157326,0.0,0.0,19,0.5,0.1,0,0,0,0,0.77,0.312,0.45621439437571754,0.0,467.74060534157326
P-n16-k8,ga,25,48,15,1,16.4,8.138795979750322,35,100,0.01,0.96,467.74060534157326,467.74060534157326,0.0,0.0,19,0.5,0.1,0,0,0,0,0.78,0.308,0.4375999700692914,0.0,467.74060534157326
P-n16-k8,ga,25,49,15,1,16.4,8.138795979750322,35,100,0.01,0.98,467.74060534157326,467.74060534157326,0.0,0.0,19,0.5,0.1,0,0,0,0,0.79,0.304,0.4188371558587941,0.0,467.74060534157326
P-n16-k8,ga,26,0,15,1,16.4,8.138795979750322,35,100,0.01,0.0,1000.0,1000.0,100.0,0.0,0,0.5,0.1,0,0,0,0,0.3,0.5,0.4,0.0,467.74060534157326
P-n16-k8,ga,26,1,15,1,16.4,8.138795979750322,35,100,0.01,0.02,467.74060534157326,467.74060534157326,100.0,0.0,0,0.5,0.1,0,0,0,0,0.31,0.496,0.41883715585879405,0.0,467.74060534157326
P-n16-k8,ga,26,2,15,1,16.4,8.138795979750322,35,100,0.01,0.04,467.74060534157326,467.74060534157326,100.0,0.0,0,0.5,0.1,0,0,0,0,0.32,0.492,0.4375999700692913,0.0,467.74060534157326
P-n16-k8,ga,26,3,15,1,16.4,8.138795979750322,35,100,0.01,0.06,467.74060534157326,467.74060534157326,100.0,0.0,0,0.5,0.1,0,0,0,0,0.32999999999999996,0.488,0.4562143943757174,0.0,467.74060534157326
P-n16-k8,ga,26,4,15,1,16.4,8.138795979750322,35,100,0.01,0.08,467.74060534157326,467.74060534157326,100.0,0.0,0,0.5,0.1,0,0,0,0,0.33999999999999997,0.484,0.47460696614945647,0.0,467.74060534157326
P-n16-k8,ga,26,5,15,1,16.4,8.138795979750322,35,100,0.01,0.1,467.74060534157326,467.74060534157326,100.0,0.0,0,0.5,0.1,0,0,0,0,0.35,0.48,0.4927050983124842,0.0,467.74060534157326
P-n16-k8,ga,26,6,15,1,16.4,8.138795979750322,35,100,0.01,0.12,467.74060534157326,467.74060534157326,100.0,0.0,0,0.5,0.1,0,0,0,0,0.36,0.476,0.5104373658054034,0.0,467.74060534157326
P-n16-k8,ga,26,7,15,1,16.4,8.138795979750322,35,100,0.01,0.14,467.74060534157326,467.7406053415733,100.0,0.0,0,0.5,0.1,0,0,0,0,0.37,0.472,0.5277337874695218,0.0,467.74060534157326
P-n16-k8,ga,26,8,15,1,16.4,8.138795979750322,35,100,0.01,0.16,467.74060534157326,467.74060534157326,100.0,0.0,0,0.5,0.1,0,0,0,0,0.38,0.46799999999999997,0.5445261022305146,0.0,467.74060534157326
P-n16-k8,ga,26,9,15,1,16.4,8.138795979750322,35,100,0.01,0.18,467.74060534157326,467.7406053415732,100.0,0.0,0,0.5,0.1,0,0,0,0,0.39,0.464,0.560748038493699,0.0,467.74060534157326
P-n16-k8,ga,26,10,15,1,16.4,8.138795979750322,35,100,0.01,0.2,467.74060534157326,467.74060534157326,100.0,0.0,0,0.5,0.1,0,0,0,0,0.4,0.45999999999999996,0.576335575687742,0.0,467.74060534157326
P-n16-k8,ga,26,11,15,1,16.4,8.138795979750322,35,100,0.01,0.22,467.74060534157326,467.74060534157326,0.0,0.0,10,0.5,0.1,0,0,0,0,0.41,0.456,0.5912271969246069,0.0,467.74060534157326
P-n16-k8,ga,26,12,15,1,16.4,8.138795979750322,35,100,0.01,0.24,467.74060534157326,467.74060534157326,0.0,0.0,11,0.5,0.1,0,0,0,0,0.42,0.452,0.6053641317786066,0.0,467.74060534157326
P-n16-k8,ga,26,13,15,1,16.4,8.138795979750322,35,100,0.01,0.26,467.74060534157326,467.74060534157326,0.0,0.0,12,0.5,0.1,0,0,0,0,0.43,0.448,0.6186905882264235,0.0,467.74060534157326
P-n16-k8,ga,26,14,15,1,16.4,8.138795979750322,35,100,0.01,0.28,467.74060534157326,467.74060534157326,0.0,0.0,13,0.5,0.1,0,0,0,0,0.44,0.444,0.6311539728327368,0.0,467.74060534157326
P-n16-k8,ga,26,15,15,1,16.4,8.138795979750322,35,100,0.01,0.3,467.74060534157326,467.74060534157326,0.0,0.0,14,0.5,0.1,0,0,0,0,0.44999999999999996,0.44,0.6427050983124842,0.0,467.74060534157326
P-n16-k8,ga,26,16,15,1,16.4,8.138795979750322,35,100,0.01,0.32,467.74060534157326,467.74060534157326,0.0,0.0,15,0.5,0.1,0,0,0,0,0.45999999999999996,0.436,0.6532983776506045,0.0,467.74060534157326
P-n16-k8,ga,26,17,15,1,16.4,8.138795979750322,35,100,0.01,0.34,467.74060534157326,467.74060534157326,0.0,0.0,16,0.5,0.1,0,0,0,0,0.47,0.432,0.6628920040131592,0.0,467.74060534157326
P-n16-k8,ga,26,18,15,1,16.4,8.138795979750322,35,100,0.01,0.36,467.74060534157326,467.74060534157326,0.0,0.0,17,0.5,0.1,0,0,0,0,0.48,0.428,0.6714481157398059,0.0,467.74060534157326
P-n16-k8,ga,26,19,15,1,16.4,8.138795979750322,35,100,0.01,0.38,467.74060534157326,467.74060534157326,0.0,0.0,18,0.5,0.1,0,0,0,0,0.49,0.424,0.6789329457664754,0.0,467.74060534157326
P-n16-k8,ga,26,20,15,1,16.4,8.138795979750322,35,100,0.01,0.4,467.74060534157326,467.74060534157326,0.0,0.0,19,0.5,0.1,0,0,0,0,0.5,0.42,0.685316954888546,0.0,467.74060534157326
P-n16-k8,ga,26,21,15,1,16.4,8.138795979750322,35,100,0.01,0.42,467.74060534157326,467.74060534157326,0.0,0.0,19,0.5,0.1,0,0,0,0,0.51,0.416,0.6905749483385893,0.0,467.74060534157326
P-n16-k8,ga,26,22,15,1,16.4,8.138795979750322,35,100,0.01,0.44,467.74060534157326,467.74060534157326,0.0,0.0,19,0.5,0.1,0,0,0,0,0.52,0.412,0.6946861752186066,0.0,467.74060534157326
P-n16-k8,ga,26,23,15,1,16.4,8.138795979750322,35,100,0.01,0.46,467.74060534157326,467.74060534157326,0.0,0.0,19,0.5,0.1,0,0,0,0,0.53,0.408,0.6976344103943434,0.0,467.74060534157326
P-n16-k8,ga,26,24,15,1,16.4,8.138795979750322,35,100,0.01,0.48,467.74060534157326,467.74060534157326,0.0,0.0,19,0.5,0.1,0,0,0,0,0.54,0.404,0.6994080185284814,0.0,467.74060534157326
P-n16-k8,ga,26,25,15,1,16.4,8.138795979750322,35,100,0.01,0.5,467.74060534157326,467.74060534157326,0.0,0.0,19,0.5,0.1,0,0,0,0,0.55,0.4,0.7,0.0,467.74060534157326
P-n16-k8,ga,26,26,15,1,16.4,8.138795979750322,35,100,0.01,0.52,467.74060534157326,467.74060534157326,0.0,0.0,19,0.5,0.1,0,0,0,0,0.56,0.396,0.6994080185284814,0.0,467.74060534157326
P-n16-k8,ga,26,27,15,1,16.4,8.138795979750322,35,100,0.01,0.54,467.74060534157326,467.74060534157326,0.0,0.0,19,0.5,0.1,0,0,0,0,0.5700000000000001,0.392,0.6976344103943433,0.0,467.74060534157326
P-n16-k8,ga,26,28,15,1,16.4,8.138795979750322,35,100,0.01,0.56,467.74060534157326,467.74060534157326,0.0,0.0,19,0.5,0.1,0,0,0,0,0.5800000000000001,0.388,0.6946861752186066,0.0,467.74060534157326
P-n16-k8,ga,26,29,15,1,16.4,8.138795979750322,35,100,0.01,0.58,467.74060534157326,467.74060534157326,0.0,0.0,19,0.5,0.1,0,0,0,0,0.59,0.384,0.6905749483385893,0.0,467.74060534157326
P-n16-k8,ga,26,30,15,1,16.4,8.138795979750322,35,100,0.01,0.6,467.74060534157326,467.74060534157326,0.0,0.0,19,0.5,0.1,0,0,0,0,0.6,0.38,0.685316954888546,0.0,467.74060534157326
P-n16-k8,ga,26,31,15,1,16.4,8.138795979750322,35,100,0.01,0.62,467.74060534157326,467.74060534157326,0.0,0.0,19,0.5,0.1,0,0,0,0,0.61,0.376,0.6789329457664754,0.0,467.74060534157326
P-n16-k8,ga,26,32,15,1,16.4,8.138795979750322,35,100,0.01,0.64,467.74060534157326,467.74060534157326,0.0,0.0,19,0.5,0.1,0,0,0,0,0.62,0.372,0.6714481157398058,0.0,467.74060534157326
P-n16-k8,ga,26,33,15,1,16.4,8.138795979750322,35,100,0.01,0.66,467.74060534157326,467.74060534157326,0.0,0.0,19,0.5,0.1,0,0,0,0,0.63,0.368,0.6628920040131591,0.0,467.74060534157326
P-n16-k8,ga,26,34,15,1,16.4,8.138795979750322,35,100,0.01,0.68,467.74060534157326,467.74060534157326,0.0,0.0,19,0.5,0.1,0,0,0,0,0.64,0.364,0.6532983776506045,0.0,467.74060534157326
P-n16-k8,ga,26,35,15,1,16.4,8.138795979750322,35,100,0.01,0.7,467.74060534157326,467.74060534157326,0.0,0.0,19,0.5,0.1,0,0,0,0,0.6499999999999999,0.36,0.6427050983124842,0.0,467.74060534157326
P-n16-k8,ga,26,36,15,1,16.4,8.138795979750322,35,100,0.01,0.72,467.74060534157326,467.74060534157326,0.0,0.0,19,0.5,0.1,0,0,0,0,0.6599999999999999,0.356,0.6311539728327368,0.0,467.74060534157326
P-n16-k8,ga,26,37,15,1,16.4,8.138795979750322,35,100,0.01,0.74,467.74060534157326,467.74060534157326,0.0,0.0,19,0.5,0.1,0,0,0,0,0.6699999999999999,0.352,0.6186905882264234,0.0,467.74060534157326
P-n16-k8,ga,26,38,15,1,16.4,8.138795979750322,35,100,0.01,0.76,467.74060534157326,467.74060534157326,0.0,0.0,19,0.5,0.1,0,0,0,0,0.6799999999999999,0.348,0.6053641317786067,0.0,467.74060534157326
P-n16-k8,ga,26,39,15,1,16.4,8.138795979750322,35,100,0.01,0.78,467.74060534157326,467.74060534157326,0.0,0.0,19,0.5,0.1,0,0,0,0,0.69,0.344,0.591227196924607,0.0,467.74060534157326
P-n16-k8,ga,26,40,15,1,16.4,8.138795979750322,35,100,0.01,0.8,467.74060534157326,467.74060534157326,0.0,0.0,19,0.5,0.1,0,0,0,0,0.7,0.33999999999999997,0.576335575687742,0.0,467.74060534157326
P-n16-k8,ga,26,41,15,1,16.4,8.138795979750322,35,100,0.01,0.82,467.74060534157326,467.74060534157326,0.0,0.0,19,0.5,0.1,0,0,0,0,0.71,0.33599999999999997,0.5607480384936991,0.0,467.74060534157326
P-n16-k8,ga,26,42,15,1,16.4,8.138795979750322,35,100,0.01,0.84,467.74060534157326,467.74060534157326,0.0,0.0,19,0.5,0.1,0,0,0,0,0.72,0.33199999999999996,0.5445261022305147,0.0,467.74060534157326
P-n16-k8,ga,26,43,15,1,16.4,8.138795979750322,35,100,0.01,0.86,467.74060534157326,467.74060534157326,0.0,0.0,19,0.5,0.1,0,0,0,0,0.73,0.32799999999999996,0.5277337874695218,0.0,467.74060534157326
P-n16-k8,ga,26,44,15,1,16.4,8.138795979750322,35,100,0.01,0.88,467.74060534157326,467.74060534157326,0.0,0.0,19,0.5,0.1,0,0,0,0,0.74,0.32399999999999995,0.5104373658054034,0.0,467.74060534157326
P-n16-k8,ga,26,45,15,1,16.4,8.138795979750322,35,100,0.01,0.9,467.74060534157326,467.74060534157326,0.0,0.0,19,0.5,0.1,0,0,0,0,0.75,0.31999999999999995,0.49270509831248427,0.0,467.74060534157326
P-n16-k8,ga,26,46,15,1,16.4,8.138795979750322,35,100,0.01,0.92,467.74060534157326,467.74060534157326,0.0,0.0,19,0.5,0.1,0,0,0,0,0.76,0.31599999999999995,0.47460696614945647,0.0,467.74060534157326
P-n16-k8,ga,26,47,15,1,16.4,8.138795979750322,35,100,0.01,0.94,467.74060534157326,467.74060534157326,0.0,0.0,19,0.5,0.1,0,0,0,0,0.77,0.312,0.45621439437571754,0.0,467.74060534157326
P-n16-k8,ga,26,48,15,1,16.4,8.138795979750322,35,100,0.01,0.96,467.74060534157326,467.74060534157326,0.0,0.0,19,0.5,0.1,0,0,0,0,0.78,0.308,0.4375999700692914,0.0,467.74060534157326
P-n16-k8,ga,26,49,15,1,16.4,8.138795979750322,35,100,0.01,0.98,467.74060534157326,467.74060534157326,0.0,0.0,19,0.5,0.1,0,0,0,0,0.79,0.304,0.4188371558587941,0.0,467.74060534157326
P-n16-k8,ga,27,0,15,1,16.4,8.138795979750322,35,100,0.01,0.0,1000.0,1000.0,100.0,0.0,0,0.5,0.1,0,0,0,0,0.3,0.5,0.4,0.0,467.74060534157326
P-n16-k8,ga,27,1,15,1,16.4,8.138795979750322,35,100,0.01,0.02,467.74060534157326,467.74060534157326,100.0,0.0,0,0.5,0.1,0,0,0,0,0.31,0.496,0.41883715585879405,0.0,467.74060534157326
P-n16-k8,ga,27,2,15,1,16.4,8.138795979750322,35,100,0.01,0.04,467.74060534157326,467.74060534157326,100.0,0.0,0,0.5,0.1,0,0,0,0,0.32,0.492,0.4375999700692913,0.0,467.74060534157326
P-n16-k8,ga,27,3,15,1,16.4,8.138795979750322,35,100,0.01,0.06,467.74060534157326,467.74060534157326,100.0,0.0,0,0.5,0.1,0,0,0,0,0.32999999999999996,0.488,0.4562143943757174,0.0,467.74060534157326
P-n16-k8,ga,27,4,15,1,16.4,8.138795979750322,35,100,0.01,0.08,467.74060534157326,467.74060534157326,100.0,0.0,0,0.5,0.1,0,0,0,0,0.33999999999999997,0.484,0.47460696614945647,0.0,467.74060534157326
P-n16-k8,ga,27,5,15,1,16.4,8.138795979750322,35,100,0.01,0.1,467.74060534157326,467.74060534157326,100.0,0.0,0,0.5,0.1,0,0,0,0,0.35,0.48,0.4927050983124842,0.0,467.74060534157326
P-n16-k8,ga,27,6,15,1,16.4,8.138795979750322,35,100,0.01,0.12,467.74060534157326,467.74060534157326,100.0,0.0,0,0.5,0.1,0,0,0,0,0.36,0.476,0.5104373658054034,0.0,467.74060534157326
P-n16-k8,ga,27,7,15,1,16.4,8.138795979750322,35,100,0.01,0.14,467.74060534157326,467.7406053415733,100.0,0.0,0,0.5,0.1,0,0,0,0,0.37,0.472,0.5277337874695218,0.0,467.74060534157326
P-n16-k8,ga,27,8,15,1,16.4,8.138795979750322,35,100,0.01,0.16,467.74060534157326,467.74060534157326,100.0,0.0,0,0.5,0.1,0,0,0,0,0.38,0.46799999999999997,0.5445261022305146,0.0,467.74060534157326
P-n16-k8,ga,27,9,15,1,16.4,8.138795979750322,35,100,0.01,0.18,467.74060534157326,467.7406053415732,100.0,0.0,0,0.5,0.1,0,0,0,0,0.39,0.464,0.560748038493699,0.0,467.74060534157326
P-n16-k8,ga,27,10,15,1,16.4,8.138795979750322,35,100,0.01,0.2,467.74060534157326,467.74060534157326,100.0,0.0,0,0.5,0.1,0,0,0,0,0.4,0.45999999999999996,0.576335575687742,0.0,467.74060534157326
P-n16-k8,ga,27,11,15,1,16.4,8.138795979750322,35,100,0.01,0.22,467.74060534157326,467.74060534157326,0.0,0.0,10,0.5,0.1,0,0,0,0,0.41,0.456,0.5912271969246069,0.0,467.74060534157326
P-n16-k8,ga,27,12,15,1,16.4,8.138795979750322,35,100,0.01,0.24,467.74060534157326,467.74060534157326,0.0,0.0,11,0.5,0.1,0,0,0,0,0.42,0.452,0.6053641317786066,0.0,467.74060534157326
P-n16-k8,ga,27,13,15,1,16.4,8.138795979750322,35,100,0.01,0.26,467.74060534157326,467.74060534157326,0.0,0.0,12,0.5,0.1,0,0,0,0,0.43,0.448,0.6186905882264235,0.0,467.74060534157326
P-n16-k8,ga,27,14,15,1,16.4,8.138795979750322,35,100,0.01,0.28,467.74060534157326,467.74060534157326,0.0,0.0,13,0.5,0.1,0,0,0,0,0.44,0.444,0.6311539728327368,0.0,467.74060534157326
P-n16-k8,ga,27,15,15,1,16.4,8.138795979750322,35,100,0.01,0.3,467.74060534157326,467.74060534157326,0.0,0.0,14,0.5,0.1,0,0,0,0,0.44999999999999996,0.44,0.6427050983124842,0.0,467.74060534157326
P-n16-k8,ga,27,16,15,1,16.4,8.138795979750322,35,100,0.01,0.32,467.74060534157326,467.74060534157326,0.0,0.0,15,0.5,0.1,0,0,0,0,0.45999999999999996,0.436,0.6532983776506045,0.0,467.74060534157326
P-n16-k8,ga,27,17,15,1,16.4,8.138795979750322,35,100,0.01,0.34,467.74060534157326,467.74060534157326,0.0,0.0,16,0.5,0.1,0,0,0,0,0.47,0.432,0.6628920040131592,0.0,467.74060534157326
P-n16-k8,ga,27,18,15,1,16.4,8.138795979750322,35,100,0.01,0.36,467.74060534157326,467.74060534157326,0.0,0.0,17,0.5,0.1,0,0,0,0,0.48,0.428,0.6714481157398059,0.0,467.74060534157326
P-n16-k8,ga,27,19,15,1,16.4,8.138795979750322,35,100,0.01,0.38,467.74060534157326,467.74060534157326,0.0,0.0,18,0.5,0.1,0,0,0,0,0.49,0.424,0.6789329457664754,0.0,467.74060534157326
P-n16-k8,ga,27,20,15,1,16.4,8.138795979750322,35,100,0.01,0.4,467.74060534157326,467.74060534157326,0.0,0.0,19,0.5,0.1,0,0,0,0,0.5,0.42,0.685316954888546,0.0,467.74060534157326
P-n16-k8,ga,27,21,15,1,16.4,8.138795979750322,35,100,0.01,0.42,467.74060534157326,467.74060534157326,0.0,0.0,19,0.5,0.1,0,0,0,0,0.51,0.416,0.6905749483385893,0.0,467.74060534157326
P-n16-k8,ga,27,22,15,1,16.4,8.138795979750322,35,100,0.01,0.44,467.74060534157326,467.74060534157326,0.0,0.0,19,0.5,0.1,0,0,0,0,0.52,0.412,0.6946861752186066,0.0,467.74060534157326
P-n16-k8,ga,27,23,15,1,16.4,8.138795979750322,35,100,0.01,0.46,467.74060534157326,467.74060534157326,0.0,0.0,19,0.5,0.1,0,0,0,0,0.53,0.408,0.6976344103943434,0.0,467.74060534157326
P-n16-k8,ga,27,24,15,1,16.4,8.138795979750322,35,100,0.01,0.48,467.74060534157326,467.74060534157326,0.0,0.0,19,0.5,0.1,0,0,0,0,0.54,0.404,0.6994080185284814,0.0,467.74060534157326
P-n16-k8,ga,27,25,15,1,16.4,8.138795979750322,35,100,0.01,0.5,467.74060534157326,467.74060534157326,0.0,0.0,19,0.5,0.1,0,0,0,0,0.55,0.4,0.7,0.0,467.74060534157326
P-n16-k8,ga,27,26,15,1,16.4,8.138795979750322,35,100,0.01,0.52,467.74060534157326,467.74060534157326,0.0,0.0,19,0.5,0.1,0,0,0,0,0.56,0.396,0.6994080185284814,0.0,467.74060534157326
P-n16-k8,ga,27,27,15,1,16.4,8.138795979750322,35,100,0.01,0.54,467.74060534157326,467.74060534157326,0.0,0.0,19,0.5,0.1,0,0,0,0,0.5700000000000001,0.392,0.6976344103943433,0.0,467.74060534157326
P-n16-k8,ga,27,28,15,1,16.4,8.138795979750322,35,100,0.01,0.56,467.74060534157326,467.74060534157326,0.0,0.0,19,0.5,0.1,0,0,0,0,0.5800000000000001,0.388,0.6946861752186066,0.0,467.74060534157326
P-n16-k8,ga,27,29,15,1,16.4,8.138795979750322,35,100,0.01,0.58,467.74060534157326,467.74060534157326,0.0,0.0,19,0.5,0.1,0,0,0,0,0.59,0.384,0.6905749483385893,0.0,467.74060534157326
P-n16-k8,ga,27,30,15,1,16.4,8.138795979750322,35,100,0.01,0.6,467.74060534157326,467.74060534157326,0.0,0.0,19,0.5,0.1,0,0,0,0,0.6,0.38,0.685316954888546,0.0,467.74060534157326
P-n16-k8,ga,27,31,15,1,16.4,8.138795979750322,35,100,0.01,0.62,467.74060534157326,467.74060534157326,0.0,0.0,19,0.5,0.1,0,0,0,0,0.61,0.376,0.6789329457664754,0.0,467.74060534157326
P-n16-k8,ga,27,32,15,1,16.4,8.138795979750322,35,100,0.01,0.64,467.74060534157326,467.74060534157326,0.0,0.0,19,0.5,0.1,0,0,0,0,0.62,0.372,0.6714481157398058,0.0,467.74060534157326
P-n16-k8,ga,27,33,15,1,16.4,8.138795979750322,35,100,0.01,0.66,467.74060534157326,467.74060534157326,0.0,0.0,19,0.5,0.1,0,0,0,0,0.63,0.368,0.6628920040131591,0.0,467.74060534157326
P-n16-k8,ga,27,34,15,1,16.4,8.138795979750322,35,100,0.01,0.68,467.74060534157326,467.74060534157326,0.0,0.0,19,0.5,0.1,0,0,0,0,0.64,0.364,0.6532983776506045,0.0,467.74060534157326
P-n16-k8,ga,27,35,15,1,16.4,8.138795979750322,35,100,0.01,0.7,467.74060534157326,467.74060534157326,0.0,0.0,19,0.5,0.1,0,0,0,0,0.6499999999999999,0.36,0.6427050983124842,0.0,467.74060534157326
P-n16-k8,ga,27,36,15,1,16.4,8.138795979750322,35,100,0.01,0.72,467.74060534157326,467.74060534157326,0.0,0.0,19,0.5,0.1,0,0,0,0,0.6599999999999999,0.356,0.6311539728327368,0.0,467.74060534157326
P-n16-k8,ga,27,37,15,1,16.4,8.138795979750322,35,100,0.01,0.74,467.74060534157326,467.74060534157326,0.0,0.0,19,0.5,0.1,0,0,0,0,0.6699999999999999,0.352,0.6186905882264234,0.0,467.74060534157326
P-n16-k8,ga,27,38,15,1,16.4,8.138795979750322,35,100,0.01,0.76,467.74060534157326,467.74060534157326,0.0,0.0,19,0.5,0.1,0,0,0,0,0.6799999999999999,0.348,0.6053641317786067,0.0,467.74060534157326
P-n16-k8,ga,27,39,15,1,16.4,8.138795979750322,35,100,0.01,0.78,467.74060534157326,467.74060534157326,0.0,0.0,19,0.5,0.1,0,0,0,0,0.69,0.344,0.591227196924607,0.0,467.74060534157326
P-n16-k8,ga,27,40,15,1,16.4,8.138795979750322,35,100,0.01,0.8,467.74060534157326,467.74060534157326,0.0,0.0,19,0.5,0.1,0,0,0,0,0.7,0.33999999999999997,0.576335575687742,0.0,467.74060534157326
P-n16-k8,ga,27,41,15,1,16.4,8.138795979750322,35,100,0.01,0.82,467.74060534157326,467.74060534157326,0.0,0.0,19,0.5,0.1,0,0,0,0,0.71,0.33599999999999997,0.5607480384936991,0.0,467.74060534157326
P-n16-k8,ga,27,42,15,1,16.4,8.138795979750322,35,100,0.01,0.84,467.74060534157326,467.74060534157326,0.0,0.0,19,0.5,0.1,0,0,0,0,0.72,0.33199999999999996,0.5445261022305147,0.0,467.74060534157326
P-n16-k8,ga,27,43,15,1,16.4,8.138795979750322,35,100,0.01,0.86,467.74060534157326,467.74060534157326,0.0,0.0,19,0.5,0.1,0,0,0,0,0.73,0.32799999999999996,0.5277337874695218,0.0,467.74060534157326
P-n16-k8,ga,27,44,15,1,16.4,8.138795979750322,35,100,0.01,0.88,467.74060534157326,467.74060534157326,0.0,0.0,19,0.5,0.1,0,0,0,0,0.74,0.32399999999999995,0.5104373658054034,0.0,467.74060534157326
P-n16-k8,ga,27,45,15,1,16.4,8.138795979750322,35,100,0.01,0.9,467.74060534157326,467.74060534157326,0.0,0.0,19,0.5,0.1,0,0,0,0,0.75,0.31999999999999995,0.49270509831248427,0.0,467.74060534157326
P-n16-k8,ga,27,46,15,1,16.4,8.138795979750322,35,100,0.01,0.92,467.74060534157326,467.74060534157326,0.0,0.0,19,0.5,0.1,0,0,0,0,0.76,0.31599999999999995,0.47460696614945647,0.0,467.74060534157326
P-n16-k8,ga,27,47,15,1,16.4,8.138795979750322,35,100,0.01,0.94,467.74060534157326,467.74060534157326,0.0,0.0,19,0.5,0.1,0,0,0,0,0.77,0.312,0.45621439437571754,0.0,467.74060534157326
P-n16-k8,ga,27,48,15,1,16.4,8.138795979750322,35,100,0.01,0.96,467.74060534157326,467.74060534157326,0.0,0.0,19,0.5,0.1,0,0,0,0,0.78,0.308,0.4375999700692914,0.0,467.74060534157326
P-n16-k8,ga,27,49,15,1,16.4,8.138795979750322,35,100,0.01,0.98,467.74060534157326,467.74060534157326,0.0,0.0,19,0.5,0.1,0,0,0,0,0.79,0.304,0.4188371558587941,0.0,467.74060534157326
P-n16-k8,ga,28,0,15,1,16.4,8.138795979750322,35,100,0.01,0.0,1000.0,1000.0,100.0,0.0,0,0.5,0.1,0,0,0,0,0.3,0.5,0.4,0.0,467.74060534157326
P-n16-k8,ga,28,1,15,1,16.4,8.138795979750322,35,100,0.01,0.02,467.74060534157326,467.74060534157326,100.0,0.0,0,0.5,0.1,0,0,0,0,0.31,0.496,0.41883715585879405,0.0,467.74060534157326
P-n16-k8,ga,28,2,15,1,16.4,8.138795979750322,35,100,0.01,0.04,467.74060534157326,467.74060534157326,100.0,0.0,0,0.5,0.1,0,0,0,0,0.32,0.492,0.4375999700692913,0.0,467.74060534157326
P-n16-k8,ga,28,3,15,1,16.4,8.138795979750322,35,100,0.01,0.06,467.74060534157326,467.74060534157326,100.0,0.0,0,0.5,0.1,0,0,0,0,0.32999999999999996,0.488,0.4562143943757174,0.0,467.74060534157326
P-n16-k8,ga,28,4,15,1,16.4,8.138795979750322,35,100,0.01,0.08,467.74060534157326,467.74060534157326,100.0,0.0,0,0.5,0.1,0,0,0,0,0.33999999999999997,0.484,0.47460696614945647,0.0,467.74060534157326
P-n16-k8,ga,28,5,15,1,16.4,8.138795979750322,35,100,0.01,0.1,467.74060534157326,467.74060534157326,100.0,0.0,0,0.5,0.1,0,0,0,0,0.35,0.48,0.4927050983124842,0.0,467.74060534157326
P-n16-k8,ga,28,6,15,1,16.4,8.138795979750322,35,100,0.01,0.12,467.74060534157326,467.74060534157326,100.0,0.0,0,0.5,0.1,0,0,0,0,0.36,0.476,0.5104373658054034,0.0,467.74060534157326
P-n16-k8,ga,28,7,15,1,16.4,8.138795979750322,35,100,0.01,0.14,467.74060534157326,467.7406053415733,100.0,0.0,0,0.5,0.1,0,0,0,0,0.37,0.472,0.5277337874695218,0.0,467.74060534157326
P-n16-k8,ga,28,8,15,1,16.4,8.138795979750322,35,100,0.01,0.16,467.74060534157326,467.74060534157326,100.0,0.0,0,0.5,0.1,0,0,0,0,0.38,0.46799999999999997,0.5445261022305146,0.0,467.74060534157326
P-n16-k8,ga,28,9,15,1,16.4,8.138795979750322,35,100,0.01,0.18,467.74060534157326,467.7406053415732,100.0,0.0,0,0.5,0.1,0,0,0,0,0.39,0.464,0.560748038493699,0.0,467.74060534157326
P-n16-k8,ga,28,10,15,1,16.4,8.138795979750322,35,100,0.01,0.2,467.74060534157326,467.74060534157326,100.0,0.0,0,0.5,0.1,0,0,0,0,0.4,0.45999999999999996,0.576335575687742,0.0,467.74060534157326
P-n16-k8,ga,28,11,15,1,16.4,8.138795979750322,35,100,0.01,0.22,467.74060534157326,467.74060534157326,0.0,0.0,10,0.5,0.1,0,0,0,0,0.41,0.456,0.5912271969246069,0.0,467.74060534157326
P-n16-k8,ga,28,12,15,1,16.4,8.138795979750322,35,100,0.01,0.24,467.74060534157326,467.74060534157326,0.0,0.0,11,0.5,0.1,0,0,0,0,0.42,0.452,0.6053641317786066,0.0,467.74060534157326
P-n16-k8,ga,28,13,15,1,16.4,8.138795979750322,35,100,0.01,0.26,467.74060534157326,467.74060534157326,0.0,0.0,12,0.5,0.1,0,0,0,0,0.43,0.448,0.6186905882264235,0.0,467.74060534157326
P-n16-k8,ga,28,14,15,1,16.4,8.138795979750322,35,100,0.01,0.28,467.74060534157326,467.74060534157326,0.0,0.0,13,0.5,0.1,0,0,0,0,0.44,0.444,0.6311539728327368,0.0,467.74060534157326
P-n16-k8,ga,28,15,15,1,16.4,8.138795979750322,35,100,0.01,0.3,467.74060534157326,467.74060534157326,0.0,0.0,14,0.5,0.1,0,0,0,0,0.44999999999999996,0.44,0.6427050983124842,0.0,467.74060534157326
P-n16-k8,ga,28,16,15,1,16.4,8.138795979750322,35,100,0.01,0.32,467.74060534157326,467.74060534157326,0.0,0.0,15,0.5,0.1,0,0,0,0,0.45999999999999996,0.436,0.6532983776506045,0.0,467.74060534157326
P-n16-k8,ga,28,17,15,1,16.4,8.138795979750322,35,100,0.01,0.34,467.74060534157326,467.74060534157326,0.0,0.0,16,0.5,0.1,0,0,0,0,0.47,0.432,0.6628920040131592,0.0,467.74060534157326
P-n16-k8,ga,28,18,15,1,16.4,8.138795979750322,35,100,0.01,0.36,467.74060534157326,467.74060534157326,0.0,0.0,17,0.5,0.1,0,0,0,0,0.48,0.428,0.6714481157398059,0.0,467.74060534157326
P-n16-k8,ga,28,19,15,1,16.4,8.138795979750322,35,100,0.01,0.38,467.74060534157326,467.74060534157326,0.0,0.0,18,0.5,0.1,0,0,0,0,0.49,0.424,0.6789329457664754,0.0,467.74060534157326
P-n16-k8,ga,28,20,15,1,16.4,8.138795979750322,35,100,0.01,0.4,467.74060534157326,467.74060534157326,0.0,0.0,19,0.5,0.1,0,0,0,0,0.5,0.42,0.685316954888546,0.0,467.74060534157326
P-n16-k8,ga,28,21,15,1,16.4,8.138795979750322,35,100,0.01,0.42,467.74060534157326,467.74060534157326,0.0,0.0,19,0.5,0.1,0,0,0,0,0.51,0.416,0.6905749483385893,0.0,467.74060534157326
P-n16-k8,ga,28,22,15,1,16.4,8.138795979750322,35,100,0.01,0.44,467.74060534157326,467.74060534157326,0.0,0.0,19,0.5,0.1,0,0,0,0,0.52,0.412,0.6946861752186066,0.0,467.74060534157326
P-n16-k8,ga,28,23,15,1,16.4,8.138795979750322,35,100,0.01,0.46,467.74060534157326,467.74060534157326,0.0,0.0,19,0.5,0.1,0,0,0,0,0.53,0.408,0.6976344103943434,0.0,467.74060534157326
P-n16-k8,ga,28,24,15,1,16.4,8.138795979750322,35,100,0.01,0.48,467.74060534157326,467.74060534157326,0.0,0.0,19,0.5,0.1,0,0,0,0,0.54,0.404,0.6994080185284814,0.0,467.74060534157326
P-n16-k8,ga,28,25,15,1,16.4,8.138795979750322,35,100,0.01,0.5,467.74060534157326,467.74060534157326,0.0,0.0,19,0.5,0.1,0,0,0,0,0.55,0.4,0.7,0.0,467.74060534157326
P-n16-k8,ga,28,26,15,1,16.4,8.138795979750322,35,100,0.01,0.52,467.74060534157326,467.74060534157326,0.0,0.0,19,0.5,0.1,0,0,0,0,0.56,0.396,0.6994080185284814,0.0,467.74060534157326
P-n16-k8,ga,28,27,15,1,16.4,8.138795979750322,35,100,0.01,0.54,467.74060534157326,467.74060534157326,0.0,0.0,19,0.5,0.1,0,0,0,0,0.5700000000000001,0.392,0.6976344103943433,0.0,467.74060534157326
P-n16-k8,ga,28,28,15,1,16.4,8.138795979750322,35,100,0.01,0.56,467.74060534157326,467.74060534157326,0.0,0.0,19,0.5,0.1,0,0,0,0,0.5800000000000001,0.388,0.6946861752186066,0.0,467.74060534157326
P-n16-k8,ga,28,29,15,1,16.4,8.138795979750322,35,100,0.01,0.58,467.74060534157326,467.74060534157326,0.0,0.0,19,0.5,0.1,0,0,0,0,0.59,0.384,0.6905749483385893,0.0,467.74060534157326
P-n16-k8,ga,28,30,15,1,16.4,8.138795979750322,35,100,0.01,0.6,467.74060534157326,467.74060534157326,0.0,0.0,19,0.5,0.1,0,0,0,0,0.6,0.38,0.685316954888546,0.0,467.74060534157326
P-n16-k8,ga,28,31,15,1,16.4,8.138795979750322,35,100,0.01,0.62,467.74060534157326,467.74060534157326,0.0,0.0,19,0.5,0.1,0,0,0,0,0.61,0.376,0.6789329457664754,0.0,467.74060534157326
P-n16-k8,ga,28,32,15,1,16.4,8.138795979750322,35,100,0.01,0.64,467.74060534157326,467.74060534157326,0.0,0.0,19,0.5,0.1,0,0,0,0,0.62,0.372,0.6714481157398058,0.0,467.74060534157326
P-n16-k8,ga,28,33,15,1,16.4,8.138795979750322,35,100,0.01,0.66,467.74060534157326,467.74060534157326,0.0,0.0,19,0.5,0.1,0,0,0,0,0.63,0.368,0.6628920040131591,0.0,467.74060534157326
P-n16-k8,ga,28,34,15,1,16.4,8.138795979750322,35,100,0.01,0.68,467.74060534157326,467.74060534157326,0.0,0.0,19,0.5,0.1,0,0,0,0,0.64,0.364,0.6532983776506045,0.0,467.74060534157326
P-n16-k8,ga,28,35,15,1,16.4,8.138795979750322,35,100,0.01,0.7,467.74060534157326,467.74060534157326,0.0,0.0,19,0.5,0.1,0,0,0,0,0.6499999999999999,0.36,0.6427050983124842,0.0,467.74060534157326
P-n16-k8,ga,28,36,15,1,16.4,8.138795979750322,35,100,0.01,0.72,467.74060534157326,467.74060534157326,0.0,0.0,19,0.5,0.1,0,0,0,0,0.6599999999999999,0.356,0.6311539728327368,0.0,467.74060534157326
P-n16-k8,ga,28,37,15,1,16.4,8.138795979750322,35,100,0.01,0.74,467.74060534157326,467.74060534157326,0.0,0.0,19,0.5,0.1,0,0,0,0,0.6699999999999999,0.352,0.6186905882264234,0.0,467.74060534157326
P-n16-k8,ga,28,38,15,1,16.4,8.138795979750322,35,100,0.01,0.76,467.74060534157326,467.74060534157326,0.0,0.0,19,0.5,0.1,0,0,0,0,0.6799999999999999,0.348,0.6053641317786067,0.0,467.74060534157326
P-n16-k8,ga,28,39,15,1,16.4,8.138795979750322,35,100,0.01,0.78,467.74060534157326,467.74060534157326,0.0,0.0,19,0.5,0.1,0,0,0,0,0.69,0.344,0.591227196924607,0.0,467.74060534157326
P-n16-k8,ga,28,40,15,1,16.4,8.138795979750322,35,100,0.01,0.8,467.74060534157326,467.74060534157326,0.0,0.0,19,0.5,0.1,0,0,0,0,0.7,0.33999999999999997,0.576335575687742,0.0,467.74060534157326
P-n16-k8,ga,28,41,15,1,16.4,8.138795979750322,35,100,0.01,0.82,467.74060534157326,467.74060534157326,0.0,0.0,19,0.5,0.1,0,0,0,0,0.71,0.33599999999999997,0.5607480384936991,0.0,467.74060534157326
P-n16-k8,ga,28,42,15,1,16.4,8.138795979750322,35,100,0.01,0.84,467.74060534157326,467.74060534157326,0.0,0.0,19,0.5,0.1,0,0,0,0,0.72,0.33199999999999996,0.5445261022305147,0.0,467.74060534157326
P-n16-k8,ga,28,43,15,1,16.4,8.138795979750322,35,100,0.01,0.86,467.74060534157326,467.74060534157326,0.0,0.0,19,0.5,0.1,0,0,0,0,0.73,0.32799999999999996,0.5277337874695218,0.0,467.74060534157326
P-n16-k8,ga,28,44,15,1,16.4,8.138795979750322,35,100,0.01,0.88,467.74060534157326,467.74060534157326,0.0,0.0,19,0.5,0.1,0,0,0,0,0.74,0.32399999999999995,0.5104373658054034,0.0,467.74060534157326
P-n16-k8,ga,28,45,15,1,16.4,8.138795979750322,35,100,0.01,0.9,467.74060534157326,467.74060534157326,0.0,0.0,19,0.5,0.1,0,0,0,0,0.75,0.31999999999999995,0.49270509831248427,0.0,467.74060534157326
P-n16-k8,ga,28,46,15,1,16.4,8.138795979750322,35,100,0.01,0.92,467.74060534157326,467.74060534157326,0.0,0.0,19,0.5,0.1,0,0,0,0,0.76,0.31599999999999995,0.47460696614945647,0.0,467.74060534157326
P-n16-k8,ga,28,47,15,1,16.4,8.138795979750322,35,100,0.01,0.94,467.74060534157326,467.74060534157326,0.0,0.0,19,0.5,0.1,0,0,0,0,0.77,0.312,0.45621439437571754,0.0,467.74060534157326
P-n16-k8,ga,28,48,15,1,16.4,8.138795979750322,35,100,0.01,0.96,467.74060534157326,467.74060534157326,0.0,0.0,19,0.5,0.1,0,0,0,0,0.78,0.308,0.4375999700692914,0.0,467.74060534157326
P-n16-k8,ga,28,49,15,1,16.4,8.138795979750322,35,100,0.01,0.98,467.74060534157326,467.74060534157326,0.0,0.0,19,0.5,0.1,0,0,0,0,0.79,0.304,0.4188371558587941,0.0,467.74060534157326
P-n16-k8,ga,29,0,15,1,16.4,8.138795979750322,35,100,0.01,0.0,1000.0,1000.0,100.0,0.0,0,0.5,0.1,0,0,0,0,0.3,0.5,0.4,0.0,467.74060534157326
P-n16-k8,ga,29,1,15,1,16.4,8.138795979750322,35,100,0.01,0.02,467.74060534157326,467.74060534157326,100.0,0.0,0,0.5,0.1,0,0,0,0,0.31,0.496,0.41883715585879405,0.0,467.74060534157326
P-n16-k8,ga,29,2,15,1,16.4,8.138795979750322,35,100,0.01,0.04,467.74060534157326,467.74060534157326,100.0,0.0,0,0.5,0.1,0,0,0,0,0.32,0.492,0.4375999700692913,0.0,467.74060534157326
P-n16-k8,ga,29,3,15,1,16.4,8.138795979750322,35,100,0.01,0.06,467.74060534157326,467.74060534157326,100.0,0.0,0,0.5,0.1,0,0,0,0,0.32999999999999996,0.488,0.4562143943757174,0.0,467.74060534157326
P-n16-k8,ga,29,4,15,1,16.4,8.138795979750322,35,100,0.01,0.08,467.74060534157326,467.74060534157326,100.0,0.0,0,0.5,0.1,0,0,0,0,0.33999999999999997,0.484,0.47460696614945647,0.0,467.74060534157326
P-n16-k8,ga,29,5,15,1,16.4,8.138795979750322,35,100,0.01,0.1,467.74060534157326,467.74060534157326,100.0,0.0,0,0.5,0.1,0,0,0,0,0.35,0.48,0.4927050983124842,0.0,467.74060534157326
P-n16-k8,ga,29,6,15,1,16.4,8.138795979750322,35,100,0.01,0.12,467.74060534157326,467.74060534157326,100.0,0.0,0,0.5,0.1,0,0,0,0,0.36,0.476,0.5104373658054034,0.0,467.74060534157326
P-n16-k8,ga,29,7,15,1,16.4,8.138795979750322,35,100,0.01,0.14,467.74060534157326,467.7406053415733,100.0,0.0,0,0.5,0.1,0,0,0,0,0.37,0.472,0.5277337874695218,0.0,467.74060534157326
P-n16-k8,ga,29,8,15,1,16.4,8.138795979750322,35,100,0.01,0.16,467.74060534157326,467.74060534157326,100.0,0.0,0,0.5,0.1,0,0,0,0,0.38,0.46799999999999997,0.5445261022305146,0.0,467.74060534157326
P-n16-k8,ga,29,9,15,1,16.4,8.138795979750322,35,100,0.01,0.18,467.74060534157326,467.7406053415732,100.0,0.0,0,0.5,0.1,0,0,0,0,0.39,0.464,0.560748038493699,0.0,467.74060534157326
P-n16-k8,ga,29,10,15,1,16.4,8.138795979750322,35,100,0.01,0.2,467.74060534157326,467.74060534157326,100.0,0.0,0,0.5,0.1,0,0,0,0,0.4,0.45999999999999996,0.576335575687742,0.0,467.74060534157326
P-n16-k8,ga,29,11,15,1,16.4,8.138795979750322,35,100,0.01,0.22,467.74060534157326,467.74060534157326,0.0,0.0,10,0.5,0.1,0,0,0,0,0.41,0.456,0.5912271969246069,0.0,467.74060534157326
P-n16-k8,ga,29,12,15,1,16.4,8.138795979750322,35,100,0.01,0.24,467.74060534157326,467.74060534157326,0.0,0.0,11,0.5,0.1,0,0,0,0,0.42,0.452,0.6053641317786066,0.0,467.74060534157326
P-n16-k8,ga,29,13,15,1,16.4,8.138795979750322,35,100,0.01,0.26,467.74060534157326,467.74060534157326,0.0,0.0,12,0.5,0.1,0,0,0,0,0.43,0.448,0.6186905882264235,0.0,467.74060534157326
P-n16-k8,ga,29,14,15,1,16.4,8.138795979750322,35,100,0.01,0.28,467.74060534157326,467.74060534157326,0.0,0.0,13,0.5,0.1,0,0,0,0,0.44,0.444,0.6311539728327368,0.0,467.74060534157326
P-n16-k8,ga,29,15,15,1,16.4,8.138795979750322,35,100,0.01,0.3,467.74060534157326,467.74060534157326,0.0,0.0,14,0.5,0.1,0,0,0,0,0.44999999999999996,0.44,0.6427050983124842,0.0,467.74060534157326
P-n16-k8,ga,29,16,15,1,16.4,8.138795979750322,35,100,0.01,0.32,467.74060534157326,467.74060534157326,0.0,0.0,15,0.5,0.1,0,0,0,0,0.45999999999999996,0.436,0.6532983776506045,0.0,467.74060534157326
P-n16-k8,ga,29,17,15,1,16.4,8.138795979750322,35,100,0.01,0.34,467.74060534157326,467.74060534157326,0.0,0.0,16,0.5,0.1,0,0,0,0,0.47,0.432,0.6628920040131592,0.0,467.74060534157326
P-n16-k8,ga,29,18,15,1,16.4,8.138795979750322,35,100,0.01,0.36,467.74060534157326,467.74060534157326,0.0,0.0,17,0.5,0.1,0,0,0,0,0.48,0.428,0.6714481157398059,0.0,467.74060534157326
P-n16-k8,ga,29,19,15,1,16.4,8.138795979750322,35,100,0.01,0.38,467.74060534157326,467.74060534157326,0.0,0.0,18,0.5,0.1,0,0,0,0,0.49,0.424,0.6789329457664754,0.0,467.74060534157326
P-n16-k8,ga,29,20,15,1,16.4,8.138795979750322,35,100,0.01,0.4,467.74060534157326,467.74060534157326,0.0,0.0,19,0.5,0.1,0,0,0,0,0.5,0.42,0.685316954888546,0.0,467.74060534157326
P-n16-k8,ga,29,21,15,1,16.4,8.138795979750322,35,100,0.01,0.42,467.74060534157326,467.74060534157326,0.0,0.0,19,0.5,0.1,0,0,0,0,0.51,0.416,0.6905749483385893,0.0,467.74060534157326
P-n16-k8,ga,29,22,15,1,16.4,8.138795979750322,35,100,0.01,0.44,467.74060534157326,467.74060534157326,0.0,0.0,19,0.5,0.1,0,0,0,0,0.52,0.412,0.6946861752186066,0.0,467.74060534157326
P-n16-k8,ga,29,23,15,1,16.4,8.138795979750322,35,100,0.01,0.46,467.74060534157326,467.74060534157326,0.0,0.0,19,0.5,0.1,0,0,0,0,0.53,0.408,0.6976344103943434,0.0,467.74060534157326
P-n16-k8,ga,29,24,15,1,16.4,8.138795979750322,35,100,0.01,0.48,467.74060534157326,467.74060534157326,0.0,0.0,19,0.5,0.1,0,0,0,0,0.54,0.404,0.6994080185284814,0.0,467.74060534157326
P-n16-k8,ga,29,25,15,1,16.4,8.138795979750322,35,100,0.01,0.5,467.74060534157326,467.74060534157326,0.0,0.0,19,0.5,0.1,0,0,0,0,0.55,0.4,0.7,0.0,467.74060534157326
P-n16-k8,ga,29,26,15,1,16.4,8.138795979750322,35,100,0.01,0.52,467.74060534157326,467.74060534157326,0.0,0.0,19,0.5,0.1,0,0,0,0,0.56,0.396,0.6994080185284814,0.0,467.74060534157326
P-n16-k8,ga,29,27,15,1,16.4,8.138795979750322,35,100,0.01,0.54,467.74060534157326,467.74060534157326,0.0,0.0,19,0.5,0.1,0,0,0,0,0.5700000000000001,0.392,0.6976344103943433,0.0,467.74060534157326
P-n16-k8,ga,29,28,15,1,16.4,8.138795979750322,35,100,0.01,0.56,467.74060534157326,467.74060534157326,0.0,0.0,19,0.5,0.1,0,0,0,0,0.5800000000000001,0.388,0.6946861752186066,0.0,467.74060534157326
P-n16-k8,ga,29,29,15,1,16.4,8.138795979750322,35,100,0.01,0.58,467.74060534157326,467.74060534157326,0.0,0.0,19,0.5,0.1,0,0,0,0,0.59,0.384,0.6905749483385893,0.0,467.74060534157326
P-n16-k8,ga,29,30,15,1,16.4,8.138795979750322,35,100,0.01,0.6,467.74060534157326,467.74060534157326,0.0,0.0,19,0.5,0.1,0,0,0,0,0.6,0.38,0.685316954888546,0.0,467.74060534157326
P-n16-k8,ga,29,31,15,1,16.4,8.138795979750322,35,100,0.01,0.62,467.74060534157326,467.74060534157326,0.0,0.0,19,0.5,0.1,0,0,0,0,0.61,0.376,0.6789329457664754,0.0,467.74060534157326
P-n16-k8,ga,29,32,15,1,16.4,8.138795979750322,35,100,0.01,0.64,467.74060534157326,467.74060534157326,0.0,0.0,19,0.5,0.1,0,0,0,0,0.62,0.372,0.6714481157398058,0.0,467.74060534157326
P-n16-k8,ga,29,33,15,1,16.4,8.138795979750322,35,100,0.01,0.66,467.74060534157326,467.74060534157326,0.0,0.0,19,0.5,0.1,0,0,0,0,0.63,0.368,0.6628920040131591,0.0,467.74060534157326
P-n16-k8,ga,29,34,15,1,16.4,8.138795979750322,35,100,0.01,0.68,467.74060534157326,467.74060534157326,0.0,0.0,19,0.5,0.1,0,0,0,0,0.64,0.364,0.6532983776506045,0.0,467.74060534157326
P-n16-k8,ga,29,35,15,1,16.4,8.138795979750322,35,100,0.01,0.7,467.74060534157326,467.74060534157326,0.0,0.0,19,0.5,0.1,0,0,0,0,0.6499999999999999,0.36,0.6427050983124842,0.0,467.74060534157326
P-n16-k8,ga,29,36,15,1,16.4,8.138795979750322,35,100,0.01,0.72,467.74060534157326,467.74060534157326,0.0,0.0,19,0.5,0.1,0,0,0,0,0.6599999999999999,0.356,0.6311539728327368,0.0,467.74060534157326
P-n16-k8,ga,29,37,15,1,16.4,8.138795979750322,35,100,0.01,0.74,467.74060534157326,467.74060534157326,0.0,0.0,19,0.5,0.1,0,0,0,0,0.6699999999999999,0.352,0.6186905882264234,0.0,467.74060534157326
P-n16-k8,ga,29,38,15,1,16.4,8.138795979750322,35,100,0.01,0.76,467.74060534157326,467.74060534157326,0.0,0.0,19,0.5,0.1,0,0,0,0,0.6799999999999999,0.348,0.6053641317786067,0.0,467.74060534157326
P-n16-k8,ga,29,39,15,1,16.4,8.138795979750322,35,100,0.01,0.78,467.74060534157326,467.74060534157326,0.0,0.0,19,0.5,0.1,0,0,0,0,0.69,0.344,0.591227196924607,0.0,467.74060534157326
P-n16-k8,ga,29,40,15,1,16.4,8.138795979750322,35,100,0.01,0.8,467.74060534157326,467.74060534157326,0.0,0.0,19,0.5,0.1,0,0,0,0,0.7,0.33999999999999997,0.576335575687742,0.0,467.74060534157326
P-n16-k8,ga,29,41,15,1,16.4,8.138795979750322,35,100,0.01,0.82,467.74060534157326,467.74060534157326,0.0,0.0,19,0.5,0.1,0,0,0,0,0.71,0.33599999999999997,0.5607480384936991,0.0,467.74060534157326
P-n16-k8,ga,29,42,15,1,16.4,8.138795979750322,35,100,0.01,0.84,467.74060534157326,467.74060534157326,0.0,0.0,19,0.5,0.1,0,0,0,0,0.72,0.33199999999999996,0.5445261022305147,0.0,467.74060534157326
P-n16-k8,ga,29,43,15,1,16.4,8.138795979750322,35,100,0.01,0.86,467.74060534157326,467.74060534157326,0.0,0.0,19,0.5,0.1,0,0,0,0,0.73,0.32799999999999996,0.5277337874695218,0.0,467.74060534157326
P-n16-k8,ga,29,44,15,1,16.4,8.138795979750322,35,100,0.01,0.88,467.74060534157326,467.74060534157326,0.0,0.0,19,0.5,0.1,0,0,0,0,0.74,0.32399999999999995,0.5104373658054034,0.0,467.74060534157326
P-n16-k8,ga,29,45,15,1,16.4,8.138795979750322,35,100,0.01,0.9,467.74060534157326,467.74060534157326,0.0,0.0,19,0.5,0.1,0,0,0,0,0.75,0.31999999999999995,0.49270509831248427,0.0,467.74060534157326
P-n16-k8,ga,29,46,15,1,16.4,8.138795979750322,35,100,0.01,0.92,467.74060534157326,467.74060534157326,0.0,0.0,19,0.5,0.1,0,0,0,0,0.76,0.31599999999999995,0.47460696614945647,0.0,467.74060534157326
P-n16-k8,ga,29,47,15,1,16.4,8.138795979750322,35,100,0.01,0.94,467.74060534157326,467.74060534157326,0.0,0.0,19,0.5,0.1,0,0,0,0,0.77,0.312,0.45621439437571754,0.0,467.74060534157326
P-n16-k8,ga,29,48,15,1,16.4,8.138795979750322,35,100,0.01,0.96,467.74060534157326,467.74060534157326,0.0,0.0,19,0.5,0.1,0,0,0,0,0.78,0.308,0.4375999700692914,0.0,467.74060534157326
P-n16-k8,ga,29,49,15,1,16.4,8.138795979750322,35,100,0.01,0.98,467.74060534157326,467.74060534157326,0.0,0.0,19,0.5,0.1,0,0,0,0,0.79,0.304,0.4188371558587941,0.0,467.74060534157326
P-n16-k8,ga,30,0,15,1,16.4,8.138795979750322,35,100,0.01,0.0,1000.0,1000.0,100.0,0.0,0,0.5,0.1,0,0,0,0,0.3,0.5,0.4,0.0,467.74060534157326
P-n16-k8,ga,30,1,15,1,16.4,8.138795979750322,35,100,0.01,0.02,467.74060534157326,467.74060534157326,100.0,0.0,0,0.5,0.1,0,0,0,0,0.31,0.496,0.41883715585879405,0.0,467.74060534157326
P-n16-k8,ga,30,2,15,1,16.4,8.138795979750322,35,100,0.01,0.04,467.74060534157326,467.74060534157326,100.0,0.0,0,0.5,0.1,0,0,0,0,0.32,0.492,0.4375999700692913,0.0,467.74060534157326
P-n16-k8,ga,30,3,15,1,16.4,8.138795979750322,35,100,0.01,0.06,467.74060534157326,467.74060534157326,100.0,0.0,0,0.5,0.1,0,0,0,0,0.32999999999999996,0.488,0.4562143943757174,0.0,467.74060534157326
P-n16-k8,ga,30,4,15,1,16.4,8.138795979750322,35,100,0.01,0.08,467.74060534157326,467.74060534157326,100.0,0.0,0,0.5,0.1,0,0,0,0,0.33999999999999997,0.484,0.47460696614945647,0.0,467.74060534157326
P-n16-k8,ga,30,5,15,1,16.4,8.138795979750322,35,100,0.01,0.1,467.74060534157326,467.74060534157326,100.0,0.0,0,0.5,0.1,0,0,0,0,0.35,0.48,0.4927050983124842,0.0,467.74060534157326
P-n16-k8,ga,30,6,15,1,16.4,8.138795979750322,35,100,0.01,0.12,467.74060534157326,467.74060534157326,100.0,0.0,0,0.5,0.1,0,0,0,0,0.36,0.476,0.5104373658054034,0.0,467.74060534157326
P-n16-k8,ga,30,7,15,1,16.4,8.138795979750322,35,100,0.01,0.14,467.74060534157326,467.7406053415733,100.0,0.0,0,0.5,0.1,0,0,0,0,0.37,0.472,0.5277337874695218,0.0,467.74060534157326
P-n16-k8,ga,30,8,15,1,16.4,8.138795979750322,35,100,0.01,0.16,467.74060534157326,467.74060534157326,100.0,0.0,0,0.5,0.1,0,0,0,0,0.38,0.46799999999999997,0.5445261022305146,0.0,467.74060534157326
P-n16-k8,ga,30,9,15,1,16.4,8.138795979750322,35,100,0.01,0.18,467.74060534157326,467.7406053415732,100.0,0.0,0,0.5,0.1,0,0,0,0,0.39,0.464,0.560748038493699,0.0,467.74060534157326
P-n16-k8,ga,30,10,15,1,16.4,8.138795979750322,35,100,0.01,0.2,467.74060534157326,467.74060534157326,100.0,0.0,0,0.5,0.1,0,0,0,0,0.4,0.45999999999999996,0.576335575687742,0.0,467.74060534157326
P-n16-k8,ga,30,11,15,1,16.4,8.138795979750322,35,100,0.01,0.22,467.74060534157326,467.74060534157326,0.0,0.0,10,0.5,0.1,0,0,0,0,0.41,0.456,0.5912271969246069,0.0,467.74060534157326
P-n16-k8,ga,30,12,15,1,16.4,8.138795979750322,35,100,0.01,0.24,467.74060534157326,467.74060534157326,0.0,0.0,11,0.5,0.1,0,0,0,0,0.42,0.452,0.6053641317786066,0.0,467.74060534157326
P-n16-k8,ga,30,13,15,1,16.4,8.138795979750322,35,100,0.01,0.26,467.74060534157326,467.74060534157326,0.0,0.0,12,0.5,0.1,0,0,0,0,0.43,0.448,0.6186905882264235,0.0,467.74060534157326
P-n16-k8,ga,30,14,15,1,16.4,8.138795979750322,35,100,0.01,0.28,467.74060534157326,467.74060534157326,0.0,0.0,13,0.5,0.1,0,0,0,0,0.44,0.444,0.6311539728327368,0.0,467.74060534157326
P-n16-k8,ga,30,15,15,1,16.4,8.138795979750322,35,100,0.01,0.3,467.74060534157326,467.74060534157326,0.0,0.0,14,0.5,0.1,0,0,0,0,0.44999999999999996,0.44,0.6427050983124842,0.0,467.74060534157326
P-n16-k8,ga,30,16,15,1,16.4,8.138795979750322,35,100,0.01,0.32,467.74060534157326,467.74060534157326,0.0,0.0,15,0.5,0.1,0,0,0,0,0.45999999999999996,0.436,0.6532983776506045,0.0,467.74060534157326
P-n16-k8,ga,30,17,15,1,16.4,8.138795979750322,35,100,0.01,0.34,467.74060534157326,467.74060534157326,0.0,0.0,16,0.5,0.1,0,0,0,0,0.47,0.432,0.6628920040131592,0.0,467.74060534157326
P-n16-k8,ga,30,18,15,1,16.4,8.138795979750322,35,100,0.01,0.36,467.74060534157326,467.74060534157326,0.0,0.0,17,0.5,0.1,0,0,0,0,0.48,0.428,0.6714481157398059,0.0,467.74060534157326
P-n16-k8,ga,30,19,15,1,16.4,8.138795979750322,35,100,0.01,0.38,467.74060534157326,467.74060534157326,0.0,0.0,18,0.5,0.1,0,0,0,0,0.49,0.424,0.6789329457664754,0.0,467.74060534157326
P-n16-k8,ga,30,20,15,1,16.4,8.138795979750322,35,100,0.01,0.4,467.74060534157326,467.74060534157326,0.0,0.0,19,0.5,0.1,0,0,0,0,0.5,0.42,0.685316954888546,0.0,467.74060534157326
P-n16-k8,ga,30,21,15,1,16.4,8.138795979750322,35,100,0.01,0.42,467.74060534157326,467.74060534157326,0.0,0.0,19,0.5,0.1,0,0,0,0,0.51,0.416,0.6905749483385893,0.0,467.74060534157326
P-n16-k8,ga,30,22,15,1,16.4,8.138795979750322,35,100,0.01,0.44,467.74060534157326,467.74060534157326,0.0,0.0,19,0.5,0.1,0,0,0,0,0.52,0.412,0.6946861752186066,0.0,467.74060534157326
P-n16-k8,ga,30,23,15,1,16.4,8.138795979750322,35,100,0.01,0.46,467.74060534157326,467.74060534157326,0.0,0.0,19,0.5,0.1,0,0,0,0,0.53,0.408,0.6976344103943434,0.0,467.74060534157326
P-n16-k8,ga,30,24,15,1,16.4,8.138795979750322,35,100,0.01,0.48,467.74060534157326,467.74060534157326,0.0,0.0,19,0.5,0.1,0,0,0,0,0.54,0.404,0.6994080185284814,0.0,467.74060534157326
P-n16-k8,ga,30,25,15,1,16.4,8.138795979750322,35,100,0.01,0.5,467.74060534157326,467.74060534157326,0.0,0.0,19,0.5,0.1,0,0,0,0,0.55,0.4,0.7,0.0,467.74060534157326
P-n16-k8,ga,30,26,15,1,16.4,8.138795979750322,35,100,0.01,0.52,467.74060534157326,467.74060534157326,0.0,0.0,19,0.5,0.1,0,0,0,0,0.56,0.396,0.6994080185284814,0.0,467.74060534157326
P-n16-k8,ga,30,27,15,1,16.4,8.138795979750322,35,100,0.01,0.54,467.74060534157326,467.74060534157326,0.0,0.0,19,0.5,0.1,0,0,0,0,0.5700000000000001,0.392,0.6976344103943433,0.0,467.74060534157326
P-n16-k8,ga,30,28,15,1,16.4,8.138795979750322,35,100,0.01,0.56,467.74060534157326,467.74060534157326,0.0,0.0,19,0.5,0.1,0,0,0,0,0.5800000000000001,0.388,0.6946861752186066,0.0,467.74060534157326
P-n16-k8,ga,30,29,15,1,16.4,8.138795979750322,35,100,0.01,0.58,467.74060534157326,467.74060534157326,0.0,0.0,19,0.5,0.1,0,0,0,0,0.59,0.384,0.6905749483385893,0.0,467.74060534157326
P-n16-k8,ga,30,30,15,1,16.4,8.138795979750322,35,100,0.01,0.6,467.74060534157326,467.74060534157326,0.0,0.0,19,0.5,0.1,0,0,0,0,0.6,0.38,0.685316954888546,0.0,467.74060534157326
P-n16-k8,ga,30,31,15,1,16.4,8.138795979750322,35,100,0.01,0.62,467.74060534157326,467.74060534157326,0.0,0.0,19,0.5,0.1,0,0,0,0,0.61,0.376,0.6789329457664754,0.0,467.74060534157326
P-n16-k8,ga,30,32,15,1,16.4,8.138795979750322,35,100,0.01,0.64,467.74060534157326,467.74060534157326,0.0,0.0,19,0.5,0.1,0,0,0,0,0.62,0.372,0.6714481157398058,0.0,467.74060534157326
P-n16-k8,ga,30,33,15,1,16.4,8.138795979750322,35,100,0.01,0.66,467.74060534157326,467.74060534157326,0.0,0.0,19,0.5,0.1,0,0,0,0,0.63,0.368,0.6628920040131591,0.0,467.74060534157326
P-n16-k8,ga,30,34,15,1,16.4,8.138795979750322,35,100,0.01,0.68,467.74060534157326,467.74060534157326,0.0,0.0,19,0.5,0.1,0,0,0,0,0.64,0.364,0.6532983776506045,0.0,467.74060534157326
P-n16-k8,ga,30,35,15,1,16.4,8.138795979750322,35,100,0.01,0.7,467.74060534157326,467.74060534157326,0.0,0.0,19,0.5,0.1,0,0,0,0,0.6499999999999999,0.36,0.6427050983124842,0.0,467.74060534157326
P-n16-k8,ga,30,36,15,1,16.4,8.138795979750322,35,100,0.01,0.72,467.74060534157326,467.74060534157326,0.0,0.0,19,0.5,0.1,0,0,0,0,0.6599999999999999,0.356,0.6311539728327368,0.0,467.74060534157326
P-n16-k8,ga,30,37,15,1,16.4,8.138795979750322,35,100,0.01,0.74,467.74060534157326,467.74060534157326,0.0,0.0,19,0.5,0.1,0,0,0,0,0.6699999999999999,0.352,0.6186905882264234,0.0,467.74060534157326
P-n16-k8,ga,30,38,15,1,16.4,8.138795979750322,35,100,0.01,0.76,467.74060534157326,467.74060534157326,0.0,0.0,19,0.5,0.1,0,0,0,0,0.6799999999999999,0.348,0.6053641317786067,0.0,467.74060534157326
P-n16-k8,ga,30,39,15,1,16.4,8.138795979750322,35,100,0.01,0.78,467.74060534157326,467.74060534157326,0.0,0.0,19,0.5,0.1,0,0,0,0,0.69,0.344,0.591227196924607,0.0,467.74060534157326
P-n16-k8,ga,30,40,15,1,16.4,8.138795979750322,35,100,0.01,0.8,467.74060534157326,467.74060534157326,0.0,0.0,19,0.5,0.1,0,0,0,0,0.7,0.33999999999999997,0.576335575687742,0.0,467.74060534157326
P-n16-k8,ga,30,41,15,1,16.4,8.138795979750322,35,100,0.01,0.82,467.74060534157326,467.74060534157326,0.0,0.0,19,0.5,0.1,0,0,0,0,0.71,0.33599999999999997,0.5607480384936991,0.0,467.74060534157326
P-n16-k8,ga,30,42,15,1,16.4,8.138795979750322,35,100,0.01,0.84,467.74060534157326,467.74060534157326,0.0,0.0,19,0.5,0.1,0,0,0,0,0.72,0.33199999999999996,0.5445261022305147,0.0,467.74060534157326
P-n16-k8,ga,30,43,15,1,16.4,8.138795979750322,35,100,0.01,0.86,467.74060534157326,467.74060534157326,0.0,0.0,19,0.5,0.1,0,0,0,0,0.73,0.32799999999999996,0.5277337874695218,0.0,467.74060534157326
P-n16-k8,ga,30,44,15,1,16.4,8.138795979750322,35,100,0.01,0.88,467.74060534157326,467.74060534157326,0.0,0.0,19,0.5,0.1,0,0,0,0,0.74,0.32399999999999995,0.5104373658054034,0.0,467.74060534157326
P-n16-k8,ga,30,45,15,1,16.4,8.138795979750322,35,100,0.01,0.9,467.74060534157326,467.74060534157326,0.0,0.0,19,0.5,0.1,0,0,0,0,0.75,0.31999999999999995,0.49270509831248427,0.0,467.74060534157326
P-n16-k8,ga,30,46,15,1,16.4,8.138795979750322,35,100,0.01,0.92,467.74060534157326,467.74060534157326,0.0,0.0,19,0.5,0.1,0,0,0,0,0.76,0.31599999999999995,0.47460696614945647,0.0,467.74060534157326
P-n16-k8,ga,30,47,15,1,16.4,8.138795979750322,35,100,0.01,0.94,467.74060534157326,467.74060534157326,0.0,0.0,19,0.5,0.1,0,0,0,0,0.77,0.312,0.45621439437571754,0.0,467.74060534157326
P-n16-k8,ga,30,48,15,1,16.4,8.138795979750322,35,100,0.01,0.96,467.74060534157326,467.74060534157326,0.0,0.0,19,0.5,0.1,0,0,0,0,0.78,0.308,0.4375999700692914,0.0,467.74060534157326
P-n16-k8,ga,30,49,15,1,16.4,8.138795979750322,35,100,0.01,0.98,467.74060534157326,467.74060534157326,0.0,0.0,19,0.5,0.1,0,0,0,0,0.79,0.304,0.4188371558587941,0.0,467.74060534157326
P-n16-k8,ga,31,0,15,1,16.4,8.138795979750322,35,100,0.01,0.0,1000.0,1000.0,100.0,0.0,0,0.5,0.1,0,0,0,0,0.3,0.5,0.4,0.0,467.74060534157326
P-n16-k8,ga,31,1,15,1,16.4,8.138795979750322,35,100,0.01,0.02,467.74060534157326,467.74060534157326,100.0,0.0,0,0.5,0.1,0,0,0,0,0.31,0.496,0.41883715585879405,0.0,467.74060534157326
P-n16-k8,ga,31,2,15,1,16.4,8.138795979750322,35,100,0.01,0.04,467.74060534157326,467.74060534157326,100.0,0.0,0,0.5,0.1,0,0,0,0,0.32,0.492,0.4375999700692913,0.0,467.74060534157326
P-n16-k8,ga,31,3,15,1,16.4,8.138795979750322,35,100,0.01,0.06,467.74060534157326,467.74060534157326,100.0,0.0,0,0.5,0.1,0,0,0,0,0.32999999999999996,0.488,0.4562143943757174,0.0,467.74060534157326
P-n16-k8,ga,31,4,15,1,16.4,8.138795979750322,35,100,0.01,0.08,467.74060534157326,467.74060534157326,100.0,0.0,0,0.5,0.1,0,0,0,0,0.33999999999999997,0.484,0.47460696614945647,0.0,467.74060534157326
P-n16-k8,ga,31,5,15,1,16.4,8.138795979750322,35,100,0.01,0.1,467.74060534157326,467.74060534157326,100.0,0.0,0,0.5,0.1,0,0,0,0,0.35,0.48,0.4927050983124842,0.0,467.74060534157326
P-n16-k8,ga,31,6,15,1,16.4,8.138795979750322,35,100,0.01,0.12,467.74060534157326,467.74060534157326,100.0,0.0,0,0.5,0.1,0,0,0,0,0.36,0.476,0.5104373658054034,0.0,467.74060534157326
P-n16-k8,ga,31,7,15,1,16.4,8.138795979750322,35,100,0.01,0.14,467.74060534157326,467.7406053415733,100.0,0.0,0,0.5,0.1,0,0,0,0,0.37,0.472,0.5277337874695218,0.0,467.74060534157326
P-n16-k8,ga,31,8,15,1,16.4,8.138795979750322,35,100,0.01,0.16,467.74060534157326,467.74060534157326,100.0,0.0,0,0.5,0.1,0,0,0,0,0.38,0.46799999999999997,0.5445261022305146,0.0,467.74060534157326
P-n16-k8,ga,31,9,15,1,16.4,8.138795979750322,35,100,0.01,0.18,467.74060534157326,467.7406053415732,100.0,0.0,0,0.5,0.1,0,0,0,0,0.39,0.464,0.560748038493699,0.0,467.74060534157326
P-n16-k8,ga,31,10,15,1,16.4,8.138795979750322,35,100,0.01,0.2,467.74060534157326,467.74060534157326,100.0,0.0,0,0.5,0.1,0,0,0,0,0.4,0.45999999999999996,0.576335575687742,0.0,467.74060534157326
P-n16-k8,ga,31,11,15,1,16.4,8.138795979750322,35,100,0.01,0.22,467.74060534157326,467.74060534157326,0.0,0.0,10,0.5,0.1,0,0,0,0,0.41,0.456,0.5912271969246069,0.0,467.74060534157326
P-n16-k8,ga,31,12,15,1,16.4,8.138795979750322,35,100,0.01,0.24,467.74060534157326,467.74060534157326,0.0,0.0,11,0.5,0.1,0,0,0,0,0.42,0.452,0.6053641317786066,0.0,467.74060534157326
P-n16-k8,ga,31,13,15,1,16.4,8.138795979750322,35,100,0.01,0.26,467.74060534157326,467.74060534157326,0.0,0.0,12,0.5,0.1,0,0,0,0,0.43,0.448,0.6186905882264235,0.0,467.74060534157326
P-n16-k8,ga,31,14,15,1,16.4,8.138795979750322,35,100,0.01,0.28,467.74060534157326,467.74060534157326,0.0,0.0,13,0.5,0.1,0,0,0,0,0.44,0.444,0.6311539728327368,0.0,467.74060534157326
P-n16-k8,ga,31,15,15,1,16.4,8.138795979750322,35,100,0.01,0.3,467.74060534157326,467.74060534157326,0.0,0.0,14,0.5,0.1,0,0,0,0,0.44999999999999996,0.44,0.6427050983124842,0.0,467.74060534157326
P-n16-k8,ga,31,16,15,1,16.4,8.138795979750322,35,100,0.01,0.32,467.74060534157326,467.74060534157326,0.0,0.0,15,0.5,0.1,0,0,0,0,0.45999999999999996,0.436,0.6532983776506045,0.0,467.74060534157326
P-n16-k8,ga,31,17,15,1,16.4,8.138795979750322,35,100,0.01,0.34,467.74060534157326,467.74060534157326,0.0,0.0,16,0.5,0.1,0,0,0,0,0.47,0.432,0.6628920040131592,0.0,467.74060534157326
P-n16-k8,ga,31,18,15,1,16.4,8.138795979750322,35,100,0.01,0.36,467.74060534157326,467.74060534157326,0.0,0.0,17,0.5,0.1,0,0,0,0,0.48,0.428,0.6714481157398059,0.0,467.74060534157326
P-n16-k8,ga,31,19,15,1,16.4,8.138795979750322,35,100,0.01,0.38,467.74060534157326,467.74060534157326,0.0,0.0,18,0.5,0.1,0,0,0,0,0.49,0.424,0.6789329457664754,0.0,467.74060534157326
P-n16-k8,ga,31,20,15,1,16.4,8.138795979750322,35,100,0.01,0.4,467.74060534157326,467.74060534157326,0.0,0.0,19,0.5,0.1,0,0,0,0,0.5,0.42,0.685316954888546,0.0,467.74060534157326
P-n16-k8,ga,31,21,15,1,16.4,8.138795979750322,35,100,0.01,0.42,467.74060534157326,467.74060534157326,0.0,0.0,19,0.5,0.1,0,0,0,0,0.51,0.416,0.6905749483385893,0.0,467.74060534157326
P-n16-k8,ga,31,22,15,1,16.4,8.138795979750322,35,100,0.01,0.44,467.74060534157326,467.74060534157326,0.0,0.0,19,0.5,0.1,0,0,0,0,0.52,0.412,0.6946861752186066,0.0,467.74060534157326
P-n16-k8,ga,31,23,15,1,16.4,8.138795979750322,35,100,0.01,0.46,467.74060534157326,467.74060534157326,0.0,0.0,19,0.5,0.1,0,0,0,0,0.53,0.408,0.6976344103943434,0.0,467.74060534157326
P-n16-k8,ga,31,24,15,1,16.4,8.138795979750322,35,100,0.01,0.48,467.74060534157326,467.74060534157326,0.0,0.0,19,0.5,0.1,0,0,0,0,0.54,0.404,0.6994080185284814,0.0,467.74060534157326
P-n16-k8,ga,31,25,15,1,16.4,8.138795979750322,35,100,0.01,0.5,467.74060534157326,467.74060534157326,0.0,0.0,19,0.5,0.1,0,0,0,0,0.55,0.4,0.7,0.0,467.74060534157326
P-n16-k8,ga,31,26,15,1,16.4,8.138795979750322,35,100,0.01,0.52,467.74060534157326,467.74060534157326,0.0,0.0,19,0.5,0.1,0,0,0,0,0.56,0.396,0.6994080185284814,0.0,467.74060534157326
P-n16-k8,ga,31,27,15,1,16.4,8.138795979750322,35,100,0.01,0.54,467.74060534157326,467.74060534157326,0.0,0.0,19,0.5,0.1,0,0,0,0,0.5700000000000001,0.392,0.6976344103943433,0.0,467.74060534157326
P-n16-k8,ga,31,28,15,1,16.4,8.138795979750322,35,100,0.01,0.56,467.74060534157326,467.74060534157326,0.0,0.0,19,0.5,0.1,0,0,0,0,0.5800000000000001,0.388,0.6946861752186066,0.0,467.74060534157326
P-n16-k8,ga,31,29,15,1,16.4,8.138795979750322,35,100,0.01,0.58,467.74060534157326,467.74060534157326,0.0,0.0,19,0.5,0.1,0,0,0,0,0.59,0.384,0.6905749483385893,0.0,467.74060534157326
P-n16-k8,ga,31,30,15,1,16.4,8.138795979750322,35,100,0.01,0.6,467.74060534157326,467.74060534157326,0.0,0.0,19,0.5,0.1,0,0,0,0,0.6,0.38,0.685316954888546,0.0,467.74060534157326
P-n16-k8,ga,31,31,15,1,16.4,8.138795979750322,35,100,0.01,0.62,467.74060534157326,467.74060534157326,0.0,0.0,19,0.5,0.1,0,0,0,0,0.61,0.376,0.6789329457664754,0.0,467.74060534157326
P-n16-k8,ga,31,32,15,1,16.4,8.138795979750322,35,100,0.01,0.64,467.74060534157326,467.74060534157326,0.0,0.0,19,0.5,0.1,0,0,0,0,0.62,0.372,0.6714481157398058,0.0,467.74060534157326
P-n16-k8,ga,31,33,15,1,16.4,8.138795979750322,35,100,0.01,0.66,467.74060534157326,467.74060534157326,0.0,0.0,19,0.5,0.1,0,0,0,0,0.63,0.368,0.6628920040131591,0.0,467.74060534157326
P-n16-k8,ga,31,34,15,1,16.4,8.138795979750322,35,100,0.01,0.68,467.74060534157326,467.74060534157326,0.0,0.0,19,0.5,0.1,0,0,0,0,0.64,0.364,0.6532983776506045,0.0,467.74060534157326
P-n16-k8,ga,31,35,15,1,16.4,8.138795979750322,35,100,0.01,0.7,467.74060534157326,467.74060534157326,0.0,0.0,19,0.5,0.1,0,0,0,0,0.6499999999999999,0.36,0.6427050983124842,0.0,467.74060534157326
P-n16-k8,ga,31,36,15,1,16.4,8.138795979750322,35,100,0.01,0.72,467.74060534157326,467.74060534157326,0.0,0.0,19,0.5,0.1,0,0,0,0,0.6599999999999999,0.356,0.6311539728327368,0.0,467.74060534157326
P-n16-k8,ga,31,37,15,1,16.4,8.138795979750322,35,100,0.01,0.74,467.74060534157326,467.74060534157326,0.0,0.0,19,0.5,0.1,0,0,0,0,0.6699999999999999,0.352,0.6186905882264234,0.0,467.74060534157326
P-n16-k8,ga,31,38,15,1,16.4,8.138795979750322,35,100,0.01,0.76,467.74060534157326,467.74060534157326,0.0,0.0,19,0.5,0.1,0,0,0,0,0.6799999999999999,0.348,0.6053641317786067,0.0,467.74060534157326
P-n16-k8,ga,31,39,15,1,16.4,8.138795979750322,35,100,0.01,0.78,467.74060534157326,467.74060534157326,0.0,0.0,19,0.5,0.1,0,0,0,0,0.69,0.344,0.591227196924607,0.0,467.74060534157326
P-n16-k8,ga,31,40,15,1,16.4,8.138795979750322,35,100,0.01,0.8,467.74060534157326,467.74060534157326,0.0,0.0,19,0.5,0.1,0,0,0,0,0.7,0.33999999999999997,0.576335575687742,0.0,467.74060534157326
P-n16-k8,ga,31,41,15,1,16.4,8.138795979750322,35,100,0.01,0.82,467.74060534157326,467.74060534157326,0.0,0.0,19,0.5,0.1,0,0,0,0,0.71,0.33599999999999997,0.5607480384936991,0.0,467.74060534157326
P-n16-k8,ga,31,42,15,1,16.4,8.138795979750322,35,100,0.01,0.84,467.74060534157326,467.74060534157326,0.0,0.0,19,0.5,0.1,0,0,0,0,0.72,0.33199999999999996,0.5445261022305147,0.0,467.74060534157326
P-n16-k8,ga,31,43,15,1,16.4,8.138795979750322,35,100,0.01,0.86,467.74060534157326,467.74060534157326,0.0,0.0,19,0.5,0.1,0,0,0,0,0.73,0.32799999999999996,0.5277337874695218,0.0,467.74060534157326
P-n16-k8,ga,31,44,15,1,16.4,8.138795979750322,35,100,0.01,0.88,467.74060534157326,467.74060534157326,0.0,0.0,19,0.5,0.1,0,0,0,0,0.74,0.32399999999999995,0.5104373658054034,0.0,467.74060534157326
P-n16-k8,ga,31,45,15,1,16.4,8.138795979750322,35,100,0.01,0.9,467.74060534157326,467.74060534157326,0.0,0.0,19,0.5,0.1,0,0,0,0,0.75,0.31999999999999995,0.49270509831248427,0.0,467.74060534157326
P-n16-k8,ga,31,46,15,1,16.4,8.138795979750322,35,100,0.01,0.92,467.74060534157326,467.74060534157326,0.0,0.0,19,0.5,0.1,0,0,0,0,0.76,0.31599999999999995,0.47460696614945647,0.0,467.74060534157326
P-n16-k8,ga,31,47,15,1,16.4,8.138795979750322,35,100,0.01,0.94,467.74060534157326,467.74060534157326,0.0,0.0,19,0.5,0.1,0,0,0,0,0.77,0.312,0.45621439437571754,0.0,467.74060534157326
P-n16-k8,ga,31,48,15,1,16.4,8.138795979750322,35,100,0.01,0.96,467.74060534157326,467.74060534157326,0.0,0.0,19,0.5,0.1,0,0,0,0,0.78,0.308,0.4375999700692914,0.0,467.74060534157326
P-n16-k8,ga,31,49,15,1,16.4,8.138795979750322,35,100,0.01,0.98,467.74060534157326,467.74060534157326,0.0,0.0,19,0.5,0.1,0,0,0,0,0.79,0.304,0.4188371558587941,0.0,467.74060534157326
P-n16-k8,ga,32,0,15,1,16.4,8.138795979750322,35,100,0.01,0.0,1000.0,1000.0,100.0,0.0,0,0.5,0.1,0,0,0,0,0.3,0.5,0.4,0.0,467.74060534157326
P-n16-k8,ga,32,1,15,1,16.4,8.138795979750322,35,100,0.01,0.02,467.74060534157326,467.74060534157326,100.0,0.0,0,0.5,0.1,0,0,0,0,0.31,0.496,0.41883715585879405,0.0,467.74060534157326
P-n16-k8,ga,32,2,15,1,16.4,8.138795979750322,35,100,0.01,0.04,467.74060534157326,467.74060534157326,100.0,0.0,0,0.5,0.1,0,0,0,0,0.32,0.492,0.4375999700692913,0.0,467.74060534157326
P-n16-k8,ga,32,3,15,1,16.4,8.138795979750322,35,100,0.01,0.06,467.74060534157326,467.74060534157326,100.0,0.0,0,0.5,0.1,0,0,0,0,0.32999999999999996,0.488,0.4562143943757174,0.0,467.74060534157326
P-n16-k8,ga,32,4,15,1,16.4,8.138795979750322,35,100,0.01,0.08,467.74060534157326,467.74060534157326,100.0,0.0,0,0.5,0.1,0,0,0,0,0.33999999999999997,0.484,0.47460696614945647,0.0,467.74060534157326
P-n16-k8,ga,32,5,15,1,16.4,8.138795979750322,35,100,0.01,0.1,467.74060534157326,467.74060534157326,100.0,0.0,0,0.5,0.1,0,0,0,0,0.35,0.48,0.4927050983124842,0.0,467.74060534157326
P-n16-k8,ga,32,6,15,1,16.4,8.138795979750322,35,100,0.01,0.12,467.74060534157326,467.74060534157326,100.0,0.0,0,0.5,0.1,0,0,0,0,0.36,0.476,0.5104373658054034,0.0,467.74060534157326
P-n16-k8,ga,32,7,15,1,16.4,8.138795979750322,35,100,0.01,0.14,467.74060534157326,467.7406053415733,100.0,0.0,0,0.5,0.1,0,0,0,0,0.37,0.472,0.5277337874695218,0.0,467.74060534157326
P-n16-k8,ga,32,8,15,1,16.4,8.138795979750322,35,100,0.01,0.16,467.74060534157326,467.74060534157326,100.0,0.0,0,0.5,0.1,0,0,0,0,0.38,0.46799999999999997,0.5445261022305146,0.0,467.74060534157326
P-n16-k8,ga,32,9,15,1,16.4,8.138795979750322,35,100,0.01,0.18,467.74060534157326,467.7406053415732,100.0,0.0,0,0.5,0.1,0,0,0,0,0.39,0.464,0.560748038493699,0.0,467.74060534157326
P-n16-k8,ga,32,10,15,1,16.4,8.138795979750322,35,100,0.01,0.2,467.74060534157326,467.74060534157326,100.0,0.0,0,0.5,0.1,0,0,0,0,0.4,0.45999999999999996,0.576335575687742,0.0,467.74060534157326
P-n16-k8,ga,32,11,15,1,16.4,8.138795979750322,35,100,0.01,0.22,467.74060534157326,467.74060534157326,0.0,0.0,10,0.5,0.1,0,0,0,0,0.41,0.456,0.5912271969246069,0.0,467.74060534157326
P-n16-k8,ga,32,12,15,1,16.4,8.138795979750322,35,100,0.01,0.24,467.74060534157326,467.74060534157326,0.0,0.0,11,0.5,0.1,0,0,0,0,0.42,0.452,0.6053641317786066,0.0,467.74060534157326
P-n16-k8,ga,32,13,15,1,16.4,8.138795979750322,35,100,0.01,0.26,467.74060534157326,467.74060534157326,0.0,0.0,12,0.5,0.1,0,0,0,0,0.43,0.448,0.6186905882264235,0.0,467.74060534157326
P-n16-k8,ga,32,14,15,1,16.4,8.138795979750322,35,100,0.01,0.28,467.74060534157326,467.74060534157326,0.0,0.0,13,0.5,0.1,0,0,0,0,0.44,0.444,0.6311539728327368,0.0,467.74060534157326
P-n16-k8,ga,32,15,15,1,16.4,8.138795979750322,35,100,0.01,0.3,467.74060534157326,467.74060534157326,0.0,0.0,14,0.5,0.1,0,0,0,0,0.44999999999999996,0.44,0.6427050983124842,0.0,467.74060534157326
P-n16-k8,ga,32,16,15,1,16.4,8.138795979750322,35,100,0.01,0.32,467.74060534157326,467.74060534157326,0.0,0.0,15,0.5,0.1,0,0,0,0,0.45999999999999996,0.436,0.6532983776506045,0.0,467.74060534157326
P-n16-k8,ga,32,17,15,1,16.4,8.138795979750322,35,100,0.01,0.34,467.74060534157326,467.74060534157326,0.0,0.0,16,0.5,0.1,0,0,0,0,0.47,0.432,0.6628920040131592,0.0,467.74060534157326
P-n16-k8,ga,32,18,15,1,16.4,8.138795979750322,35,100,0.01,0.36,467.74060534157326,467.74060534157326,0.0,0.0,17,0.5,0.1,0,0,0,0,0.48,0.428,0.6714481157398059,0.0,467.74060534157326
P-n16-k8,ga,32,19,15,1,16.4,8.138795979750322,35,100,0.01,0.38,467.74060534157326,467.74060534157326,0.0,0.0,18,0.5,0.1,0,0,0,0,0.49,0.424,0.6789329457664754,0.0,467.74060534157326
P-n16-k8,ga,32,20,15,1,16.4,8.138795979750322,35,100,0.01,0.4,467.74060534157326,467.74060534157326,0.0,0.0,19,0.5,0.1,0,0,0,0,0.5,0.42,0.685316954888546,0.0,467.74060534157326
P-n16-k8,ga,32,21,15,1,16.4,8.138795979750322,35,100,0.01,0.42,467.74060534157326,467.74060534157326,0.0,0.0,19,0.5,0.1,0,0,0,0,0.51,0.416,0.6905749483385893,0.0,467.74060534157326
P-n16-k8,ga,32,22,15,1,16.4,8.138795979750322,35,100,0.01,0.44,467.74060534157326,467.74060534157326,0.0,0.0,19,0.5,0.1,0,0,0,0,0.52,0.412,0.6946861752186066,0.0,467.74060534157326
P-n16-k8,ga,32,23,15,1,16.4,8.138795979750322,35,100,0.01,0.46,467.74060534157326,467.74060534157326,0.0,0.0,19,0.5,0.1,0,0,0,0,0.53,0.408,0.6976344103943434,0.0,467.74060534157326
P-n16-k8,ga,32,24,15,1,16.4,8.138795979750322,35,100,0.01,0.48,467.74060534157326,467.74060534157326,0.0,0.0,19,0.5,0.1,0,0,0,0,0.54,0.404,0.6994080185284814,0.0,467.74060534157326
P-n16-k8,ga,32,25,15,1,16.4,8.138795979750322,35,100,0.01,0.5,467.74060534157326,467.74060534157326,0.0,0.0,19,0.5,0.1,0,0,0,0,0.55,0.4,0.7,0.0,467.74060534157326
P-n16-k8,ga,32,26,15,1,16.4,8.138795979750322,35,100,0.01,0.52,467.74060534157326,467.74060534157326,0.0,0.0,19,0.5,0.1,0,0,0,0,0.56,0.396,0.6994080185284814,0.0,467.74060534157326
P-n16-k8,ga,32,27,15,1,16.4,8.138795979750322,35,100,0.01,0.54,467.74060534157326,467.74060534157326,0.0,0.0,19,0.5,0.1,0,0,0,0,0.5700000000000001,0.392,0.6976344103943433,0.0,467.74060534157326
P-n16-k8,ga,32,28,15,1,16.4,8.138795979750322,35,100,0.01,0.56,467.74060534157326,467.74060534157326,0.0,0.0,19,0.5,0.1,0,0,0,0,0.5800000000000001,0.388,0.6946861752186066,0.0,467.74060534157326
P-n16-k8,ga,32,29,15,1,16.4,8.138795979750322,35,100,0.01,0.58,467.74060534157326,467.74060534157326,0.0,0.0,19,0.5,0.1,0,0,0,0,0.59,0.384,0.6905749483385893,0.0,467.74060534157326
P-n16-k8,ga,32,30,15,1,16.4,8.138795979750322,35,100,0.01,0.6,467.74060534157326,467.74060534157326,0.0,0.0,19,0.5,0.1,0,0,0,0,0.6,0.38,0.685316954888546,0.0,467.74060534157326
P-n16-k8,ga,32,31,15,1,16.4,8.138795979750322,35,100,0.01,0.62,467.74060534157326,467.74060534157326,0.0,0.0,19,0.5,0.1,0,0,0,0,0.61,0.376,0.6789329457664754,0.0,467.74060534157326
P-n16-k8,ga,32,32,15,1,16.4,8.138795979750322,35,100,0.01,0.64,467.74060534157326,467.74060534157326,0.0,0.0,19,0.5,0.1,0,0,0,0,0.62,0.372,0.6714481157398058,0.0,467.74060534157326
P-n16-k8,ga,32,33,15,1,16.4,8.138795979750322,35,100,0.01,0.66,467.74060534157326,467.74060534157326,0.0,0.0,19,0.5,0.1,0,0,0,0,0.63,0.368,0.6628920040131591,0.0,467.74060534157326
P-n16-k8,ga,32,34,15,1,16.4,8.138795979750322,35,100,0.01,0.68,467.74060534157326,467.74060534157326,0.0,0.0,19,0.5,0.1,0,0,0,0,0.64,0.364,0.6532983776506045,0.0,467.74060534157326
P-n16-k8,ga,32,35,15,1,16.4,8.138795979750322,35,100,0.01,0.7,467.74060534157326,467.74060534157326,0.0,0.0,19,0.5,0.1,0,0,0,0,0.6499999999999999,0.36,0.6427050983124842,0.0,467.74060534157326
P-n16-k8,ga,32,36,15,1,16.4,8.138795979750322,35,100,0.01,0.72,467.74060534157326,467.74060534157326,0.0,0.0,19,0.5,0.1,0,0,0,0,0.6599999999999999,0.356,0.6311539728327368,0.0,467.74060534157326
P-n16-k8,ga,32,37,15,1,16.4,8.138795979750322,35,100,0.01,0.74,467.74060534157326,467.74060534157326,0.0,0.0,19,0.5,0.1,0,0,0,0,0.6699999999999999,0.352,0.6186905882264234,0.0,467.74060534157326
P-n16-k8,ga,32,38,15,1,16.4,8.138795979750322,35,100,0.01,0.76,467.74060534157326,467.74060534157326,0.0,0.0,19,0.5,0.1,0,0,0,0,0.6799999999999999,0.348,0.6053641317786067,0.0,467.74060534157326
P-n16-k8,ga,32,39,15,1,16.4,8.138795979750322,35,100,0.01,0.78,467.74060534157326,467.74060534157326,0.0,0.0,19,0.5,0.1,0,0,0,0,0.69,0.344,0.591227196924607,0.0,467.74060534157326
P-n16-k8,ga,32,40,15,1,16.4,8.138795979750322,35,100,0.01,0.8,467.74060534157326,467.74060534157326,0.0,0.0,19,0.5,0.1,0,0,0,0,0.7,0.33999999999999997,0.576335575687742,0.0,467.74060534157326
P-n16-k8,ga,32,41,15,1,16.4,8.138795979750322,35,100,0.01,0.82,467.74060534157326,467.74060534157326,0.0,0.0,19,0.5,0.1,0,0,0,0,0.71,0.33599999999999997,0.5607480384936991,0.0,467.74060534157326
P-n16-k8,ga,32,42,15,1,16.4,8.138795979750322,35,100,0.01,0.84,467.74060534157326,467.74060534157326,0.0,0.0,19,0.5,0.1,0,0,0,0,0.72,0.33199999999999996,0.5445261022305147,0.0,467.74060534157326
P-n16-k8,ga,32,43,15,1,16.4,8.138795979750322,35,100,0.01,0.86,467.74060534157326,467.74060534157326,0.0,0.0,19,0.5,0.1,0,0,0,0,0.73,0.32799999999999996,0.5277337874695218,0.0,467.74060534157326
P-n16-k8,ga,32,44,15,1,16.4,8.138795979750322,35,100,0.01,0.88,467.74060534157326,467.74060534157326,0.0,0.0,19,0.5,0.1,0,0,0,0,0.74,0.32399999999999995,0.5104373658054034,0.0,467.74060534157326
P-n16-k8,ga,32,45,15,1,16.4,8.138795979750322,35,100,0.01,0.9,467.74060534157326,467.74060534157326,0.0,0.0,19,0.5,0.1,0,0,0,0,0.75,0.31999999999999995,0.49270509831248427,0.0,467.74060534157326
P-n16-k8,ga,32,46,15,1,16.4,8.138795979750322,35,100,0.01,0.92,467.74060534157326,467.74060534157326,0.0,0.0,19,0.5,0.1,0,0,0,0,0.76,0.31599999999999995,0.47460696614945647,0.0,467.74060534157326
P-n16-k8,ga,32,47,15,1,16.4,8.138795979750322,35,100,0.01,0.94,467.74060534157326,467.74060534157326,0.0,0.0,19,0.5,0.1,0,0,0,0,0.77,0.312,0.45621439437571754,0.0,467.74060534157326
P-n16-k8,ga,32,48,15,1,16.4,8.138795979750322,35,100,0.01,0.96,467.74060534157326,467.74060534157326,0.0,0.0,19,0.5,0.1,0,0,0,0,0.78,0.308,0.4375999700692914,0.0,467.74060534157326
P-n16-k8,ga,32,49,15,1,16.4,8.138795979750322,35,100,0.01,0.98,467.74060534157326,467.74060534157326,0.0,0.0,19,0.5,0.1,0,0,0,0,0.79,0.304,0.4188371558587941,0.0,467.74060534157326
P-n16-k8,ga,33,0,15,1,16.4,8.138795979750322,35,100,0.01,0.0,1000.0,1000.0,100.0,0.0,0,0.5,0.1,0,0,0,0,0.3,0.5,0.4,0.0,467.74060534157326
P-n16-k8,ga,33,1,15,1,16.4,8.138795979750322,35,100,0.01,0.02,467.74060534157326,467.74060534157326,100.0,0.0,0,0.5,0.1,0,0,0,0,0.31,0.496,0.41883715585879405,0.0,467.74060534157326
P-n16-k8,ga,33,2,15,1,16.4,8.138795979750322,35,100,0.01,0.04,467.74060534157326,467.74060534157326,100.0,0.0,0,0.5,0.1,0,0,0,0,0.32,0.492,0.4375999700692913,0.0,467.74060534157326
P-n16-k8,ga,33,3,15,1,16.4,8.138795979750322,35,100,0.01,0.06,467.74060534157326,467.74060534157326,100.0,0.0,0,0.5,0.1,0,0,0,0,0.32999999999999996,0.488,0.4562143943757174,0.0,467.74060534157326
P-n16-k8,ga,33,4,15,1,16.4,8.138795979750322,35,100,0.01,0.08,467.74060534157326,467.74060534157326,100.0,0.0,0,0.5,0.1,0,0,0,0,0.33999999999999997,0.484,0.47460696614945647,0.0,467.74060534157326
P-n16-k8,ga,33,5,15,1,16.4,8.138795979750322,35,100,0.01,0.1,467.74060534157326,467.74060534157326,100.0,0.0,0,0.5,0.1,0,0,0,0,0.35,0.48,0.4927050983124842,0.0,467.74060534157326
P-n16-k8,ga,33,6,15,1,16.4,8.138795979750322,35,100,0.01,0.12,467.74060534157326,467.74060534157326,100.0,0.0,0,0.5,0.1,0,0,0,0,0.36,0.476,0.5104373658054034,0.0,467.74060534157326
P-n16-k8,ga,33,7,15,1,16.4,8.138795979750322,35,100,0.01,0.14,467.74060534157326,467.7406053415733,100.0,0.0,0,0.5,0.1,0,0,0,0,0.37,0.472,0.5277337874695218,0.0,467.74060534157326
P-n16-k8,ga,33,8,15,1,16.4,8.138795979750322,35,100,0.01,0.16,467.74060534157326,467.74060534157326,100.0,0.0,0,0.5,0.1,0,0,0,0,0.38,0.46799999999999997,0.5445261022305146,0.0,467.74060534157326
P-n16-k8,ga,33,9,15,1,16.4,8.138795979750322,35,100,0.01,0.18,467.74060534157326,467.7406053415732,100.0,0.0,0,0.5,0.1,0,0,0,0,0.39,0.464,0.560748038493699,0.0,467.74060534157326
P-n16-k8,ga,33,10,15,1,16.4,8.138795979750322,35,100,0.01,0.2,467.74060534157326,467.74060534157326,100.0,0.0,0,0.5,0.1,0,0,0,0,0.4,0.45999999999999996,0.576335575687742,0.0,467.74060534157326
P-n16-k8,ga,33,11,15,1,16.4,8.138795979750322,35,100,0.01,0.22,467.74060534157326,467.74060534157326,0.0,0.0,10,0.5,0.1,0,0,0,0,0.41,0.456,0.5912271969246069,0.0,467.74060534157326
P-n16-k8,ga,33,12,15,1,16.4,8.138795979750322,35,100,0.01,0.24,467.74060534157326,467.74060534157326,0.0,0.0,11,0.5,0.1,0,0,0,0,0.42,0.452,0.6053641317786066,0.0,467.74060534157326
P-n16-k8,ga,33,13,15,1,16.4,8.138795979750322,35,100,0.01,0.26,467.74060534157326,467.74060534157326,0.0,0.0,12,0.5,0.1,0,0,0,0,0.43,0.448,0.6186905882264235,0.0,467.74060534157326
P-n16-k8,ga,33,14,15,1,16.4,8.138795979750322,35,100,0.01,0.28,467.74060534157326,467.74060534157326,0.0,0.0,13,0.5,0.1,0,0,0,0,0.44,0.444,0.6311539728327368,0.0,467.74060534157326
P-n16-k8,ga,33,15,15,1,16.4,8.138795979750322,35,100,0.01,0.3,467.74060534157326,467.74060534157326,0.0,0.0,14,0.5,0.1,0,0,0,0,0.44999999999999996,0.44,0.6427050983124842,0.0,467.74060534157326
P-n16-k8,ga,33,16,15,1,16.4,8.138795979750322,35,100,0.01,0.32,467.74060534157326,467.74060534157326,0.0,0.0,15,0.5,0.1,0,0,0,0,0.45999999999999996,0.436,0.6532983776506045,0.0,467.74060534157326
P-n16-k8,ga,33,17,15,1,16.4,8.138795979750322,35,100,0.01,0.34,467.74060534157326,467.74060534157326,0.0,0.0,16,0.5,0.1,0,0,0,0,0.47,0.432,0.6628920040131592,0.0,467.74060534157326
P-n16-k8,ga,33,18,15,1,16.4,8.138795979750322,35,100,0.01,0.36,467.74060534157326,467.74060534157326,0.0,0.0,17,0.5,0.1,0,0,0,0,0.48,0.428,0.6714481157398059,0.0,467.74060534157326
P-n16-k8,ga,33,19,15,1,16.4,8.138795979750322,35,100,0.01,0.38,467.74060534157326,467.74060534157326,0.0,0.0,18,0.5,0.1,0,0,0,0,0.49,0.424,0.6789329457664754,0.0,467.74060534157326
P-n16-k8,ga,33,20,15,1,16.4,8.138795979750322,35,100,0.01,0.4,467.74060534157326,467.74060534157326,0.0,0.0,19,0.5,0.1,0,0,0,0,0.5,0.42,0.685316954888546,0.0,467.74060534157326
P-n16-k8,ga,33,21,15,1,16.4,8.138795979750322,35,100,0.01,0.42,467.74060534157326,467.74060534157326,0.0,0.0,19,0.5,0.1,0,0,0,0,0.51,0.416,0.6905749483385893,0.0,467.74060534157326
P-n16-k8,ga,33,22,15,1,16.4,8.138795979750322,35,100,0.01,0.44,467.74060534157326,467.74060534157326,0.0,0.0,19,0.5,0.1,0,0,0,0,0.52,0.412,0.6946861752186066,0.0,467.74060534157326
P-n16-k8,ga,33,23,15,1,16.4,8.138795979750322,35,100,0.01,0.46,467.74060534157326,467.74060534157326,0.0,0.0,19,0.5,0.1,0,0,0,0,0.53,0.408,0.6976344103943434,0.0,467.74060534157326
P-n16-k8,ga,33,24,15,1,16.4,8.138795979750322,35,100,0.01,0.48,467.74060534157326,467.74060534157326,0.0,0.0,19,0.5,0.1,0,0,0,0,0.54,0.404,0.6994080185284814,0.0,467.74060534157326
P-n16-k8,ga,33,25,15,1,16.4,8.138795979750322,35,100,0.01,0.5,467.74060534157326,467.74060534157326,0.0,0.0,19,0.5,0.1,0,0,0,0,0.55,0.4,0.7,0.0,467.74060534157326
P-n16-k8,ga,33,26,15,1,16.4,8.138795979750322,35,100,0.01,0.52,467.74060534157326,467.74060534157326,0.0,0.0,19,0.5,0.1,0,0,0,0,0.56,0.396,0.6994080185284814,0.0,467.74060534157326
P-n16-k8,ga,33,27,15,1,16.4,8.138795979750322,35,100,0.01,0.54,467.74060534157326,467.74060534157326,0.0,0.0,19,0.5,0.1,0,0,0,0,0.5700000000000001,0.392,0.6976344103943433,0.0,467.74060534157326
P-n16-k8,ga,33,28,15,1,16.4,8.138795979750322,35,100,0.01,0.56,467.74060534157326,467.74060534157326,0.0,0.0,19,0.5,0.1,0,0,0,0,0.5800000000000001,0.388,0.6946861752186066,0.0,467.74060534157326
P-n16-k8,ga,33,29,15,1,16.4,8.138795979750322,35,100,0.01,0.58,467.74060534157326,467.74060534157326,0.0,0.0,19,0.5,0.1,0,0,0,0,0.59,0.384,0.6905749483385893,0.0,467.74060534157326
P-n16-k8,ga,33,30,15,1,16.4,8.138795979750322,35,100,0.01,0.6,467.74060534157326,467.74060534157326,0.0,0.0,19,0.5,0.1,0,0,0,0,0.6,0.38,0.685316954888546,0.0,467.74060534157326
P-n16-k8,ga,33,31,15,1,16.4,8.138795979750322,35,100,0.01,0.62,467.74060534157326,467.74060534157326,0.0,0.0,19,0.5,0.1,0,0,0,0,0.61,0.376,0.6789329457664754,0.0,467.74060534157326
P-n16-k8,ga,33,32,15,1,16.4,8.138795979750322,35,100,0.01,0.64,467.74060534157326,467.74060534157326,0.0,0.0,19,0.5,0.1,0,0,0,0,0.62,0.372,0.6714481157398058,0.0,467.74060534157326
P-n16-k8,ga,33,33,15,1,16.4,8.138795979750322,35,100,0.01,0.66,467.74060534157326,467.74060534157326,0.0,0.0,19,0.5,0.1,0,0,0,0,0.63,0.368,0.6628920040131591,0.0,467.74060534157326
P-n16-k8,ga,33,34,15,1,16.4,8.138795979750322,35,100,0.01,0.68,467.74060534157326,467.74060534157326,0.0,0.0,19,0.5,0.1,0,0,0,0,0.64,0.364,0.6532983776506045,0.0,467.74060534157326
P-n16-k8,ga,33,35,15,1,16.4,8.138795979750322,35,100,0.01,0.7,467.74060534157326,467.74060534157326,0.0,0.0,19,0.5,0.1,0,0,0,0,0.6499999999999999,0.36,0.6427050983124842,0.0,467.74060534157326
P-n16-k8,ga,33,36,15,1,16.4,8.138795979750322,35,100,0.01,0.72,467.74060534157326,467.74060534157326,0.0,0.0,19,0.5,0.1,0,0,0,0,0.6599999999999999,0.356,0.6311539728327368,0.0,467.74060534157326
P-n16-k8,ga,33,37,15,1,16.4,8.138795979750322,35,100,0.01,0.74,467.74060534157326,467.74060534157326,0.0,0.0,19,0.5,0.1,0,0,0,0,0.6699999999999999,0.352,0.6186905882264234,0.0,467.74060534157326
P-n16-k8,ga,33,38,15,1,16.4,8.138795979750322,35,100,0.01,0.76,467.74060534157326,467.74060534157326,0.0,0.0,19,0.5,0.1,0,0,0,0,0.6799999999999999,0.348,0.6053641317786067,0.0,467.74060534157326
P-n16-k8,ga,33,39,15,1,16.4,8.138795979750322,35,100,0.01,0.78,467.74060534157326,467.74060534157326,0.0,0.0,19,0.5,0.1,0,0,0,0,0.69,0.344,0.591227196924607,0.0,467.74060534157326
P-n16-k8,ga,33,40,15,1,16.4,8.138795979750322,35,100,0.01,0.8,467.74060534157326,467.74060534157326,0.0,0.0,19,0.5,0.1,0,0,0,0,0.7,0.33999999999999997,0.576335575687742,0.0,467.74060534157326
P-n16-k8,ga,33,41,15,1,16.4,8.138795979750322,35,100,0.01,0.82,467.74060534157326,467.74060534157326,0.0,0.0,19,0.5,0.1,0,0,0,0,0.71,0.33599999999999997,0.5607480384936991,0.0,467.74060534157326
P-n16-k8,ga,33,42,15,1,16.4,8.138795979750322,35,100,0.01,0.84,467.74060534157326,467.74060534157326,0.0,0.0,19,0.5,0.1,0,0,0,0,0.72,0.33199999999999996,0.5445261022305147,0.0,467.74060534157326
P-n16-k8,ga,33,43,15,1,16.4,8.138795979750322,35,100,0.01,0.86,467.74060534157326,467.74060534157326,0.0,0.0,19,0.5,0.1,0,0,0,0,0.73,0.32799999999999996,0.5277337874695218,0.0,467.74060534157326
P-n16-k8,ga,33,44,15,1,16.4,8.138795979750322,35,100,0.01,0.88,467.74060534157326,467.74060534157326,0.0,0.0,19,0.5,0.1,0,0,0,0,0.74,0.32399999999999995,0.5104373658054034,0.0,467.74060534157326
P-n16-k8,ga,33,45,15,1,16.4,8.138795979750322,35,100,0.01,0.9,467.74060534157326,467.74060534157326,0.0,0.0,19,0.5,0.1,0,0,0,0,0.75,0.31999999999999995,0.49270509831248427,0.0,467.74060534157326
P-n16-k8,ga,33,46,15,1,16.4,8.138795979750322,35,100,0.01,0.92,467.74060534157326,467.74060534157326,0.0,0.0,19,0.5,0.1,0,0,0,0,0.76,0.31599999999999995,0.47460696614945647,0.0,467.74060534157326
P-n16-k8,ga,33,47,15,1,16.4,8.138795979750322,35,100,0.01,0.94,467.74060534157326,467.74060534157326,0.0,0.0,19,0.5,0.1,0,0,0,0,0.77,0.312,0.45621439437571754,0.0,467.74060534157326
P-n16-k8,ga,33,48,15,1,16.4,8.138795979750322,35,100,0.01,0.96,467.74060534157326,467.74060534157326,0.0,0.0,19,0.5,0.1,0,0,0,0,0.78,0.308,0.4375999700692914,0.0,467.74060534157326
P-n16-k8,ga,33,49,15,1,16.4,8.138795979750322,35,100,0.01,0.98,467.74060534157326,467.74060534157326,0.0,0.0,19,0.5,0.1,0,0,0,0,0.79,0.304,0.4188371558587941,0.0,467.74060534157326
P-n16-k8,ga,34,0,15,1,16.4,8.138795979750322,35,100,0.01,0.0,1000.0,1000.0,100.0,0.0,0,0.5,0.1,0,0,0,0,0.3,0.5,0.4,0.0,467.74060534157326
P-n16-k8,ga,34,1,15,1,16.4,8.138795979750322,35,100,0.01,0.02,467.74060534157326,467.74060534157326,100.0,0.0,0,0.5,0.1,0,0,0,0,0.31,0.496,0.41883715585879405,0.0,467.74060534157326
P-n16-k8,ga,34,2,15,1,16.4,8.138795979750322,35,100,0.01,0.04,467.74060534157326,467.74060534157326,100.0,0.0,0,0.5,0.1,0,0,0,0,0.32,0.492,0.4375999700692913,0.0,467.74060534157326
P-n16-k8,ga,34,3,15,1,16.4,8.138795979750322,35,100,0.01,0.06,467.74060534157326,467.74060534157326,100.0,0.0,0,0.5,0.1,0,0,0,0,0.32999999999999996,0.488,0.4562143943757174,0.0,467.74060534157326
P-n16-k8,ga,34,4,15,1,16.4,8.138795979750322,35,100,0.01,0.08,467.74060534157326,467.74060534157326,100.0,0.0,0,0.5,0.1,0,0,0,0,0.33999999999999997,0.484,0.47460696614945647,0.0,467.74060534157326
P-n16-k8,ga,34,5,15,1,16.4,8.138795979750322,35,100,0.01,0.1,467.74060534157326,467.74060534157326,100.0,0.0,0,0.5,0.1,0,0,0,0,0.35,0.48,0.4927050983124842,0.0,467.74060534157326
P-n16-k8,ga,34,6,15,1,16.4,8.138795979750322,35,100,0.01,0.12,467.74060534157326,467.74060534157326,100.0,0.0,0,0.5,0.1,0,0,0,0,0.36,0.476,0.5104373658054034,0.0,467.74060534157326
P-n16-k8,ga,34,7,15,1,16.4,8.138795979750322,35,100,0.01,0.14,467.74060534157326,467.7406053415733,100.0,0.0,0,0.5,0.1,0,0,0,0,0.37,0.472,0.5277337874695218,0.0,467.74060534157326
P-n16-k8,ga,34,8,15,1,16.4,8.138795979750322,35,100,0.01,0.16,467.74060534157326,467.74060534157326,100.0,0.0,0,0.5,0.1,0,0,0,0,0.38,0.46799999999999997,0.5445261022305146,0.0,467.74060534157326
P-n16-k8,ga,34,9,15,1,16.4,8.138795979750322,35,100,0.01,0.18,467.74060534157326,467.7406053415732,100.0,0.0,0,0.5,0.1,0,0,0,0,0.39,0.464,0.560748038493699,0.0,467.74060534157326
P-n16-k8,ga,34,10,15,1,16.4,8.138795979750322,35,100,0.01,0.2,467.74060534157326,467.74060534157326,100.0,0.0,0,0.5,0.1,0,0,0,0,0.4,0.45999999999999996,0.576335575687742,0.0,467.74060534157326
P-n16-k8,ga,34,11,15,1,16.4,8.138795979750322,35,100,0.01,0.22,467.74060534157326,467.74060534157326,0.0,0.0,10,0.5,0.1,0,0,0,0,0.41,0.456,0.5912271969246069,0.0,467.74060534157326
P-n16-k8,ga,34,12,15,1,16.4,8.138795979750322,35,100,0.01,0.24,467.74060534157326,467.74060534157326,0.0,0.0,11,0.5,0.1,0,0,0,0,0.42,0.452,0.6053641317786066,0.0,467.74060534157326
P-n16-k8,ga,34,13,15,1,16.4,8.138795979750322,35,100,0.01,0.26,467.74060534157326,467.74060534157326,0.0,0.0,12,0.5,0.1,0,0,0,0,0.43,0.448,0.6186905882264235,0.0,467.74060534157326
P-n16-k8,ga,34,14,15,1,16.4,8.138795979750322,35,100,0.01,0.28,467.74060534157326,467.74060534157326,0.0,0.0,13,0.5,0.1,0,0,0,0,0.44,0.444,0.6311539728327368,0.0,467.74060534157326
P-n16-k8,ga,34,15,15,1,16.4,8.138795979750322,35,100,0.01,0.3,467.74060534157326,467.74060534157326,0.0,0.0,14,0.5,0.1,0,0,0,0,0.44999999999999996,0.44,0.6427050983124842,0.0,467.74060534157326
P-n16-k8,ga,34,16,15,1,16.4,8.138795979750322,35,100,0.01,0.32,467.74060534157326,467.74060534157326,0.0,0.0,15,0.5,0.1,0,0,0,0,0.45999999999999996,0.436,0.6532983776506045,0.0,467.74060534157326
P-n16-k8,ga,34,17,15,1,16.4,8.138795979750322,35,100,0.01,0.34,467.74060534157326,467.74060534157326,0.0,0.0,16,0.5,0.1,0,0,0,0,0.47,0.432,0.6628920040131592,0.0,467.74060534157326
P-n16-k8,ga,34,18,15,1,16.4,8.138795979750322,35,100,0.01,0.36,467.74060534157326,467.74060534157326,0.0,0.0,17,0.5,0.1,0,0,0,0,0.48,0.428,0.6714481157398059,0.0,467.74060534157326
P-n16-k8,ga,34,19,15,1,16.4,8.138795979750322,35,100,0.01,0.38,467.74060534157326,467.74060534157326,0.0,0.0,18,0.5,0.1,0,0,0,0,0.49,0.424,0.6789329457664754,0.0,467.74060534157326
P-n16-k8,ga,34,20,15,1,16.4,8.138795979750322,35,100,0.01,0.4,467.74060534157326,467.74060534157326,0.0,0.0,19,0.5,0.1,0,0,0,0,0.5,0.42,0.685316954888546,0.0,467.74060534157326
P-n16-k8,ga,34,21,15,1,16.4,8.138795979750322,35,100,0.01,0.42,467.74060534157326,467.74060534157326,0.0,0.0,19,0.5,0.1,0,0,0,0,0.51,0.416,0.6905749483385893,0.0,467.74060534157326
P-n16-k8,ga,34,22,15,1,16.4,8.138795979750322,35,100,0.01,0.44,467.74060534157326,467.74060534157326,0.0,0.0,19,0.5,0.1,0,0,0,0,0.52,0.412,0.6946861752186066,0.0,467.74060534157326
P-n16-k8,ga,34,23,15,1,16.4,8.138795979750322,35,100,0.01,0.46,467.74060534157326,467.74060534157326,0.0,0.0,19,0.5,0.1,0,0,0,0,0.53,0.408,0.6976344103943434,0.0,467.74060534157326
P-n16-k8,ga,34,24,15,1,16.4,8.138795979750322,35,100,0.01,0.48,467.74060534157326,467.74060534157326,0.0,0.0,19,0.5,0.1,0,0,0,0,0.54,0.404,0.6994080185284814,0.0,467.74060534157326
P-n16-k8,ga,34,25,15,1,16.4,8.138795979750322,35,100,0.01,0.5,467.74060534157326,467.74060534157326,0.0,0.0,19,0.5,0.1,0,0,0,0,0.55,0.4,0.7,0.0,467.74060534157326
P-n16-k8,ga,34,26,15,1,16.4,8.138795979750322,35,100,0.01,0.52,467.74060534157326,467.74060534157326,0.0,0.0,19,0.5,0.1,0,0,0,0,0.56,0.396,0.6994080185284814,0.0,467.74060534157326
P-n16-k8,ga,34,27,15,1,16.4,8.138795979750322,35,100,0.01,0.54,467.74060534157326,467.74060534157326,0.0,0.0,19,0.5,0.1,0,0,0,0,0.5700000000000001,0.392,0.6976344103943433,0.0,467.74060534157326
P-n16-k8,ga,34,28,15,1,16.4,8.138795979750322,35,100,0.01,0.56,467.74060534157326,467.74060534157326,0.0,0.0,19,0.5,0.1,0,0,0,0,0.5800000000000001,0.388,0.6946861752186066,0.0,467.74060534157326
P-n16-k8,ga,34,29,15,1,16.4,8.138795979750322,35,100,0.01,0.58,467.74060534157326,467.74060534157326,0.0,0.0,19,0.5,0.1,0,0,0,0,0.59,0.384,0.6905749483385893,0.0,467.74060534157326
P-n16-k8,ga,34,30,15,1,16.4,8.138795979750322,35,100,0.01,0.6,467.74060534157326,467.74060534157326,0.0,0.0,19,0.5,0.1,0,0,0,0,0.6,0.38,0.685316954888546,0.0,467.74060534157326
P-n16-k8,ga,34,31,15,1,16.4,8.138795979750322,35,100,0.01,0.62,467.74060534157326,467.74060534157326,0.0,0.0,19,0.5,0.1,0,0,0,0,0.61,0.376,0.6789329457664754,0.0,467.74060534157326
P-n16-k8,ga,34,32,15,1,16.4,8.138795979750322,35,100,0.01,0.64,467.74060534157326,467.74060534157326,0.0,0.0,19,0.5,0.1,0,0,0,0,0.62,0.372,0.6714481157398058,0.0,467.74060534157326
P-n16-k8,ga,34,33,15,1,16.4,8.138795979750322,35,100,0.01,0.66,467.74060534157326,467.74060534157326,0.0,0.0,19,0.5,0.1,0,0,0,0,0.63,0.368,0.6628920040131591,0.0,467.74060534157326
P-n16-k8,ga,34,34,15,1,16.4,8.138795979750322,35,100,0.01,0.68,467.74060534157326,467.74060534157326,0.0,0.0,19,0.5,0.1,0,0,0,0,0.64,0.364,0.6532983776506045,0.0,467.74060534157326
P-n16-k8,ga,34,35,15,1,16.4,8.138795979750322,35,100,0.01,0.7,467.74060534157326,467.74060534157326,0.0,0.0,19,0.5,0.1,0,0,0,0,0.6499999999999999,0.36,0.6427050983124842,0.0,467.74060534157326
P-n16-k8,ga,34,36,15,1,16.4,8.138795979750322,35,100,0.01,0.72,467.74060534157326,467.74060534157326,0.0,0.0,19,0.5,0.1,0,0,0,0,0.6599999999999999,0.356,0.6311539728327368,0.0,467.74060534157326
P-n16-k8,ga,34,37,15,1,16.4,8.138795979750322,35,100,0.01,0.74,467.74060534157326,467.74060534157326,0.0,0.0,19,0.5,0.1,0,0,0,0,0.6699999999999999,0.352,0.6186905882264234,0.0,467.74060534157326
P-n16-k8,ga,34,38,15,1,16.4,8.138795979750322,35,100,0.01,0.76,467.74060534157326,467.74060534157326,0.0,0.0,19,0.5,0.1,0,0,0,0,0.6799999999999999,0.348,0.6053641317786067,0.0,467.74060534157326
P-n16-k8,ga,34,39,15,1,16.4,8.138795979750322,35,100,0.01,0.78,467.74060534157326,467.74060534157326,0.0,0.0,19,0.5,0.1,0,0,0,0,0.69,0.344,0.591227196924607,0.0,467.74060534157326
P-n16-k8,ga,34,40,15,1,16.4,8.138795979750322,35,100,0.01,0.8,467.74060534157326,467.74060534157326,0.0,0.0,19,0.5,0.1,0,0,0,0,0.7,0.33999999999999997,0.576335575687742,0.0,467.74060534157326
P-n16-k8,ga,34,41,15,1,16.4,8.138795979750322,35,100,0.01,0.82,467.74060534157326,467.74060534157326,0.0,0.0,19,0.5,0.1,0,0,0,0,0.71,0.33599999999999997,0.5607480384936991,0.0,467.74060534157326
P-n16-k8,ga,34,42,15,1,16.4,8.138795979750322,35,100,0.01,0.84,467.74060534157326,467.74060534157326,0.0,0.0,19,0.5,0.1,0,0,0,0,0.72,0.33199999999999996,0.5445261022305147,0.0,467.74060534157326
P-n16-k8,ga,34,43,15,1,16.4,8.138795979750322,35,100,0.01,0.86,467.74060534157326,467.74060534157326,0.0,0.0,19,0.5,0.1,0,0,0,0,0.73,0.32799999999999996,0.5277337874695218,0.0,467.74060534157326
P-n16-k8,ga,34,44,15,1,16.4,8.138795979750322,35,100,0.01,0.88,467.74060534157326,467.74060534157326,0.0,0.0,19,0.5,0.1,0,0,0,0,0.74,0.32399999999999995,0.5104373658054034,0.0,467.74060534157326
P-n16-k8,ga,34,45,15,1,16.4,8.138795979750322,35,100,0.01,0.9,467.74060534157326,467.74060534157326,0.0,0.0,19,0.5,0.1,0,0,0,0,0.75,0.31999999999999995,0.49270509831248427,0.0,467.74060534157326
P-n16-k8,ga,34,46,15,1,16.4,8.138795979750322,35,100,0.01,0.92,467.74060534157326,467.74060534157326,0.0,0.0,19,0.5,0.1,0,0,0,0,0.76,0.31599999999999995,0.47460696614945647,0.0,467.74060534157326
P-n16-k8,ga,34,47,15,1,16.4,8.138795979750322,35,100,0.01,0.94,467.74060534157326,467.74060534157326,0.0,0.0,19,0.5,0.1,0,0,0,0,0.77,0.312,0.45621439437571754,0.0,467.74060534157326
P-n16-k8,ga,34,48,15,1,16.4,8.138795979750322,35,100,0.01,0.96,467.74060534157326,467.74060534157326,0.0,0.0,19,0.5,0.1,0,0,0,0,0.78,0.308,0.4375999700692914,0.0,467.74060534157326
P-n16-k8,ga,34,49,15,1,16.4,8.138795979750322,35,100,0.01,0.98,467.74060534157326,467.74060534157326,0.0,0.0,19,0.5,0.1,0,0,0,0,0.79,0.304,0.4188371558587941,0.0,467.74060534157326
P-n16-k8,ga,35,0,15,1,16.4,8.138795979750322,35,100,0.01,0.0,1000.0,1000.0,100.0,0.0,0,0.5,0.1,0,0,0,0,0.3,0.5,0.4,0.0,467.74060534157326
P-n16-k8,ga,35,1,15,1,16.4,8.138795979750322,35,100,0.01,0.02,467.74060534157326,467.74060534157326,100.0,0.0,0,0.5,0.1,0,0,0,0,0.31,0.496,0.41883715585879405,0.0,467.74060534157326
P-n16-k8,ga,35,2,15,1,16.4,8.138795979750322,35,100,0.01,0.04,467.74060534157326,467.74060534157326,100.0,0.0,0,0.5,0.1,0,0,0,0,0.32,0.492,0.4375999700692913,0.0,467.74060534157326
P-n16-k8,ga,35,3,15,1,16.4,8.138795979750322,35,100,0.01,0.06,467.74060534157326,467.74060534157326,100.0,0.0,0,0.5,0.1,0,0,0,0,0.32999999999999996,0.488,0.4562143943757174,0.0,467.74060534157326
P-n16-k8,ga,35,4,15,1,16.4,8.138795979750322,35,100,0.01,0.08,467.74060534157326,467.74060534157326,100.0,0.0,0,0.5,0.1,0,0,0,0,0.33999999999999997,0.484,0.47460696614945647,0.0,467.74060534157326
P-n16-k8,ga,35,5,15,1,16.4,8.138795979750322,35,100,0.01,0.1,467.74060534157326,467.74060534157326,100.0,0.0,0,0.5,0.1,0,0,0,0,0.35,0.48,0.4927050983124842,0.0,467.74060534157326
P-n16-k8,ga,35,6,15,1,16.4,8.138795979750322,35,100,0.01,0.12,467.74060534157326,467.74060534157326,100.0,0.0,0,0.5,0.1,0,0,0,0,0.36,0.476,0.5104373658054034,0.0,467.74060534157326
P-n16-k8,ga,35,7,15,1,16.4,8.138795979750322,35,100,0.01,0.14,467.74060534157326,467.7406053415733,100.0,0.0,0,0.5,0.1,0,0,0,0,0.37,0.472,0.5277337874695218,0.0,467.74060534157326
P-n16-k8,ga,35,8,15,1,16.4,8.138795979750322,35,100,0.01,0.16,467.74060534157326,467.74060534157326,100.0,0.0,0,0.5,0.1,0,0,0,0,0.38,0.46799999999999997,0.5445261022305146,0.0,467.74060534157326
P-n16-k8,ga,35,9,15,1,16.4,8.138795979750322,35,100,0.01,0.18,467.74060534157326,467.7406053415732,100.0,0.0,0,0.5,0.1,0,0,0,0,0.39,0.464,0.560748038493699,0.0,467.74060534157326
P-n16-k8,ga,35,10,15,1,16.4,8.138795979750322,35,100,0.01,0.2,467.74060534157326,467.74060534157326,100.0,0.0,0,0.5,0.1,0,0,0,0,0.4,0.45999999999999996,0.576335575687742,0.0,467.74060534157326
P-n16-k8,ga,35,11,15,1,16.4,8.138795979750322,35,100,0.01,0.22,467.74060534157326,467.74060534157326,0.0,0.0,10,0.5,0.1,0,0,0,0,0.41,0.456,0.5912271969246069,0.0,467.74060534157326
P-n16-k8,ga,35,12,15,1,16.4,8.138795979750322,35,100,0.01,0.24,467.74060534157326,467.74060534157326,0.0,0.0,11,0.5,0.1,0,0,0,0,0.42,0.452,0.6053641317786066,0.0,467.74060534157326
P-n16-k8,ga,35,13,15,1,16.4,8.138795979750322,35,100,0.01,0.26,467.74060534157326,467.74060534157326,0.0,0.0,12,0.5,0.1,0,0,0,0,0.43,0.448,0.6186905882264235,0.0,467.74060534157326
P-n16-k8,ga,35,14,15,1,16.4,8.138795979750322,35,100,0.01,0.28,467.74060534157326,467.74060534157326,0.0,0.0,13,0.5,0.1,0,0,0,0,0.44,0.444,0.6311539728327368,0.0,467.74060534157326
P-n16-k8,ga,35,15,15,1,16.4,8.138795979750322,35,100,0.01,0.3,467.74060534157326,467.74060534157326,0.0,0.0,14,0.5,0.1,0,0,0,0,0.44999999999999996,0.44,0.6427050983124842,0.0,467.74060534157326
P-n16-k8,ga,35,16,15,1,16.4,8.138795979750322,35,100,0.01,0.32,467.74060534157326,467.74060534157326,0.0,0.0,15,0.5,0.1,0,0,0,0,0.45999999999999996,0.436,0.6532983776506045,0.0,467.74060534157326
P-n16-k8,ga,35,17,15,1,16.4,8.138795979750322,35,100,0.01,0.34,467.74060534157326,467.74060534157326,0.0,0.0,16,0.5,0.1,0,0,0,0,0.47,0.432,0.6628920040131592,0.0,467.74060534157326
P-n16-k8,ga,35,18,15,1,16.4,8.138795979750322,35,100,0.01,0.36,467.74060534157326,467.74060534157326,0.0,0.0,17,0.5,0.1,0,0,0,0,0.48,0.428,0.6714481157398059,0.0,467.74060534157326
P-n16-k8,ga,35,19,15,1,16.4,8.138795979750322,35,100,0.01,0.38,467.74060534157326,467.74060534157326,0.0,0.0,18,0.5,0.1,0,0,0,0,0.49,0.424,0.6789329457664754,0.0,467.74060534157326
P-n16-k8,ga,35,20,15,1,16.4,8.138795979750322,35,100,0.01,0.4,467.74060534157326,467.74060534157326,0.0,0.0,19,0.5,0.1,0,0,0,0,0.5,0.42,0.685316954888546,0.0,467.74060534157326
P-n16-k8,ga,35,21,15,1,16.4,8.138795979750322,35,100,0.01,0.42,467.74060534157326,467.74060534157326,0.0,0.0,19,0.5,0.1,0,0,0,0,0.51,0.416,0.6905749483385893,0.0,467.74060534157326
P-n16-k8,ga,35,22,15,1,16.4,8.138795979750322,35,100,0.01,0.44,467.74060534157326,467.74060534157326,0.0,0.0,19,0.5,0.1,0,0,0,0,0.52,0.412,0.6946861752186066,0.0,467.74060534157326
P-n16-k8,ga,35,23,15,1,16.4,8.138795979750322,35,100,0.01,0.46,467.74060534157326,467.74060534157326,0.0,0.0,19,0.5,0.1,0,0,0,0,0.53,0.408,0.6976344103943434,0.0,467.74060534157326
P-n16-k8,ga,35,24,15,1,16.4,8.138795979750322,35,100,0.01,0.48,467.74060534157326,467.74060534157326,0.0,0.0,19,0.5,0.1,0,0,0,0,0.54,0.404,0.6994080185284814,0.0,467.74060534157326
P-n16-k8,ga,35,25,15,1,16.4,8.138795979750322,35,100,0.01,0.5,467.74060534157326,467.74060534157326,0.0,0.0,19,0.5,0.1,0,0,0,0,0.55,0.4,0.7,0.0,467.74060534157326
P-n16-k8,ga,35,26,15,1,16.4,8.138795979750322,35,100,0.01,0.52,467.74060534157326,467.74060534157326,0.0,0.0,19,0.5,0.1,0,0,0,0,0.56,0.396,0.6994080185284814,0.0,467.74060534157326
P-n16-k8,ga,35,27,15,1,16.4,8.138795979750322,35,100,0.01,0.54,467.74060534157326,467.74060534157326,0.0,0.0,19,0.5,0.1,0,0,0,0,0.5700000000000001,0.392,0.6976344103943433,0.0,467.74060534157326
P-n16-k8,ga,35,28,15,1,16.4,8.138795979750322,35,100,0.01,0.56,467.74060534157326,467.74060534157326,0.0,0.0,19,0.5,0.1,0,0,0,0,0.5800000000000001,0.388,0.6946861752186066,0.0,467.74060534157326
P-n16-k8,ga,35,29,15,1,16.4,8.138795979750322,35,100,0.01,0.58,467.74060534157326,467.74060534157326,0.0,0.0,19,0.5,0.1,0,0,0,0,0.59,0.384,0.6905749483385893,0.0,467.74060534157326
P-n16-k8,ga,35,30,15,1,16.4,8.138795979750322,35,100,0.01,0.6,467.74060534157326,467.74060534157326,0.0,0.0,19,0.5,0.1,0,0,0,0,0.6,0.38,0.685316954888546,0.0,467.74060534157326
P-n16-k8,ga,35,31,15,1,16.4,8.138795979750322,35,100,0.01,0.62,467.74060534157326,467.74060534157326,0.0,0.0,19,0.5,0.1,0,0,0,0,0.61,0.376,0.6789329457664754,0.0,467.74060534157326
P-n16-k8,ga,35,32,15,1,16.4,8.138795979750322,35,100,0.01,0.64,467.74060534157326,467.74060534157326,0.0,0.0,19,0.5,0.1,0,0,0,0,0.62,0.372,0.6714481157398058,0.0,467.74060534157326
P-n16-k8,ga,35,33,15,1,16.4,8.138795979750322,35,100,0.01,0.66,467.74060534157326,467.74060534157326,0.0,0.0,19,0.5,0.1,0,0,0,0,0.63,0.368,0.6628920040131591,0.0,467.74060534157326
P-n16-k8,ga,35,34,15,1,16.4,8.138795979750322,35,100,0.01,0.68,467.74060534157326,467.74060534157326,0.0,0.0,19,0.5,0.1,0,0,0,0,0.64,0.364,0.6532983776506045,0.0,467.74060534157326
P-n16-k8,ga,35,35,15,1,16.4,8.138795979750322,35,100,0.01,0.7,467.74060534157326,467.74060534157326,0.0,0.0,19,0.5,0.1,0,0,0,0,0.6499999999999999,0.36,0.6427050983124842,0.0,467.74060534157326
P-n16-k8,ga,35,36,15,1,16.4,8.138795979750322,35,100,0.01,0.72,467.74060534157326,467.74060534157326,0.0,0.0,19,0.5,0.1,0,0,0,0,0.6599999999999999,0.356,0.6311539728327368,0.0,467.74060534157326
P-n16-k8,ga,35,37,15,1,16.4,8.138795979750322,35,100,0.01,0.74,467.74060534157326,467.74060534157326,0.0,0.0,19,0.5,0.1,0,0,0,0,0.6699999999999999,0.352,0.6186905882264234,0.0,467.74060534157326
P-n16-k8,ga,35,38,15,1,16.4,8.138795979750322,35,100,0.01,0.76,467.74060534157326,467.74060534157326,0.0,0.0,19,0.5,0.1,0,0,0,0,0.6799999999999999,0.348,0.6053641317786067,0.0,467.74060534157326
P-n16-k8,ga,35,39,15,1,16.4,8.138795979750322,35,100,0.01,0.78,467.74060534157326,467.74060534157326,0.0,0.0,19,0.5,0.1,0,0,0,0,0.69,0.344,0.591227196924607,0.0,467.74060534157326
P-n16-k8,ga,35,40,15,1,16.4,8.138795979750322,35,100,0.01,0.8,467.74060534157326,467.74060534157326,0.0,0.0,19,0.5,0.1,0,0,0,0,0.7,0.33999999999999997,0.576335575687742,0.0,467.74060534157326
P-n16-k8,ga,35,41,15,1,16.4,8.138795979750322,35,100,0.01,0.82,467.74060534157326,467.74060534157326,0.0,0.0,19,0.5,0.1,0,0,0,0,0.71,0.33599999999999997,0.5607480384936991,0.0,467.74060534157326
P-n16-k8,ga,35,42,15,1,16.4,8.138795979750322,35,100,0.01,0.84,467.74060534157326,467.74060534157326,0.0,0.0,19,0.5,0.1,0,0,0,0,0.72,0.33199999999999996,0.5445261022305147,0.0,467.74060534157326
P-n16-k8,ga,35,43,15,1,16.4,8.138795979750322,35,100,0.01,0.86,467.74060534157326,467.74060534157326,0.0,0.0,19,0.5,0.1,0,0,0,0,0.73,0.32799999999999996,0.5277337874695218,0.0,467.74060534157326
P-n16-k8,ga,35,44,15,1,16.4,8.138795979750322,35,100,0.01,0.88,467.74060534157326,467.74060534157326,0.0,0.0,19,0.5,0.1,0,0,0,0,0.74,0.32399999999999995,0.5104373658054034,0.0,467.74060534157326
P-n16-k8,ga,35,45,15,1,16.4,8.138795979750322,35,100,0.01,0.9,467.74060534157326,467.74060534157326,0.0,0.0,19,0.5,0.1,0,0,0,0,0.75,0.31999999999999995,0.49270509831248427,0.0,467.74060534157326
P-n16-k8,ga,35,46,15,1,16.4,8.138795979750322,35,100,0.01,0.92,467.74060534157326,467.74060534157326,0.0,0.0,19,0.5,0.1,0,0,0,0,0.76,0.31599999999999995,0.47460696614945647,0.0,467.74060534157326
P-n16-k8,ga,35,47,15,1,16.4,8.138795979750322,35,100,0.01,0.94,467.74060534157326,467.74060534157326,0.0,0.0,19,0.5,0.1,0,0,0,0,0.77,0.312,0.45621439437571754,0.0,467.74060534157326
P-n16-k8,ga,35,48,15,1,16.4,8.138795979750322,35,100,0.01,0.96,467.74060534157326,467.74060534157326,0.0,0.0,19,0.5,0.1,0,0,0,0,0.78,0.308,0.4375999700692914,0.0,467.74060534157326
P-n16-k8,ga,35,49,15,1,16.4,8.138795979750322,35,100,0.01,0.98,467.74060534157326,467.74060534157326,0.0,0.0,19,0.5,0.1,0,0,0,0,0.79,0.304,0.4188371558587941,0.0,467.74060534157326
P-n16-k8,ga,36,0,15,1,16.4,8.138795979750322,35,100,0.01,0.0,1000.0,1000.0,100.0,0.0,0,0.5,0.1,0,0,0,0,0.3,0.5,0.4,0.0,467.74060534157326
P-n16-k8,ga,36,1,15,1,16.4,8.138795979750322,35,100,0.01,0.02,467.74060534157326,467.74060534157326,100.0,0.0,0,0.5,0.1,0,0,0,0,0.31,0.496,0.41883715585879405,0.0,467.74060534157326
P-n16-k8,ga,36,2,15,1,16.4,8.138795979750322,35,100,0.01,0.04,467.74060534157326,467.74060534157326,100.0,0.0,0,0.5,0.1,0,0,0,0,0.32,0.492,0.4375999700692913,0.0,467.74060534157326
P-n16-k8,ga,36,3,15,1,16.4,8.138795979750322,35,100,0.01,0.06,467.74060534157326,467.74060534157326,100.0,0.0,0,0.5,0.1,0,0,0,0,0.32999999999999996,0.488,0.4562143943757174,0.0,467.74060534157326
P-n16-k8,ga,36,4,15,1,16.4,8.138795979750322,35,100,0.01,0.08,467.74060534157326,467.74060534157326,100.0,0.0,0,0.5,0.1,0,0,0,0,0.33999999999999997,0.484,0.47460696614945647,0.0,467.74060534157326
P-n16-k8,ga,36,5,15,1,16.4,8.138795979750322,35,100,0.01,0.1,467.74060534157326,467.74060534157326,100.0,0.0,0,0.5,0.1,0,0,0,0,0.35,0.48,0.4927050983124842,0.0,467.74060534157326
P-n16-k8,ga,36,6,15,1,16.4,8.138795979750322,35,100,0.01,0.12,467.74060534157326,467.74060534157326,100.0,0.0,0,0.5,0.1,0,0,0,0,0.36,0.476,0.5104373658054034,0.0,467.74060534157326
P-n16-k8,ga,36,7,15,1,16.4,8.138795979750322,35,100,0.01,0.14,467.74060534157326,467.7406053415733,100.0,0.0,0,0.5,0.1,0,0,0,0,0.37,0.472,0.5277337874695218,0.0,467.74060534157326
P-n16-k8,ga,36,8,15,1,16.4,8.138795979750322,35,100,0.01,0.16,467.74060534157326,467.74060534157326,100.0,0.0,0,0.5,0.1,0,0,0,0,0.38,0.46799999999999997,0.5445261022305146,0.0,467.74060534157326
P-n16-k8,ga,36,9,15,1,16.4,8.138795979750322,35,100,0.01,0.18,467.74060534157326,467.7406053415732,100.0,0.0,0,0.5,0.1,0,0,0,0,0.39,0.464,0.560748038493699,0.0,467.74060534157326
P-n16-k8,ga,36,10,15,1,16.4,8.138795979750322,35,100,0.01,0.2,467.74060534157326,467.74060534157326,100.0,0.0,0,0.5,0.1,0,0,0,0,0.4,0.45999999999999996,0.576335575687742,0.0,467.74060534157326
P-n16-k8,ga,36,11,15,1,16.4,8.138795979750322,35,100,0.01,0.22,467.74060534157326,467.74060534157326,0.0,0.0,10,0.5,0.1,0,0,0,0,0.41,0.456,0.5912271969246069,0.0,467.74060534157326
P-n16-k8,ga,36,12,15,1,16.4,8.138795979750322,35,100,0.01,0.24,467.74060534157326,467.74060534157326,0.0,0.0,11,0.5,0.1,0,0,0,0,0.42,0.452,0.6053641317786066,0.0,467.74060534157326
P-n16-k8,ga,36,13,15,1,16.4,8.138795979750322,35,100,0.01,0.26,467.74060534157326,467.74060534157326,0.0,0.0,12,0.5,0.1,0,0,0,0,0.43,0.448,0.6186905882264235,0.0,467.74060534157326
P-n16-k8,ga,36,14,15,1,16.4,8.138795979750322,35,100,0.01,0.28,467.74060534157326,467.74060534157326,0.0,0.0,13,0.5,0.1,0,0,0,0,0.44,0.444,0.6311539728327368,0.0,467.74060534157326
P-n16-k8,ga,36,15,15,1,16.4,8.138795979750322,35,100,0.01,0.3,467.74060534157326,467.74060534157326,0.0,0.0,14,0.5,0.1,0,0,0,0,0.44999999999999996,0.44,0.6427050983124842,0.0,467.74060534157326
P-n16-k8,ga,36,16,15,1,16.4,8.138795979750322,35,100,0.01,0.32,467.74060534157326,467.74060534157326,0.0,0.0,15,0.5,0.1,0,0,0,0,0.45999999999999996,0.436,0.6532983776506045,0.0,467.74060534157326
P-n16-k8,ga,36,17,15,1,16.4,8.138795979750322,35,100,0.01,0.34,467.74060534157326,467.74060534157326,0.0,0.0,16,0.5,0.1,0,0,0,0,0.47,0.432,0.6628920040131592,0.0,467.74060534157326
P-n16-k8,ga,36,18,15,1,16.4,8.138795979750322,35,100,0.01,0.36,467.74060534157326,467.74060534157326,0.0,0.0,17,0.5,0.1,0,0,0,0,0.48,0.428,0.6714481157398059,0.0,467.74060534157326
P-n16-k8,ga,36,19,15,1,16.4,8.138795979750322,35,100,0.01,0.38,467.74060534157326,467.74060534157326,0.0,0.0,18,0.5,0.1,0,0,0,0,0.49,0.424,0.6789329457664754,0.0,467.74060534157326
P-n16-k8,ga,36,20,15,1,16.4,8.138795979750322,35,100,0.01,0.4,467.74060534157326,467.74060534157326,0.0,0.0,19,0.5,0.1,0,0,0,0,0.5,0.42,0.685316954888546,0.0,467.74060534157326
P-n16-k8,ga,36,21,15,1,16.4,8.138795979750322,35,100,0.01,0.42,467.74060534157326,467.74060534157326,0.0,0.0,19,0.5,0.1,0,0,0,0,0.51,0.416,0.6905749483385893,0.0,467.74060534157326
P-n16-k8,ga,36,22,15,1,16.4,8.138795979750322,35,100,0.01,0.44,467.74060534157326,467.74060534157326,0.0,0.0,19,0.5,0.1,0,0,0,0,0.52,0.412,0.6946861752186066,0.0,467.74060534157326
P-n16-k8,ga,36,23,15,1,16.4,8.138795979750322,35,100,0.01,0.46,467.74060534157326,467.74060534157326,0.0,0.0,19,0.5,0.1,0,0,0,0,0.53,0.408,0.6976344103943434,0.0,467.74060534157326
P-n16-k8,ga,36,24,15,1,16.4,8.138795979750322,35,100,0.01,0.48,467.74060534157326,467.74060534157326,0.0,0.0,19,0.5,0.1,0,0,0,0,0.54,0.404,0.6994080185284814,0.0,467.74060534157326
P-n16-k8,ga,36,25,15,1,16.4,8.138795979750322,35,100,0.01,0.5,467.74060534157326,467.74060534157326,0.0,0.0,19,0.5,0.1,0,0,0,0,0.55,0.4,0.7,0.0,467.74060534157326
P-n16-k8,ga,36,26,15,1,16.4,8.138795979750322,35,100,0.01,0.52,467.74060534157326,467.74060534157326,0.0,0.0,19,0.5,0.1,0,0,0,0,0.56,0.396,0.6994080185284814,0.0,467.74060534157326
P-n16-k8,ga,36,27,15,1,16.4,8.138795979750322,35,100,0.01,0.54,467.74060534157326,467.74060534157326,0.0,0.0,19,0.5,0.1,0,0,0,0,0.5700000000000001,0.392,0.6976344103943433,0.0,467.74060534157326
P-n16-k8,ga,36,28,15,1,16.4,8.138795979750322,35,100,0.01,0.56,467.74060534157326,467.74060534157326,0.0,0.0,19,0.5,0.1,0,0,0,0,0.5800000000000001,0.388,0.6946861752186066,0.0,467.74060534157326
P-n16-k8,ga,36,29,15,1,16.4,8.138795979750322,35,100,0.01,0.58,467.74060534157326,467.74060534157326,0.0,0.0,19,0.5,0.1,0,0,0,0,0.59,0.384,0.6905749483385893,0.0,467.74060534157326
P-n16-k8,ga,36,30,15,1,16.4,8.138795979750322,35,100,0.01,0.6,467.74060534157326,467.74060534157326,0.0,0.0,19,0.5,0.1,0,0,0,0,0.6,0.38,0.685316954888546,0.0,467.74060534157326
P-n16-k8,ga,36,31,15,1,16.4,8.138795979750322,35,100,0.01,0.62,467.74060534157326,467.74060534157326,0.0,0.0,19,0.5,0.1,0,0,0,0,0.61,0.376,0.6789329457664754,0.0,467.74060534157326
P-n16-k8,ga,36,32,15,1,16.4,8.138795979750322,35,100,0.01,0.64,467.74060534157326,467.74060534157326,0.0,0.0,19,0.5,0.1,0,0,0,0,0.62,0.372,0.6714481157398058,0.0,467.74060534157326
P-n16-k8,ga,36,33,15,1,16.4,8.138795979750322,35,100,0.01,0.66,467.74060534157326,467.74060534157326,0.0,0.0,19,0.5,0.1,0,0,0,0,0.63,0.368,0.6628920040131591,0.0,467.74060534157326
P-n16-k8,ga,36,34,15,1,16.4,8.138795979750322,35,100,0.01,0.68,467.74060534157326,467.74060534157326,0.0,0.0,19,0.5,0.1,0,0,0,0,0.64,0.364,0.6532983776506045,0.0,467.74060534157326
P-n16-k8,ga,36,35,15,1,16.4,8.138795979750322,35,100,0.01,0.7,467.74060534157326,467.74060534157326,0.0,0.0,19,0.5,0.1,0,0,0,0,0.6499999999999999,0.36,0.6427050983124842,0.0,467.74060534157326
P-n16-k8,ga,36,36,15,1,16.4,8.138795979750322,35,100,0.01,0.72,467.74060534157326,467.74060534157326,0.0,0.0,19,0.5,0.1,0,0,0,0,0.6599999999999999,0.356,0.6311539728327368,0.0,467.74060534157326
P-n16-k8,ga,36,37,15,1,16.4,8.138795979750322,35,100,0.01,0.74,467.74060534157326,467.74060534157326,0.0,0.0,19,0.5,0.1,0,0,0,0,0.6699999999999999,0.352,0.6186905882264234,0.0,467.74060534157326
P-n16-k8,ga,36,38,15,1,16.4,8.138795979750322,35,100,0.01,0.76,467.74060534157326,467.74060534157326,0.0,0.0,19,0.5,0.1,0,0,0,0,0.6799999999999999,0.348,0.6053641317786067,0.0,467.74060534157326
P-n16-k8,ga,36,39,15,1,16.4,8.138795979750322,35,100,0.01,0.78,467.74060534157326,467.74060534157326,0.0,0.0,19,0.5,0.1,0,0,0,0,0.69,0.344,0.591227196924607,0.0,467.74060534157326
P-n16-k8,ga,36,40,15,1,16.4,8.138795979750322,35,100,0.01,0.8,467.74060534157326,467.74060534157326,0.0,0.0,19,0.5,0.1,0,0,0,0,0.7,0.33999999999999997,0.576335575687742,0.0,467.74060534157326
P-n16-k8,ga,36,41,15,1,16.4,8.138795979750322,35,100,0.01,0.82,467.74060534157326,467.74060534157326,0.0,0.0,19,0.5,0.1,0,0,0,0,0.71,0.33599999999999997,0.5607480384936991,0.0,467.74060534157326
P-n16-k8,ga,36,42,15,1,16.4,8.138795979750322,35,100,0.01,0.84,467.74060534157326,467.74060534157326,0.0,0.0,19,0.5,0.1,0,0,0,0,0.72,0.33199999999999996,0.5445261022305147,0.0,467.74060534157326
P-n16-k8,ga,36,43,15,1,16.4,8.138795979750322,35,100,0.01,0.86,467.74060534157326,467.74060534157326,0.0,0.0,19,0.5,0.1,0,0,0,0,0.73,0.32799999999999996,0.5277337874695218,0.0,467.74060534157326
P-n16-k8,ga,36,44,15,1,16.4,8.138795979750322,35,100,0.01,0.88,467.74060534157326,467.74060534157326,0.0,0.0,19,0.5,0.1,0,0,0,0,0.74,0.32399999999999995,0.5104373658054034,0.0,467.74060534157326
P-n16-k8,ga,36,45,15,1,16.4,8.138795979750322,35,100,0.01,0.9,467.74060534157326,467.74060534157326,0.0,0.0,19,0.5,0.1,0,0,0,0,0.75,0.31999999999999995,0.49270509831248427,0.0,467.74060534157326
P-n16-k8,ga,36,46,15,1,16.4,8.138795979750322,35,100,0.01,0.92,467.74060534157326,467.74060534157326,0.0,0.0,19,0.5,0.1,0,0,0,0,0.76,0.31599999999999995,0.47460696614945647,0.0,467.74060534157326
P-n16-k8,ga,36,47,15,1,16.4,8.138795979750322,35,100,0.01,0.94,467.74060534157326,467.74060534157326,0.0,0.0,19,0.5,0.1,0,0,0,0,0.77,0.312,0.45621439437571754,0.0,467.74060534157326
P-n16-k8,ga,36,48,15,1,16.4,8.138795979750322,35,100,0.01,0.96,467.74060534157326,467.74060534157326,0.0,0.0,19,0.5,0.1,0,0,0,0,0.78,0.308,0.4375999700692914,0.0,467.74060534157326
P-n16-k8,ga,36,49,15,1,16.4,8.138795979750322,35,100,0.01,0.98,467.74060534157326,467.74060534157326,0.0,0.0,19,0.5,0.1,0,0,0,0,0.79,0.304,0.4188371558587941,0.0,467.74060534157326
P-n16-k8,ga,37,0,15,1,16.4,8.138795979750322,35,100,0.01,0.0,1000.0,1000.0,100.0,0.0,0,0.5,0.1,0,0,0,0,0.3,0.5,0.4,0.0,467.74060534157326
P-n16-k8,ga,37,1,15,1,16.4,8.138795979750322,35,100,0.01,0.02,467.74060534157326,467.74060534157326,100.0,0.0,0,0.5,0.1,0,0,0,0,0.31,0.496,0.41883715585879405,0.0,467.74060534157326
P-n16-k8,ga,37,2,15,1,16.4,8.138795979750322,35,100,0.01,0.04,467.74060534157326,467.74060534157326,100.0,0.0,0,0.5,0.1,0,0,0,0,0.32,0.492,0.4375999700692913,0.0,467.74060534157326
P-n16-k8,ga,37,3,15,1,16.4,8.138795979750322,35,100,0.01,0.06,467.74060534157326,467.74060534157326,100.0,0.0,0,0.5,0.1,0,0,0,0,0.32999999999999996,0.488,0.4562143943757174,0.0,467.74060534157326
P-n16-k8,ga,37,4,15,1,16.4,8.138795979750322,35,100,0.01,0.08,467.74060534157326,467.74060534157326,100.0,0.0,0,0.5,0.1,0,0,0,0,0.33999999999999997,0.484,0.47460696614945647,0.0,467.74060534157326
P-n16-k8,ga,37,5,15,1,16.4,8.138795979750322,35,100,0.01,0.1,467.74060534157326,467.74060534157326,100.0,0.0,0,0.5,0.1,0,0,0,0,0.35,0.48,0.4927050983124842,0.0,467.74060534157326
P-n16-k8,ga,37,6,15,1,16.4,8.138795979750322,35,100,0.01,0.12,467.74060534157326,467.74060534157326,100.0,0.0,0,0.5,0.1,0,0,0,0,0.36,0.476,0.5104373658054034,0.0,467.74060534157326
P-n16-k8,ga,37,7,15,1,16.4,8.138795979750322,35,100,0.01,0.14,467.74060534157326,467.7406053415733,100.0,0.0,0,0.5,0.1,0,0,0,0,0.37,0.472,0.5277337874695218,0.0,467.74060534157326
P-n16-k8,ga,37,8,15,1,16.4,8.138795979750322,35,100,0.01,0.16,467.74060534157326,467.74060534157326,100.0,0.0,0,0.5,0.1,0,0,0,0,0.38,0.46799999999999997,0.5445261022305146,0.0,467.74060534157326
P-n16-k8,ga,37,9,15,1,16.4,8.138795979750322,35,100,0.01,0.18,467.74060534157326,467.7406053415732,100.0,0.0,0,0.5,0.1,0,0,0,0,0.39,0.464,0.560748038493699,0.0,467.74060534157326
P-n16-k8,ga,37,10,15,1,16.4,8.138795979750322,35,100,0.01,0.2,467.74060534157326,467.74060534157326,100.0,0.0,0,0.5,0.1,0,0,0,0,0.4,0.45999999999999996,0.576335575687742,0.0,467.74060534157326
P-n16-k8,ga,37,11,15,1,16.4,8.138795979750322,35,100,0.01,0.22,467.74060534157326,467.74060534157326,0.0,0.0,10,0.5,0.1,0,0,0,0,0.41,0.456,0.5912271969246069,0.0,467.74060534157326
P-n16-k8,ga,37,12,15,1,16.4,8.138795979750322,35,100,0.01,0.24,467.74060534157326,467.74060534157326,0.0,0.0,11,0.5,0.1,0,0,0,0,0.42,0.452,0.6053641317786066,0.0,467.74060534157326
P-n16-k8,ga,37,13,15,1,16.4,8.138795979750322,35,100,0.01,0.26,467.74060534157326,467.74060534157326,0.0,0.0,12,0.5,0.1,0,0,0,0,0.43,0.448,0.6186905882264235,0.0,467.74060534157326
P-n16-k8,ga,37,14,15,1,16.4,8.138795979750322,35,100,0.01,0.28,467.74060534157326,467.74060534157326,0.0,0.0,13,0.5,0.1,0,0,0,0,0.44,0.444,0.6311539728327368,0.0,467.74060534157326
P-n16-k8,ga,37,15,15,1,16.4,8.138795979750322,35,100,0.01,0.3,467.74060534157326,467.74060534157326,0.0,0.0,14,0.5,0.1,0,0,0,0,0.44999999999999996,0.44,0.6427050983124842,0.0,467.74060534157326
P-n16-k8,ga,37,16,15,1,16.4,8.138795979750322,35,100,0.01,0.32,467.74060534157326,467.74060534157326,0.0,0.0,15,0.5,0.1,0,0,0,0,0.45999999999999996,0.436,0.6532983776506045,0.0,467.74060534157326
P-n16-k8,ga,37,17,15,1,16.4,8.138795979750322,35,100,0.01,0.34,467.74060534157326,467.74060534157326,0.0,0.0,16,0.5,0.1,0,0,0,0,0.47,0.432,0.6628920040131592,0.0,467.74060534157326
P-n16-k8,ga,37,18,15,1,16.4,8.138795979750322,35,100,0.01,0.36,467.74060534157326,467.74060534157326,0.0,0.0,17,0.5,0.1,0,0,0,0,0.48,0.428,0.6714481157398059,0.0,467.74060534157326
P-n16-k8,ga,37,19,15,1,16.4,8.138795979750322,35,100,0.01,0.38,467.74060534157326,467.74060534157326,0.0,0.0,18,0.5,0.1,0,0,0,0,0.49,0.424,0.6789329457664754,0.0,467.74060534157326
P-n16-k8,ga,37,20,15,1,16.4,8.138795979750322,35,100,0.01,0.4,467.74060534157326,467.74060534157326,0.0,0.0,19,0.5,0.1,0,0,0,0,0.5,0.42,0.685316954888546,0.0,467.74060534157326
P-n16-k8,ga,37,21,15,1,16.4,8.138795979750322,35,100,0.01,0.42,467.74060534157326,467.74060534157326,0.0,0.0,19,0.5,0.1,0,0,0,0,0.51,0.416,0.6905749483385893,0.0,467.74060534157326
P-n16-k8,ga,37,22,15,1,16.4,8.138795979750322,35,100,0.01,0.44,467.74060534157326,467.74060534157326,0.0,0.0,19,0.5,0.1,0,0,0,0,0.52,0.412,0.6946861752186066,0.0,467.74060534157326
P-n16-k8,ga,37,23,15,1,16.4,8.138795979750322,35,100,0.01,0.46,467.74060534157326,467.74060534157326,0.0,0.0,19,0.5,0.1,0,0,0,0,0.53,0.408,0.6976344103943434,0.0,467.74060534157326
P-n16-k8,ga,37,24,15,1,16.4,8.138795979750322,35,100,0.01,0.48,467.74060534157326,467.74060534157326,0.0,0.0,19,0.5,0.1,0,0,0,0,0.54,0.404,0.6994080185284814,0.0,467.74060534157326
P-n16-k8,ga,37,25,15,1,16.4,8.138795979750322,35,100,0.01,0.5,467.74060534157326,467.74060534157326,0.0,0.0,19,0.5,0.1,0,0,0,0,0.55,0.4,0.7,0.0,467.74060534157326
P-n16-k8,ga,37,26,15,1,16.4,8.138795979750322,35,100,0.01,0.52,467.74060534157326,467.74060534157326,0.0,0.0,19,0.5,0.1,0,0,0,0,0.56,0.396,0.6994080185284814,0.0,467.74060534157326
P-n16-k8,ga,37,27,15,1,16.4,8.138795979750322,35,100,0.01,0.54,467.74060534157326,467.74060534157326,0.0,0.0,19,0.5,0.1,0,0,0,0,0.5700000000000001,0.392,0.6976344103943433,0.0,467.74060534157326
P-n16-k8,ga,37,28,15,1,16.4,8.138795979750322,35,100,0.01,0.56,467.74060534157326,467.74060534157326,0.0,0.0,19,0.5,0.1,0,0,0,0,0.5800000000000001,0.388,0.6946861752186066,0.0,467.74060534157326
P-n16-k8,ga,37,29,15,1,16.4,8.138795979750322,35,100,0.01,0.58,467.74060534157326,467.74060534157326,0.0,0.0,19,0.5,0.1,0,0,0,0,0.59,0.384,0.6905749483385893,0.0,467.74060534157326
P-n16-k8,ga,37,30,15,1,16.4,8.138795979750322,35,100,0.01,0.6,467.74060534157326,467.74060534157326,0.0,0.0,19,0.5,0.1,0,0,0,0,0.6,0.38,0.685316954888546,0.0,467.74060534157326
P-n16-k8,ga,37,31,15,1,16.4,8.138795979750322,35,100,0.01,0.62,467.74060534157326,467.74060534157326,0.0,0.0,19,0.5,0.1,0,0,0,0,0.61,0.376,0.6789329457664754,0.0,467.74060534157326
P-n16-k8,ga,37,32,15,1,16.4,8.138795979750322,35,100,0.01,0.64,467.74060534157326,467.74060534157326,0.0,0.0,19,0.5,0.1,0,0,0,0,0.62,0.372,0.6714481157398058,0.0,467.74060534157326
P-n16-k8,ga,37,33,15,1,16.4,8.138795979750322,35,100,0.01,0.66,467.74060534157326,467.74060534157326,0.0,0.0,19,0.5,0.1,0,0,0,0,0.63,0.368,0.6628920040131591,0.0,467.74060534157326
P-n16-k8,ga,37,34,15,1,16.4,8.138795979750322,35,100,0.01,0.68,467.74060534157326,467.74060534157326,0.0,0.0,19,0.5,0.1,0,0,0,0,0.64,0.364,0.6532983776506045,0.0,467.74060534157326
P-n16-k8,ga,37,35,15,1,16.4,8.138795979750322,35,100,0.01,0.7,467.74060534157326,467.74060534157326,0.0,0.0,19,0.5,0.1,0,0,0,0,0.6499999999999999,0.36,0.6427050983124842,0.0,467.74060534157326
P-n16-k8,ga,37,36,15,1,16.4,8.138795979750322,35,100,0.01,0.72,467.74060534157326,467.74060534157326,0.0,0.0,19,0.5,0.1,0,0,0,0,0.6599999999999999,0.356,0.6311539728327368,0.0,467.74060534157326
P-n16-k8,ga,37,37,15,1,16.4,8.138795979750322,35,100,0.01,0.74,467.74060534157326,467.74060534157326,0.0,0.0,19,0.5,0.1,0,0,0,0,0.6699999999999999,0.352,0.6186905882264234,0.0,467.74060534157326
P-n16-k8,ga,37,38,15,1,16.4,8.138795979750322,35,100,0.01,0.76,467.74060534157326,467.74060534157326,0.0,0.0,19,0.5,0.1,0,0,0,0,0.6799999999999999,0.348,0.6053641317786067,0.0,467.74060534157326
P-n16-k8,ga,37,39,15,1,16.4,8.138795979750322,35,100,0.01,0.78,467.74060534157326,467.74060534157326,0.0,0.0,19,0.5,0.1,0,0,0,0,0.69,0.344,0.591227196924607,0.0,467.74060534157326
P-n16-k8,ga,37,40,15,1,16.4,8.138795979750322,35,100,0.01,0.8,467.74060534157326,467.74060534157326,0.0,0.0,19,0.5,0.1,0,0,0,0,0.7,0.33999999999999997,0.576335575687742,0.0,467.74060534157326
P-n16-k8,ga,37,41,15,1,16.4,8.138795979750322,35,100,0.01,0.82,467.74060534157326,467.74060534157326,0.0,0.0,19,0.5,0.1,0,0,0,0,0.71,0.33599999999999997,0.5607480384936991,0.0,467.74060534157326
P-n16-k8,ga,37,42,15,1,16.4,8.138795979750322,35,100,0.01,0.84,467.74060534157326,467.74060534157326,0.0,0.0,19,0.5,0.1,0,0,0,0,0.72,0.33199999999999996,0.5445261022305147,0.0,467.74060534157326
P-n16-k8,ga,37,43,15,1,16.4,8.138795979750322,35,100,0.01,0.86,467.74060534157326,467.74060534157326,0.0,0.0,19,0.5,0.1,0,0,0,0,0.73,0.32799999999999996,0.5277337874695218,0.0,467.74060534157326
P-n16-k8,ga,37,44,15,1,16.4,8.138795979750322,35,100,0.01,0.88,467.74060534157326,467.74060534157326,0.0,0.0,19,0.5,0.1,0,0,0,0,0.74,0.32399999999999995,0.5104373658054034,0.0,467.74060534157326
P-n16-k8,ga,37,45,15,1,16.4,8.138795979750322,35,100,0.01,0.9,467.74060534157326,467.74060534157326,0.0,0.0,19,0.5,0.1,0,0,0,0,0.75,0.31999999999999995,0.49270509831248427,0.0,467.74060534157326
P-n16-k8,ga,37,46,15,1,16.4,8.138795979750322,35,100,0.01,0.92,467.74060534157326,467.74060534157326,0.0,0.0,19,0.5,0.1,0,0,0,0,0.76,0.31599999999999995,0.47460696614945647,0.0,467.74060534157326
P-n16-k8,ga,37,47,15,1,16.4,8.138795979750322,35,100,0.01,0.94,467.74060534157326,467.74060534157326,0.0,0.0,19,0.5,0.1,0,0,0,0,0.77,0.312,0.45621439437571754,0.0,467.74060534157326
P-n16-k8,ga,37,48,15,1,16.4,8.138795979750322,35,100,0.01,0.96,467.74060534157326,467.74060534157326,0.0,0.0,19,0.5,0.1,0,0,0,0,0.78,0.308,0.4375999700692914,0.0,467.74060534157326
P-n16-k8,ga,37,49,15,1,16.4,8.138795979750322,35,100,0.01,0.98,467.74060534157326,467.74060534157326,0.0,0.0,19,0.5,0.1,0,0,0,0,0.79,0.304,0.4188371558587941,0.0,467.74060534157326
P-n16-k8,ga,38,0,15,1,16.4,8.138795979750322,35,100,0.01,0.0,1000.0,1000.0,100.0,0.0,0,0.5,0.1,0,0,0,0,0.3,0.5,0.4,0.0,467.74060534157326
P-n16-k8,ga,38,1,15,1,16.4,8.138795979750322,35,100,0.01,0.02,467.74060534157326,467.74060534157326,100.0,0.0,0,0.5,0.1,0,0,0,0,0.31,0.496,0.41883715585879405,0.0,467.74060534157326
P-n16-k8,ga,38,2,15,1,16.4,8.138795979750322,35,100,0.01,0.04,467.74060534157326,467.74060534157326,100.0,0.0,0,0.5,0.1,0,0,0,0,0.32,0.492,0.4375999700692913,0.0,467.74060534157326
P-n16-k8,ga,38,3,15,1,16.4,8.138795979750322,35,100,0.01,0.06,467.74060534157326,467.74060534157326,100.0,0.0,0,0.5,0.1,0,0,0,0,0.32999999999999996,0.488,0.4562143943757174,0.0,467.74060534157326
P-n16-k8,ga,38,4,15,1,16.4,8.138795979750322,35,100,0.01,0.08,467.74060534157326,467.74060534157326,100.0,0.0,0,0.5,0.1,0,0,0,0,0.33999999999999997,0.484,0.47460696614945647,0.0,467.74060534157326
P-n16-k8,ga,38,5,15,1,16.4,8.138795979750322,35,100,0.01,0.1,467.74060534157326,467.74060534157326,100.0,0.0,0,0.5,0.1,0,0,0,0,0.35,0.48,0.4927050983124842,0.0,467.74060534157326
P-n16-k8,ga,38,6,15,1,16.4,8.138795979750322,35,100,0.01,0.12,467.74060534157326,467.74060534157326,100.0,0.0,0,0.5,0.1,0,0,0,0,0.36,0.476,0.5104373658054034,0.0,467.74060534157326
P-n16-k8,ga,38,7,15,1,16.4,8.138795979750322,35,100,0.01,0.14,467.74060534157326,467.7406053415733,100.0,0.0,0,0.5,0.1,0,0,0,0,0.37,0.472,0.5277337874695218,0.0,467.74060534157326
P-n16-k8,ga,38,8,15,1,16.4,8.138795979750322,35,100,0.01,0.16,467.74060534157326,467.74060534157326,100.0,0.0,0,0.5,0.1,0,0,0,0,0.38,0.46799999999999997,0.5445261022305146,0.0,467.74060534157326
P-n16-k8,ga,38,9,15,1,16.4,8.138795979750322,35,100,0.01,0.18,467.74060534157326,467.7406053415732,100.0,0.0,0,0.5,0.1,0,0,0,0,0.39,0.464,0.560748038493699,0.0,467.74060534157326
P-n16-k8,ga,38,10,15,1,16.4,8.138795979750322,35,100,0.01,0.2,467.74060534157326,467.74060534157326,100.0,0.0,0,0.5,0.1,0,0,0,0,0.4,0.45999999999999996,0.576335575687742,0.0,467.74060534157326
P-n16-k8,ga,38,11,15,1,16.4,8.138795979750322,35,100,0.01,0.22,467.74060534157326,467.74060534157326,0.0,0.0,10,0.5,0.1,0,0,0,0,0.41,0.456,0.5912271969246069,0.0,467.74060534157326
P-n16-k8,ga,38,12,15,1,16.4,8.138795979750322,35,100,0.01,0.24,467.74060534157326,467.74060534157326,0.0,0.0,11,0.5,0.1,0,0,0,0,0.42,0.452,0.6053641317786066,0.0,467.74060534157326
P-n16-k8,ga,38,13,15,1,16.4,8.138795979750322,35,100,0.01,0.26,467.74060534157326,467.74060534157326,0.0,0.0,12,0.5,0.1,0,0,0,0,0.43,0.448,0.6186905882264235,0.0,467.74060534157326
P-n16-k8,ga,38,14,15,1,16.4,8.138795979750322,35,100,0.01,0.28,467.74060534157326,467.74060534157326,0.0,0.0,13,0.5,0.1,0,0,0,0,0.44,0.444,0.6311539728327368,0.0,467.74060534157326
P-n16-k8,ga,38,15,15,1,16.4,8.138795979750322,35,100,0.01,0.3,467.74060534157326,467.74060534157326,0.0,0.0,14,0.5,0.1,0,0,0,0,0.44999999999999996,0.44,0.6427050983124842,0.0,467.74060534157326
P-n16-k8,ga,38,16,15,1,16.4,8.138795979750322,35,100,0.01,0.32,467.74060534157326,467.74060534157326,0.0,0.0,15,0.5,0.1,0,0,0,0,0.45999999999999996,0.436,0.6532983776506045,0.0,467.74060534157326
P-n16-k8,ga,38,17,15,1,16.4,8.138795979750322,35,100,0.01,0.34,467.74060534157326,467.74060534157326,0.0,0.0,16,0.5,0.1,0,0,0,0,0.47,0.432,0.6628920040131592,0.0,467.74060534157326
P-n16-k8,ga,38,18,15,1,16.4,8.138795979750322,35,100,0.01,0.36,467.74060534157326,467.74060534157326,0.0,0.0,17,0.5,0.1,0,0,0,0,0.48,0.428,0.6714481157398059,0.0,467.74060534157326
P-n16-k8,ga,38,19,15,1,16.4,8.138795979750322,35,100,0.01,0.38,467.74060534157326,467.74060534157326,0.0,0.0,18,0.5,0.1,0,0,0,0,0.49,0.424,0.6789329457664754,0.0,467.74060534157326
P-n16-k8,ga,38,20,15,1,16.4,8.138795979750322,35,100,0.01,0.4,467.74060534157326,467.74060534157326,0.0,0.0,19,0.5,0.1,0,0,0,0,0.5,0.42,0.685316954888546,0.0,467.74060534157326
P-n16-k8,ga,38,21,15,1,16.4,8.138795979750322,35,100,0.01,0.42,467.74060534157326,467.74060534157326,0.0,0.0,19,0.5,0.1,0,0,0,0,0.51,0.416,0.6905749483385893,0.0,467.74060534157326
P-n16-k8,ga,38,22,15,1,16.4,8.138795979750322,35,100,0.01,0.44,467.74060534157326,467.74060534157326,0.0,0.0,19,0.5,0.1,0,0,0,0,0.52,0.412,0.6946861752186066,0.0,467.74060534157326
P-n16-k8,ga,38,23,15,1,16.4,8.138795979750322,35,100,0.01,0.46,467.74060534157326,467.74060534157326,0.0,0.0,19,0.5,0.1,0,0,0,0,0.53,0.408,0.6976344103943434,0.0,467.74060534157326
P-n16-k8,ga,38,24,15,1,16.4,8.138795979750322,35,100,0.01,0.48,467.74060534157326,467.74060534157326,0.0,0.0,19,0.5,0.1,0,0,0,0,0.54,0.404,0.6994080185284814,0.0,467.74060534157326
P-n16-k8,ga,38,25,15,1,16.4,8.138795979750322,35,100,0.01,0.5,467.74060534157326,467.74060534157326,0.0,0.0,19,0.5,0.1,0,0,0,0,0.55,0.4,0.7,0.0,467.74060534157326
P-n16-k8,ga,38,26,15,1,16.4,8.138795979750322,35,100,0.01,0.52,467.74060534157326,467.74060534157326,0.0,0.0,19,0.5,0.1,0,0,0,0,0.56,0.396,0.6994080185284814,0.0,467.74060534157326
P-n16-k8,ga,38,27,15,1,16.4,8.138795979750322,35,100,0.01,0.54,467.74060534157326,467.74060534157326,0.0,0.0,19,0.5,0.1,0,0,0,0,0.5700000000000001,0.392,0.6976344103943433,0.0,467.74060534157326
P-n16-k8,ga,38,28,15,1,16.4,8.138795979750322,35,100,0.01,0.56,467.74060534157326,467.74060534157326,0.0,0.0,19,0.5,0.1,0,0,0,0,0.5800000000000001,0.388,0.6946861752186066,0.0,467.74060534157326
P-n16-k8,ga,38,29,15,1,16.4,8.138795979750322,35,100,0.01,0.58,467.74060534157326,467.74060534157326,0.0,0.0,19,0.5,0.1,0,0,0,0,0.59,0.384,0.6905749483385893,0.0,467.74060534157326
P-n16-k8,ga,38,30,15,1,16.4,8.138795979750322,35,100,0.01,0.6,467.74060534157326,467.74060534157326,0.0,0.0,19,0.5,0.1,0,0,0,0,0.6,0.38,0.685316954888546,0.0,467.74060534157326
P-n16-k8,ga,38,31,15,1,16.4,8.138795979750322,35,100,0.01,0.62,467.74060534157326,467.74060534157326,0.0,0.0,19,0.5,0.1,0,0,0,0,0.61,0.376,0.6789329457664754,0.0,467.74060534157326
P-n16-k8,ga,38,32,15,1,16.4,8.138795979750322,35,100,0.01,0.64,467.74060534157326,467.74060534157326,0.0,0.0,19,0.5,0.1,0,0,0,0,0.62,0.372,0.6714481157398058,0.0,467.74060534157326
P-n16-k8,ga,38,33,15,1,16.4,8.138795979750322,35,100,0.01,0.66,467.74060534157326,467.74060534157326,0.0,0.0,19,0.5,0.1,0,0,0,0,0.63,0.368,0.6628920040131591,0.0,467.74060534157326
P-n16-k8,ga,38,34,15,1,16.4,8.138795979750322,35,100,0.01,0.68,467.74060534157326,467.74060534157326,0.0,0.0,19,0.5,0.1,0,0,0,0,0.64,0.364,0.6532983776506045,0.0,467.74060534157326
P-n16-k8,ga,38,35,15,1,16.4,8.138795979750322,35,100,0.01,0.7,467.74060534157326,467.74060534157326,0.0,0.0,19,0.5,0.1,0,0,0,0,0.6499999999999999,0.36,0.6427050983124842,0.0,467.74060534157326
P-n16-k8,ga,38,36,15,1,16.4,8.138795979750322,35,100,0.01,0.72,467.74060534157326,467.74060534157326,0.0,0.0,19,0.5,0.1,0,0,0,0,0.6599999999999999,0.356,0.6311539728327368,0.0,467.74060534157326
P-n16-k8,ga,38,37,15,1,16.4,8.138795979750322,35,100,0.01,0.74,467.74060534157326,467.74060534157326,0.0,0.0,19,0.5,0.1,0,0,0,0,0.6699999999999999,0.352,0.6186905882264234,0.0,467.74060534157326
P-n16-k8,ga,38,38,15,1,16.4,8.138795979750322,35,100,0.01,0.76,467.74060534157326,467.74060534157326,0.0,0.0,19,0.5,0.1,0,0,0,0,0.6799999999999999,0.348,0.6053641317786067,0.0,467.74060534157326
P-n16-k8,ga,38,39,15,1,16.4,8.138795979750322,35,100,0.01,0.78,467.74060534157326,467.74060534157326,0.0,0.0,19,0.5,0.1,0,0,0,0,0.69,0.344,0.591227196924607,0.0,467.74060534157326
P-n16-k8,ga,38,40,15,1,16.4,8.138795979750322,35,100,0.01,0.8,467.74060534157326,467.74060534157326,0.0,0.0,19,0.5,0.1,0,0,0,0,0.7,0.33999999999999997,0.576335575687742,0.0,467.74060534157326
P-n16-k8,ga,38,41,15,1,16.4,8.138795979750322,35,100,0.01,0.82,467.74060534157326,467.74060534157326,0.0,0.0,19,0.5,0.1,0,0,0,0,0.71,0.33599999999999997,0.5607480384936991,0.0,467.74060534157326
P-n16-k8,ga,38,42,15,1,16.4,8.138795979750322,35,100,0.01,0.84,467.74060534157326,467.74060534157326,0.0,0.0,19,0.5,0.1,0,0,0,0,0.72,0.33199999999999996,0.5445261022305147,0.0,467.74060534157326
P-n16-k8,ga,38,43,15,1,16.4,8.138795979750322,35,100,0.01,0.86,467.74060534157326,467.74060534157326,0.0,0.0,19,0.5,0.1,0,0,0,0,0.73,0.32799999999999996,0.5277337874695218,0.0,467.74060534157326
P-n16-k8,ga,38,44,15,1,16.4,8.138795979750322,35,100,0.01,0.88,467.74060534157326,467.74060534157326,0.0,0.0,19,0.5,0.1,0,0,0,0,0.74,0.32399999999999995,0.5104373658054034,0.0,467.74060534157326
P-n16-k8,ga,38,45,15,1,16.4,8.138795979750322,35,100,0.01,0.9,467.74060534157326,467.74060534157326,0.0,0.0,19,0.5,0.1,0,0,0,0,0.75,0.31999999999999995,0.49270509831248427,0.0,467.74060534157326
P-n16-k8,ga,38,46,15,1,16.4,8.138795979750322,35,100,0.01,0.92,467.74060534157326,467.74060534157326,0.0,0.0,19,0.5,0.1,0,0,0,0,0.76,0.31599999999999995,0.47460696614945647,0.0,467.74060534157326
P-n16-k8,ga,38,47,15,1,16.4,8.138795979750322,35,100,0.01,0.94,467.74060534157326,467.74060534157326,0.0,0.0,19,0.5,0.1,0,0,0,0,0.77,0.312,0.45621439437571754,0.0,467.74060534157326
P-n16-k8,ga,38,48,15,1,16.4,8.138795979750322,35,100,0.01,0.96,467.74060534157326,467.74060534157326,0.0,0.0,19,0.5,0.1,0,0,0,0,0.78,0.308,0.4375999700692914,0.0,467.74060534157326
P-n16-k8,ga,38,49,15,1,16.4,8.138795979750322,35,100,0.01,0.98,467.74060534157326,467.74060534157326,0.0,0.0,19,0.5,0.1,0,0,0,0,0.79,0.304,0.4188371558587941,0.0,467.74060534157326
P-n16-k8,ga,39,0,15,1,16.4,8.138795979750322,35,100,0.01,0.0,1000.0,1000.0,100.0,0.0,0,0.5,0.1,0,0,0,0,0.3,0.5,0.4,0.0,467.74060534157326
P-n16-k8,ga,39,1,15,1,16.4,8.138795979750322,35,100,0.01,0.02,467.74060534157326,467.74060534157326,100.0,0.0,0,0.5,0.1,0,0,0,0,0.31,0.496,0.41883715585879405,0.0,467.74060534157326
P-n16-k8,ga,39,2,15,1,16.4,8.138795979750322,35,100,0.01,0.04,467.74060534157326,467.74060534157326,100.0,0.0,0,0.5,0.1,0,0,0,0,0.32,0.492,0.4375999700692913,0.0,467.74060534157326
P-n16-k8,ga,39,3,15,1,16.4,8.138795979750322,35,100,0.01,0.06,467.74060534157326,467.74060534157326,100.0,0.0,0,0.5,0.1,0,0,0,0,0.32999999999999996,0.488,0.4562143943757174,0.0,467.74060534157326
P-n16-k8,ga,39,4,15,1,16.4,8.138795979750322,35,100,0.01,0.08,467.74060534157326,467.74060534157326,100.0,0.0,0,0.5,0.1,0,0,0,0,0.33999999999999997,0.484,0.47460696614945647,0.0,467.74060534157326
P-n16-k8,ga,39,5,15,1,16.4,8.138795979750322,35,100,0.01,0.1,467.74060534157326,467.74060534157326,100.0,0.0,0,0.5,0.1,0,0,0,0,0.35,0.48,0.4927050983124842,0.0,467.74060534157326
P-n16-k8,ga,39,6,15,1,16.4,8.138795979750322,35,100,0.01,0.12,467.74060534157326,467.74060534157326,100.0,0.0,0,0.5,0.1,0,0,0,0,0.36,0.476,0.5104373658054034,0.0,467.74060534157326
P-n16-k8,ga,39,7,15,1,16.4,8.138795979750322,35,100,0.01,0.14,467.74060534157326,467.7406053415733,100.0,0.0,0,0.5,0.1,0,0,0,0,0.37,0.472,0.5277337874695218,0.0,467.74060534157326
P-n16-k8,ga,39,8,15,1,16.4,8.138795979750322,35,100,0.01,0.16,467.74060534157326,467.74060534157326,100.0,0.0,0,0.5,0.1,0,0,0,0,0.38,0.46799999999999997,0.5445261022305146,0.0,467.74060534157326
P-n16-k8,ga,39,9,15,1,16.4,8.138795979750322,35,100,0.01,0.18,467.74060534157326,467.7406053415732,100.0,0.0,0,0.5,0.1,0,0,0,0,0.39,0.464,0.560748038493699,0.0,467.74060534157326
P-n16-k8,ga,39,10,15,1,16.4,8.138795979750322,35,100,0.01,0.2,467.74060534157326,467.74060534157326,100.0,0.0,0,0.5,0.1,0,0,0,0,0.4,0.45999999999999996,0.576335575687742,0.0,467.74060534157326
P-n16-k8,ga,39,11,15,1,16.4,8.138795979750322,35,100,0.01,0.22,467.74060534157326,467.74060534157326,0.0,0.0,10,0.5,0.1,0,0,0,0,0.41,0.456,0.5912271969246069,0.0,467.74060534157326
P-n16-k8,ga,39,12,15,1,16.4,8.138795979750322,35,100,0.01,0.24,467.74060534157326,467.74060534157326,0.0,0.0,11,0.5,0.1,0,0,0,0,0.42,0.452,0.6053641317786066,0.0,467.74060534157326
P-n16-k8,ga,39,13,15,1,16.4,8.138795979750322,35,100,0.01,0.26,467.74060534157326,467.74060534157326,0.0,0.0,12,0.5,0.1,0,0,0,0,0.43,0.448,0.6186905882264235,0.0,467.74060534157326
P-n16-k8,ga,39,14,15,1,16.4,8.138795979750322,35,100,0.01,0.28,467.74060534157326,467.74060534157326,0.0,0.0,13,0.5,0.1,0,0,0,0,0.44,0.444,0.6311539728327368,0.0,467.74060534157326
P-n16-k8,ga,39,15,15,1,16.4,8.138795979750322,35,100,0.01,0.3,467.74060534157326,467.74060534157326,0.0,0.0,14,0.5,0.1,0,0,0,0,0.44999999999999996,0.44,0.6427050983124842,0.0,467.74060534157326
P-n16-k8,ga,39,16,15,1,16.4,8.138795979750322,35,100,0.01,0.32,467.74060534157326,467.74060534157326,0.0,0.0,15,0.5,0.1,0,0,0,0,0.45999999999999996,0.436,0.6532983776506045,0.0,467.74060534157326
P-n16-k8,ga,39,17,15,1,16.4,8.138795979750322,35,100,0.01,0.34,467.74060534157326,467.74060534157326,0.0,0.0,16,0.5,0.1,0,0,0,0,0.47,0.432,0.6628920040131592,0.0,467.74060534157326
P-n16-k8,ga,39,18,15,1,16.4,8.138795979750322,35,100,0.01,0.36,467.74060534157326,467.74060534157326,0.0,0.0,17,0.5,0.1,0,0,0,0,0.48,0.428,0.6714481157398059,0.0,467.74060534157326
P-n16-k8,ga,39,19,15,1,16.4,8.138795979750322,35,100,0.01,0.38,467.74060534157326,467.74060534157326,0.0,0.0,18,0.5,0.1,0,0,0,0,0.49,0.424,0.6789329457664754,0.0,467.74060534157326
P-n16-k8,ga,39,20,15,1,16.4,8.138795979750322,35,100,0.01,0.4,467.74060534157326,467.74060534157326,0.0,0.0,19,0.5,0.1,0,0,0,0,0.5,0.42,0.685316954888546,0.0,467.74060534157326
P-n16-k8,ga,39,21,15,1,16.4,8.138795979750322,35,100,0.01,0.42,467.74060534157326,467.74060534157326,0.0,0.0,19,0.5,0.1,0,0,0,0,0.51,0.416,0.6905749483385893,0.0,467.74060534157326
P-n16-k8,ga,39,22,15,1,16.4,8.138795979750322,35,100,0.01,0.44,467.74060534157326,467.74060534157326,0.0,0.0,19,0.5,0.1,0,0,0,0,0.52,0.412,0.6946861752186066,0.0,467.74060534157326
P-n16-k8,ga,39,23,15,1,16.4,8.138795979750322,35,100,0.01,0.46,467.74060534157326,467.74060534157326,0.0,0.0,19,0.5,0.1,0,0,0,0,0.53,0.408,0.6976344103943434,0.0,467.74060534157326
P-n16-k8,ga,39,24,15,1,16.4,8.138795979750322,35,100,0.01,0.48,467.74060534157326,467.74060534157326,0.0,0.0,19,0.5,0.1,0,0,0,0,0.54,0.404,0.6994080185284814,0.0,467.74060534157326
P-n16-k8,ga,39,25,15,1,16.4,8.138795979750322,35,100,0.01,0.5,467.74060534157326,467.74060534157326,0.0,0.0,19,0.5,0.1,0,0,0,0,0.55,0.4,0.7,0.0,467.74060534157326
P-n16-k8,ga,39,26,15,1,16.4,8.138795979750322,35,100,0.01,0.52,467.74060534157326,467.74060534157326,0.0,0.0,19,0.5,0.1,0,0,0,0,0.56,0.396,0.6994080185284814,0.0,467.74060534157326
P-n16-k8,ga,39,27,15,1,16.4,8.138795979750322,35,100,0.01,0.54,467.74060534157326,467.74060534157326,0.0,0.0,19,0.5,0.1,0,0,0,0,0.5700000000000001,0.392,0.6976344103943433,0.0,467.74060534157326
P-n16-k8,ga,39,28,15,1,16.4,8.138795979750322,35,100,0.01,0.56,467.74060534157326,467.74060534157326,0.0,0.0,19,0.5,0.1,0,0,0,0,0.5800000000000001,0.388,0.6946861752186066,0.0,467.74060534157326
P-n16-k8,ga,39,29,15,1,16.4,8.138795979750322,35,100,0.01,0.58,467.74060534157326,467.74060534157326,0.0,0.0,19,0.5,0.1,0,0,0,0,0.59,0.384,0.6905749483385893,0.0,467.74060534157326
P-n16-k8,ga,39,30,15,1,16.4,8.138795979750322,35,100,0.01,0.6,467.74060534157326,467.74060534157326,0.0,0.0,19,0.5,0.1,0,0,0,0,0.6,0.38,0.685316954888546,0.0,467.74060534157326
P-n16-k8,ga,39,31,15,1,16.4,8.138795979750322,35,100,0.01,0.62,467.74060534157326,467.74060534157326,0.0,0.0,19,0.5,0.1,0,0,0,0,0.61,0.376,0.6789329457664754,0.0,467.74060534157326
P-n16-k8,ga,39,32,15,1,16.4,8.138795979750322,35,100,0.01,0.64,467.74060534157326,467.74060534157326,0.0,0.0,19,0.5,0.1,0,0,0,0,0.62,0.372,0.6714481157398058,0.0,467.74060534157326
P-n16-k8,ga,39,33,15,1,16.4,8.138795979750322,35,100,0.01,0.66,467.74060534157326,467.74060534157326,0.0,0.0,19,0.5,0.1,0,0,0,0,0.63,0.368,0.6628920040131591,0.0,467.74060534157326
P-n16-k8,ga,39,34,15,1,16.4,8.138795979750322,35,100,0.01,0.68,467.74060534157326,467.74060534157326,0.0,0.0,19,0.5,0.1,0,0,0,0,0.64,0.364,0.6532983776506045,0.0,467.74060534157326
P-n16-k8,ga,39,35,15,1,16.4,8.138795979750322,35,100,0.01,0.7,467.74060534157326,467.74060534157326,0.0,0.0,19,0.5,0.1,0,0,0,0,0.6499999999999999,0.36,0.6427050983124842,0.0,467.74060534157326
P-n16-k8,ga,39,36,15,1,16.4,8.138795979750322,35,100,0.01,0.72,467.74060534157326,467.74060534157326,0.0,0.0,19,0.5,0.1,0,0,0,0,0.6599999999999999,0.356,0.6311539728327368,0.0,467.74060534157326
P-n16-k8,ga,39,37,15,1,16.4,8.138795979750322,35,100,0.01,0.74,467.74060534157326,467.74060534157326,0.0,0.0,19,0.5,0.1,0,0,0,0,0.6699999999999999,0.352,0.6186905882264234,0.0,467.74060534157326
P-n16-k8,ga,39,38,15,1,16.4,8.138795979750322,35,100,0.01,0.76,467.74060534157326,467.74060534157326,0.0,0.0,19,0.5,0.1,0,0,0,0,0.6799999999999999,0.348,0.6053641317786067,0.0,467.74060534157326
P-n16-k8,ga,39,39,15,1,16.4,8.138795979750322,35,100,0.01,0.78,467.74060534157326,467.74060534157326,0.0,0.0,19,0.5,0.1,0,0,0,0,0.69,0.344,0.591227196924607,0.0,467.74060534157326
P-n16-k8,ga,39,40,15,1,16.4,8.138795979750322,35,100,0.01,0.8,467.74060534157326,467.74060534157326,0.0,0.0,19,0.5,0.1,0,0,0,0,0.7,0.33999999999999997,0.576335575687742,0.0,467.74060534157326
P-n16-k8,ga,39,41,15,1,16.4,8.138795979750322,35,100,0.01,0.82,467.74060534157326,467.74060534157326,0.0,0.0,19,0.5,0.1,0,0,0,0,0.71,0.33599999999999997,0.5607480384936991,0.0,467.74060534157326
P-n16-k8,ga,39,42,15,1,16.4,8.138795979750322,35,100,0.01,0.84,467.74060534157326,467.74060534157326,0.0,0.0,19,0.5,0.1,0,0,0,0,0.72,0.33199999999999996,0.5445261022305147,0.0,467.74060534157326
P-n16-k8,ga,39,43,15,1,16.4,8.138795979750322,35,100,0.01,0.86,467.74060534157326,467.74060534157326,0.0,0.0,19,0.5,0.1,0,0,0,0,0.73,0.32799999999999996,0.5277337874695218,0.0,467.74060534157326
P-n16-k8,ga,39,44,15,1,16.4,8.138795979750322,35,100,0.01,0.88,467.74060534157326,467.74060534157326,0.0,0.0,19,0.5,0.1,0,0,0,0,0.74,0.32399999999999995,0.5104373658054034,0.0,467.74060534157326
P-n16-k8,ga,39,45,15,1,16.4,8.138795979750322,35,100,0.01,0.9,467.74060534157326,467.74060534157326,0.0,0.0,19,0.5,0.1,0,0,0,0,0.75,0.31999999999999995,0.49270509831248427,0.0,467.74060534157326
P-n16-k8,ga,39,46,15,1,16.4,8.138795979750322,35,100,0.01,0.92,467.74060534157326,467.74060534157326,0.0,0.0,19,0.5,0.1,0,0,0,0,0.76,0.31599999999999995,0.47460696614945647,0.0,467.74060534157326
P-n16-k8,ga,39,47,15,1,16.4,8.138795979750322,35,100,0.01,0.94,467.74060534157326,467.74060534157326,0.0,0.0,19,0.5,0.1,0,0,0,0,0.77,0.312,0.45621439437571754,0.0,467.74060534157326
P-n16-k8,ga,39,48,15,1,16.4,8.138795979750322,35,100,0.01,0.96,467.74060534157326,467.74060534157326,0.0,0.0,19,0.5,0.1,0,0,0,0,0.78,0.308,0.4375999700692914,0.0,467.74060534157326
P-n16-k8,ga,39,49,15,1,16.4,8.138795979750322,35,100,0.01,0.98,467.74060534157326,467.74060534157326,0.0,0.0,19,0.5,0.1,0,0,0,0,0.79,0.304,0.4188371558587941,0.0,467.74060534157326
P-n16-k8,ga,40,0,15,1,16.4,8.138795979750322,35,100,0.01,0.0,1000.0,1000.0,100.0,0.0,0,0.5,0.1,0,0,0,0,0.3,0.5,0.4,0.0,467.74060534157326
P-n16-k8,ga,40,1,15,1,16.4,8.138795979750322,35,100,0.01,0.02,467.74060534157326,467.74060534157326,100.0,0.0,0,0.5,0.1,0,0,0,0,0.31,0.496,0.41883715585879405,0.0,467.74060534157326
P-n16-k8,ga,40,2,15,1,16.4,8.138795979750322,35,100,0.01,0.04,467.74060534157326,467.74060534157326,100.0,0.0,0,0.5,0.1,0,0,0,0,0.32,0.492,0.4375999700692913,0.0,467.74060534157326
P-n16-k8,ga,40,3,15,1,16.4,8.138795979750322,35,100,0.01,0.06,467.74060534157326,467.74060534157326,100.0,0.0,0,0.5,0.1,0,0,0,0,0.32999999999999996,0.488,0.4562143943757174,0.0,467.74060534157326
P-n16-k8,ga,40,4,15,1,16.4,8.138795979750322,35,100,0.01,0.08,467.74060534157326,467.74060534157326,100.0,0.0,0,0.5,0.1,0,0,0,0,0.33999999999999997,0.484,0.47460696614945647,0.0,467.74060534157326
P-n16-k8,ga,40,5,15,1,16.4,8.138795979750322,35,100,0.01,0.1,467.74060534157326,467.74060534157326,100.0,0.0,0,0.5,0.1,0,0,0,0,0.35,0.48,0.4927050983124842,0.0,467.74060534157326
P-n16-k8,ga,40,6,15,1,16.4,8.138795979750322,35,100,0.01,0.12,467.74060534157326,467.74060534157326,100.0,0.0,0,0.5,0.1,0,0,0,0,0.36,0.476,0.5104373658054034,0.0,467.74060534157326
P-n16-k8,ga,40,7,15,1,16.4,8.138795979750322,35,100,0.01,0.14,467.74060534157326,467.7406053415733,100.0,0.0,0,0.5,0.1,0,0,0,0,0.37,0.472,0.5277337874695218,0.0,467.74060534157326
P-n16-k8,ga,40,8,15,1,16.4,8.138795979750322,35,100,0.01,0.16,467.74060534157326,467.74060534157326,100.0,0.0,0,0.5,0.1,0,0,0,0,0.38,0.46799999999999997,0.5445261022305146,0.0,467.74060534157326
P-n16-k8,ga,40,9,15,1,16.4,8.138795979750322,35,100,0.01,0.18,467.74060534157326,467.7406053415732,100.0,0.0,0,0.5,0.1,0,0,0,0,0.39,0.464,0.560748038493699,0.0,467.74060534157326
P-n16-k8,ga,40,10,15,1,16.4,8.138795979750322,35,100,0.01,0.2,467.74060534157326,467.74060534157326,100.0,0.0,0,0.5,0.1,0,0,0,0,0.4,0.45999999999999996,0.576335575687742,0.0,467.74060534157326
P-n16-k8,ga,40,11,15,1,16.4,8.138795979750322,35,100,0.01,0.22,467.74060534157326,467.74060534157326,0.0,0.0,10,0.5,0.1,0,0,0,0,0.41,0.456,0.5912271969246069,0.0,467.74060534157326
P-n16-k8,ga,40,12,15,1,16.4,8.138795979750322,35,100,0.01,0.24,467.74060534157326,467.74060534157326,0.0,0.0,11,0.5,0.1,0,0,0,0,0.42,0.452,0.6053641317786066,0.0,467.74060534157326
P-n16-k8,ga,40,13,15,1,16.4,8.138795979750322,35,100,0.01,0.26,467.74060534157326,467.74060534157326,0.0,0.0,12,0.5,0.1,0,0,0,0,0.43,0.448,0.6186905882264235,0.0,467.74060534157326
P-n16-k8,ga,40,14,15,1,16.4,8.138795979750322,35,100,0.01,0.28,467.74060534157326,467.74060534157326,0.0,0.0,13,0.5,0.1,0,0,0,0,0.44,0.444,0.6311539728327368,0.0,467.74060534157326
P-n16-k8,ga,40,15,15,1,16.4,8.138795979750322,35,100,0.01,0.3,467.74060534157326,467.74060534157326,0.0,0.0,14,0.5,0.1,0,0,0,0,0.44999999999999996,0.44,0.6427050983124842,0.0,467.74060534157326
P-n16-k8,ga,40,16,15,1,16.4,8.138795979750322,35,100,0.01,0.32,467.74060534157326,467.74060534157326,0.0,0.0,15,0.5,0.1,0,0,0,0,0.45999999999999996,0.436,0.6532983776506045,0.0,467.74060534157326
P-n16-k8,ga,40,17,15,1,16.4,8.138795979750322,35,100,0.01,0.34,467.74060534157326,467.74060534157326,0.0,0.0,16,0.5,0.1,0,0,0,0,0.47,0.432,0.6628920040131592,0.0,467.74060534157326
P-n16-k8,ga,40,18,15,1,16.4,8.138795979750322,35,100,0.01,0.36,467.74060534157326,467.74060534157326,0.0,0.0,17,0.5,0.1,0,0,0,0,0.48,0.428,0.6714481157398059,0.0,467.74060534157326
P-n16-k8,ga,40,19,15,1,16.4,8.138795979750322,35,100,0.01,0.38,467.74060534157326,467.74060534157326,0.0,0.0,18,0.5,0.1,0,0,0,0,0.49,0.424,0.6789329457664754,0.0,467.74060534157326
P-n16-k8,ga,40,20,15,1,16.4,8.138795979750322,35,100,0.01,0.4,467.74060534157326,467.74060534157326,0.0,0.0,19,0.5,0.1,0,0,0,0,0.5,0.42,0.685316954888546,0.0,467.74060534157326
P-n16-k8,ga,40,21,15,1,16.4,8.138795979750322,35,100,0.01,0.42,467.74060534157326,467.74060534157326,0.0,0.0,19,0.5,0.1,0,0,0,0,0.51,0.416,0.6905749483385893,0.0,467.74060534157326
P-n16-k8,ga,40,22,15,1,16.4,8.138795979750322,35,100,0.01,0.44,467.74060534157326,467.74060534157326,0.0,0.0,19,0.5,0.1,0,0,0,0,0.52,0.412,0.6946861752186066,0.0,467.74060534157326
P-n16-k8,ga,40,23,15,1,16.4,8.138795979750322,35,100,0.01,0.46,467.74060534157326,467.74060534157326,0.0,0.0,19,0.5,0.1,0,0,0,0,0.53,0.408,0.6976344103943434,0.0,467.74060534157326
P-n16-k8,ga,40,24,15,1,16.4,8.138795979750322,35,100,0.01,0.48,467.74060534157326,467.74060534157326,0.0,0.0,19,0.5,0.1,0,0,0,0,0.54,0.404,0.6994080185284814,0.0,467.74060534157326
P-n16-k8,ga,40,25,15,1,16.4,8.138795979750322,35,100,0.01,0.5,467.74060534157326,467.74060534157326,0.0,0.0,19,0.5,0.1,0,0,0,0,0.55,0.4,0.7,0.0,467.74060534157326
P-n16-k8,ga,40,26,15,1,16.4,8.138795979750322,35,100,0.01,0.52,467.74060534157326,467.74060534157326,0.0,0.0,19,0.5,0.1,0,0,0,0,0.56,0.396,0.6994080185284814,0.0,467.74060534157326
P-n16-k8,ga,40,27,15,1,16.4,8.138795979750322,35,100,0.01,0.54,467.74060534157326,467.74060534157326,0.0,0.0,19,0.5,0.1,0,0,0,0,0.5700000000000001,0.392,0.6976344103943433,0.0,467.74060534157326
P-n16-k8,ga,40,28,15,1,16.4,8.138795979750322,35,100,0.01,0.56,467.74060534157326,467.74060534157326,0.0,0.0,19,0.5,0.1,0,0,0,0,0.5800000000000001,0.388,0.6946861752186066,0.0,467.74060534157326
P-n16-k8,ga,40,29,15,1,16.4,8.138795979750322,35,100,0.01,0.58,467.74060534157326,467.74060534157326,0.0,0.0,19,0.5,0.1,0,0,0,0,0.59,0.384,0.6905749483385893,0.0,467.74060534157326
P-n16-k8,ga,40,30,15,1,16.4,8.138795979750322,35,100,0.01,0.6,467.74060534157326,467.74060534157326,0.0,0.0,19,0.5,0.1,0,0,0,0,0.6,0.38,0.685316954888546,0.0,467.74060534157326
P-n16-k8,ga,40,31,15,1,16.4,8.138795979750322,35,100,0.01,0.62,467.74060534157326,467.74060534157326,0.0,0.0,19,0.5,0.1,0,0,0,0,0.61,0.376,0.6789329457664754,0.0,467.74060534157326
P-n16-k8,ga,40,32,15,1,16.4,8.138795979750322,35,100,0.01,0.64,467.74060534157326,467.74060534157326,0.0,0.0,19,0.5,0.1,0,0,0,0,0.62,0.372,0.6714481157398058,0.0,467.74060534157326
P-n16-k8,ga,40,33,15,1,16.4,8.138795979750322,35,100,0.01,0.66,467.74060534157326,467.74060534157326,0.0,0.0,19,0.5,0.1,0,0,0,0,0.63,0.368,0.6628920040131591,0.0,467.74060534157326
P-n16-k8,ga,40,34,15,1,16.4,8.138795979750322,35,100,0.01,0.68,467.74060534157326,467.74060534157326,0.0,0.0,19,0.5,0.1,0,0,0,0,0.64,0.364,0.6532983776506045,0.0,467.74060534157326
P-n16-k8,ga,40,35,15,1,16.4,8.138795979750322,35,100,0.01,0.7,467.74060534157326,467.74060534157326,0.0,0.0,19,0.5,0.1,0,0,0,0,0.6499999999999999,0.36,0.6427050983124842,0.0,467.74060534157326
P-n16-k8,ga,40,36,15,1,16.4,8.138795979750322,35,100,0.01,0.72,467.74060534157326,467.74060534157326,0.0,0.0,19,0.5,0.1,0,0,0,0,0.6599999999999999,0.356,0.6311539728327368,0.0,467.74060534157326
P-n16-k8,ga,40,37,15,1,16.4,8.138795979750322,35,100,0.01,0.74,467.74060534157326,467.74060534157326,0.0,0.0,19,0.5,0.1,0,0,0,0,0.6699999999999999,0.352,0.6186905882264234,0.0,467.74060534157326
P-n16-k8,ga,40,38,15,1,16.4,8.138795979750322,35,100,0.01,0.76,467.74060534157326,467.74060534157326,0.0,0.0,19,0.5,0.1,0,0,0,0,0.6799999999999999,0.348,0.6053641317786067,0.0,467.74060534157326
P-n16-k8,ga,40,39,15,1,16.4,8.138795979750322,35,100,0.01,0.78,467.74060534157326,467.74060534157326,0.0,0.0,19,0.5,0.1,0,0,0,0,0.69,0.344,0.591227196924607,0.0,467.74060534157326
P-n16-k8,ga,40,40,15,1,16.4,8.138795979750322,35,100,0.01,0.8,467.74060534157326,467.74060534157326,0.0,0.0,19,0.5,0.1,0,0,0,0,0.7,0.33999999999999997,0.576335575687742,0.0,467.74060534157326
P-n16-k8,ga,40,41,15,1,16.4,8.138795979750322,35,100,0.01,0.82,467.74060534157326,467.74060534157326,0.0,0.0,19,0.5,0.1,0,0,0,0,0.71,0.33599999999999997,0.5607480384936991,0.0,467.74060534157326
P-n16-k8,ga,40,42,15,1,16.4,8.138795979750322,35,100,0.01,0.84,467.74060534157326,467.74060534157326,0.0,0.0,19,0.5,0.1,0,0,0,0,0.72,0.33199999999999996,0.5445261022305147,0.0,467.74060534157326
P-n16-k8,ga,40,43,15,1,16.4,8.138795979750322,35,100,0.01,0.86,467.74060534157326,467.74060534157326,0.0,0.0,19,0.5,0.1,0,0,0,0,0.73,0.32799999999999996,0.5277337874695218,0.0,467.74060534157326
P-n16-k8,ga,40,44,15,1,16.4,8.138795979750322,35,100,0.01,0.88,467.74060534157326,467.74060534157326,0.0,0.0,19,0.5,0.1,0,0,0,0,0.74,0.32399999999999995,0.5104373658054034,0.0,467.74060534157326
P-n16-k8,ga,40,45,15,1,16.4,8.138795979750322,35,100,0.01,0.9,467.74060534157326,467.74060534157326,0.0,0.0,19,0.5,0.1,0,0,0,0,0.75,0.31999999999999995,0.49270509831248427,0.0,467.74060534157326
P-n16-k8,ga,40,46,15,1,16.4,8.138795979750322,35,100,0.01,0.92,467.74060534157326,467.74060534157326,0.0,0.0,19,0.5,0.1,0,0,0,0,0.76,0.31599999999999995,0.47460696614945647,0.0,467.74060534157326
P-n16-k8,ga,40,47,15,1,16.4,8.138795979750322,35,100,0.01,0.94,467.74060534157326,467.74060534157326,0.0,0.0,19,0.5,0.1,0,0,0,0,0.77,0.312,0.45621439437571754,0.0,467.74060534157326
P-n16-k8,ga,40,48,15,1,16.4,8.138795979750322,35,100,0.01,0.96,467.74060534157326,467.74060534157326,0.0,0.0,19,0.5,0.1,0,0,0,0,0.78,0.308,0.4375999700692914,0.0,467.74060534157326
P-n16-k8,ga,40,49,15,1,16.4,8.138795979750322,35,100,0.01,0.98,467.74060534157326,467.74060534157326,0.0,0.0,19,0.5,0.1,0,0,0,0,0.79,0.304,0.4188371558587941,0.0,467.74060534157326
P-n16-k8,ga,41,0,15,1,16.4,8.138795979750322,35,100,0.01,0.0,1000.0,1000.0,100.0,0.0,0,0.5,0.1,0,0,0,0,0.3,0.5,0.4,0.0,496.1114170870651
P-n16-k8,ga,41,1,15,1,16.4,8.138795979750322,35,100,0.01,0.02,496.1114170870651,496.1114170870651,100.0,0.0,0,0.5,0.1,0,0,0,0,0.31,0.496,0.41883715585879405,0.0,496.1114170870651
P-n16-k8,ga,41,2,15,1,16.4,8.138795979750322,35,100,0.01,0.04,496.1114170870651,496.1114170870651,100.0,0.0,0,0.5,0.1,0,0,0,0,0.32,0.492,0.4375999700692913,0.0,496.1114170870651
P-n16-k8,ga,41,3,15,1,16.4,8.138795979750322,35,100,0.01,0.06,496.1114170870651,496.1114170870651,100.0,0.0,0,0.5,0.1,0,0,0,0,0.32999999999999996,0.488,0.4562143943757174,0.0,496.1114170870651
P-n16-k8,ga,41,4,15,1,16.4,8.138795979750322,35,100,0.01,0.08,496.1114170870651,496.1114170870651,100.0,0.0,0,0.5,0.1,0,0,0,0,0.33999999999999997,0.484,0.47460696614945647,0.0,496.1114170870651
P-n16-k8,ga,41,5,15,1,16.4,8.138795979750322,35,100,0.01,0.1,496.1114170870651,496.1114170870651,100.0,0.0,0,0.5,0.1,0,0,0,0,0.35,0.48,0.4927050983124842,0.0,496.1114170870651
P-n16-k8,ga,41,6,15,1,16.4,8.138795979750322,35,100,0.01,0.12,496.1114170870651,496.1114170870651,100.0,0.0,0,0.5,0.1,0,0,0,0,0.36,0.476,0.5104373658054034,0.0,496.1114170870651
P-n16-k8,ga,41,7,15,1,16.4,8.138795979750322,35,100,0.01,0.14,496.1114170870651,496.1114170870651,100.0,0.0,0,0.5,0.1,0,0,0,0,0.37,0.472,0.5277337874695218,0.0,496.1114170870651
P-n16-k8,ga,41,8,15,1,16.4,8.138795979750322,35,100,0.01,0.16,496.1114170870651,496.1114170870651,100.0,0.0,0,0.5,0.1,0,0,0,0,0.38,0.46799999999999997,0.5445261022305146,0.0,496.1114170870651
P-n16-k8,ga,41,9,15,1,16.4,8.138795979750322,35,100,0.01,0.18,496.1114170870651,496.1114170870651,100.0,0.0,0,0.5,0.1,0,0,0,0,0.39,0.464,0.560748038493699,0.0,496.1114170870651
P-n16-k8,ga,41,10,15,1,16.4,8.138795979750322,35,100,0.01,0.2,496.1114170870651,496.1114170870651,100.0,0.0,0,0.5,0.1,0,0,0,0,0.4,0.45999999999999996,0.576335575687742,0.0,496.1114170870651
P-n16-k8,ga,41,11,15,1,16.4,8.138795979750322,35,100,0.01,0.22,496.1114170870651,496.1114170870651,0.0,0.0,10,0.5,0.1,0,0,0,0,0.41,0.456,0.5912271969246069,0.0,496.1114170870651
P-n16-k8,ga,41,12,15,1,16.4,8.138795979750322,35,100,0.01,0.24,496.1114170870651,496.1114170870651,0.0,0.0,11,0.5,0.1,0,0,0,0,0.42,0.452,0.6053641317786066,0.0,496.1114170870651
P-n16-k8,ga,41,13,15,1,16.4,8.138795979750322,35,100,0.01,0.26,496.1114170870651,496.1114170870651,0.0,0.0,12,0.5,0.1,0,0,0,0,0.43,0.448,0.6186905882264235,0.0,496.1114170870651
P-n16-k8,ga,41,14,15,1,16.4,8.138795979750322,35,100,0.01,0.28,496.1114170870651,496.1114170870651,0.0,0.0,13,0.5,0.1,0,0,0,0,0.44,0.444,0.6311539728327368,0.0,496.1114170870651
P-n16-k8,ga,41,15,15,1,16.4,8.138795979750322,35,100,0.01,0.3,496.1114170870651,496.1114170870651,0.0,0.0,14,0.5,0.1,0,0,0,0,0.44999999999999996,0.44,0.6427050983124842,0.0,496.1114170870651
P-n16-k8,ga,41,16,15,1,16.4,8.138795979750322,35,100,0.01,0.32,496.1114170870651,496.1114170870651,0.0,0.0,15,0.5,0.1,0,0,0,0,0.45999999999999996,0.436,0.6532983776506045,0.0,496.1114170870651
P-n16-k8,ga,41,17,15,1,16.4,8.138795979750322,35,100,0.01,0.34,496.1114170870651,496.1114170870651,0.0,0.0,16,0.5,0.1,0,0,0,0,0.47,0.432,0.6628920040131592,0.0,496.1114170870651
P-n16-k8,ga,41,18,15,1,16.4,8.138795979750322,35,100,0.01,0.36,496.1114170870651,496.1114170870651,0.0,0.0,17,0.5,0.1,0,0,0,0,0.48,0.428,0.6714481157398059,0.0,496.1114170870651
P-n16-k8,ga,41,19,15,1,16.4,8.138795979750322,35,100,0.01,0.38,496.1114170870651,496.1114170870651,0.0,0.0,18,0.5,0.1,0,0,0,0,0.49,0.424,0.6789329457664754,0.0,496.1114170870651
P-n16-k8,ga,41,20,15,1,16.4,8.138795979750322,35,100,0.01,0.4,496.1114170870651,496.1114170870651,0.0,0.0,19,0.5,0.1,0,0,0,0,0.5,0.42,0.685316954888546,0.0,496.1114170870651
P-n16-k8,ga,41,21,15,1,16.4,8.138795979750322,35,100,0.01,0.42,496.1114170870651,496.1114170870651,0.0,0.0,19,0.5,0.1,0,0,0,0,0.51,0.416,0.6905749483385893,0.0,496.1114170870651
P-n16-k8,ga,41,22,15,1,16.4,8.138795979750322,35,100,0.01,0.44,496.1114170870651,496.1114170870651,0.0,0.0,19,0.5,0.1,0,0,0,0,0.52,0.412,0.6946861752186066,0.0,496.1114170870651
P-n16-k8,ga,41,23,15,1,16.4,8.138795979750322,35,100,0.01,0.46,496.1114170870651,496.1114170870651,0.0,0.0,19,0.5,0.1,0,0,0,0,0.53,0.408,0.6976344103943434,0.0,496.1114170870651
P-n16-k8,ga,41,24,15,1,16.4,8.138795979750322,35,100,0.01,0.48,496.1114170870651,496.1114170870651,0.0,0.0,19,0.5,0.1,0,0,0,0,0.54,0.404,0.6994080185284814,0.0,496.1114170870651
P-n16-k8,ga,41,25,15,1,16.4,8.138795979750322,35,100,0.01,0.5,496.1114170870651,496.1114170870651,0.0,0.0,19,0.5,0.1,0,0,0,0,0.55,0.4,0.7,0.0,496.1114170870651
P-n16-k8,ga,41,26,15,1,16.4,8.138795979750322,35,100,0.01,0.52,496.1114170870651,496.1114170870651,0.0,0.0,19,0.5,0.1,0,0,0,0,0.56,0.396,0.6994080185284814,0.0,496.1114170870651
P-n16-k8,ga,41,27,15,1,16.4,8.138795979750322,35,100,0.01,0.54,496.1114170870651,496.1114170870651,0.0,0.0,19,0.5,0.1,0,0,0,0,0.5700000000000001,0.392,0.6976344103943433,0.0,496.1114170870651
P-n16-k8,ga,41,28,15,1,16.4,8.138795979750322,35,100,0.01,0.56,496.1114170870651,496.1114170870651,0.0,0.0,19,0.5,0.1,0,0,0,0,0.5800000000000001,0.388,0.6946861752186066,0.0,496.1114170870651
P-n16-k8,ga,41,29,15,1,16.4,8.138795979750322,35,100,0.01,0.58,496.1114170870651,496.1114170870651,0.0,0.0,19,0.5,0.1,0,0,0,0,0.59,0.384,0.6905749483385893,0.0,496.1114170870651
P-n16-k8,ga,41,30,15,1,16.4,8.138795979750322,35,100,0.01,0.6,496.1114170870651,496.1114170870651,0.0,0.0,19,0.5,0.1,0,0,0,0,0.6,0.38,0.685316954888546,0.0,496.1114170870651
P-n16-k8,ga,41,31,15,1,16.4,8.138795979750322,35,100,0.01,0.62,496.1114170870651,496.1114170870651,0.0,0.0,19,0.5,0.1,0,0,0,0,0.61,0.376,0.6789329457664754,0.0,496.1114170870651
P-n16-k8,ga,41,32,15,1,16.4,8.138795979750322,35,100,0.01,0.64,496.1114170870651,496.1114170870651,0.0,0.0,19,0.5,0.1,0,0,0,0,0.62,0.372,0.6714481157398058,0.0,496.1114170870651
P-n16-k8,ga,41,33,15,1,16.4,8.138795979750322,35,100,0.01,0.66,496.1114170870651,496.1114170870651,0.0,0.0,19,0.5,0.1,0,0,0,0,0.63,0.368,0.6628920040131591,0.0,496.1114170870651
P-n16-k8,ga,41,34,15,1,16.4,8.138795979750322,35,100,0.01,0.68,496.1114170870651,496.1114170870651,0.0,0.0,19,0.5,0.1,0,0,0,0,0.64,0.364,0.6532983776506045,0.0,496.1114170870651
P-n16-k8,ga,41,35,15,1,16.4,8.138795979750322,35,100,0.01,0.7,496.1114170870651,496.1114170870651,0.0,0.0,19,0.5,0.1,0,0,0,0,0.6499999999999999,0.36,0.6427050983124842,0.0,496.1114170870651
P-n16-k8,ga,41,36,15,1,16.4,8.138795979750322,35,100,0.01,0.72,496.1114170870651,496.1114170870651,0.0,0.0,19,0.5,0.1,0,0,0,0,0.6599999999999999,0.356,0.6311539728327368,0.0,496.1114170870651
P-n16-k8,ga,41,37,15,1,16.4,8.138795979750322,35,100,0.01,0.74,496.1114170870651,496.1114170870651,0.0,0.0,19,0.5,0.1,0,0,0,0,0.6699999999999999,0.352,0.6186905882264234,0.0,496.1114170870651
P-n16-k8,ga,41,38,15,1,16.4,8.138795979750322,35,100,0.01,0.76,496.1114170870651,496.1114170870651,0.0,0.0,19,0.5,0.1,0,0,0,0,0.6799999999999999,0.348,0.6053641317786067,0.0,496.1114170870651
P-n16-k8,ga,41,39,15,1,16.4,8.138795979750322,35,100,0.01,0.78,496.1114170870651,496.1114170870651,0.0,0.0,19,0.5,0.1,0,0,0,0,0.69,0.344,0.591227196924607,0.0,496.1114170870651
P-n16-k8,ga,41,40,15,1,16.4,8.138795979750322,35,100,0.01,0.8,496.1114170870651,496.1114170870651,0.0,0.0,19,0.5,0.1,0,0,0,0,0.7,0.33999999999999997,0.576335575687742,0.0,496.1114170870651
P-n16-k8,ga,41,41,15,1,16.4,8.138795979750322,35,100,0.01,0.82,496.1114170870651,496.1114170870651,0.0,0.0,19,0.5,0.1,0,0,0,0,0.71,0.33599999999999997,0.5607480384936991,0.0,496.1114170870651
P-n16-k8,ga,41,42,15,1,16.4,8.138795979750322,35,100,0.01,0.84,496.1114170870651,496.1114170870651,0.0,0.0,19,0.5,0.1,0,0,0,0,0.72,0.33199999999999996,0.5445261022305147,0.0,496.1114170870651
P-n16-k8,ga,41,43,15,1,16.4,8.138795979750322,35,100,0.01,0.86,496.1114170870651,496.1114170870651,0.0,0.0,19,0.5,0.1,0,0,0,0,0.73,0.32799999999999996,0.5277337874695218,0.0,496.1114170870651
P-n16-k8,ga,41,44,15,1,16.4,8.138795979750322,35,100,0.01,0.88,496.1114170870651,496.1114170870651,0.0,0.0,19,0.5,0.1,0,0,0,0,0.74,0.32399999999999995,0.5104373658054034,0.0,496.1114170870651
P-n16-k8,ga,41,45,15,1,16.4,8.138795979750322,35,100,0.01,0.9,496.1114170870651,496.1114170870651,0.0,0.0,19,0.5,0.1,0,0,0,0,0.75,0.31999999999999995,0.49270509831248427,0.0,496.1114170870651
P-n16-k8,ga,41,46,15,1,16.4,8.138795979750322,35,100,0.01,0.92,496.1114170870651,496.1114170870651,0.0,0.0,19,0.5,0.1,0,0,0,0,0.76,0.31599999999999995,0.47460696614945647,0.0,496.1114170870651
P-n16-k8,ga,41,47,15,1,16.4,8.138795979750322,35,100,0.01,0.94,496.1114170870651,496.1114170870651,0.0,0.0,19,0.5,0.1,0,0,0,0,0.77,0.312,0.45621439437571754,0.0,496.1114170870651
P-n16-k8,ga,41,48,15,1,16.4,8.138795979750322,35,100,0.01,0.96,496.1114170870651,496.1114170870651,0.0,0.0,19,0.5,0.1,0,0,0,0,0.78,0.308,0.4375999700692914,0.0,496.1114170870651
P-n16-k8,ga,41,49,15,1,16.4,8.138795979750322,35,100,0.01,0.98,496.1114170870651,496.1114170870651,0.0,0.0,19,0.5,0.1,0,0,0,0,0.79,0.304,0.4188371558587941,0.0,496.1114170870651
P-n16-k8,ga,42,0,15,1,16.4,8.138795979750322,35,100,0.01,0.0,1000.0,1000.0,100.0,0.0,0,0.5,0.1,0,0,0,0,0.3,0.5,0.4,0.0,499.4515437714527
P-n16-k8,ga,42,1,15,1,16.4,8.138795979750322,35,100,0.01,0.02,499.4515437714527,499.4515437714527,100.0,0.0,0,0.5,0.1,0,0,0,0,0.31,0.496,0.41883715585879405,0.0,499.4515437714527
P-n16-k8,ga,42,2,15,1,16.4,8.138795979750322,35,100,0.01,0.04,499.4515437714527,499.4515437714527,100.0,0.0,0,0.5,0.1,0,0,0,0,0.32,0.492,0.4375999700692913,0.0,499.4515437714527
P-n16-k8,ga,42,3,15,1,16.4,8.138795979750322,35,100,0.01,0.06,499.4515437714527,499.4515437714527,100.0,0.0,0,0.5,0.1,0,0,0,0,0.32999999999999996,0.488,0.4562143943757174,0.0,499.4515437714527
P-n16-k8,ga,42,4,15,1,16.4,8.138795979750322,35,100,0.01,0.08,499.4515437714527,499.4515437714527,100.0,0.0,0,0.5,0.1,0,0,0,0,0.33999999999999997,0.484,0.47460696614945647,0.0,499.4515437714527
P-n16-k8,ga,42,5,15,1,16.4,8.138795979750322,35,100,0.01,0.1,499.4515437714527,499.45154377145275,100.0,0.0,0,0.5,0.1,0,0,0,0,0.35,0.48,0.4927050983124842,0.0,499.4515437714527
P-n16-k8,ga,42,6,15,1,16.4,8.138795979750322,35,100,0.01,0.12,499.4515437714527,499.4515437714527,100.0,0.0,0,0.5,0.1,0,0,0,0,0.36,0.476,0.5104373658054034,0.0,499.4515437714527
P-n16-k8,ga,42,7,15,1,16.4,8.138795979750322,35,100,0.01,0.14,499.4515437714527,499.4515437714527,100.0,0.0,0,0.5,0.1,0,0,0,0,0.37,0.472,0.5277337874695218,0.0,499.4515437714527
P-n16-k8,ga,42,8,15,1,16.4,8.138795979750322,35,100,0.01,0.16,499.4515437714527,499.4515437714527,100.0,0.0,0,0.5,0.1,0,0,0,0,0.38,0.46799999999999997,0.5445261022305146,0.0,499.4515437714527
P-n16-k8,ga,42,9,15,1,16.4,8.138795979750322,35,100,0.01,0.18,499.4515437714527,499.45154377145275,100.0,0.0,0,0.5,0.1,0,0,0,0,0.39,0.464,0.560748038493699,0.0,499.4515437714527
P-n16-k8,ga,42,10,15,1,16.4,8.138795979750322,35,100,0.01,0.2,499.4515437714527,499.45154377145275,100.0,0.0,0,0.5,0.1,0,0,0,0,0.4,0.45999999999999996,0.576335575687742,0.0,499.4515437714527
P-n16-k8,ga,42,11,15,1,16.4,8.138795979750322,35,100,0.01,0.22,499.4515437714527,499.45154377145275,5.684341886080802e-14,0.0,10,0.5,0.1,0,0,0,0,0.41,0.456,0.5912271969246069,0.0,499.4515437714527
P-n16-k8,ga,42,12,15,1,16.4,8.138795979750322,35,100,0.01,0.24,499.4515437714527,499.45154377145275,5.684341886080802e-14,0.0,11,0.5,0.1,0,0,0,0,0.42,0.452,0.6053641317786066,0.0,499.4515437714527
P-n16-k8,ga,42,13,15,1,16.4,8.138795979750322,35,100,0.01,0.26,499.4515437714527,499.45154377145275,5.684341886080802e-14,0.0,12,0.5,0.1,0,0,0,0,0.43,0.448,0.6186905882264235,0.0,499.4515437714527
P-n16-k8,ga,42,14,15,1,16.4,8.138795979750322,35,100,0.01,0.28,499.4515437714527,499.45154377145275,5.684341886080802e-14,0.0,13,0.5,0.1,0,0,0,0,0.44,0.444,0.6311539728327368,0.0,499.4515437714527
P-n16-k8,ga,42,15,15,1,16.4,8.138795979750322,35,100,0.01,0.3,499.4515437714527,499.45154377145275,5.684341886080802e-14,0.0,14,0.5,0.1,0,0,0,0,0.44999999999999996,0.44,0.6427050983124842,0.0,499.4515437714527
P-n16-k8,ga,42,16,15,1,16.4,8.138795979750322,35,100,0.01,0.32,499.4515437714527,499.45154377145275,5.684341886080802e-14,0.0,15,0.5,0.1,0,0,0,0,0.45999999999999996,0.436,0.6532983776506045,0.0,499.4515437714527
P-n16-k8,ga,42,17,15,1,16.4,8.138795979750322,35,100,0.01,0.34,499.4515437714527,499.45154377145275,5.684341886080802e-14,0.0,16,0.5,0.1,0,0,0,0,0.47,0.432,0.6628920040131592,0.0,499.4515437714527
P-n16-k8,ga,42,18,15,1,16.4,8.138795979750322,35,100,0.01,0.36,499.4515437714527,499.45154377145275,5.684341886080802e-14,0.0,17,0.5,0.1,0,0,0,0,0.48,0.428,0.6714481157398059,0.0,499.4515437714527
P-n16-k8,ga,42,19,15,1,16.4,8.138795979750322,35,100,0.01,0.38,499.4515437714527,499.45154377145275,5.684341886080802e-14,0.0,18,0.5,0.1,0,0,0,0,0.49,0.424,0.6789329457664754,0.0,499.4515437714527
P-n16-k8,ga,42,20,15,1,16.4,8.138795979750322,35,100,0.01,0.4,499.4515437714527,499.45154377145275,5.684341886080802e-14,0.0,19,0.5,0.1,0,0,0,0,0.5,0.42,0.685316954888546,0.0,499.4515437714527
P-n16-k8,ga,42,21,15,1,16.4,8.138795979750322,35,100,0.01,0.42,499.4515437714527,499.45154377145275,5.684341886080802e-14,0.0,19,0.5,0.1,0,0,0,0,0.51,0.416,0.6905749483385893,0.0,499.4515437714527
P-n16-k8,ga,42,22,15,1,16.4,8.138795979750322,35,100,0.01,0.44,499.4515437714527,499.45154377145275,5.684341886080802e-14,0.0,19,0.5,0.1,0,0,0,0,0.52,0.412,0.6946861752186066,0.0,499.4515437714527
P-n16-k8,ga,42,23,15,1,16.4,8.138795979750322,35,100,0.01,0.46,499.4515437714527,499.45154377145275,5.684341886080802e-14,0.0,19,0.5,0.1,0,0,0,0,0.53,0.408,0.6976344103943434,0.0,499.4515437714527
P-n16-k8,ga,42,24,15,1,16.4,8.138795979750322,35,100,0.01,0.48,499.4515437714527,499.45154377145275,5.684341886080802e-14,0.0,19,0.5,0.1,0,0,0,0,0.54,0.404,0.6994080185284814,0.0,499.4515437714527
P-n16-k8,ga,42,25,15,1,16.4,8.138795979750322,35,100,0.01,0.5,499.4515437714527,499.45154377145275,5.684341886080802e-14,0.0,19,0.5,0.1,0,0,0,0,0.55,0.4,0.7,0.0,499.4515437714527
P-n16-k8,ga,42,26,15,1,16.4,8.138795979750322,35,100,0.01,0.52,499.4515437714527,499.45154377145275,5.684341886080802e-14,0.0,19,0.5,0.1,0,0,0,0,0.56,0.396,0.6994080185284814,0.0,499.4515437714527
P-n16-k8,ga,42,27,15,1,16.4,8.138795979750322,35,100,0.01,0.54,499.4515437714527,499.45154377145275,5.684341886080802e-14,0.0,19,0.5,0.1,0,0,0,0,0.5700000000000001,0.392,0.6976344103943433,0.0,499.4515437714527
P-n16-k8,ga,42,28,15,1,16.4,8.138795979750322,35,100,0.01,0.56,499.4515437714527,499.45154377145275,5.684341886080802e-14,0.0,19,0.5,0.1,0,0,0,0,0.5800000000000001,0.388,0.6946861752186066,0.0,499.4515437714527
P-n16-k8,ga,42,29,15,1,16.4,8.138795979750322,35,100,0.01,0.58,499.4515437714527,499.45154377145275,5.684341886080802e-14,0.0,19,0.5,0.1,0,0,0,0,0.59,0.384,0.6905749483385893,0.0,499.4515437714527
P-n16-k8,ga,42,30,15,1,16.4,8.138795979750322,35,100,0.01,0.6,499.4515437714527,499.45154377145275,5.684341886080802e-14,0.0,19,0.5,0.1,0,0,0,0,0.6,0.38,0.685316954888546,0.0,499.4515437714527
P-n16-k8,ga,42,31,15,1,16.4,8.138795979750322,35,100,0.01,0.62,499.4515437714527,499.45154377145275,5.684341886080802e-14,0.0,19,0.5,0.1,0,0,0,0,0.61,0.376,0.6789329457664754,0.0,499.4515437714527
P-n16-k8,ga,42,32,15,1,16.4,8.138795979750322,35,100,0.01,0.64,499.4515437714527,499.45154377145275,5.684341886080802e-14,0.0,19,0.5,0.1,0,0,0,0,0.62,0.372,0.6714481157398058,0.0,499.4515437714527
P-n16-k8,ga,42,33,15,1,16.4,8.138795979750322,35,100,0.01,0.66,499.4515437714527,499.45154377145275,5.684341886080802e-14,0.0,19,0.5,0.1,0,0,0,0,0.63,0.368,0.6628920040131591,0.0,499.4515437714527
P-n16-k8,ga,42,34,15,1,16.4,8.138795979750322,35,100,0.01,0.68,499.4515437714527,499.45154377145275,5.684341886080802e-14,0.0,19,0.5,0.1,0,0,0,0,0.64,0.364,0.6532983776506045,0.0,499.4515437714527
P-n16-k8,ga,42,35,15,1,16.4,8.138795979750322,35,100,0.01,0.7,499.4515437714527,499.45154377145275,5.684341886080802e-14,0.0,19,0.5,0.1,0,0,0,0,0.6499999999999999,0.36,0.6427050983124842,0.0,499.4515437714527
P-n16-k8,ga,42,36,15,1,16.4,8.138795979750322,35,100,0.01,0.72,499.4515437714527,499.45154377145275,5.684341886080802e-14,0.0,19,0.5,0.1,0,0,0,0,0.6599999999999999,0.356,0.6311539728327368,0.0,499.4515437714527
P-n16-k8,ga,42,37,15,1,16.4,8.138795979750322,35,100,0.01,0.74,499.4515437714527,499.45154377145275,5.684341886080802e-14,0.0,19,0.5,0.1,0,0,0,0,0.6699999999999999,0.352,0.6186905882264234,0.0,499.4515437714527
P-n16-k8,ga,42,38,15,1,16.4,8.138795979750322,35,100,0.01,0.76,499.4515437714527,499.45154377145275,5.684341886080802e-14,0.0,19,0.5,0.1,0,0,0,0,0.6799999999999999,0.348,0.6053641317786067,0.0,499.4515437714527
P-n16-k8,ga,42,39,15,1,16.4,8.138795979750322,35,100,0.01,0.78,499.4515437714527,499.45154377145275,5.684341886080802e-14,0.0,19,0.5,0.1,0,0,0,0,0.69,0.344,0.591227196924607,0.0,499.4515437714527
P-n16-k8,ga,42,40,15,1,16.4,8.138795979750322,35,100,0.01,0.8,499.4515437714527,499.45154377145275,5.684341886080802e-14,0.0,19,0.5,0.1,0,0,0,0,0.7,0.33999999999999997,0.576335575687742,0.0,499.4515437714527
P-n16-k8,ga,42,41,15,1,16.4,8.138795979750322,35,100,0.01,0.82,499.4515437714527,499.45154377145275,5.684341886080802e-14,0.0,19,0.5,0.1,0,0,0,0,0.71,0.33599999999999997,0.5607480384936991,0.0,499.4515437714527
P-n16-k8,ga,42,42,15,1,16.4,8.138795979750322,35,100,0.01,0.84,499.4515437714527,499.45154377145275,5.684341886080802e-14,0.0,19,0.5,0.1,0,0,0,0,0.72,0.33199999999999996,0.5445261022305147,0.0,499.4515437714527
P-n16-k8,ga,42,43,15,1,16.4,8.138795979750322,35,100,0.01,0.86,499.4515437714527,499.45154377145275,5.684341886080802e-14,0.0,19,0.5,0.1,0,0,0,0,0.73,0.32799999999999996,0.5277337874695218,0.0,499.4515437714527
P-n16-k8,ga,42,44,15,1,16.4,8.138795979750322,35,100,0.01,0.88,499.4515437714527,499.45154377145275,5.684341886080802e-14,0.0,19,0.5,0.1,0,0,0,0,0.74,0.32399999999999995,0.5104373658054034,0.0,499.4515437714527
P-n16-k8,ga,42,45,15,1,16.4,8.138795979750322,35,100,0.01,0.9,499.4515437714527,499.45154377145275,5.684341886080802e-14,0.0,19,0.5,0.1,0,0,0,0,0.75,0.31999999999999995,0.49270509831248427,0.0,499.4515437714527
P-n16-k8,ga,42,46,15,1,16.4,8.138795979750322,35,100,0.01,0.92,499.4515437714527,499.45154377145275,5.684341886080802e-14,0.0,19,0.5,0.1,0,0,0,0,0.76,0.31599999999999995,0.47460696614945647,0.0,499.4515437714527
P-n16-k8,ga,42,47,15,1,16.4,8.138795979750322,35,100,0.01,0.94,499.4515437714527,499.45154377145275,5.684341886080802e-14,0.0,19,0.5,0.1,0,0,0,0,0.77,0.312,0.45621439437571754,0.0,499.4515437714527
P-n16-k8,ga,42,48,15,1,16.4,8.138795979750322,35,100,0.01,0.96,499.4515437714527,499.45154377145275,5.684341886080802e-14,0.0,19,0.5,0.1,0,0,0,0,0.78,0.308,0.4375999700692914,0.0,499.4515437714527
P-n16-k8,ga,42,49,15,1,16.4,8.138795979750322,35,100,0.01,0.98,499.4515437714527,499.45154377145275,5.684341886080802e-14,0.0,19,0.5,0.1,0,0,0,0,0.79,0.304,0.4188371558587941,0.0,499.4515437714527
P-n16-k8,ga,43,0,15,1,16.4,8.138795979750322,35,100,0.01,0.0,1000.0,1000.0,100.0,0.0,0,0.5,0.1,0,0,0,0,0.3,0.5,0.4,0.0,499.4515437714527
P-n16-k8,ga,43,1,15,1,16.4,8.138795979750322,35,100,0.01,0.02,499.4515437714527,499.4515437714527,100.0,0.0,0,0.5,0.1,0,0,0,0,0.31,0.496,0.41883715585879405,0.0,499.4515437714527
P-n16-k8,ga,43,2,15,1,16.4,8.138795979750322,35,100,0.01,0.04,499.4515437714527,499.4515437714527,100.0,0.0,0,0.5,0.1,0,0,0,0,0.32,0.492,0.4375999700692913,0.0,499.4515437714527
P-n16-k8,ga,43,3,15,1,16.4,8.138795979750322,35,100,0.01,0.06,499.4515437714527,499.4515437714527,100.0,0.0,0,0.5,0.1,0,0,0,0,0.32999999999999996,0.488,0.4562143943757174,0.0,499.4515437714527
P-n16-k8,ga,43,4,15,1,16.4,8.138795979750322,35,100,0.01,0.08,499.4515437714527,499.4515437714527,100.0,0.0,0,0.5,0.1,0,0,0,0,0.33999999999999997,0.484,0.47460696614945647,0.0,499.4515437714527
P-n16-k8,ga,43,5,15,1,16.4,8.138795979750322,35,100,0.01,0.1,499.4515437714527,499.45154377145275,100.0,0.0,0,0.5,0.1,0,0,0,0,0.35,0.48,0.4927050983124842,0.0,499.4515437714527
P-n16-k8,ga,43,6,15,1,16.4,8.138795979750322,35,100,0.01,0.12,499.4515437714527,499.4515437714527,100.0,0.0,0,0.5,0.1,0,0,0,0,0.36,0.476,0.5104373658054034,0.0,499.4515437714527
P-n16-k8,ga,43,7,15,1,16.4,8.138795979750322,35,100,0.01,0.14,499.4515437714527,499.4515437714527,100.0,0.0,0,0.5,0.1,0,0,0,0,0.37,0.472,0.5277337874695218,0.0,499.4515437714527
P-n16-k8,ga,43,8,15,1,16.4,8.138795979750322,35,100,0.01,0.16,499.4515437714527,499.4515437714527,100.0,0.0,0,0.5,0.1,0,0,0,0,0.38,0.46799999999999997,0.5445261022305146,0.0,499.4515437714527
P-n16-k8,ga,43,9,15,1,16.4,8.138795979750322,35,100,0.01,0.18,499.4515437714527,499.45154377145275,100.0,0.0,0,0.5,0.1,0,0,0,0,0.39,0.464,0.560748038493699,0.0,499.4515437714527
P-n16-k8,ga,43,10,15,1,16.4,8.138795979750322,35,100,0.01,0.2,499.4515437714527,499.45154377145275,100.0,0.0,0,0.5,0.1,0,0,0,0,0.4,0.45999999999999996,0.576335575687742,0.0,499.4515437714527
P-n16-k8,ga,43,11,15,1,16.4,8.138795979750322,35,100,0.01,0.22,499.4515437714527,499.45154377145275,5.684341886080802e-14,0.0,10,0.5,0.1,0,0,0,0,0.41,0.456,0.5912271969246069,0.0,499.4515437714527
P-n16-k8,ga,43,12,15,1,16.4,8.138795979750322,35,100,0.01,0.24,499.4515437714527,499.45154377145275,5.684341886080802e-14,0.0,11,0.5,0.1,0,0,0,0,0.42,0.452,0.6053641317786066,0.0,499.4515437714527
P-n16-k8,ga,43,13,15,1,16.4,8.138795979750322,35,100,0.01,0.26,499.4515437714527,499.45154377145275,5.684341886080802e-14,0.0,12,0.5,0.1,0,0,0,0,0.43,0.448,0.6186905882264235,0.0,499.4515437714527
P-n16-k8,ga,43,14,15,1,16.4,8.138795979750322,35,100,0.01,0.28,499.4515437714527,499.45154377145275,5.684341886080802e-14,0.0,13,0.5,0.1,0,0,0,0,0.44,0.444,0.6311539728327368,0.0,499.4515437714527
P-n16-k8,ga,43,15,15,1,16.4,8.138795979750322,35,100,0.01,0.3,499.4515437714527,499.45154377145275,5.684341886080802e-14,0.0,14,0.5,0.1,0,0,0,0,0.44999999999999996,0.44,0.6427050983124842,0.0,499.4515437714527
P-n16-k8,ga,43,16,15,1,16.4,8.138795979750322,35,100,0.01,0.32,499.4515437714527,499.45154377145275,5.684341886080802e-14,0.0,15,0.5,0.1,0,0,0,0,0.45999999999999996,0.436,0.6532983776506045,0.0,499.4515437714527
P-n16-k8,ga,43,17,15,1,16.4,8.138795979750322,35,100,0.01,0.34,499.4515437714527,499.45154377145275,5.684341886080802e-14,0.0,16,0.5,0.1,0,0,0,0,0.47,0.432,0.6628920040131592,0.0,499.4515437714527
P-n16-k8,ga,43,18,15,1,16.4,8.138795979750322,35,100,0.01,0.36,499.4515437714527,499.45154377145275,5.684341886080802e-14,0.0,17,0.5,0.1,0,0,0,0,0.48,0.428,0.6714481157398059,0.0,499.4515437714527
P-n16-k8,ga,43,19,15,1,16.4,8.138795979750322,35,100,0.01,0.38,499.4515437714527,499.45154377145275,5.684341886080802e-14,0.0,18,0.5,0.1,0,0,0,0,0.49,0.424,0.6789329457664754,0.0,499.4515437714527
P-n16-k8,ga,43,20,15,1,16.4,8.138795979750322,35,100,0.01,0.4,499.4515437714527,499.45154377145275,5.684341886080802e-14,0.0,19,0.5,0.1,0,0,0,0,0.5,0.42,0.685316954888546,0.0,499.4515437714527
P-n16-k8,ga,43,21,15,1,16.4,8.138795979750322,35,100,0.01,0.42,499.4515437714527,499.45154377145275,5.684341886080802e-14,0.0,19,0.5,0.1,0,0,0,0,0.51,0.416,0.6905749483385893,0.0,499.4515437714527
P-n16-k8,ga,43,22,15,1,16.4,8.138795979750322,35,100,0.01,0.44,499.4515437714527,499.45154377145275,5.684341886080802e-14,0.0,19,0.5,0.1,0,0,0,0,0.52,0.412,0.6946861752186066,0.0,499.4515437714527
P-n16-k8,ga,43,23,15,1,16.4,8.138795979750322,35,100,0.01,0.46,499.4515437714527,499.45154377145275,5.684341886080802e-14,0.0,19,0.5,0.1,0,0,0,0,0.53,0.408,0.6976344103943434,0.0,499.4515437714527
P-n16-k8,ga,43,24,15,1,16.4,8.138795979750322,35,100,0.01,0.48,499.4515437714527,499.45154377145275,5.684341886080802e-14,0.0,19,0.5,0.1,0,0,0,0,0.54,0.404,0.6994080185284814,0.0,499.4515437714527
P-n16-k8,ga,43,25,15,1,16.4,8.138795979750322,35,100,0.01,0.5,499.4515437714527,499.45154377145275,5.684341886080802e-14,0.0,19,0.5,0.1,0,0,0,0,0.55,0.4,0.7,0.0,499.4515437714527
P-n16-k8,ga,43,26,15,1,16.4,8.138795979750322,35,100,0.01,0.52,499.4515437714527,499.45154377145275,5.684341886080802e-14,0.0,19,0.5,0.1,0,0,0,0,0.56,0.396,0.6994080185284814,0.0,499.4515437714527
P-n16-k8,ga,43,27,15,1,16.4,8.138795979750322,35,100,0.01,0.54,499.4515437714527,499.45154377145275,5.684341886080802e-14,0.0,19,0.5,0.1,0,0,0,0,0.5700000000000001,0.392,0.6976344103943433,0.0,499.4515437714527
P-n16-k8,ga,43,28,15,1,16.4,8.138795979750322,35,100,0.01,0.56,499.4515437714527,499.45154377145275,5.684341886080802e-14,0.0,19,0.5,0.1,0,0,0,0,0.5800000000000001,0.388,0.6946861752186066,0.0,499.4515437714527
P-n16-k8,ga,43,29,15,1,16.4,8.138795979750322,35,100,0.01,0.58,499.4515437714527,499.45154377145275,5.684341886080802e-14,0.0,19,0.5,0.1,0,0,0,0,0.59,0.384,0.6905749483385893,0.0,499.4515437714527
P-n16-k8,ga,43,30,15,1,16.4,8.138795979750322,35,100,0.01,0.6,499.4515437714527,499.45154377145275,5.684341886080802e-14,0.0,19,0.5,0.1,0,0,0,0,0.6,0.38,0.685316954888546,0.0,499.4515437714527
P-n16-k8,ga,43,31,15,1,16.4,8.138795979750322,35,100,0.01,0.62,499.4515437714527,499.45154377145275,5.684341886080802e-14,0.0,19,0.5,0.1,0,0,0,0,0.61,0.376,0.6789329457664754,0.0,499.4515437714527
P-n16-k8,ga,43,32,15,1,16.4,8.138795979750322,35,100,0.01,0.64,499.4515437714527,499.45154377145275,5.684341886080802e-14,0.0,19,0.5,0.1,0,0,0,0,0.62,0.372,0.6714481157398058,0.0,499.4515437714527
P-n16-k8,ga,43,33,15,1,16.4,8.138795979750322,35,100,0.01,0.66,499.4515437714527,499.45154377145275,5.684341886080802e-14,0.0,19,0.5,0.1,0,0,0,0,0.63,0.368,0.6628920040131591,0.0,499.4515437714527
P-n16-k8,ga,43,34,15,1,16.4,8.138795979750322,35,100,0.01,0.68,499.4515437714527,499.45154377145275,5.684341886080802e-14,0.0,19,0.5,0.1,0,0,0,0,0.64,0.364,0.6532983776506045,0.0,499.4515437714527
P-n16-k8,ga,43,35,15,1,16.4,8.138795979750322,35,100,0.01,0.7,499.4515437714527,499.45154377145275,5.684341886080802e-14,0.0,19,0.5,0.1,0,0,0,0,0.6499999999999999,0.36,0.6427050983124842,0.0,499.4515437714527
P-n16-k8,ga,43,36,15,1,16.4,8.138795979750322,35,100,0.01,0.72,499.4515437714527,499.45154377145275,5.684341886080802e-14,0.0,19,0.5,0.1,0,0,0,0,0.6599999999999999,0.356,0.6311539728327368,0.0,499.4515437714527
P-n16-k8,ga,43,37,15,1,16.4,8.138795979750322,35,100,0.01,0.74,499.4515437714527,499.45154377145275,5.684341886080802e-14,0.0,19,0.5,0.1,0,0,0,0,0.6699999999999999,0.352,0.6186905882264234,0.0,499.4515437714527
P-n16-k8,ga,43,38,15,1,16.4,8.138795979750322,35,100,0.01,0.76,499.4515437714527,499.45154377145275,5.684341886080802e-14,0.0,19,0.5,0.1,0,0,0,0,0.6799999999999999,0.348,0.6053641317786067,0.0,499.4515437714527
P-n16-k8,ga,43,39,15,1,16.4,8.138795979750322,35,100,0.01,0.78,499.4515437714527,499.45154377145275,5.684341886080802e-14,0.0,19,0.5,0.1,0,0,0,0,0.69,0.344,0.591227196924607,0.0,499.4515437714527
P-n16-k8,ga,43,40,15,1,16.4,8.138795979750322,35,100,0.01,0.8,499.4515437714527,499.45154377145275,5.684341886080802e-14,0.0,19,0.5,0.1,0,0,0,0,0.7,0.33999999999999997,0.576335575687742,0.0,499.4515437714527
P-n16-k8,ga,43,41,15,1,16.4,8.138795979750322,35,100,0.01,0.82,499.4515437714527,499.45154377145275,5.684341886080802e-14,0.0,19,0.5,0.1,0,0,0,0,0.71,0.33599999999999997,0.5607480384936991,0.0,499.4515437714527
P-n16-k8,ga,43,42,15,1,16.4,8.138795979750322,35,100,0.01,0.84,499.4515437714527,499.45154377145275,5.684341886080802e-14,0.0,19,0.5,0.1,0,0,0,0,0.72,0.33199999999999996,0.5445261022305147,0.0,499.4515437714527
P-n16-k8,ga,43,43,15,1,16.4,8.138795979750322,35,100,0.01,0.86,499.4515437714527,499.45154377145275,5.684341886080802e-14,0.0,19,0.5,0.1,0,0,0,0,0.73,0.32799999999999996,0.5277337874695218,0.0,499.4515437714527
P-n16-k8,ga,43,44,15,1,16.4,8.138795979750322,35,100,0.01,0.88,499.4515437714527,499.45154377145275,5.684341886080802e-14,0.0,19,0.5,0.1,0,0,0,0,0.74,0.32399999999999995,0.5104373658054034,0.0,499.4515437714527
P-n16-k8,ga,43,45,15,1,16.4,8.138795979750322,35,100,0.01,0.9,499.4515437714527,499.45154377145275,5.684341886080802e-14,0.0,19,0.5,0.1,0,0,0,0,0.75,0.31999999999999995,0.49270509831248427,0.0,499.4515437714527
P-n16-k8,ga,43,46,15,1,16.4,8.138795979750322,35,100,0.01,0.92,499.4515437714527,499.45154377145275,5.684341886080802e-14,0.0,19,0.5,0.1,0,0,0,0,0.76,0.31599999999999995,0.47460696614945647,0.0,499.4515437714527
P-n16-k8,ga,43,47,15,1,16.4,8.138795979750322,35,100,0.01,0.94,499.4515437714527,499.45154377145275,5.684341886080802e-14,0.0,19,0.5,0.1,0,0,0,0,0.77,0.312,0.45621439437571754,0.0,499.4515437714527
P-n16-k8,ga,43,48,15,1,16.4,8.138795979750322,35,100,0.01,0.96,499.4515437714527,499.45154377145275,5.684341886080802e-14,0.0,19,0.5,0.1,0,0,0,0,0.78,0.308,0.4375999700692914,0.0,499.4515437714527
P-n16-k8,ga,43,49,15,1,16.4,8.138795979750322,35,100,0.01,0.98,499.4515437714527,499.45154377145275,5.684341886080802e-14,0.0,19,0.5,0.1,0,0,0,0,0.79,0.304,0.4188371558587941,0.0,499.4515437714527
P-n16-k8,ga,44,0,15,1,16.4,8.138795979750322,35,100,0.01,0.0,1000.0,1000.0,100.0,0.0,0,0.5,0.1,0,0,0,0,0.3,0.5,0.4,0.0,499.4515437714527
P-n16-k8,ga,44,1,15,1,16.4,8.138795979750322,35,100,0.01,0.02,499.4515437714527,499.4515437714527,100.0,0.0,0,0.5,0.1,0,0,0,0,0.31,0.496,0.41883715585879405,0.0,499.4515437714527
P-n16-k8,ga,44,2,15,1,16.4,8.138795979750322,35,100,0.01,0.04,499.4515437714527,499.4515437714527,100.0,0.0,0,0.5,0.1,0,0,0,0,0.32,0.492,0.4375999700692913,0.0,499.4515437714527
P-n16-k8,ga,44,3,15,1,16.4,8.138795979750322,35,100,0.01,0.06,499.4515437714527,499.4515437714527,100.0,0.0,0,0.5,0.1,0,0,0,0,0.32999999999999996,0.488,0.4562143943757174,0.0,499.4515437714527
P-n16-k8,ga,44,4,15,1,16.4,8.138795979750322,35,100,0.01,0.08,499.4515437714527,499.4515437714527,100.0,0.0,0,0.5,0.1,0,0,0,0,0.33999999999999997,0.484,0.47460696614945647,0.0,499.4515437714527
P-n16-k8,ga,44,5,15,1,16.4,8.138795979750322,35,100,0.01,0.1,499.4515437714527,499.45154377145275,100.0,0.0,0,0.5,0.1,0,0,0,0,0.35,0.48,0.4927050983124842,0.0,499.4515437714527
P-n16-k8,ga,44,6,15,1,16.4,8.138795979750322,35,100,0.01,0.12,499.4515437714527,499.4515437714527,100.0,0.0,0,0.5,0.1,0,0,0,0,0.36,0.476,0.5104373658054034,0.0,499.4515437714527
P-n16-k8,ga,44,7,15,1,16.4,8.138795979750322,35,100,0.01,0.14,499.4515437714527,499.4515437714527,100.0,0.0,0,0.5,0.1,0,0,0,0,0.37,0.472,0.5277337874695218,0.0,499.4515437714527
P-n16-k8,ga,44,8,15,1,16.4,8.138795979750322,35,100,0.01,0.16,499.4515437714527,499.4515437714527,100.0,0.0,0,0.5,0.1,0,0,0,0,0.38,0.46799999999999997,0.5445261022305146,0.0,499.4515437714527
P-n16-k8,ga,44,9,15,1,16.4,8.138795979750322,35,100,0.01,0.18,499.4515437714527,499.45154377145275,100.0,0.0,0,0.5,0.1,0,0,0,0,0.39,0.464,0.560748038493699,0.0,499.4515437714527
P-n16-k8,ga,44,10,15,1,16.4,8.138795979750322,35,100,0.01,0.2,499.4515437714527,499.45154377145275,100.0,0.0,0,0.5,0.1,0,0,0,0,0.4,0.45999999999999996,0.576335575687742,0.0,499.4515437714527
P-n16-k8,ga,44,11,15,1,16.4,8.138795979750322,35,100,0.01,0.22,499.4515437714527,499.45154377145275,5.684341886080802e-14,0.0,10,0.5,0.1,0,0,0,0,0.41,0.456,0.5912271969246069,0.0,499.4515437714527
P-n16-k8,ga,44,12,15,1,16.4,8.138795979750322,35,100,0.01,0.24,499.4515437714527,499.45154377145275,5.684341886080802e-14,0.0,11,0.5,0.1,0,0,0,0,0.42,0.452,0.6053641317786066,0.0,499.4515437714527
P-n16-k8,ga,44,13,15,1,16.4,8.138795979750322,35,100,0.01,0.26,499.4515437714527,499.45154377145275,5.684341886080802e-14,0.0,12,0.5,0.1,0,0,0,0,0.43,0.448,0.6186905882264235,0.0,499.4515437714527
P-n16-k8,ga,44,14,15,1,16.4,8.138795979750322,35,100,0.01,0.28,499.4515437714527,499.45154377145275,5.684341886080802e-14,0.0,13,0.5,0.1,0,0,0,0,0.44,0.444,0.6311539728327368,0.0,499.4515437714527
P-n16-k8,ga,44,15,15,1,16.4,8.138795979750322,35,100,0.01,0.3,499.4515437714527,499.45154377145275,5.684341886080802e-14,0.0,14,0.5,0.1,0,0,0,0,0.44999999999999996,0.44,0.6427050983124842,0.0,499.4515437714527
P-n16-k8,ga,44,16,15,1,16.4,8.138795979750322,35,100,0.01,0.32,499.4515437714527,499.45154377145275,5.684341886080802e-14,0.0,15,0.5,0.1,0,0,0,0,0.45999999999999996,0.436,0.6532983776506045,0.0,499.4515437714527
P-n16-k8,ga,44,17,15,1,16.4,8.138795979750322,35,100,0.01,0.34,499.4515437714527,499.45154377145275,5.684341886080802e-14,0.0,16,0.5,0.1,0,0,0,0,0.47,0.432,0.6628920040131592,0.0,499.4515437714527
P-n16-k8,ga,44,18,15,1,16.4,8.138795979750322,35,100,0.01,0.36,499.4515437714527,499.45154377145275,5.684341886080802e-14,0.0,17,0.5,0.1,0,0,0,0,0.48,0.428,0.6714481157398059,0.0,499.4515437714527
P-n16-k8,ga,44,19,15,1,16.4,8.138795979750322,35,100,0.01,0.38,499.4515437714527,499.45154377145275,5.684341886080802e-14,0.0,18,0.5,0.1,0,0,0,0,0.49,0.424,0.6789329457664754,0.0,499.4515437714527
P-n16-k8,ga,44,20,15,1,16.4,8.138795979750322,35,100,0.01,0.4,499.4515437714527,499.45154377145275,5.684341886080802e-14,0.0,19,0.5,0.1,0,0,0,0,0.5,0.42,0.685316954888546,0.0,499.4515437714527
P-n16-k8,ga,44,21,15,1,16.4,8.138795979750322,35,100,0.01,0.42,499.4515437714527,499.45154377145275,5.684341886080802e-14,0.0,19,0.5,0.1,0,0,0,0,0.51,0.416,0.6905749483385893,0.0,499.4515437714527
P-n16-k8,ga,44,22,15,1,16.4,8.138795979750322,35,100,0.01,0.44,499.4515437714527,499.45154377145275,5.684341886080802e-14,0.0,19,0.5,0.1,0,0,0,0,0.52,0.412,0.6946861752186066,0.0,499.4515437714527
P-n16-k8,ga,44,23,15,1,16.4,8.138795979750322,35,100,0.01,0.46,499.4515437714527,499.45154377145275,5.684341886080802e-14,0.0,19,0.5,0.1,0,0,0,0,0.53,0.408,0.6976344103943434,0.0,499.4515437714527
P-n16-k8,ga,44,24,15,1,16.4,8.138795979750322,35,100,0.01,0.48,499.4515437714527,499.45154377145275,5.684341886080802e-14,0.0,19,0.5,0.1,0,0,0,0,0.54,0.404,0.6994080185284814,0.0,499.4515437714527
P-n16-k8,ga,44,25,15,1,16.4,8.138795979750322,35,100,0.01,0.5,499.4515437714527,499.45154377145275,5.684341886080802e-14,0.0,19,0.5,0.1,0,0,0,0,0.55,0.4,0.7,0.0,499.4515437714527
P-n16-k8,ga,44,26,15,1,16.4,8.138795979750322,35,100,0.01,0.52,499.4515437714527,499.45154377145275,5.684341886080802e-14,0.0,19,0.5,0.1,0,0,0,0,0.56,0.396,0.6994080185284814,0.0,499.4515437714527
P-n16-k8,ga,44,27,15,1,16.4,8.138795979750322,35,100,0.01,0.54,499.4515437714527,499.45154377145275,5.684341886080802e-14,0.0,19,0.5,0.1,0,0,0,0,0.5700000000000001,0.392,0.6976344103943433,0.0,499.4515437714527
P-n16-k8,ga,44,28,15,1,16.4,8.138795979750322,35,100,0.01,0.56,499.4515437714527,499.45154377145275,5.684341886080802e-14,0.0,19,0.5,0.1,0,0,0,0,0.5800000000000001,0.388,0.6946861752186066,0.0,499.4515437714527
P-n16-k8,ga,44,29,15,1,16.4,8.138795979750322,35,100,0.01,0.58,499.4515437714527,499.45154377145275,5.684341886080802e-14,0.0,19,0.5,0.1,0,0,0,0,0.59,0.384,0.6905749483385893,0.0,499.4515437714527
P-n16-k8,ga,44,30,15,1,16.4,8.138795979750322,35,100,0.01,0.6,499.4515437714527,499.45154377145275,5.684341886080802e-14,0.0,19,0.5,0.1,0,0,0,0,0.6,0.38,0.685316954888546,0.0,499.4515437714527
P-n16-k8,ga,44,31,15,1,16.4,8.138795979750322,35,100,0.01,0.62,499.4515437714527,499.45154377145275,5.684341886080802e-14,0.0,19,0.5,0.1,0,0,0,0,0.61,0.376,0.6789329457664754,0.0,499.4515437714527
P-n16-k8,ga,44,32,15,1,16.4,8.138795979750322,35,100,0.01,0.64,499.4515437714527,499.45154377145275,5.684341886080802e-14,0.0,19,0.5,0.1,0,0,0,0,0.62,0.372,0.6714481157398058,0.0,499.4515437714527
P-n16-k8,ga,44,33,15,1,16.4,8.138795979750322,35,100,0.01,0.66,499.4515437714527,499.45154377145275,5.684341886080802e-14,0.0,19,0.5,0.1,0,0,0,0,0.63,0.368,0.6628920040131591,0.0,499.4515437714527
P-n16-k8,ga,44,34,15,1,16.4,8.138795979750322,35,100,0.01,0.68,499.4515437714527,499.45154377145275,5.684341886080802e-14,0.0,19,0.5,0.1,0,0,0,0,0.64,0.364,0.6532983776506045,0.0,499.4515437714527
P-n16-k8,ga,44,35,15,1,16.4,8.138795979750322,35,100,0.01,0.7,499.4515437714527,499.45154377145275,5.684341886080802e-14,0.0,19,0.5,0.1,0,0,0,0,0.6499999999999999,0.36,0.6427050983124842,0.0,499.4515437714527
P-n16-k8,ga,44,36,15,1,16.4,8.138795979750322,35,100,0.01,0.72,499.4515437714527,499.45154377145275,5.684341886080802e-14,0.0,19,0.5,0.1,0,0,0,0,0.6599999999999999,0.356,0.6311539728327368,0.0,499.4515437714527
P-n16-k8,ga,44,37,15,1,16.4,8.138795979750322,35,100,0.01,0.74,499.4515437714527,499.45154377145275,5.684341886080802e-14,0.0,19,0.5,0.1,0,0,0,0,0.6699999999999999,0.352,0.6186905882264234,0.0,499.4515437714527
P-n16-k8,ga,44,38,15,1,16.4,8.138795979750322,35,100,0.01,0.76,499.4515437714527,499.45154377145275,5.684341886080802e-14,0.0,19,0.5,0.1,0,0,0,0,0.6799999999999999,0.348,0.6053641317786067,0.0,499.4515437714527
P-n16-k8,ga,44,39,15,1,16.4,8.138795979750322,35,100,0.01,0.78,499.4515437714527,499.45154377145275,5.684341886080802e-14,0.0,19,0.5,0.1,0,0,0,0,0.69,0.344,0.591227196924607,0.0,499.4515437714527
P-n16-k8,ga,44,40,15,1,16.4,8.138795979750322,35,100,0.01,0.8,499.4515437714527,499.45154377145275,5.684341886080802e-14,0.0,19,0.5,0.1,0,0,0,0,0.7,0.33999999999999997,0.576335575687742,0.0,499.4515437714527
P-n16-k8,ga,44,41,15,1,16.4,8.138795979750322,35,100,0.01,0.82,499.4515437714527,499.45154377145275,5.684341886080802e-14,0.0,19,0.5,0.1,0,0,0,0,0.71,0.33599999999999997,0.5607480384936991,0.0,499.4515437714527
P-n16-k8,ga,44,42,15,1,16.4,8.138795979750322,35,100,0.01,0.84,499.4515437714527,499.45154377145275,5.684341886080802e-14,0.0,19,0.5,0.1,0,0,0,0,0.72,0.33199999999999996,0.5445261022305147,0.0,499.4515437714527
P-n16-k8,ga,44,43,15,1,16.4,8.138795979750322,35,100,0.01,0.86,499.4515437714527,499.45154377145275,5.684341886080802e-14,0.0,19,0.5,0.1,0,0,0,0,0.73,0.32799999999999996,0.5277337874695218,0.0,499.4515437714527
P-n16-k8,ga,44,44,15,1,16.4,8.138795979750322,35,100,0.01,0.88,499.4515437714527,499.45154377145275,5.684341886080802e-14,0.0,19,0.5,0.1,0,0,0,0,0.74,0.32399999999999995,0.5104373658054034,0.0,499.4515437714527
P-n16-k8,ga,44,45,15,1,16.4,8.138795979750322,35,100,0.01,0.9,499.4515437714527,499.45154377145275,5.684341886080802e-14,0.0,19,0.5,0.1,0,0,0,0,0.75,0.31999999999999995,0.49270509831248427,0.0,499.4515437714527
P-n16-k8,ga,44,46,15,1,16.4,8.138795979750322,35,100,0.01,0.92,499.4515437714527,499.45154377145275,5.684341886080802e-14,0.0,19,0.5,0.1,0,0,0,0,0.76,0.31599999999999995,0.47460696614945647,0.0,499.4515437714527
P-n16-k8,ga,44,47,15,1,16.4,8.138795979750322,35,100,0.01,0.94,499.4515437714527,499.45154377145275,5.684341886080802e-14,0.0,19,0.5,0.1,0,0,0,0,0.77,0.312,0.45621439437571754,0.0,499.4515437714527
P-n16-k8,ga,44,48,15,1,16.4,8.138795979750322,35,100,0.01,0.96,499.4515437714527,499.45154377145275,5.684341886080802e-14,0.0,19,0.5,0.1,0,0,0,0,0.78,0.308,0.4375999700692914,0.0,499.4515437714527
P-n16-k8,ga,44,49,15,1,16.4,8.138795979750322,35,100,0.01,0.98,499.4515437714527,499.45154377145275,5.684341886080802e-14,0.0,19,0.5,0.1,0,0,0,0,0.79,0.304,0.4188371558587941,0.0,499.4515437714527
P-n16-k8,ga,45,0,15,1,16.4,8.138795979750322,35,100,0.01,0.0,1000.0,1000.0,100.0,0.0,0,0.5,0.1,0,0,0,0,0.3,0.5,0.4,0.0,499.4515437714527
P-n16-k8,ga,45,1,15,1,16.4,8.138795979750322,35,100,0.01,0.02,499.4515437714527,499.4515437714527,100.0,0.0,0,0.5,0.1,0,0,0,0,0.31,0.496,0.41883715585879405,0.0,499.4515437714527
P-n16-k8,ga,45,2,15,1,16.4,8.138795979750322,35,100,0.01,0.04,499.4515437714527,499.4515437714527,100.0,0.0,0,0.5,0.1,0,0,0,0,0.32,0.492,0.4375999700692913,0.0,499.4515437714527
P-n16-k8,ga,45,3,15,1,16.4,8.138795979750322,35,100,0.01,0.06,499.4515437714527,499.4515437714527,100.0,0.0,0,0.5,0.1,0,0,0,0,0.32999999999999996,0.488,0.4562143943757174,0.0,499.4515437714527
P-n16-k8,ga,45,4,15,1,16.4,8.138795979750322,35,100,0.01,0.08,499.4515437714527,499.4515437714527,100.0,0.0,0,0.5,0.1,0,0,0,0,0.33999999999999997,0.484,0.47460696614945647,0.0,499.4515437714527
P-n16-k8,ga,45,5,15,1,16.4,8.138795979750322,35,100,0.01,0.1,499.4515437714527,499.45154377145275,100.0,0.0,0,0.5,0.1,0,0,0,0,0.35,0.48,0.4927050983124842,0.0,499.4515437714527
P-n16-k8,ga,45,6,15,1,16.4,8.138795979750322,35,100,0.01,0.12,499.4515437714527,499.4515437714527,100.0,0.0,0,0.5,0.1,0,0,0,0,0.36,0.476,0.5104373658054034,0.0,499.4515437714527
P-n16-k8,ga,45,7,15,1,16.4,8.138795979750322,35,100,0.01,0.14,499.4515437714527,499.4515437714527,100.0,0.0,0,0.5,0.1,0,0,0,0,0.37,0.472,0.5277337874695218,0.0,499.4515437714527
P-n16-k8,ga,45,8,15,1,16.4,8.138795979750322,35,100,0.01,0.16,499.4515437714527,499.4515437714527,100.0,0.0,0,0.5,0.1,0,0,0,0,0.38,0.46799999999999997,0.5445261022305146,0.0,499.4515437714527
P-n16-k8,ga,45,9,15,1,16.4,8.138795979750322,35,100,0.01,0.18,499.4515437714527,499.45154377145275,100.0,0.0,0,0.5,0.1,0,0,0,0,0.39,0.464,0.560748038493699,0.0,499.4515437714527
P-n16-k8,ga,45,10,15,1,16.4,8.138795979750322,35,100,0.01,0.2,499.4515437714527,499.45154377145275,100.0,0.0,0,0.5,0.1,0,0,0,0,0.4,0.45999999999999996,0.576335575687742,0.0,499.4515437714527
P-n16-k8,ga,45,11,15,1,16.4,8.138795979750322,35,100,0.01,0.22,499.4515437714527,499.45154377145275,5.684341886080802e-14,0.0,10,0.5,0.1,0,0,0,0,0.41,0.456,0.5912271969246069,0.0,499.4515437714527
P-n16-k8,ga,45,12,15,1,16.4,8.138795979750322,35,100,0.01,0.24,499.4515437714527,499.45154377145275,5.684341886080802e-14,0.0,11,0.5,0.1,0,0,0,0,0.42,0.452,0.6053641317786066,0.0,499.4515437714527
P-n16-k8,ga,45,13,15,1,16.4,8.138795979750322,35,100,0.01,0.26,499.4515437714527,499.45154377145275,5.684341886080802e-14,0.0,12,0.5,0.1,0,0,0,0,0.43,0.448,0.6186905882264235,0.0,499.4515437714527
P-n16-k8,ga,45,14,15,1,16.4,8.138795979750322,35,100,0.01,0.28,499.4515437714527,499.45154377145275,5.684341886080802e-14,0.0,13,0.5,0.1,0,0,0,0,0.44,0.444,0.6311539728327368,0.0,499.4515437714527
P-n16-k8,ga,45,15,15,1,16.4,8.138795979750322,35,100,0.01,0.3,499.4515437714527,499.45154377145275,5.684341886080802e-14,0.0,14,0.5,0.1,0,0,0,0,0.44999999999999996,0.44,0.6427050983124842,0.0,499.4515437714527
P-n16-k8,ga,45,16,15,1,16.4,8.138795979750322,35,100,0.01,0.32,499.4515437714527,499.45154377145275,5.684341886080802e-14,0.0,15,0.5,0.1,0,0,0,0,0.45999999999999996,0.436,0.6532983776506045,0.0,499.4515437714527
P-n16-k8,ga,45,17,15,1,16.4,8.138795979750322,35,100,0.01,0.34,499.4515437714527,499.45154377145275,5.684341886080802e-14,0.0,16,0.5,0.1,0,0,0,0,0.47,0.432,0.6628920040131592,0.0,499.4515437714527
P-n16-k8,ga,45,18,15,1,16.4,8.138795979750322,35,100,0.01,0.36,499.4515437714527,499.45154377145275,5.684341886080802e-14,0.0,17,0.5,0.1,0,0,0,0,0.48,0.428,0.6714481157398059,0.0,499.4515437714527
P-n16-k8,ga,45,19,15,1,16.4,8.138795979750322,35,100,0.01,0.38,499.4515437714527,499.45154377145275,5.684341886080802e-14,0.0,18,0.5,0.1,0,0,0,0,0.49,0.424,0.6789329457664754,0.0,499.4515437714527
P-n16-k8,ga,45,20,15,1,16.4,8.138795979750322,35,100,0.01,0.4,499.4515437714527,499.45154377145275,5.684341886080802e-14,0.0,19,0.5,0.1,0,0,0,0,0.5,0.42,0.685316954888546,0.0,499.4515437714527
P-n16-k8,ga,45,21,15,1,16.4,8.138795979750322,35,100,0.01,0.42,499.4515437714527,499.45154377145275,5.684341886080802e-14,0.0,19,0.5,0.1,0,0,0,0,0.51,0.416,0.6905749483385893,0.0,499.4515437714527
P-n16-k8,ga,45,22,15,1,16.4,8.138795979750322,35,100,0.01,0.44,499.4515437714527,499.45154377145275,5.684341886080802e-14,0.0,19,0.5,0.1,0,0,0,0,0.52,0.412,0.6946861752186066,0.0,499.4515437714527
P-n16-k8,ga,45,23,15,1,16.4,8.138795979750322,35,100,0.01,0.46,499.4515437714527,499.45154377145275,5.684341886080802e-14,0.0,19,0.5,0.1,0,0,0,0,0.53,0.408,0.6976344103943434,0.0,499.4515437714527
P-n16-k8,ga,45,24,15,1,16.4,8.138795979750322,35,100,0.01,0.48,499.4515437714527,499.45154377145275,5.684341886080802e-14,0.0,19,0.5,0.1,0,0,0,0,0.54,0.404,0.6994080185284814,0.0,499.4515437714527
P-n16-k8,ga,45,25,15,1,16.4,8.138795979750322,35,100,0.01,0.5,499.4515437714527,499.45154377145275,5.684341886080802e-14,0.0,19,0.5,0.1,0,0,0,0,0.55,0.4,0.7,0.0,499.4515437714527
P-n16-k8,ga,45,26,15,1,16.4,8.138795979750322,35,100,0.01,0.52,499.4515437714527,499.45154377145275,5.684341886080802e-14,0.0,19,0.5,0.1,0,0,0,0,0.56,0.396,0.6994080185284814,0.0,499.4515437714527
P-n16-k8,ga,45,27,15,1,16.4,8.138795979750322,35,100,0.01,0.54,499.4515437714527,499.45154377145275,5.684341886080802e-14,0.0,19,0.5,0.1,0,0,0,0,0.5700000000000001,0.392,0.6976344103943433,0.0,499.4515437714527
P-n16-k8,ga,45,28,15,1,16.4,8.138795979750322,35,100,0.01,0.56,499.4515437714527,499.45154377145275,5.684341886080802e-14,0.0,19,0.5,0.1,0,0,0,0,0.5800000000000001,0.388,0.6946861752186066,0.0,499.4515437714527
P-n16-k8,ga,45,29,15,1,16.4,8.138795979750322,35,100,0.01,0.58,499.4515437714527,499.45154377145275,5.684341886080802e-14,0.0,19,0.5,0.1,0,0,0,0,0.59,0.384,0.6905749483385893,0.0,499.4515437714527
P-n16-k8,ga,45,30,15,1,16.4,8.138795979750322,35,100,0.01,0.6,499.4515437714527,499.45154377145275,5.684341886080802e-14,0.0,19,0.5,0.1,0,0,0,0,0.6,0.38,0.685316954888546,0.0,499.4515437714527
P-n16-k8,ga,45,31,15,1,16.4,8.138795979750322,35,100,0.01,0.62,499.4515437714527,499.45154377145275,5.684341886080802e-14,0.0,19,0.5,0.1,0,0,0,0,0.61,0.376,0.6789329457664754,0.0,499.4515437714527
P-n16-k8,ga,45,32,15,1,16.4,8.138795979750322,35,100,0.01,0.64,499.4515437714527,499.45154377145275,5.684341886080802e-14,0.0,19,0.5,0.1,0,0,0,0,0.62,0.372,0.6714481157398058,0.0,499.4515437714527
P-n16-k8,ga,45,33,15,1,16.4,8.138795979750322,35,100,0.01,0.66,499.4515437714527,499.45154377145275,5.684341886080802e-14,0.0,19,0.5,0.1,0,0,0,0,0.63,0.368,0.6628920040131591,0.0,499.4515437714527
P-n16-k8,ga,45,34,15,1,16.4,8.138795979750322,35,100,0.01,0.68,499.4515437714527,499.45154377145275,5.684341886080802e-14,0.0,19,0.5,0.1,0,0,0,0,0.64,0.364,0.6532983776506045,0.0,499.4515437714527
P-n16-k8,ga,45,35,15,1,16.4,8.138795979750322,35,100,0.01,0.7,499.4515437714527,499.45154377145275,5.684341886080802e-14,0.0,19,0.5,0.1,0,0,0,0,0.6499999999999999,0.36,0.6427050983124842,0.0,499.4515437714527
P-n16-k8,ga,45,36,15,1,16.4,8.138795979750322,35,100,0.01,0.72,499.4515437714527,499.45154377145275,5.684341886080802e-14,0.0,19,0.5,0.1,0,0,0,0,0.6599999999999999,0.356,0.6311539728327368,0.0,499.4515437714527
P-n16-k8,ga,45,37,15,1,16.4,8.138795979750322,35,100,0.01,0.74,499.4515437714527,499.45154377145275,5.684341886080802e-14,0.0,19,0.5,0.1,0,0,0,0,0.6699999999999999,0.352,0.6186905882264234,0.0,499.4515437714527
P-n16-k8,ga,45,38,15,1,16.4,8.138795979750322,35,100,0.01,0.76,499.4515437714527,499.45154377145275,5.684341886080802e-14,0.0,19,0.5,0.1,0,0,0,0,0.6799999999999999,0.348,0.6053641317786067,0.0,499.4515437714527
P-n16-k8,ga,45,39,15,1,16.4,8.138795979750322,35,100,0.01,0.78,499.4515437714527,499.45154377145275,5.684341886080802e-14,0.0,19,0.5,0.1,0,0,0,0,0.69,0.344,0.591227196924607,0.0,499.4515437714527
P-n16-k8,ga,45,40,15,1,16.4,8.138795979750322,35,100,0.01,0.8,499.4515437714527,499.45154377145275,5.684341886080802e-14,0.0,19,0.5,0.1,0,0,0,0,0.7,0.33999999999999997,0.576335575687742,0.0,499.4515437714527
P-n16-k8,ga,45,41,15,1,16.4,8.138795979750322,35,100,0.01,0.82,499.4515437714527,499.45154377145275,5.684341886080802e-14,0.0,19,0.5,0.1,0,0,0,0,0.71,0.33599999999999997,0.5607480384936991,0.0,499.4515437714527
P-n16-k8,ga,45,42,15,1,16.4,8.138795979750322,35,100,0.01,0.84,499.4515437714527,499.45154377145275,5.684341886080802e-14,0.0,19,0.5,0.1,0,0,0,0,0.72,0.33199999999999996,0.5445261022305147,0.0,499.4515437714527
P-n16-k8,ga,45,43,15,1,16.4,8.138795979750322,35,100,0.01,0.86,499.4515437714527,499.45154377145275,5.684341886080802e-14,0.0,19,0.5,0.1,0,0,0,0,0.73,0.32799999999999996,0.5277337874695218,0.0,499.4515437714527
P-n16-k8,ga,45,44,15,1,16.4,8.138795979750322,35,100,0.01,0.88,499.4515437714527,499.45154377145275,5.684341886080802e-14,0.0,19,0.5,0.1,0,0,0,0,0.74,0.32399999999999995,0.5104373658054034,0.0,499.4515437714527
P-n16-k8,ga,45,45,15,1,16.4,8.138795979750322,35,100,0.01,0.9,499.4515437714527,499.45154377145275,5.684341886080802e-14,0.0,19,0.5,0.1,0,0,0,0,0.75,0.31999999999999995,0.49270509831248427,0.0,499.4515437714527
P-n16-k8,ga,45,46,15,1,16.4,8.138795979750322,35,100,0.01,0.92,499.4515437714527,499.45154377145275,5.684341886080802e-14,0.0,19,0.5,0.1,0,0,0,0,0.76,0.31599999999999995,0.47460696614945647,0.0,499.4515437714527
P-n16-k8,ga,45,47,15,1,16.4,8.138795979750322,35,100,0.01,0.94,499.4515437714527,499.45154377145275,5.684341886080802e-14,0.0,19,0.5,0.1,0,0,0,0,0.77,0.312,0.45621439437571754,0.0,499.4515437714527
P-n16-k8,ga,45,48,15,1,16.4,8.138795979750322,35,100,0.01,0.96,499.4515437714527,499.45154377145275,5.684341886080802e-14,0.0,19,0.5,0.1,0,0,0,0,0.78,0.308,0.4375999700692914,0.0,499.4515437714527
P-n16-k8,ga,45,49,15,1,16.4,8.138795979750322,35,100,0.01,0.98,499.4515437714527,499.45154377145275,5.684341886080802e-14,0.0,19,0.5,0.1,0,0,0,0,0.79,0.304,0.4188371558587941,0.0,499.4515437714527
P-n16-k8,ga,46,0,15,1,16.4,8.138795979750322,35,100,0.01,0.0,1000.0,1000.0,100.0,0.0,0,0.5,0.1,0,0,0,0,0.3,0.5,0.4,0.0,499.4515437714527
P-n16-k8,ga,46,1,15,1,16.4,8.138795979750322,35,100,0.01,0.02,499.4515437714527,499.4515437714527,100.0,0.0,0,0.5,0.1,0,0,0,0,0.31,0.496,0.41883715585879405,0.0,499.4515437714527
P-n16-k8,ga,46,2,15,1,16.4,8.138795979750322,35,100,0.01,0.04,499.4515437714527,499.4515437714527,100.0,0.0,0,0.5,0.1,0,0,0,0,0.32,0.492,0.4375999700692913,0.0,499.4515437714527
P-n16-k8,ga,46,3,15,1,16.4,8.138795979750322,35,100,0.01,0.06,499.4515437714527,499.4515437714527,100.0,0.0,0,0.5,0.1,0,0,0,0,0.32999999999999996,0.488,0.4562143943757174,0.0,499.4515437714527
P-n16-k8,ga,46,4,15,1,16.4,8.138795979750322,35,100,0.01,0.08,499.4515437714527,499.4515437714527,100.0,0.0,0,0.5,0.1,0,0,0,0,0.33999999999999997,0.484,0.47460696614945647,0.0,499.4515437714527
P-n16-k8,ga,46,5,15,1,16.4,8.138795979750322,35,100,0.01,0.1,499.4515437714527,499.45154377145275,100.0,0.0,0,0.5,0.1,0,0,0,0,0.35,0.48,0.4927050983124842,0.0,499.4515437714527
P-n16-k8,ga,46,6,15,1,16.4,8.138795979750322,35,100,0.01,0.12,499.4515437714527,499.4515437714527,100.0,0.0,0,0.5,0.1,0,0,0,0,0.36,0.476,0.5104373658054034,0.0,499.4515437714527
P-n16-k8,ga,46,7,15,1,16.4,8.138795979750322,35,100,0.01,0.14,499.4515437714527,499.4515437714527,100.0,0.0,0,0.5,0.1,0,0,0,0,0.37,0.472,0.5277337874695218,0.0,499.4515437714527
P-n16-k8,ga,46,8,15,1,16.4,8.138795979750322,35,100,0.01,0.16,499.4515437714527,499.4515437714527,100.0,0.0,0,0.5,0.1,0,0,0,0,0.38,0.46799999999999997,0.5445261022305146,0.0,499.4515437714527
P-n16-k8,ga,46,9,15,1,16.4,8.138795979750322,35,100,0.01,0.18,499.4515437714527,499.45154377145275,100.0,0.0,0,0.5,0.1,0,0,0,0,0.39,0.464,0.560748038493699,0.0,499.4515437714527
P-n16-k8,ga,46,10,15,1,16.4,8.138795979750322,35,100,0.01,0.2,499.4515437714527,499.45154377145275,100.0,0.0,0,0.5,0.1,0,0,0,0,0.4,0.45999999999999996,0.576335575687742,0.0,499.4515437714527
P-n16-k8,ga,46,11,15,1,16.4,8.138795979750322,35,100,0.01,0.22,499.4515437714527,499.45154377145275,5.684341886080802e-14,0.0,10,0.5,0.1,0,0,0,0,0.41,0.456,0.5912271969246069,0.0,499.4515437714527
P-n16-k8,ga,46,12,15,1,16.4,8.138795979750322,35,100,0.01,0.24,499.4515437714527,499.45154377145275,5.684341886080802e-14,0.0,11,0.5,0.1,0,0,0,0,0.42,0.452,0.6053641317786066,0.0,499.4515437714527
P-n16-k8,ga,46,13,15,1,16.4,8.138795979750322,35,100,0.01,0.26,499.4515437714527,499.45154377145275,5.684341886080802e-14,0.0,12,0.5,0.1,0,0,0,0,0.43,0.448,0.6186905882264235,0.0,499.4515437714527
P-n16-k8,ga,46,14,15,1,16.4,8.138795979750322,35,100,0.01,0.28,499.4515437714527,499.45154377145275,5.684341886080802e-14,0.0,13,0.5,0.1,0,0,0,0,0.44,0.444,0.6311539728327368,0.0,499.4515437714527
P-n16-k8,ga,46,15,15,1,16.4,8.138795979750322,35,100,0.01,0.3,499.4515437714527,499.45154377145275,5.684341886080802e-14,0.0,14,0.5,0.1,0,0,0,0,0.44999999999999996,0.44,0.6427050983124842,0.0,499.4515437714527
P-n16-k8,ga,46,16,15,1,16.4,8.138795979750322,35,100,0.01,0.32,499.4515437714527,499.45154377145275,5.684341886080802e-14,0.0,15,0.5,0.1,0,0,0,0,0.45999999999999996,0.436,0.6532983776506045,0.0,499.4515437714527
P-n16-k8,ga,46,17,15,1,16.4,8.138795979750322,35,100,0.01,0.34,499.4515437714527,499.45154377145275,5.684341886080802e-14,0.0,16,0.5,0.1,0,0,0,0,0.47,0.432,0.6628920040131592,0.0,499.4515437714527
P-n16-k8,ga,46,18,15,1,16.4,8.138795979750322,35,100,0.01,0.36,499.4515437714527,499.45154377145275,5.684341886080802e-14,0.0,17,0.5,0.1,0,0,0,0,0.48,0.428,0.6714481157398059,0.0,499.4515437714527
P-n16-k8,ga,46,19,15,1,16.4,8.138795979750322,35,100,0.01,0.38,499.4515437714527,499.45154377145275,5.684341886080802e-14,0.0,18,0.5,0.1,0,0,0,0,0.49,0.424,0.6789329457664754,0.0,499.4515437714527
P-n16-k8,ga,46,20,15,1,16.4,8.138795979750322,35,100,0.01,0.4,499.4515437714527,499.45154377145275,5.684341886080802e-14,0.0,19,0.5,0.1,0,0,0,0,0.5,0.42,0.685316954888546,0.0,499.4515437714527
P-n16-k8,ga,46,21,15,1,16.4,8.138795979750322,35,100,0.01,0.42,499.4515437714527,499.45154377145275,5.684341886080802e-14,0.0,19,0.5,0.1,0,0,0,0,0.51,0.416,0.6905749483385893,0.0,499.4515437714527
P-n16-k8,ga,46,22,15,1,16.4,8.138795979750322,35,100,0.01,0.44,499.4515437714527,499.45154377145275,5.684341886080802e-14,0.0,19,0.5,0.1,0,0,0,0,0.52,0.412,0.6946861752186066,0.0,499.4515437714527
P-n16-k8,ga,46,23,15,1,16.4,8.138795979750322,35,100,0.01,0.46,499.4515437714527,499.45154377145275,5.684341886080802e-14,0.0,19,0.5,0.1,0,0,0,0,0.53,0.408,0.6976344103943434,0.0,499.4515437714527
P-n16-k8,ga,46,24,15,1,16.4,8.138795979750322,35,100,0.01,0.48,499.4515437714527,499.45154377145275,5.684341886080802e-14,0.0,19,0.5,0.1,0,0,0,0,0.54,0.404,0.6994080185284814,0.0,499.4515437714527
P-n16-k8,ga,46,25,15,1,16.4,8.138795979750322,35,100,0.01,0.5,499.4515437714527,499.45154377145275,5.684341886080802e-14,0.0,19,0.5,0.1,0,0,0,0,0.55,0.4,0.7,0.0,499.4515437714527
P-n16-k8,ga,46,26,15,1,16.4,8.138795979750322,35,100,0.01,0.52,499.4515437714527,499.45154377145275,5.684341886080802e-14,0.0,19,0.5,0.1,0,0,0,0,0.56,0.396,0.6994080185284814,0.0,499.4515437714527
P-n16-k8,ga,46,27,15,1,16.4,8.138795979750322,35,100,0.01,0.54,499.4515437714527,499.45154377145275,5.684341886080802e-14,0.0,19,0.5,0.1,0,0,0,0,0.5700000000000001,0.392,0.6976344103943433,0.0,499.4515437714527
P-n16-k8,ga,46,28,15,1,16.4,8.138795979750322,35,100,0.01,0.56,499.4515437714527,499.45154377145275,5.684341886080802e-14,0.0,19,0.5,0.1,0,0,0,0,0.5800000000000001,0.388,0.6946861752186066,0.0,499.4515437714527
P-n16-k8,ga,46,29,15,1,16.4,8.138795979750322,35,100,0.01,0.58,499.4515437714527,499.45154377145275,5.684341886080802e-14,0.0,19,0.5,0.1,0,0,0,0,0.59,0.384,0.6905749483385893,0.0,499.4515437714527
P-n16-k8,ga,46,30,15,1,16.4,8.138795979750322,35,100,0.01,0.6,499.4515437714527,499.45154377145275,5.684341886080802e-14,0.0,19,0.5,0.1,0,0,0,0,0.6,0.38,0.685316954888546,0.0,499.4515437714527
P-n16-k8,ga,46,31,15,1,16.4,8.138795979750322,35,100,0.01,0.62,499.4515437714527,499.45154377145275,5.684341886080802e-14,0.0,19,0.5,0.1,0,0,0,0,0.61,0.376,0.6789329457664754,0.0,499.4515437714527
P-n16-k8,ga,46,32,15,1,16.4,8.138795979750322,35,100,0.01,0.64,499.4515437714527,499.45154377145275,5.684341886080802e-14,0.0,19,0.5,0.1,0,0,0,0,0.62,0.372,0.6714481157398058,0.0,499.4515437714527
P-n16-k8,ga,46,33,15,1,16.4,8.138795979750322,35,100,0.01,0.66,499.4515437714527,499.45154377145275,5.684341886080802e-14,0.0,19,0.5,0.1,0,0,0,0,0.63,0.368,0.6628920040131591,0.0,499.4515437714527
P-n16-k8,ga,46,34,15,1,16.4,8.138795979750322,35,100,0.01,0.68,499.4515437714527,499.45154377145275,5.684341886080802e-14,0.0,19,0.5,0.1,0,0,0,0,0.64,0.364,0.6532983776506045,0.0,499.4515437714527
P-n16-k8,ga,46,35,15,1,16.4,8.138795979750322,35,100,0.01,0.7,499.4515437714527,499.45154377145275,5.684341886080802e-14,0.0,19,0.5,0.1,0,0,0,0,0.6499999999999999,0.36,0.6427050983124842,0.0,499.4515437714527
P-n16-k8,ga,46,36,15,1,16.4,8.138795979750322,35,100,0.01,0.72,499.4515437714527,499.45154377145275,5.684341886080802e-14,0.0,19,0.5,0.1,0,0,0,0,0.6599999999999999,0.356,0.6311539728327368,0.0,499.4515437714527
P-n16-k8,ga,46,37,15,1,16.4,8.138795979750322,35,100,0.01,0.74,499.4515437714527,499.45154377145275,5.684341886080802e-14,0.0,19,0.5,0.1,0,0,0,0,0.6699999999999999,0.352,0.6186905882264234,0.0,499.4515437714527
P-n16-k8,ga,46,38,15,1,16.4,8.138795979750322,35,100,0.01,0.76,499.4515437714527,499.45154377145275,5.684341886080802e-14,0.0,19,0.5,0.1,0,0,0,0,0.6799999999999999,0.348,0.6053641317786067,0.0,499.4515437714527
P-n16-k8,ga,46,39,15,1,16.4,8.138795979750322,35,100,0.01,0.78,499.4515437714527,499.45154377145275,5.684341886080802e-14,0.0,19,0.5,0.1,0,0,0,0,0.69,0.344,0.591227196924607,0.0,499.4515437714527
P-n16-k8,ga,46,40,15,1,16.4,8.138795979750322,35,100,0.01,0.8,499.4515437714527,499.45154377145275,5.684341886080802e-14,0.0,19,0.5,0.1,0,0,0,0,0.7,0.33999999999999997,0.576335575687742,0.0,499.4515437714527
P-n16-k8,ga,46,41,15,1,16.4,8.138795979750322,35,100,0.01,0.82,499.4515437714527,499.45154377145275,5.684341886080802e-14,0.0,19,0.5,0.1,0,0,0,0,0.71,0.33599999999999997,0.5607480384936991,0.0,499.4515437714527
P-n16-k8,ga,46,42,15,1,16.4,8.138795979750322,35,100,0.01,0.84,499.4515437714527,499.45154377145275,5.684341886080802e-14,0.0,19,0.5,0.1,0,0,0,0,0.72,0.33199999999999996,0.5445261022305147,0.0,499.4515437714527
P-n16-k8,ga,46,43,15,1,16.4,8.138795979750322,35,100,0.01,0.86,499.4515437714527,499.45154377145275,5.684341886080802e-14,0.0,19,0.5,0.1,0,0,0,0,0.73,0.32799999999999996,0.5277337874695218,0.0,499.4515437714527
P-n16-k8,ga,46,44,15,1,16.4,8.138795979750322,35,100,0.01,0.88,499.4515437714527,499.45154377145275,5.684341886080802e-14,0.0,19,0.5,0.1,0,0,0,0,0.74,0.32399999999999995,0.5104373658054034,0.0,499.4515437714527
P-n16-k8,ga,46,45,15,1,16.4,8.138795979750322,35,100,0.01,0.9,499.4515437714527,499.45154377145275,5.684341886080802e-14,0.0,19,0.5,0.1,0,0,0,0,0.75,0.31999999999999995,0.49270509831248427,0.0,499.4515437714527
P-n16-k8,ga,46,46,15,1,16.4,8.138795979750322,35,100,0.01,0.92,499.4515437714527,499.45154377145275,5.684341886080802e-14,0.0,19,0.5,0.1,0,0,0,0,0.76,0.31599999999999995,0.47460696614945647,0.0,499.4515437714527
P-n16-k8,ga,46,47,15,1,16.4,8.138795979750322,35,100,0.01,0.94,499.4515437714527,499.45154377145275,5.684341886080802e-14,0.0,19,0.5,0.1,0,0,0,0,0.77,0.312,0.45621439437571754,0.0,499.4515437714527
P-n16-k8,ga,46,48,15,1,16.4,8.138795979750322,35,100,0.01,0.96,499.4515437714527,499.45154377145275,5.684341886080802e-14,0.0,19,0.5,0.1,0,0,0,0,0.78,0.308,0.4375999700692914,0.0,499.4515437714527
P-n16-k8,ga,46,49,15,1,16.4,8.138795979750322,35,100,0.01,0.98,499.4515437714527,499.45154377145275,5.684341886080802e-14,0.0,19,0.5,0.1,0,0,0,0,0.79,0.304,0.4188371558587941,0.0,499.4515437714527
P-n16-k8,ga,47,0,15,1,16.4,8.138795979750322,35,100,0.01,0.0,1000.0,1000.0,100.0,0.0,0,0.5,0.1,0,0,0,0,0.3,0.5,0.4,0.0,507.85189990002283
P-n16-k8,ga,47,1,15,1,16.4,8.138795979750322,35,100,0.01,0.02,507.85189990002283,507.85189990002283,100.0,0.0,0,0.5,0.1,0,0,0,0,0.31,0.496,0.41883715585879405,0.0,507.85189990002283
P-n16-k8,ga,47,2,15,1,16.4,8.138795979750322,35,100,0.01,0.04,507.85189990002283,507.85189990002283,100.0,0.0,0,0.5,0.1,0,0,0,0,0.32,0.492,0.4375999700692913,0.0,507.85189990002283
P-n16-k8,ga,47,3,15,1,16.4,8.138795979750322,35,100,0.01,0.06,507.85189990002283,507.85189990002283,100.0,0.0,0,0.5,0.1,0,0,0,0,0.32999999999999996,0.488,0.4562143943757174,0.0,507.85189990002283
P-n16-k8,ga,47,4,15,1,16.4,8.138795979750322,35,100,0.01,0.08,507.85189990002283,507.85189990002283,100.0,0.0,0,0.5,0.1,0,0,0,0,0.33999999999999997,0.484,0.47460696614945647,0.0,507.85189990002283
P-n16-k8,ga,47,5,15,1,16.4,8.138795979750322,35,100,0.01,0.1,507.85189990002283,507.85189990002283,100.0,0.0,0,0.5,0.1,0,0,0,0,0.35,0.48,0.4927050983124842,0.0,507.85189990002283
P-n16-k8,ga,47,6,15,1,16.4,8.138795979750322,35,100,0.01,0.12,507.85189990002283,507.85189990002283,100.0,0.0,0,0.5,0.1,0,0,0,0,0.36,0.476,0.5104373658054034,0.0,507.85189990002283
P-n16-k8,ga,47,7,15,1,16.4,8.138795979750322,35,100,0.01,0.14,507.85189990002283,507.8518999000229,100.0,0.0,0,0.5,0.1,0,0,0,0,0.37,0.472,0.5277337874695218,0.0,507.85189990002283
P-n16-k8,ga,47,8,15,1,16.4,8.138795979750322,35,100,0.01,0.16,507.85189990002283,507.85189990002283,100.0,0.0,0,0.5,0.1,0,0,0,0,0.38,0.46799999999999997,0.5445261022305146,0.0,507.85189990002283
P-n16-k8,ga,47,9,15,1,16.4,8.138795979750322,35,100,0.01,0.18,507.85189990002283,507.85189990002283,100.0,0.0,0,0.5,0.1,0,0,0,0,0.39,0.464,0.560748038493699,0.0,507.85189990002283
P-n16-k8,ga,47,10,15,1,16.4,8.138795979750322,35,100,0.01,0.2,507.85189990002283,507.85189990002283,100.0,0.0,0,0.5,0.1,0,0,0,0,0.4,0.45999999999999996,0.576335575687742,0.0,507.85189990002283
P-n16-k8,ga,47,11,15,1,16.4,8.138795979750322,35,100,0.01,0.22,507.85189990002283,507.85189990002283,0.0,0.0,10,0.5,0.1,0,0,0,0,0.41,0.456,0.5912271969246069,0.0,507.85189990002283
P-n16-k8,ga,47,12,15,1,16.4,8.138795979750322,35,100,0.01,0.24,507.85189990002283,507.85189990002283,0.0,0.0,11,0.5,0.1,0,0,0,0,0.42,0.452,0.6053641317786066,0.0,507.85189990002283
P-n16-k8,ga,47,13,15,1,16.4,8.138795979750322,35,100,0.01,0.26,507.85189990002283,507.85189990002283,0.0,0.0,12,0.5,0.1,0,0,0,0,0.43,0.448,0.6186905882264235,0.0,507.85189990002283
P-n16-k8,ga,47,14,15,1,16.4,8.138795979750322,35,100,0.01,0.28,507.85189990002283,507.85189990002283,0.0,0.0,13,0.5,0.1,0,0,0,0,0.44,0.444,0.6311539728327368,0.0,507.85189990002283
P-n16-k8,ga,47,15,15,1,16.4,8.138795979750322,35,100,0.01,0.3,507.85189990002283,507.85189990002283,0.0,0.0,14,0.5,0.1,0,0,0,0,0.44999999999999996,0.44,0.6427050983124842,0.0,507.85189990002283
P-n16-k8,ga,47,16,15,1,16.4,8.138795979750322,35,100,0.01,0.32,507.85189990002283,507.85189990002283,0.0,0.0,15,0.5,0.1,0,0,0,0,0.45999999999999996,0.436,0.6532983776506045,0.0,507.85189990002283
P-n16-k8,ga,47,17,15,1,16.4,8.138795979750322,35,100,0.01,0.34,507.85189990002283,507.85189990002283,0.0,0.0,16,0.5,0.1,0,0,0,0,0.47,0.432,0.6628920040131592,0.0,507.85189990002283
P-n16-k8,ga,47,18,15,1,16.4,8.138795979750322,35,100,0.01,0.36,507.85189990002283,507.85189990002283,0.0,0.0,17,0.5,0.1,0,0,0,0,0.48,0.428,0.6714481157398059,0.0,507.85189990002283
P-n16-k8,ga,47,19,15,1,16.4,8.138795979750322,35,100,0.01,0.38,507.85189990002283,507.85189990002283,0.0,0.0,18,0.5,0.1,0,0,0,0,0.49,0.424,0.6789329457664754,0.0,507.85189990002283
P-n16-k8,ga,47,20,15,1,16.4,8.138795979750322,35,100,0.01,0.4,507.85189990002283,507.85189990002283,0.0,0.0,19,0.5,0.1,0,0,0,0,0.5,0.42,0.685316954888546,0.0,507.85189990002283
P-n16-k8,ga,47,21,15,1,16.4,8.138795979750322,35,100,0.01,0.42,507.85189990002283,507.85189990002283,0.0,0.0,19,0.5,0.1,0,0,0,0,0.51,0.416,0.6905749483385893,0.0,507.85189990002283
P-n16-k8,ga,47,22,15,1,16.4,8.138795979750322,35,100,0.01,0.44,507.85189990002283,507.85189990002283,0.0,0.0,19,0.5,0.1,0,0,0,0,0.52,0.412,0.6946861752186066,0.0,507.85189990002283
P-n16-k8,ga,47,23,15,1,16.4,8.138795979750322,35,100,0.01,0.46,507.85189990002283,507.85189990002283,0.0,0.0,19,0.5,0.1,0,0,0,0,0.53,0.408,0.6976344103943434,0.0,507.85189990002283
P-n16-k8,ga,47,24,15,1,16.4,8.138795979750322,35,100,0.01,0.48,507.85189990002283,507.85189990002283,0.0,0.0,19,0.5,0.1,0,0,0,0,0.54,0.404,0.6994080185284814,0.0,507.85189990002283
P-n16-k8,ga,47,25,15,1,16.4,8.138795979750322,35,100,0.01,0.5,507.85189990002283,507.85189990002283,0.0,0.0,19,0.5,0.1,0,0,0,0,0.55,0.4,0.7,0.0,507.85189990002283
P-n16-k8,ga,47,26,15,1,16.4,8.138795979750322,35,100,0.01,0.52,507.85189990002283,507.85189990002283,0.0,0.0,19,0.5,0.1,0,0,0,0,0.56,0.396,0.6994080185284814,0.0,507.85189990002283
P-n16-k8,ga,47,27,15,1,16.4,8.138795979750322,35,100,0.01,0.54,507.85189990002283,507.85189990002283,0.0,0.0,19,0.5,0.1,0,0,0,0,0.5700000000000001,0.392,0.6976344103943433,0.0,507.85189990002283
P-n16-k8,ga,47,28,15,1,16.4,8.138795979750322,35,100,0.01,0.56,507.85189990002283,507.85189990002283,0.0,0.0,19,0.5,0.1,0,0,0,0,0.5800000000000001,0.388,0.6946861752186066,0.0,507.85189990002283
P-n16-k8,ga,47,29,15,1,16.4,8.138795979750322,35,100,0.01,0.58,507.85189990002283,507.85189990002283,0.0,0.0,19,0.5,0.1,0,0,0,0,0.59,0.384,0.6905749483385893,0.0,507.85189990002283
P-n16-k8,ga,47,30,15,1,16.4,8.138795979750322,35,100,0.01,0.6,507.85189990002283,507.85189990002283,0.0,0.0,19,0.5,0.1,0,0,0,0,0.6,0.38,0.685316954888546,0.0,507.85189990002283
P-n16-k8,ga,47,31,15,1,16.4,8.138795979750322,35,100,0.01,0.62,507.85189990002283,507.85189990002283,0.0,0.0,19,0.5,0.1,0,0,0,0,0.61,0.376,0.6789329457664754,0.0,507.85189990002283
P-n16-k8,ga,47,32,15,1,16.4,8.138795979750322,35,100,0.01,0.64,507.85189990002283,507.85189990002283,0.0,0.0,19,0.5,0.1,0,0,0,0,0.62,0.372,0.6714481157398058,0.0,507.85189990002283
P-n16-k8,ga,47,33,15,1,16.4,8.138795979750322,35,100,0.01,0.66,507.85189990002283,507.85189990002283,0.0,0.0,19,0.5,0.1,0,0,0,0,0.63,0.368,0.6628920040131591,0.0,507.85189990002283
P-n16-k8,ga,47,34,15,1,16.4,8.138795979750322,35,100,0.01,0.68,507.85189990002283,507.85189990002283,0.0,0.0,19,0.5,0.1,0,0,0,0,0.64,0.364,0.6532983776506045,0.0,507.85189990002283
P-n16-k8,ga,47,35,15,1,16.4,8.138795979750322,35,100,0.01,0.7,507.85189990002283,507.85189990002283,0.0,0.0,19,0.5,0.1,0,0,0,0,0.6499999999999999,0.36,0.6427050983124842,0.0,507.85189990002283
P-n16-k8,ga,47,36,15,1,16.4,8.138795979750322,35,100,0.01,0.72,507.85189990002283,507.85189990002283,0.0,0.0,19,0.5,0.1,0,0,0,0,0.6599999999999999,0.356,0.6311539728327368,0.0,507.85189990002283
P-n16-k8,ga,47,37,15,1,16.4,8.138795979750322,35,100,0.01,0.74,507.85189990002283,507.85189990002283,0.0,0.0,19,0.5,0.1,0,0,0,0,0.6699999999999999,0.352,0.6186905882264234,0.0,507.85189990002283
P-n16-k8,ga,47,38,15,1,16.4,8.138795979750322,35,100,0.01,0.76,507.85189990002283,507.85189990002283,0.0,0.0,19,0.5,0.1,0,0,0,0,0.6799999999999999,0.348,0.6053641317786067,0.0,507.85189990002283
P-n16-k8,ga,47,39,15,1,16.4,8.138795979750322,35,100,0.01,0.78,507.85189990002283,507.85189990002283,0.0,0.0,19,0.5,0.1,0,0,0,0,0.69,0.344,0.591227196924607,0.0,507.85189990002283
P-n16-k8,ga,47,40,15,1,16.4,8.138795979750322,35,100,0.01,0.8,507.85189990002283,507.85189990002283,0.0,0.0,19,0.5,0.1,0,0,0,0,0.7,0.33999999999999997,0.576335575687742,0.0,507.85189990002283
P-n16-k8,ga,47,41,15,1,16.4,8.138795979750322,35,100,0.01,0.82,507.85189990002283,507.85189990002283,0.0,0.0,19,0.5,0.1,0,0,0,0,0.71,0.33599999999999997,0.5607480384936991,0.0,507.85189990002283
P-n16-k8,ga,47,42,15,1,16.4,8.138795979750322,35,100,0.01,0.84,507.85189990002283,507.85189990002283,0.0,0.0,19,0.5,0.1,0,0,0,0,0.72,0.33199999999999996,0.5445261022305147,0.0,507.85189990002283
P-n16-k8,ga,47,43,15,1,16.4,8.138795979750322,35,100,0.01,0.86,507.85189990002283,507.85189990002283,0.0,0.0,19,0.5,0.1,0,0,0,0,0.73,0.32799999999999996,0.5277337874695218,0.0,507.85189990002283
P-n16-k8,ga,47,44,15,1,16.4,8.138795979750322,35,100,0.01,0.88,507.85189990002283,507.85189990002283,0.0,0.0,19,0.5,0.1,0,0,0,0,0.74,0.32399999999999995,0.5104373658054034,0.0,507.85189990002283
P-n16-k8,ga,47,45,15,1,16.4,8.138795979750322,35,100,0.01,0.9,507.85189990002283,507.85189990002283,0.0,0.0,19,0.5,0.1,0,0,0,0,0.75,0.31999999999999995,0.49270509831248427,0.0,507.85189990002283
P-n16-k8,ga,47,46,15,1,16.4,8.138795979750322,35,100,0.01,0.92,507.85189990002283,507.85189990002283,0.0,0.0,19,0.5,0.1,0,0,0,0,0.76,0.31599999999999995,0.47460696614945647,0.0,507.85189990002283
P-n16-k8,ga,47,47,15,1,16.4,8.138795979750322,35,100,0.01,0.94,507.85189990002283,507.85189990002283,0.0,0.0,19,0.5,0.1,0,0,0,0,0.77,0.312,0.45621439437571754,0.0,507.85189990002283
P-n16-k8,ga,47,48,15,1,16.4,8.138795979750322,35,100,0.01,0.96,507.85189990002283,507.85189990002283,0.0,0.0,19,0.5,0.1,0,0,0,0,0.78,0.308,0.4375999700692914,0.0,507.85189990002283
P-n16-k8,ga,47,49,15,1,16.4,8.138795979750322,35,100,0.01,0.98,507.85189990002283,507.85189990002283,0.0,0.0,19,0.5,0.1,0,0,0,0,0.79,0.304,0.4188371558587941,0.0,507.85189990002283
P-n16-k8,ga,48,0,15,1,16.4,8.138795979750322,35,100,0.01,0.0,1000.0,1000.0,100.0,0.0,0,0.5,0.1,0,0,0,0,0.3,0.5,0.4,0.0,507.85189990002283
P-n16-k8,ga,48,1,15,1,16.4,8.138795979750322,35,100,0.01,0.02,507.85189990002283,507.85189990002283,100.0,0.0,0,0.5,0.1,0,0,0,0,0.31,0.496,0.41883715585879405,0.0,507.85189990002283
P-n16-k8,ga,48,2,15,1,16.4,8.138795979750322,35,100,0.01,0.04,507.85189990002283,507.85189990002283,100.0,0.0,0,0.5,0.1,0,0,0,0,0.32,0.492,0.4375999700692913,0.0,507.85189990002283
P-n16-k8,ga,48,3,15,1,16.4,8.138795979750322,35,100,0.01,0.06,507.85189990002283,507.85189990002283,100.0,0.0,0,0.5,0.1,0,0,0,0,0.32999999999999996,0.488,0.4562143943757174,0.0,507.85189990002283
P-n16-k8,ga,48,4,15,1,16.4,8.138795979750322,35,100,0.01,0.08,507.85189990002283,507.85189990002283,100.0,0.0,0,0.5,0.1,0,0,0,0,0.33999999999999997,0.484,0.47460696614945647,0.0,507.85189990002283
P-n16-k8,ga,48,5,15,1,16.4,8.138795979750322,35,100,0.01,0.1,507.85189990002283,507.85189990002283,100.0,0.0,0,0.5,0.1,0,0,0,0,0.35,0.48,0.4927050983124842,0.0,507.85189990002283
P-n16-k8,ga,48,6,15,1,16.4,8.138795979750322,35,100,0.01,0.12,507.85189990002283,507.85189990002283,100.0,0.0,0,0.5,0.1,0,0,0,0,0.36,0.476,0.5104373658054034,0.0,507.85189990002283
P-n16-k8,ga,48,7,15,1,16.4,8.138795979750322,35,100,0.01,0.14,507.85189990002283,507.8518999000229,100.0,0.0,0,0.5,0.1,0,0,0,0,0.37,0.472,0.5277337874695218,0.0,507.85189990002283
P-n16-k8,ga,48,8,15,1,16.4,8.138795979750322,35,100,0.01,0.16,507.85189990002283,507.85189990002283,100.0,0.0,0,0.5,0.1,0,0,0,0,0.38,0.46799999999999997,0.5445261022305146,0.0,507.85189990002283
P-n16-k8,ga,48,9,15,1,16.4,8.138795979750322,35,100,0.01,0.18,507.85189990002283,507.85189990002283,100.0,0.0,0,0.5,0.1,0,0,0,0,0.39,0.464,0.560748038493699,0.0,507.85189990002283
P-n16-k8,ga,48,10,15,1,16.4,8.138795979750322,35,100,0.01,0.2,507.85189990002283,507.85189990002283,100.0,0.0,0,0.5,0.1,0,0,0,0,0.4,0.45999999999999996,0.576335575687742,0.0,507.85189990002283
P-n16-k8,ga,48,11,15,1,16.4,8.138795979750322,35,100,0.01,0.22,507.85189990002283,507.85189990002283,0.0,0.0,10,0.5,0.1,0,0,0,0,0.41,0.456,0.5912271969246069,0.0,507.85189990002283
P-n16-k8,ga,48,12,15,1,16.4,8.138795979750322,35,100,0.01,0.24,507.85189990002283,507.85189990002283,0.0,0.0,11,0.5,0.1,0,0,0,0,0.42,0.452,0.6053641317786066,0.0,507.85189990002283
P-n16-k8,ga,48,13,15,1,16.4,8.138795979750322,35,100,0.01,0.26,507.85189990002283,507.85189990002283,0.0,0.0,12,0.5,0.1,0,0,0,0,0.43,0.448,0.6186905882264235,0.0,507.85189990002283
P-n16-k8,ga,48,14,15,1,16.4,8.138795979750322,35,100,0.01,0.28,507.85189990002283,507.85189990002283,0.0,0.0,13,0.5,0.1,0,0,0,0,0.44,0.444,0.6311539728327368,0.0,507.85189990002283
P-n16-k8,ga,48,15,15,1,16.4,8.138795979750322,35,100,0.01,0.3,507.85189990002283,507.85189990002283,0.0,0.0,14,0.5,0.1,0,0,0,0,0.44999999999999996,0.44,0.6427050983124842,0.0,507.85189990002283
P-n16-k8,ga,48,16,15,1,16.4,8.138795979750322,35,100,0.01,0.32,507.85189990002283,507.85189990002283,0.0,0.0,15,0.5,0.1,0,0,0,0,0.45999999999999996,0.436,0.6532983776506045,0.0,507.85189990002283
P-n16-k8,ga,48,17,15,1,16.4,8.138795979750322,35,100,0.01,0.34,507.85189990002283,507.85189990002283,0.0,0.0,16,0.5,0.1,0,0,0,0,0.47,0.432,0.6628920040131592,0.0,507.85189990002283
P-n16-k8,ga,48,18,15,1,16.4,8.138795979750322,35,100,0.01,0.36,507.85189990002283,507.85189990002283,0.0,0.0,17,0.5,0.1,0,0,0,0,0.48,0.428,0.6714481157398059,0.0,507.85189990002283
P-n16-k8,ga,48,19,15,1,16.4,8.138795979750322,35,100,0.01,0.38,507.85189990002283,507.85189990002283,0.0,0.0,18,0.5,0.1,0,0,0,0,0.49,0.424,0.6789329457664754,0.0,507.85189990002283
P-n16-k8,ga,48,20,15,1,16.4,8.138795979750322,35,100,0.01,0.4,507.85189990002283,507.85189990002283,0.0,0.0,19,0.5,0.1,0,0,0,0,0.5,0.42,0.685316954888546,0.0,507.85189990002283
P-n16-k8,ga,48,21,15,1,16.4,8.138795979750322,35,100,0.01,0.42,507.85189990002283,507.85189990002283,0.0,0.0,19,0.5,0.1,0,0,0,0,0.51,0.416,0.6905749483385893,0.0,507.85189990002283
P-n16-k8,ga,48,22,15,1,16.4,8.138795979750322,35,100,0.01,0.44,507.85189990002283,507.85189990002283,0.0,0.0,19,0.5,0.1,0,0,0,0,0.52,0.412,0.6946861752186066,0.0,507.85189990002283
P-n16-k8,ga,48,23,15,1,16.4,8.138795979750322,35,100,0.01,0.46,507.85189990002283,507.85189990002283,0.0,0.0,19,0.5,0.1,0,0,0,0,0.53,0.408,0.6976344103943434,0.0,507.85189990002283
P-n16-k8,ga,48,24,15,1,16.4,8.138795979750322,35,100,0.01,0.48,507.85189990002283,507.85189990002283,0.0,0.0,19,0.5,0.1,0,0,0,0,0.54,0.404,0.6994080185284814,0.0,507.85189990002283
P-n16-k8,ga,48,25,15,1,16.4,8.138795979750322,35,100,0.01,0.5,507.85189990002283,507.85189990002283,0.0,0.0,19,0.5,0.1,0,0,0,0,0.55,0.4,0.7,0.0,507.85189990002283
P-n16-k8,ga,48,26,15,1,16.4,8.138795979750322,35,100,0.01,0.52,507.85189990002283,507.85189990002283,0.0,0.0,19,0.5,0.1,0,0,0,0,0.56,0.396,0.6994080185284814,0.0,507.85189990002283
P-n16-k8,ga,48,27,15,1,16.4,8.138795979750322,35,100,0.01,0.54,507.85189990002283,507.85189990002283,0.0,0.0,19,0.5,0.1,0,0,0,0,0.5700000000000001,0.392,0.6976344103943433,0.0,507.85189990002283
P-n16-k8,ga,48,28,15,1,16.4,8.138795979750322,35,100,0.01,0.56,507.85189990002283,507.85189990002283,0.0,0.0,19,0.5,0.1,0,0,0,0,0.5800000000000001,0.388,0.6946861752186066,0.0,507.85189990002283
P-n16-k8,ga,48,29,15,1,16.4,8.138795979750322,35,100,0.01,0.58,507.85189990002283,507.85189990002283,0.0,0.0,19,0.5,0.1,0,0,0,0,0.59,0.384,0.6905749483385893,0.0,507.85189990002283
P-n16-k8,ga,48,30,15,1,16.4,8.138795979750322,35,100,0.01,0.6,507.85189990002283,507.85189990002283,0.0,0.0,19,0.5,0.1,0,0,0,0,0.6,0.38,0.685316954888546,0.0,507.85189990002283
P-n16-k8,ga,48,31,15,1,16.4,8.138795979750322,35,100,0.01,0.62,507.85189990002283,507.85189990002283,0.0,0.0,19,0.5,0.1,0,0,0,0,0.61,0.376,0.6789329457664754,0.0,507.85189990002283
P-n16-k8,ga,48,32,15,1,16.4,8.138795979750322,35,100,0.01,0.64,507.85189990002283,507.85189990002283,0.0,0.0,19,0.5,0.1,0,0,0,0,0.62,0.372,0.6714481157398058,0.0,507.85189990002283
P-n16-k8,ga,48,33,15,1,16.4,8.138795979750322,35,100,0.01,0.66,507.85189990002283,507.85189990002283,0.0,0.0,19,0.5,0.1,0,0,0,0,0.63,0.368,0.6628920040131591,0.0,507.85189990002283
P-n16-k8,ga,48,34,15,1,16.4,8.138795979750322,35,100,0.01,0.68,507.85189990002283,507.85189990002283,0.0,0.0,19,0.5,0.1,0,0,0,0,0.64,0.364,0.6532983776506045,0.0,507.85189990002283
P-n16-k8,ga,48,35,15,1,16.4,8.138795979750322,35,100,0.01,0.7,507.85189990002283,507.85189990002283,0.0,0.0,19,0.5,0.1,0,0,0,0,0.6499999999999999,0.36,0.6427050983124842,0.0,507.85189990002283
P-n16-k8,ga,48,36,15,1,16.4,8.138795979750322,35,100,0.01,0.72,507.85189990002283,507.85189990002283,0.0,0.0,19,0.5,0.1,0,0,0,0,0.6599999999999999,0.356,0.6311539728327368,0.0,507.85189990002283
P-n16-k8,ga,48,37,15,1,16.4,8.138795979750322,35,100,0.01,0.74,507.85189990002283,507.85189990002283,0.0,0.0,19,0.5,0.1,0,0,0,0,0.6699999999999999,0.352,0.6186905882264234,0.0,507.85189990002283
P-n16-k8,ga,48,38,15,1,16.4,8.138795979750322,35,100,0.01,0.76,507.85189990002283,507.85189990002283,0.0,0.0,19,0.5,0.1,0,0,0,0,0.6799999999999999,0.348,0.6053641317786067,0.0,507.85189990002283
P-n16-k8,ga,48,39,15,1,16.4,8.138795979750322,35,100,0.01,0.78,507.85189990002283,507.85189990002283,0.0,0.0,19,0.5,0.1,0,0,0,0,0.69,0.344,0.591227196924607,0.0,507.85189990002283
P-n16-k8,ga,48,40,15,1,16.4,8.138795979750322,35,100,0.01,0.8,507.85189990002283,507.85189990002283,0.0,0.0,19,0.5,0.1,0,0,0,0,0.7,0.33999999999999997,0.576335575687742,0.0,507.85189990002283
P-n16-k8,ga,48,41,15,1,16.4,8.138795979750322,35,100,0.01,0.82,507.85189990002283,507.85189990002283,0.0,0.0,19,0.5,0.1,0,0,0,0,0.71,0.33599999999999997,0.5607480384936991,0.0,507.85189990002283
P-n16-k8,ga,48,42,15,1,16.4,8.138795979750322,35,100,0.01,0.84,507.85189990002283,507.85189990002283,0.0,0.0,19,0.5,0.1,0,0,0,0,0.72,0.33199999999999996,0.5445261022305147,0.0,507.85189990002283
P-n16-k8,ga,48,43,15,1,16.4,8.138795979750322,35,100,0.01,0.86,507.85189990002283,507.85189990002283,0.0,0.0,19,0.5,0.1,0,0,0,0,0.73,0.32799999999999996,0.5277337874695218,0.0,507.85189990002283
P-n16-k8,ga,48,44,15,1,16.4,8.138795979750322,35,100,0.01,0.88,507.85189990002283,507.85189990002283,0.0,0.0,19,0.5,0.1,0,0,0,0,0.74,0.32399999999999995,0.5104373658054034,0.0,507.85189990002283
P-n16-k8,ga,48,45,15,1,16.4,8.138795979750322,35,100,0.01,0.9,507.85189990002283,507.85189990002283,0.0,0.0,19,0.5,0.1,0,0,0,0,0.75,0.31999999999999995,0.49270509831248427,0.0,507.85189990002283
P-n16-k8,ga,48,46,15,1,16.4,8.138795979750322,35,100,0.01,0.92,507.85189990002283,507.85189990002283,0.0,0.0,19,0.5,0.1,0,0,0,0,0.76,0.31599999999999995,0.47460696614945647,0.0,507.85189990002283
P-n16-k8,ga,48,47,15,1,16.4,8.138795979750322,35,100,0.01,0.94,507.85189990002283,507.85189990002283,0.0,0.0,19,0.5,0.1,0,0,0,0,0.77,0.312,0.45621439437571754,0.0,507.85189990002283
P-n16-k8,ga,48,48,15,1,16.4,8.138795979750322,35,100,0.01,0.96,507.85189990002283,507.85189990002283,0.0,0.0,19,0.5,0.1,0,0,0,0,0.78,0.308,0.4375999700692914,0.0,507.85189990002283
P-n16-k8,ga,48,49,15,1,16.4,8.138795979750322,35,100,0.01,0.98,507.85189990002283,507.85189990002283,0.0,0.0,19,0.5,0.1,0,0,0,0,0.79,0.304,0.4188371558587941,0.0,507.85189990002283
P-n16-k8,ga,49,0,15,1,16.4,8.138795979750322,35,100,0.01,0.0,1000.0,1000.0,100.0,0.0,0,0.5,0.1,0,0,0,0,0.3,0.5,0.4,0.0,507.85189990002283
P-n16-k8,ga,49,1,15,1,16.4,8.138795979750322,35,100,0.01,0.02,507.85189990002283,507.85189990002283,100.0,0.0,0,0.5,0.1,0,0,0,0,0.31,0.496,0.41883715585879405,0.0,507.85189990002283
P-n16-k8,ga,49,2,15,1,16.4,8.138795979750322,35,100,0.01,0.04,507.85189990002283,507.85189990002283,100.0,0.0,0,0.5,0.1,0,0,0,0,0.32,0.492,0.4375999700692913,0.0,507.85189990002283
P-n16-k8,ga,49,3,15,1,16.4,8.138795979750322,35,100,0.01,0.06,507.85189990002283,507.85189990002283,100.0,0.0,0,0.5,0.1,0,0,0,0,0.32999999999999996,0.488,0.4562143943757174,0.0,507.85189990002283
P-n16-k8,ga,49,4,15,1,16.4,8.138795979750322,35,100,0.01,0.08,507.85189990002283,507.85189990002283,100.0,0.0,0,0.5,0.1,0,0,0,0,0.33999999999999997,0.484,0.47460696614945647,0.0,507.85189990002283
P-n16-k8,ga,49,5,15,1,16.4,8.138795979750322,35,100,0.01,0.1,507.85189990002283,507.85189990002283,100.0,0.0,0,0.5,0.1,0,0,0,0,0.35,0.48,0.4927050983124842,0.0,507.85189990002283
P-n16-k8,ga,49,6,15,1,16.4,8.138795979750322,35,100,0.01,0.12,507.85189990002283,507.85189990002283,100.0,0.0,0,0.5,0.1,0,0,0,0,0.36,0.476,0.5104373658054034,0.0,507.85189990002283
P-n16-k8,ga,49,7,15,1,16.4,8.138795979750322,35,100,0.01,0.14,507.85189990002283,507.8518999000229,100.0,0.0,0,0.5,0.1,0,0,0,0,0.37,0.472,0.5277337874695218,0.0,507.85189990002283
P-n16-k8,ga,49,8,15,1,16.4,8.138795979750322,35,100,0.01,0.16,507.85189990002283,507.85189990002283,100.0,0.0,0,0.5,0.1,0,0,0,0,0.38,0.46799999999999997,0.5445261022305146,0.0,507.85189990002283
P-n16-k8,ga,49,9,15,1,16.4,8.138795979750322,35,100,0.01,0.18,507.85189990002283,507.85189990002283,100.0,0.0,0,0.5,0.1,0,0,0,0,0.39,0.464,0.560748038493699,0.0,507.85189990002283
P-n16-k8,ga,49,10,15,1,16.4,8.138795979750322,35,100,0.01,0.2,507.85189990002283,507.85189990002283,100.0,0.0,0,0.5,0.1,0,0,0,0,0.4,0.45999999999999996,0.576335575687742,0.0,507.85189990002283
P-n16-k8,ga,49,11,15,1,16.4,8.138795979750322,35,100,0.01,0.22,507.85189990002283,507.85189990002283,0.0,0.0,10,0.5,0.1,0,0,0,0,0.41,0.456,0.5912271969246069,0.0,507.85189990002283
P-n16-k8,ga,49,12,15,1,16.4,8.138795979750322,35,100,0.01,0.24,507.85189990002283,507.85189990002283,0.0,0.0,11,0.5,0.1,0,0,0,0,0.42,0.452,0.6053641317786066,0.0,507.85189990002283
P-n16-k8,ga,49,13,15,1,16.4,8.138795979750322,35,100,0.01,0.26,507.85189990002283,507.85189990002283,0.0,0.0,12,0.5,0.1,0,0,0,0,0.43,0.448,0.6186905882264235,0.0,507.85189990002283
P-n16-k8,ga,49,14,15,1,16.4,8.138795979750322,35,100,0.01,0.28,507.85189990002283,507.85189990002283,0.0,0.0,13,0.5,0.1,0,0,0,0,0.44,0.444,0.6311539728327368,0.0,507.85189990002283
P-n16-k8,ga,49,15,15,1,16.4,8.138795979750322,35,100,0.01,0.3,507.85189990002283,507.85189990002283,0.0,0.0,14,0.5,0.1,0,0,0,0,0.44999999999999996,0.44,0.6427050983124842,0.0,507.85189990002283
P-n16-k8,ga,49,16,15,1,16.4,8.138795979750322,35,100,0.01,0.32,507.85189990002283,507.85189990002283,0.0,0.0,15,0.5,0.1,0,0,0,0,0.45999999999999996,0.436,0.6532983776506045,0.0,507.85189990002283
P-n16-k8,ga,49,17,15,1,16.4,8.138795979750322,35,100,0.01,0.34,507.85189990002283,507.85189990002283,0.0,0.0,16,0.5,0.1,0,0,0,0,0.47,0.432,0.6628920040131592,0.0,507.85189990002283
P-n16-k8,ga,49,18,15,1,16.4,8.138795979750322,35,100,0.01,0.36,507.85189990002283,507.85189990002283,0.0,0.0,17,0.5,0.1,0,0,0,0,0.48,0.428,0.6714481157398059,0.0,507.85189990002283
P-n16-k8,ga,49,19,15,1,16.4,8.138795979750322,35,100,0.01,0.38,507.85189990002283,507.85189990002283,0.0,0.0,18,0.5,0.1,0,0,0,0,0.49,0.424,0.6789329457664754,0.0,507.85189990002283
P-n16-k8,ga,49,20,15,1,16.4,8.138795979750322,35,100,0.01,0.4,507.85189990002283,507.85189990002283,0.0,0.0,19,0.5,0.1,0,0,0,0,0.5,0.42,0.685316954888546,0.0,507.85189990002283
P-n16-k8,ga,49,21,15,1,16.4,8.138795979750322,35,100,0.01,0.42,507.85189990002283,507.85189990002283,0.0,0.0,19,0.5,0.1,0,0,0,0,0.51,0.416,0.6905749483385893,0.0,507.85189990002283
P-n16-k8,ga,49,22,15,1,16.4,8.138795979750322,35,100,0.01,0.44,507.85189990002283,507.85189990002283,0.0,0.0,19,0.5,0.1,0,0,0,0,0.52,0.412,0.6946861752186066,0.0,507.85189990002283
P-n16-k8,ga,49,23,15,1,16.4,8.138795979750322,35,100,0.01,0.46,507.85189990002283,507.85189990002283,0.0,0.0,19,0.5,0.1,0,0,0,0,0.53,0.408,0.6976344103943434,0.0,507.85189990002283
P-n16-k8,ga,49,24,15,1,16.4,8.138795979750322,35,100,0.01,0.48,507.85189990002283,507.85189990002283,0.0,0.0,19,0.5,0.1,0,0,0,0,0.54,0.404,0.6994080185284814,0.0,507.85189990002283
P-n16-k8,ga,49,25,15,1,16.4,8.138795979750322,35,100,0.01,0.5,507.85189990002283,507.85189990002283,0.0,0.0,19,0.5,0.1,0,0,0,0,0.55,0.4,0.7,0.0,507.85189990002283
P-n16-k8,ga,49,26,15,1,16.4,8.138795979750322,35,100,0.01,0.52,507.85189990002283,507.85189990002283,0.0,0.0,19,0.5,0.1,0,0,0,0,0.56,0.396,0.6994080185284814,0.0,507.85189990002283
P-n16-k8,ga,49,27,15,1,16.4,8.138795979750322,35,100,0.01,0.54,507.85189990002283,507.85189990002283,0.0,0.0,19,0.5,0.1,0,0,0,0,0.5700000000000001,0.392,0.6976344103943433,0.0,507.85189990002283
P-n16-k8,ga,49,28,15,1,16.4,8.138795979750322,35,100,0.01,0.56,507.85189990002283,507.85189990002283,0.0,0.0,19,0.5,0.1,0,0,0,0,0.5800000000000001,0.388,0.6946861752186066,0.0,507.85189990002283
P-n16-k8,ga,49,29,15,1,16.4,8.138795979750322,35,100,0.01,0.58,507.85189990002283,507.85189990002283,0.0,0.0,19,0.5,0.1,0,0,0,0,0.59,0.384,0.6905749483385893,0.0,507.85189990002283
P-n16-k8,ga,49,30,15,1,16.4,8.138795979750322,35,100,0.01,0.6,507.85189990002283,507.85189990002283,0.0,0.0,19,0.5,0.1,0,0,0,0,0.6,0.38,0.685316954888546,0.0,507.85189990002283
P-n16-k8,ga,49,31,15,1,16.4,8.138795979750322,35,100,0.01,0.62,507.85189990002283,507.85189990002283,0.0,0.0,19,0.5,0.1,0,0,0,0,0.61,0.376,0.6789329457664754,0.0,507.85189990002283
P-n16-k8,ga,49,32,15,1,16.4,8.138795979750322,35,100,0.01,0.64,507.85189990002283,507.85189990002283,0.0,0.0,19,0.5,0.1,0,0,0,0,0.62,0.372,0.6714481157398058,0.0,507.85189990002283
P-n16-k8,ga,49,33,15,1,16.4,8.138795979750322,35,100,0.01,0.66,507.85189990002283,507.85189990002283,0.0,0.0,19,0.5,0.1,0,0,0,0,0.63,0.368,0.6628920040131591,0.0,507.85189990002283
P-n16-k8,ga,49,34,15,1,16.4,8.138795979750322,35,100,0.01,0.68,507.85189990002283,507.85189990002283,0.0,0.0,19,0.5,0.1,0,0,0,0,0.64,0.364,0.6532983776506045,0.0,507.85189990002283
P-n16-k8,ga,49,35,15,1,16.4,8.138795979750322,35,100,0.01,0.7,507.85189990002283,507.85189990002283,0.0,0.0,19,0.5,0.1,0,0,0,0,0.6499999999999999,0.36,0.6427050983124842,0.0,507.85189990002283
P-n16-k8,ga,49,36,15,1,16.4,8.138795979750322,35,100,0.01,0.72,507.85189990002283,507.85189990002283,0.0,0.0,19,0.5,0.1,0,0,0,0,0.6599999999999999,0.356,0.6311539728327368,0.0,507.85189990002283
P-n16-k8,ga,49,37,15,1,16.4,8.138795979750322,35,100,0.01,0.74,507.85189990002283,507.85189990002283,0.0,0.0,19,0.5,0.1,0,0,0,0,0.6699999999999999,0.352,0.6186905882264234,0.0,507.85189990002283
P-n16-k8,ga,49,38,15,1,16.4,8.138795979750322,35,100,0.01,0.76,507.85189990002283,507.85189990002283,0.0,0.0,19,0.5,0.1,0,0,0,0,0.6799999999999999,0.348,0.6053641317786067,0.0,507.85189990002283
P-n16-k8,ga,49,39,15,1,16.4,8.138795979750322,35,100,0.01,0.78,507.85189990002283,507.85189990002283,0.0,0.0,19,0.5,0.1,0,0,0,0,0.69,0.344,0.591227196924607,0.0,507.85189990002283
P-n16-k8,ga,49,40,15,1,16.4,8.138795979750322,35,100,0.01,0.8,507.85189990002283,507.85189990002283,0.0,0.0,19,0.5,0.1,0,0,0,0,0.7,0.33999999999999997,0.576335575687742,0.0,507.85189990002283
P-n16-k8,ga,49,41,15,1,16.4,8.138795979750322,35,100,0.01,0.82,507.85189990002283,507.85189990002283,0.0,0.0,19,0.5,0.1,0,0,0,0,0.71,0.33599999999999997,0.5607480384936991,0.0,507.85189990002283
P-n16-k8,ga,49,42,15,1,16.4,8.138795979750322,35,100,0.01,0.84,507.85189990002283,507.85189990002283,0.0,0.0,19,0.5,0.1,0,0,0,0,0.72,0.33199999999999996,0.5445261022305147,0.0,507.85189990002283
P-n16-k8,ga,49,43,15,1,16.4,8.138795979750322,35,100,0.01,0.86,507.85189990002283,507.85189990002283,0.0,0.0,19,0.5,0.1,0,0,0,0,0.73,0.32799999999999996,0.5277337874695218,0.0,507.85189990002283
P-n16-k8,ga,49,44,15,1,16.4,8.138795979750322,35,100,0.01,0.88,507.85189990002283,507.85189990002283,0.0,0.0,19,0.5,0.1,0,0,0,0,0.74,0.32399999999999995,0.5104373658054034,0.0,507.85189990002283
P-n16-k8,ga,49,45,15,1,16.4,8.138795979750322,35,100,0.01,0.9,507.85189990002283,507.85189990002283,0.0,0.0,19,0.5,0.1,0,0,0,0,0.75,0.31999999999999995,0.49270509831248427,0.0,507.85189990002283
P-n16-k8,ga,49,46,15,1,16.4,8.138795979750322,35,100,0.01,0.92,507.85189990002283,507.85189990002283,0.0,0.0,19,0.5,0.1,0,0,0,0,0.76,0.31599999999999995,0.47460696614945647,0.0,507.85189990002283
P-n16-k8,ga,49,47,15,1,16.4,8.138795979750322,35,100,0.01,0.94,507.85189990002283,507.85189990002283,0.0,0.0,19,0.5,0.1,0,0,0,0,0.77,0.312,0.45621439437571754,0.0,507.85189990002283
P-n16-k8,ga,49,48,15,1,16.4,8.138795979750322,35,100,0.01,0.96,507.85189990002283,507.85189990002283,0.0,0.0,19,0.5,0.1,0,0,0,0,0.78,0.308,0.4375999700692914,0.0,507.85189990002283
P-n16-k8,ga,49,49,15,1,16.4,8.138795979750322,35,100,0.01,0.98,507.85189990002283,507.85189990002283,0.0,0.0,19,0.5,0.1,0,0,0,0,0.79,0.304,0.4188371558587941,0.0,507.85189990002283
