n_customers,n_depots,avg_demand,demand_std,capacity,area_span,density,iteration,progress,best_fitness,avg_fitness,fitness_std,convergence_rate,stagnation_counter,population_diversity,dynamic_orders,avg_delay,load_imbalance,elite_ratio,improvement_rate,instance,algorithm,demo_id,alpha,beta,gamma,fitness_after,improvement
15,1,16.4,8.138795979750322,35,48.0,0.006944444444444444,5,0.05,452.9776839542237,483.5529621611093,13.579418389461544,0.0,2,1.9544208012517799,0,0,0,0.1,0.0,P-n16-k8,random_search,0,0.7288514442215631,0.27686817960532756,0.615270156526897,410.92958652172695,42.048097432496775
15,1,16.4,8.138795979750322,35,48.0,0.006944444444444444,70,0.7,430.871814088557,447.58505444375726,8.065036385622298,0.0,19,1.813520865444567,0,0,0,0.1,0.0,P-n16-k8,random_search,1,0.7434887324903766,0.48042896093317494,0.8493344144765311,416.87437878138434,13.99743530717268
15,1,16.4,8.138795979750322,35,48.0,0.006944444444444444,20,0.2,436.84073580746445,462.9954717313857,11.081502039720988,0.008832214841841081,1,2.0778847618551377,0,0,0,0.1,0.008832214841841081,P-n16-k8,random_search,2,0.8836565444692742,0.6812155281641562,0.8456342785399302,422.3817897400416,14.458946067422858
15,1,16.4,8.138795979750322,35,48.0,0.006944444444444444,70,0.7,416.8743787813843,437.17382848699947,17.386016879114653,1.3635623044755166e-16,1,1.643458827279085,0,0,0,0.1,1.3635623044755166e-16,P-n16-k8,random_search,3,0.19368285272008842,0.2526254071464611,0.7605042995283695,416.8743787813843,0.0
15,1,16.4,8.138795979750322,35,48.0,0.006944444444444444,90,0.9,418.24833507185963,442.60378784397307,15.1202708468459,0.0,19,1.6027013789034936,0,0,0,0.1,0.0,P-n16-k8,random_search,4,0.8091223093789662,0.7526343183771151,0.6525430476281694,418.2483350718596,5.684341886080802e-14
15,1,16.4,8.138795979750322,35,48.0,0.006944444444444444,50,0.5,422.89395444480573,443.440938006093,13.62527240685757,0.0,11,1.6444251911938192,0,0,0,0.1,0.0,P-n16-k8,random_search,5,0.7822249037055301,0.4088188540457086,0.8973412698008416,410.92958652172695,11.964367923078782
15,1,16.4,8.138795979750322,35,48.0,0.006944444444444444,90,0.9,430.8718140885569,450.2798238095244,8.981126802944734,0.0,19,1.9867894350366238,0,0,0,0.1,0.0,P-n16-k8,random_search,6,0.6692464332774223,0.2902724069344845,0.33316181400383726,416.8743787813843,13.997435307172623
15,1,16.4,8.138795979750322,35,48.0,0.006944444444444444,90,0.9,416.8743787813842,444.28503199767357,12.42149302555375,0.0,14,1.5604332873390143,0,0,0,0.1,0.0,P-n16-k8,random_search,7,0.3026043795201579,0.29618721498935485,0.896353210456359,410.929586521727,5.94479225965722
15,1,16.4,8.138795979750322,35,48.0,0.006944444444444444,10,0.1,456.2658659936672,476.9550835489334,9.93175165397713,0.021145333275134084,2,1.9808124948082952,0,0,0,0.1,0.021145333275134084,P-n16-k8,random_search,8,0.6303277713680762,0.211859867205615,0.5285827898702459,418.2483350718597,38.01753092180752
15,1,16.4,8.138795979750322,35,48.0,0.006944444444444444,90,0.9,410.9295865217269,437.2853607698801,14.129185845145582,0.0,13,1.286855896997609,0,0,0,0.1,0.0,P-n16-k8,random_search,9,0.6959932206237508,0.6588003371371999,0.8338130643738484,410.9295865217269,0.0
15,1,16.4,8.138795979750322,35,48.0,0.006944444444444444,50,0.5,422.1814173187507,451.9379420541046,11.872223003857421,0.022422486647913988,3,2.07443573345465,0,0,0,0.1,0.022422486647913988,P-n16-k8,random_search,10,0.4694543291597987,0.5952520458900206,0.6880793163658345,410.92958652172695,11.251830797023729
15,1,16.4,8.138795979750322,35,48.0,0.006944444444444444,5,0.05,449.67952985928,477.16403971565643,15.068584820853212,0.0,1,1.8793655157386646,0,0,0,0.1,0.0,P-n16-k8,random_search,11,0.7238958750978494,0.46764373575213575,0.9514791419812343,410.929586521727,38.74994333755302
15,1,16.4,8.138795979750322,35,48.0,0.006944444444444444,30,0.3,430.12005820355176,455.7397449728999,10.724093704437907,0.0,13,1.887046321848542,0,0,0,0.1,0.0,P-n16-k8,random_search,12,0.2018209586632314,0.5301438151449547,0.793519737566935,410.929586521727,19.19047168182476
15,1,16.4,8.138795979750322,35,48.0,0.006944444444444444,90,0.9,410.929586521727,435.0854062735883,16.356323249593306,0.0,19,1.0872241133393306,0,0,0,0.1,0.0,P-n16-k8,random_search,13,0.11264444435210708,0.4863203799697548,0.6460201734742324,410.929586521727,0.0
15,1,16.4,8.138795979750322,35,48.0,0.006944444444444444,60,0.6,416.8743787813843,438.8304663398333,13.827196684237753,0.0032850251280474693,7,1.3964930969800617,0,0,0,0.1,0.0032850251280474693,P-n16-k8,random_search,14,0.5661154794516301,0.43706110252873454,0.8508239670150193,416.8743787813843,0.0
15,1,16.4,8.138795979750322,35,48.0,0.006944444444444444,50,0.5,416.8743787813843,445.6504077355604,15.170686053233707,0.0,9,1.6761610279291277,0,0,0,0.1,0.0,P-n16-k8,random_search,15,0.45277010543842944,0.6457437859148494,0.4659434538892642,410.92958652172695,5.9447922596573335
15,1,16.4,8.138795979750322,35,48.0,0.006944444444444444,30,0.3,424.15648897928105,451.5592312341875,12.25268110968116,0.0,11,1.8662610376718978,0,0,0,0.1,0.0,P-n16-k8,random_search,16,0.8615430320647264,0.20723111780955514,0.8341135077437236,416.8743787813844,7.282110197896657
15,1,16.4,8.138795979750322,35,48.0,0.006944444444444444,5,0.05,442.3991537419701,474.93578612218244,14.313549052418548,0.0,3,1.6343778343779638,0,0,0,0.1,0.0,P-n16-k8,random_search,17,0.3516652552286741,0.6643636631825938,0.8353296815528539,416.8743787813843,25.52477496058583
15,1,16.4,8.138795979750322,35,48.0,0.006944444444444444,70,0.7,422.89395444480584,448.23358695482375,10.682304844706241,0.01933809792812174,0,1.2597557552506633,0,0,0,0.1,0.01933809792812174,P-n16-k8,random_search,18,0.6744498693074004,0.465593609096155,0.40940392537268255,410.929586521727,11.96436792307884
15,1,16.4,8.138795979750322,35,48.0,0.006944444444444444,50,0.5,429.70053829017434,446.74546551006034,11.754507947824619,0.0020959169482097834,7,1.6067557258134078,0,0,0,0.1,0.0020959169482097834,P-n16-k8,random_search,19,0.19914071420281199,0.5331533719400336,0.7175115695521913,416.87437878138434,12.826159508789999
15,1,16.4,8.138795979750322,35,48.0,0.006944444444444444,50,0.5,410.929586521727,441.45905810694256,16.70196862463431,0.0,9,1.378032851576999,0,0,0,0.1,0.0,P-n16-k8,random_search,20,0.8655772677046236,0.5525130683173246,0.7650414079039777,410.92958652172695,5.684341886080802e-14
15,1,16.4,8.138795979750322,35,48.0,0.006944444444444444,60,0.6,422.1814173187507,443.8372670885311,15.64123227847061,0.0,9,1.4781159536330886,0,0,0,0.1,0.0,P-n16-k8,random_search,21,0.4709757823972742,0.2185968730886807,0.7323686223875472,418.24833507185963,3.933082246891047
15,1,16.4,8.138795979750322,35,48.0,0.006944444444444444,10,0.1,443.9288748878922,471.2461888334481,13.921136607031949,0.061812091007599095,3,2.082338569740297,0,0,0,0.1,0.061812091007599095,P-n16-k8,random_search,22,0.691337857541378,0.34327119761520997,0.7699824669211223,418.24833507185974,25.68053981603248
15,1,16.4,8.138795979750322,35,48.0,0.006944444444444444,40,0.4,422.89395444480584,447.3145405514597,13.618483766574744,0.0,19,1.4455055178098961,0,0,0,0.1,0.0,P-n16-k8,random_search,23,0.1193834832700679,0.7648201407621482,0.37581568483229577,410.9295865217269,11.964367923078953
15,1,16.4,8.138795979750322,35,48.0,0.006944444444444444,50,0.5,422.8939544448058,450.5447851849073,14.086237335661826,0.0,19,1.6227768288108548,0,0,0,0.1,0.0,P-n16-k8,random_search,24,0.6206498120352278,0.27690924390968247,0.9514159896138328,410.9295865217269,11.964367923078896
15,1,16.4,8.138795979750322,35,48.0,0.006944444444444444,60,0.6,424.9049139308224,453.3287441464022,11.556847667303579,0.0,11,1.7154834422115615,0,0,0,0.1,0.0,P-n16-k8,random_search,25,0.6585521957741729,0.3671636315800706,0.7962611633151325,424.9049139308224,0.0
15,1,16.4,8.138795979750322,35,48.0,0.006944444444444444,60,0.6,422.3817897400416,446.0357688054402,15.998604528269983,0.0,19,1.3586937583998961,0,0,0,0.1,0.0,P-n16-k8,random_search,26,0.38308691145866713,0.27427239867028264,0.43029712787296714,410.92958652172695,11.45220321831465
15,1,16.4,8.138795979750322,35,48.0,0.006944444444444444,5,0.05,445.12344851857597,474.19119902553047,13.43339841189705,0.0,0,1.8955102987731822,0,0,0,0.1,0.0,P-n16-k8,random_search,27,0.7050353773627605,0.49818773627607676,0.6354558290222843,410.9295865217269,34.19386199684908
15,1,16.4,8.138795979750322,35,48.0,0.006944444444444444,30,0.3,422.38178974004165,454.0567321796686,16.91167579715481,0.03108023022047488,4,1.7628617464405927,0,0,0,0.1,0.03108023022047488,P-n16-k8,random_search,28,0.6183707007166307,0.24129644918974744,0.8840959265058095,422.3817897400416,5.684341886080802e-14
15,1,16.4,8.138795979750322,35,48.0,0.006944444444444444,50,0.5,435.8788033595424,452.6451540865668,8.599849886131484,0.0,19,1.6423385070428378,0,0,0,0.1,0.0,P-n16-k8,random_search,29,0.1589696552893215,0.6594434645090366,0.8544162699808411,410.92958652172695,24.94921683781547
15,1,16.4,8.138795979750322,35,48.0,0.006944444444444444,50,0.5,416.8743787813844,443.59110328054624,15.862413685741087,0.0,19,1.838207837693164,0,0,0,0.1,0.0,P-n16-k8,random_search,30,0.6141837846328764,0.3138608823264609,0.37447207810868544,416.8743787813843,1.1368683772161603e-13
15,1,16.4,8.138795979750322,35,48.0,0.006944444444444444,60,0.6,410.929586521727,441.3778223210573,14.447485659905809,0.0,19,1.6267439549543616,0,0,0,0.1,0.0,P-n16-k8,random_search,31,0.30401397016274145,0.6348417310707754,0.8570565033637187,410.929586521727,0.0
15,1,16.4,8.138795979750322,35,48.0,0.006944444444444444,30,0.3,410.92958652172695,445.60014718639803,17.671464341831545,0.014260392488101337,5,1.721082904185359,0,0,0,0.1,0.014260392488101337,P-n16-k8,random_search,32,0.45002908541720366,0.6237464670099482,0.3570097368685725,410.92958652172695,0.0
15,1,16.4,8.138795979750322,35,48.0,0.006944444444444444,80,0.8,410.9295865217269,443.35232789085546,20.18059802829746,0.0,19,1.5805246920463767,0,0,0,0.1,0.0,P-n16-k8,random_search,33,0.4605547550939093,0.42168262770875176,0.4919416816053799,410.92958652172683,5.684341886080802e-14
15,1,16.4,8.138795979750322,35,48.0,0.006944444444444444,10,0.1,418.2483350718597,457.9115706024055,16.464017010308424,0.10270663411694775,1,1.7774687702314438,0,0,0,0.1,0.10270663411694775,P-n16-k8,random_search,34,0.2520487092865049,0.23697439902656722,0.6141644686405523,410.92958652172706,7.318748550132625
15,1,16.4,8.138795979750322,35,48.0,0.006944444444444444,60,0.6,416.8743787813842,437.0054616281388,19.217418367840075,0.0,19,1.5907016875753839,0,0,0,0.1,0.0,P-n16-k8,random_search,35,0.16747591555064903,0.23916634068719594,0.3524451873816281,410.929586521727,5.94479225965722
15,1,16.4,8.138795979750322,35,48.0,0.006944444444444444,70,0.7,418.24833507185963,448.5718935803563,16.11649673771174,0.0,19,1.7735207605378511,0,0,0,0.1,0.0,P-n16-k8,random_search,36,0.7492773956773304,0.2764560026435598,0.3872271778556784,418.24833507185963,0.0
15,1,16.4,8.138795979750322,35,48.0,0.006944444444444444,50,0.5,422.89395444480584,451.94025773258545,14.46682787063671,0.0,19,1.9394808083468624,0,0,0,0.1,0.0,P-n16-k8,random_search,37,0.29319124849743516,0.7186702291572713,0.49614063371699824,416.8743787813843,6.019575663421563
15,1,16.4,8.138795979750322,35,48.0,0.006944444444444444,50,0.5,428.1262095784079,448.59723688819787,13.535383139993774,0.0,19,1.764524242757337,0,0,0,0.1,0.0,P-n16-k8,random_search,38,0.4827947505131879,0.5149462279729482,0.8430080698155944,416.8743787813843,11.251830797023615
15,1,16.4,8.138795979750322,35,48.0,0.006944444444444444,5,0.05,459.8869736745983,478.8697304916335,15.752295087043233,0.0,3,1.9585497871590578,0,0,0,0.1,0.0,P-n16-k8,random_search,39,0.4928654611956643,0.21009556355169484,0.4919608756732595,422.8939544448058,36.99301922979254
15,1,16.4,8.138795979750322,35,48.0,0.006944444444444444,30,0.3,430.6030465133126,454.87133180260844,11.688955599840831,0.010673483314384485,3,1.4312528789845427,0,0,0,0.1,0.010673483314384485,P-n16-k8,random_search,40,0.24390917176202223,0.7270297263121375,0.7971168583490874,418.24833507185963,12.354711441452991
15,1,16.4,8.138795979750322,35,48.0,0.006944444444444444,70,0.7,410.92958652172695,429.8848654734037,17.108223366691792,0.0,19,1.4612410094753523,0,0,0,0.1,0.0,P-n16-k8,random_search,41,0.14268078587614552,0.5571294131099898,0.9886743501621242,410.92958652172695,0.0
15,1,16.4,8.138795979750322,35,48.0,0.006944444444444444,70,0.7,416.87437878138434,443.40412500036643,10.920066022196933,0.0,19,1.7278439759589903,0,0,0,0.1,0.0,P-n16-k8,random_search,42,0.8488380162678586,0.27002221500731566,0.94847414391519,410.929586521727,5.9447922596573335
15,1,16.4,8.138795979750322,35,48.0,0.006944444444444444,10,0.1,446.1436147697742,472.5093130668457,14.100634737082128,0.07543379607973363,6,1.9067754295953558,0,0,0,0.1,0.07543379607973363,P-n16-k8,random_search,43,0.33427747140376696,0.2736040817671905,0.3716592310105859,423.9144354364636,22.22917933331064
15,1,16.4,8.138795979750322,35,48.0,0.006944444444444444,70,0.7,410.92958652172695,445.1525903747781,16.301936768513624,0.0,19,1.7286249225104229,0,0,0,0.1,0.0,P-n16-k8,random_search,44,0.36835674075940883,0.20735408111901632,0.742560675961824,410.92958652172695,0.0
15,1,16.4,8.138795979750322,35,48.0,0.006944444444444444,70,0.7,422.38178974004165,446.1697715631952,13.287810505034564,0.0,19,1.5748042333769585,0,0,0,0.1,0.0,P-n16-k8,random_search,45,0.7716892716313715,0.6512990401186642,0.508512389850174,422.3817897400416,5.684341886080802e-14
15,1,16.4,8.138795979750322,35,48.0,0.006944444444444444,40,0.4,434.3141441130358,461.8701574595825,11.348285517009193,0.0,13,1.9968966427868189,0,0,0,0.1,0.0,P-n16-k8,random_search,46,0.24381736623592945,0.4524403226990059,0.3497906750779146,430.8718140885569,3.442330024478906
15,1,16.4,8.138795979750322,35,48.0,0.006944444444444444,50,0.5,422.38178974004165,455.73550778558047,12.135941538835946,0.0275456976238654,3,2.046057403440355,0,0,0,0.1,0.0275456976238654,P-n16-k8,random_search,47,0.5901937253602617,0.6008210264560566,0.939842406228516,422.38178974004154,1.1368683772161603e-13
15,1,16.4,8.138795979750322,35,48.0,0.006944444444444444,50,0.5,418.24833507185974,442.1607165051728,14.4181727614122,0.0,16,1.5515582548576716,0,0,0,0.1,0.0,P-n16-k8,random_search,48,0.664211639925629,0.6982081043681367,0.34378625039410604,416.87437878138434,1.3739562904754052
15,1,16.4,8.138795979750322,35,48.0,0.006944444444444444,20,0.2,435.93061356995173,454.5671031919163,8.848893245614736,0.0256519736769387,0,1.721516144282992,0,0,0,0.1,0.0256519736769387,P-n16-k8,random_search,49,0.7080550166567124,0.6219436381436837,0.30709629839848973,410.92958652172695,25.001027048224785
15,1,16.4,8.138795979750322,35,48.0,0.006944444444444444,10,0.1,425.81419776609897,475.13360209059175,16.390429672577845,0.10357857873821959,3,1.9837982992583971,0,0,0,0.1,0.10357857873821959,P-n16-k8,random_search,50,0.19955402226365157,0.21238057281952846,0.9958633288369811,410.929586521727,14.884611244371968
15,1,16.4,8.138795979750322,35,48.0,0.006944444444444444,80,0.8,410.929586521727,443.07227383598064,14.331711418608963,0.0,19,1.4518707434213456,0,0,0,0.1,0.0,P-n16-k8,random_search,51,0.22431973298565852,0.5200328005009685,0.7869323864679005,410.9295865217269,1.1368683772161603e-13
15,1,16.4,8.138795979750322,35,48.0,0.006944444444444444,10,0.1,427.58258556060025,464.35581900218796,19.829723407698854,0.10259996710012083,5,1.6247176484600494,0,0,0,0.1,0.10259996710012083,P-n16-k8,random_search,52,0.26813212999384933,0.5938502741964402,0.824945513050531,410.92958652172695,16.652999038873304
15,1,16.4,8.138795979750322,35,48.0,0.006944444444444444,5,0.05,455.9918334621981,480.871594395981,12.208362459018117,0.0,1,2.214562737501164,0,0,0,0.1,0.0,P-n16-k8,random_search,53,0.8287083224764781,0.7027878189404406,0.8689613239980944,422.3817897400415,33.610043722156604
15,1,16.4,8.138795979750322,35,48.0,0.006944444444444444,20,0.2,439.59603792054116,459.9149968006245,12.344539347857983,0.0013591450669555897,5,1.9333934326349076,0,0,0,0.1,0.0013591450669555897,P-n16-k8,random_search,54,0.23731001010307945,0.2737667938412728,0.7109457893441613,422.3817897400416,17.214248180499567
15,1,16.4,8.138795979750322,35,48.0,0.006944444444444444,5,0.05,454.1024270565858,476.90035160331934,15.437866256556429,0.0,4,1.5303715185273703,0,0,0,0.1,0.0,P-n16-k8,random_search,55,0.6355606348495548,0.5150568775137081,0.664643953462067,418.2483350718597,35.8540919847261
15,1,16.4,8.138795979750322,35,48.0,0.006944444444444444,70,0.7,431.2331839865964,451.42273126304246,7.458433156242653,0.0,19,2.000288644478008,0,0,0,0.1,0.0,P-n16-k8,random_search,56,0.4309282165549756,0.34601315235216623,0.33078016775606167,422.3817897400416,8.851394246554776
15,1,16.4,8.138795979750322,35,48.0,0.006944444444444444,40,0.4,432.91221566914857,449.4896216346845,8.209230621832598,0.0,19,1.820596644491098,0,0,0,0.1,0.0,P-n16-k8,random_search,57,0.7131596649787347,0.3901130514679544,0.7404385571807159,410.92958652172695,21.98262914742162
15,1,16.4,8.138795979750322,35,48.0,0.006944444444444444,50,0.5,410.92958652172706,453.4362780590677,16.057420804956088,0.031184015336841675,4,1.9598109304583775,0,0,0,0.1,0.031184015336841675,P-n16-k8,random_search,58,0.20235363802539288,0.35459149480866425,0.9348686562697937,410.929586521727,5.684341886080802e-14
15,1,16.4,8.138795979750322,35,48.0,0.006944444444444444,5,0.05,433.0675066134995,475.2832355078487,18.373626629017597,0.0,2,1.8214934036093797,0,0,0,0.1,0.0,P-n16-k8,random_search,59,0.8663358662149881,0.5506354684331681,0.7753793566004474,422.38178974004165,10.685716873457864
15,1,16.4,8.138795979750322,35,48.0,0.006944444444444444,90,0.9,425.3420020630574,445.40968387263877,11.171115177049627,0.0,19,2.101932671506054,0,0,0,0.1,0.0,P-n16-k8,random_search,60,0.31367302130993036,0.6973585888924796,0.4011159796634912,410.92958652172706,14.412415541330347
15,1,16.4,8.138795979750322,35,48.0,0.006944444444444444,30,0.3,442.50779079225265,461.58199893175436,9.050907659474332,0.011273990372251425,2,1.9540234979250894,0,0,0,0.1,0.011273990372251425,P-n16-k8,random_search,61,0.4119312261148348,0.3916482355421346,0.9999025937455213,410.9295865217269,31.57820427052576
15,1,16.4,8.138795979750322,35,48.0,0.006944444444444444,90,0.9,422.1814173187506,443.56575086164105,10.78571563958034,0.0,19,1.575031951240311,0,0,0,0.1,0.0,P-n16-k8,random_search,62,0.3827798974445987,0.47651412577586144,0.5711146237244518,410.92958652172695,11.251830797023672
15,1,16.4,8.138795979750322,35,48.0,0.006944444444444444,80,0.8,422.38178974004165,448.2108143907021,15.478377054231501,0.0,19,1.7447817898316098,0,0,0,0.1,0.0,P-n16-k8,random_search,63,0.3350242334120568,0.6108991236205841,0.8083459663967696,410.92958652172695,11.452203218314708
15,1,16.4,8.138795979750322,35,48.0,0.006944444444444444,70,0.7,416.8743787813842,433.85933443059156,16.09206465782296,0.0,9,1.2319440423912487,0,0,0,0.1,0.0,P-n16-k8,random_search,64,0.2886169383791669,0.3642132313751508,0.3316996575641456,416.8743787813842,0.0
15,1,16.4,8.138795979750322,35,48.0,0.006944444444444444,40,0.4,416.87437878138434,444.78956515247,17.65515658342048,0.0166072586035648,4,1.5786606233375087,0,0,0,0.1,0.0166072586035648,P-n16-k8,random_search,65,0.5283952752274746,0.7464647838089586,0.3721971969111907,410.92958652172695,5.94479225965739
15,1,16.4,8.138795979750322,35,48.0,0.006944444444444444,5,0.05,442.91821928719577,475.3136452744563,15.910227043853919,0.0,4,1.516976313467383,0,0,0,0.1,0.0,P-n16-k8,random_search,66,0.4284969270274528,0.7041593282383289,0.6204480581494636,424.156488979281,18.761730307914775
15,1,16.4,8.138795979750322,35,48.0,0.006944444444444444,5,0.05,465.2871164497821,483.60545431769197,11.902917128297709,0.0,2,2.0411224276287596,0,0,0,0.1,0.0,P-n16-k8,random_search,67,0.8877551478889759,0.49321229082018175,0.3061767480631403,416.87437878138434,48.41273766839777
15,1,16.4,8.138795979750322,35,48.0,0.006944444444444444,80,0.8,416.87437878138434,439.3234375144435,8.56267875717758,0.03248630996385489,0,1.4924594837740164,0,0,0,0.1,0.03248630996385489,P-n16-k8,random_search,68,0.3623710683246376,0.7525287118424984,0.4875768121197618,416.8743787813843,5.684341886080802e-14
15,1,16.4,8.138795979750322,35,48.0,0.006944444444444444,90,0.9,410.9295865217269,426.8538570822142,15.840389786353079,0.0,19,1.1829302785596763,0,0,0,0.1,0.0,P-n16-k8,random_search,69,0.5378015312380743,0.7512466527092929,0.9092362570262649,410.9295865217269,0.0
15,1,16.4,8.138795979750322,35,48.0,0.006944444444444444,60,0.6,422.1814173187506,450.1579245047813,14.016826678849345,0.010327800348992047,6,1.9036327711193914,0,0,0,0.1,0.010327800348992047,P-n16-k8,random_search,70,0.23773688621569733,0.6584818397252125,0.5154544053308955,410.92958652172695,11.251830797023672
15,1,16.4,8.138795979750322,35,48.0,0.006944444444444444,70,0.7,410.92958652172706,443.98255868640615,16.29552130962524,0.017498571868489167,4,1.526097542119518,0,0,0,0.1,0.017498571868489167,P-n16-k8,random_search,71,0.6421389861684322,0.64221314739532,0.5099765027477842,410.92958652172706,0.0
15,1,16.4,8.138795979750322,35,48.0,0.006944444444444444,5,0.05,464.586480416725,479.7771530176603,10.772728492956972,0.0,1,2.028079339839737,0,0,0,0.1,0.0,P-n16-k8,random_search,72,0.4140280055179366,0.3158199268697674,0.7168775176486266,410.929586521727,53.65689389499801
15,1,16.4,8.138795979750322,35,48.0,0.006944444444444444,70,0.7,416.87437878138434,446.46854653193503,11.345118039180216,0.0,19,1.647467572545556,0,0,0,0.1,0.0,P-n16-k8,random_search,73,0.5802089183750974,0.28139249482145,0.5861930631822188,416.87437878138434,0.0
15,1,16.4,8.138795979750322,35,48.0,0.006944444444444444,90,0.9,424.8631887835213,443.1458837846547,12.299684245850514,0.0,15,1.9168441089602466,0,0,0,0.1,0.0,P-n16-k8,random_search,74,0.6977822776262782,0.2041975650856238,0.5411424558496776,410.92958652172695,13.933602261794363
15,1,16.4,8.138795979750322,35,48.0,0.006944444444444444,20,0.2,432.60669962995024,464.28279222578675,14.838699742393612,0.04612334872081065,5,1.8050258255736493,0,0,0,0.1,0.04612334872081065,P-n16-k8,random_search,75,0.7293565590894001,0.7017309855123421,0.9497622572716313,410.929586521727,21.67711310822324
15,1,16.4,8.138795979750322,35,48.0,0.006944444444444444,20,0.2,433.44921452647196,448.45293504639983,13.199822231654709,0.003945737158986261,0,1.1450312164236605,0,0,0,0.1,0.003945737158986261,P-n16-k8,random_search,76,0.19277032013346604,0.383073837856465,0.5524593076063704,410.929586521727,22.51962800474496
15,1,16.4,8.138795979750322,35,48.0,0.006944444444444444,20,0.2,433.8730132803248,461.72855188529695,13.822923994364736,0.03326200486815431,1,2.03456281444929,0,0,0,0.1,0.03326200486815431,P-n16-k8,random_search,77,0.5055990544014098,0.40821157344970815,0.8088192595581745,422.3817897400417,11.491223540283102
15,1,16.4,8.138795979750322,35,48.0,0.006944444444444444,90,0.9,410.9295865217269,432.18429724556734,15.009221696754974,0.0,19,1.6954898751784697,0,0,0,0.1,0.0,P-n16-k8,random_search,78,0.6318069352185747,0.597321580578965,0.6676153214415947,410.9295865217269,0.0
15,1,16.4,8.138795979750322,35,48.0,0.006944444444444444,60,0.6,418.24833507185963,443.63212082084794,12.691310739730033,0.0,9,1.4632070904165935,0,0,0,0.1,0.0,P-n16-k8,random_search,79,0.6158413222675997,0.21461448427040442,0.699853354133594,410.92958652172706,7.318748550132568
15,1,16.4,8.138795979750322,35,48.0,0.006944444444444444,80,0.8,436.31837347061247,450.068956820504,9.313277566891394,0.0,19,1.7035097344668795,0,0,0,0.1,0.0,P-n16-k8,random_search,80,0.16157453470024327,0.5538531433283638,0.31698689189514306,410.92958652172695,25.388786948885524
15,1,16.4,8.138795979750322,35,48.0,0.006944444444444444,70,0.7,416.8743787813843,440.92048566264884,14.172875501051646,0.0,19,1.5678587915551185,0,0,0,0.1,0.0,P-n16-k8,random_search,81,0.1301517565720401,0.6420018016389724,0.5043604555660026,416.8743787813843,0.0
15,1,16.4,8.138795979750322,35,48.0,0.006944444444444444,60,0.6,418.2483350718597,442.08953567889023,15.51631299633468,0.0,19,1.9809953515807721,0,0,0,0.1,0.0,P-n16-k8,random_search,82,0.3443534227941911,0.5385582270650203,0.589010270895604,416.87437878138434,1.3739562904753484
15,1,16.4,8.138795979750322,35,48.0,0.006944444444444444,10,0.1,442.698149541612,475.7997675984572,14.3427185310525,0.0784465657865182,0,1.9812084170320285,0,0,0,0.1,0.0784465657865182,P-n16-k8,random_search,83,0.7502538265570933,0.24219827472056846,0.7005906433094182,410.92958652172695,31.76856301988505
15,1,16.4,8.138795979750322,35,48.0,0.006944444444444444,30,0.3,424.156488979281,451.26758132377364,14.844122975875688,1.3401520508995742e-16,8,2.1887177220616336,0,0,0,0.1,1.3401520508995742e-16,P-n16-k8,random_search,84,0.13933242043137328,0.22676838301703953,0.36216831740980554,416.8743787813843,7.2821101978967135
15,1,16.4,8.138795979750322,35,48.0,0.006944444444444444,5,0.05,424.15648897928094,475.29551500716786,17.60503372134455,0.0,0,1.7514341201128591,0,0,0,0.1,0.0,P-n16-k8,random_search,85,0.8281284253568149,0.3894876632696507,0.7841083886314062,410.92958652172695,13.22690245755399
15,1,16.4,8.138795979750322,35,48.0,0.006944444444444444,70,0.7,422.8939544448058,439.63473897541934,11.075147880579273,0.0,19,1.589120426664831,0,0,0,0.1,0.0,P-n16-k8,random_search,86,0.2881379886791343,0.21173164972156075,0.37796082666249087,410.92958652172695,11.96436792307884
15,1,16.4,8.138795979750322,35,48.0,0.006944444444444444,60,0.6,424.193127331517,445.96371173458135,11.746566707880747,0.0,10,1.5113402207342561,0,0,0,0.1,0.0,P-n16-k8,random_search,87,0.3025780996265868,0.4700203735422596,0.9650617276084883,410.92958652172695,13.263540809790072
15,1,16.4,8.138795979750322,35,48.0,0.006944444444444444,80,0.8,424.15648897928094,451.9318207457219,13.831190908920577,0.0027871996605697037,4,1.8159397268527158,0,0,0,0.1,0.0027871996605697037,P-n16-k8,random_search,88,0.7666995155774953,0.6716728458939523,0.9839331604335151,416.8743787813843,7.282110197896657
15,1,16.4,8.138795979750322,35,48.0,0.006944444444444444,40,0.4,439.61587786533715,453.2632391410072,9.712019817115056,0.0,19,1.8003086919045446,0,0,0,0.1,0.0,P-n16-k8,random_search,89,0.31200106891252977,0.41302802763481306,0.9700823509329755,418.2483350718597,21.36754279347747
15,1,16.4,8.138795979750322,35,48.0,0.006944444444444444,60,0.6,422.89395444480584,447.20903228396827,13.59913549404376,0.0,10,1.7307704709028433,0,0,0,0.1,0.0,P-n16-k8,random_search,90,0.46375070690086007,0.2882366753508405,0.8726582473705471,410.92958652172695,11.964367923078896
15,1,16.4,8.138795979750322,35,48.0,0.006944444444444444,90,0.9,422.38178974004165,437.3910341207808,11.081997657905847,0.0,19,1.5402653017103773,0,0,0,0.1,0.0,P-n16-k8,random_search,91,0.42280770260260403,0.2818065218466124,0.780349016025313,410.92958652172695,11.452203218314708
15,1,16.4,8.138795979750322,35,48.0,0.006944444444444444,10,0.1,438.1539242864536,460.7444534206321,13.915831675687748,0.05910630678787269,6,1.8637422417069904,0,0,0,0.1,0.05910630678787269,P-n16-k8,random_search,92,0.4832272414793545,0.3023248624142603,0.528816234050281,410.92958652172695,27.22433776472667
15,1,16.4,8.138795979750322,35,48.0,0.006944444444444444,70,0.7,418.24833507185974,446.15600214911535,10.740421020962605,0.02184472515281358,7,1.3479995929318083,0,0,0,0.1,0.02184472515281358,P-n16-k8,random_search,93,0.6539646564398847,0.34863646144249494,0.5459831055838537,410.92958652172695,7.318748550132796
15,1,16.4,8.138795979750322,35,48.0,0.006944444444444444,40,0.4,416.8743787813843,452.26819119372465,18.018443309645583,0.0,19,1.7363769582695698,0,0,0,0.1,0.0,P-n16-k8,random_search,94,0.46821587793100417,0.7295666593064827,0.514286306265771,410.92958652172695,5.9447922596573335
15,1,16.4,8.138795979750322,35,48.0,0.006944444444444444,5,0.05,466.9345392429807,478.981817718839,8.509798771572099,0.0,2,1.8638032579581294,0,0,0,0.1,0.0,P-n16-k8,random_search,95,0.599250480992536,0.27435904793181,0.7892757475496707,410.9295865217269,56.0049527212538
15,1,16.4,8.138795979750322,35,48.0,0.006944444444444444,10,0.1,442.9644705720283,463.88671902817197,9.813125318335398,0.047052241050312506,1,1.7065177572532357,0,0,0,0.1,0.047052241050312506,P-n16-k8,random_search,96,0.6368544793447004,0.6067046244066826,0.6598206119196787,418.24833507185963,24.71613550016866
15,1,16.4,8.138795979750322,35,48.0,0.006944444444444444,40,0.4,422.1814173187506,452.7152271295425,14.026472230759738,0.0,18,1.6568075643910576,0,0,0,0.1,0.0,P-n16-k8,random_search,97,0.25997084233566947,0.35780638795364855,0.5147568765871274,410.92958652172706,11.251830797023558
15,1,16.4,8.138795979750322,35,48.0,0.006944444444444444,70,0.7,422.38178974004154,433.9337453283865,15.002130315308444,0.0,9,1.0544692550751071,0,0,0,0.1,0.0,P-n16-k8,random_search,98,0.5942750741207862,0.6876992118398919,0.5835512557346365,410.92958652172683,11.452203218314708
15,1,16.4,8.138795979750322,35,48.0,0.006944444444444444,80,0.8,418.2483350718597,442.6313101416148,12.96494062590376,0.021830286835700697,5,1.9426715543589121,0,0,0,0.1,0.021830286835700697,P-n16-k8,random_search,99,0.7308153263122689,0.5576203276336466,0.39796394054120976,418.2483350718597,0.0
21,1,1071.4285714285713,615.0051158462073,6000,82.0,0.003271861986912552,30,0.3,478.1682998841469,534.2192975209139,30.773327697950926,0.04320385883574183,0,2.4983816096162665,0,0,0,0.1,0.04320385883574183,E-n22-k4,random_search,0,0.2374039973926534,0.631554589531722,0.34928437777814525,472.0285668091672,6.139733074979688
21,1,1071.4285714285713,615.0051158462073,6000,82.0,0.003271861986912552,50,0.5,457.2559750609098,520.2643880587212,36.33523000858987,0.06907058467131483,1,2.422330421787409,0,0,0,0.1,0.06907058467131483,E-n22-k4,random_search,1,0.4427339693095127,0.40593596172940993,0.9898775235096016,453.59887627219894,3.6570987887108686
21,1,1071.4285714285713,615.0051158462073,6000,82.0,0.003271861986912552,5,0.05,542.9351075903157,591.1049042280013,26.01146781146476,0.0,3,1.9273852072852171,0,0,0,0.1,0.0,E-n22-k4,random_search,2,0.4052884335633349,0.3126054902140815,0.7099430188014004,464.53456294310513,78.40054464721061
21,1,1071.4285714285713,615.0051158462073,6000,82.0,0.003271861986912552,70,0.7,487.8224624324868,520.37889246808,31.521758157082246,0.0,19,2.590410121293614,0,0,0,0.1,0.0,E-n22-k4,random_search,3,0.27287881741410014,0.21936087949931327,0.7178017818166627,473.45194315668414,14.370519275802678
21,1,1071.4285714285713,615.0051158462073,6000,82.0,0.003271861986912552,20,0.2,533.7340132525304,560.6439903109789,13.1166211598935,0.0,15,2.7422192964881567,0,0,0,0.1,0.0,E-n22-k4,random_search,4,0.4322379684991161,0.7369455691493401,0.3947593218514901,483.1539719762141,50.58004127631631
21,1,1071.4285714285713,615.0051158462073,6000,82.0,0.003271861986912552,30,0.3,525.5864680004372,549.7933153543744,12.026407663123091,0.0,19,2.276048235940107,0,0,0,0.1,0.0,E-n22-k4,random_search,5,0.5105782358726308,0.2914700408451558,0.480877384884716,477.7763616003377,47.81010640009953
21,1,1071.4285714285713,615.0051158462073,6000,82.0,0.003271861986912552,20,0.2,487.0724991135939,540.6545712526133,25.017188245723865,0.04714640156095478,3,2.548810105996072,0,0,0,0.1,0.04714640156095478,E-n22-k4,random_search,6,0.6944327569303897,0.2808245796963994,0.5616005082220676,469.82425780459107,17.24824130900282
21,1,1071.4285714285713,615.0051158462073,6000,82.0,0.003271861986912552,5,0.05,529.7431070312958,576.0550022913021,17.191667129475526,0.0,0,1.4219341291183125,0,0,0,0.1,0.0,E-n22-k4,random_search,7,0.1177543609505233,0.5045302964716654,0.5000385635400013,496.85939391150504,32.8837131197908
21,1,1071.4285714285713,615.0051158462073,6000,82.0,0.003271861986912552,80,0.8,469.82532097474973,516.0896011477798,33.28973835580846,0.0,19,2.6822620583019092,0,0,0,0.1,0.0,E-n22-k4,random_search,8,0.882334491364503,0.2438716020918617,0.4046892137134383,455.0390519150413,14.786269059708445
21,1,1071.4285714285713,615.0051158462073,6000,82.0,0.003271861986912552,20,0.2,497.034793430459,561.00477525376,19.67759700153011,0.08122453534161363,2,2.5622734573436547,0,0,0,0.1,0.08122453534161363,E-n22-k4,random_search,9,0.6032549521121406,0.31054568603682847,0.5121814388705014,492.9067694772847,4.128023953174306
21,1,1071.4285714285713,615.0051158462073,6000,82.0,0.003271861986912552,5,0.05,560.9578146124753,588.1451066385156,15.887833047614123,0.0,4,2.1442706451178264,0,0,0,0.1,0.0,E-n22-k4,random_search,10,0.4608652917447217,0.4737799103490857,0.5231822768476486,481.047082309421,79.91073230305432
21,1,1071.4285714285713,615.0051158462073,6000,82.0,0.003271861986912552,5,0.05,549.8467707921227,583.0568743236165,26.9522265588565,0.0,4,1.6813776696146174,0,0,0,0.1,0.0,E-n22-k4,random_search,11,0.6443499573509083,0.697354478471366,0.6489724925984692,459.1201460897634,90.72662470235929
21,1,1071.4285714285713,615.0051158462073,6000,82.0,0.003271861986912552,20,0.2,521.7522481975806,562.9087081902723,16.672144455706235,0.0,13,1.808329594065747,0,0,0,0.1,0.0,E-n22-k4,random_search,12,0.8418524196072387,0.27106345117054786,0.6706666958473376,485.5885019574634,36.16374624011718
21,1,1071.4285714285713,615.0051158462073,6000,82.0,0.003271861986912552,20,0.2,501.523381888431,555.2442453891894,23.997307131159445,0.0,14,2.3171599802036593,0,0,0,0.1,0.0,E-n22-k4,random_search,13,0.2610949415243984,0.5602789468371295,0.9858978501167375,480.84823346443284,20.675148423998166
21,1,1071.4285714285713,615.0051158462073,6000,82.0,0.003271861986912552,30,0.3,511.2827495603517,555.3286908714633,20.492002284267354,0.0,16,2.668958298474672,0,0,0,0.1,0.0,E-n22-k4,random_search,14,0.6355793948027815,0.5096884049193211,0.9767781654271006,495.1479360391849,16.13481352116679
21,1,1071.4285714285713,615.0051158462073,6000,82.0,0.003271861986912552,30,0.3,445.7369492045575,493.30345492941103,49.33051887520376,0.0019426672579849107,1,2.2953206719400385,0,0,0,0.1,0.0019426672579849107,E-n22-k4,random_search,15,0.7331053917158806,0.6848054691389993,0.3160516572409182,441.5688442025079,4.168105002049629
21,1,1071.4285714285713,615.0051158462073,6000,82.0,0.003271861986912552,70,0.7,441.3512431180309,508.49797663489164,50.71009506256994,0.0,19,2.439430348342386,0,0,0,0.1,0.0,E-n22-k4,random_search,16,0.8270687392563691,0.5597686866237046,0.48719960279014113,441.3512431180309,0.0
21,1,1071.4285714285713,615.0051158462073,6000,82.0,0.003271861986912552,90,0.9,517.6599829876382,533.3889659658447,16.17949397711886,0.0,19,2.5201552661823126,0,0,0,0.1,0.0,E-n22-k4,random_search,17,0.3121026162361449,0.5696589038972681,0.689977264236548,478.04929346203915,39.610689525599014
21,1,1071.4285714285713,615.0051158462073,6000,82.0,0.003271861986912552,90,0.9,473.4933229887912,537.3954252209702,21.27354694718867,0.0,19,1.6980392207151986,0,0,0,0.1,0.0,E-n22-k4,random_search,18,0.3880797043800265,0.7525773982267498,0.45292542474869135,466.6531314386772,6.840191550114014
21,1,1071.4285714285713,615.0051158462073,6000,82.0,0.003271861986912552,5,0.05,529.3406774853764,580.9352605788295,25.252231108797506,0.0,4,1.8003826681537725,0,0,0,0.1,0.0,E-n22-k4,random_search,19,0.3711151553233467,0.6137587835618014,0.8636333284766748,467.02491640718824,62.31576107818819
21,1,1071.4285714285713,615.0051158462073,6000,82.0,0.003271861986912552,80,0.8,517.830763364396,539.909532315651,11.910559467140365,0.0,19,2.6258398110454384,0,0,0,0.1,0.0,E-n22-k4,random_search,20,0.7138971006583975,0.5984213304612165,0.3914547288420156,495.51031924310655,22.320444121289484
21,1,1071.4285714285713,615.0051158462073,6000,82.0,0.003271861986912552,60,0.6,473.9058380928189,536.5763154759952,19.382787179389535,0.0,19,2.320410984253306,0,0,0,0.1,0.0,E-n22-k4,random_search,21,0.35863163123360964,0.482490069370311,0.7596354322064269,473.9058380928189,0.0
21,1,1071.4285714285713,615.0051158462073,6000,82.0,0.003271861986912552,10,0.1,525.5864680004372,569.3915171800851,19.013651086518237,0.03069423100778066,2,2.2946962493845566,0,0,0,0.1,0.03069423100778066,E-n22-k4,random_search,22,0.5463735150960639,0.6583450642939404,0.8457272760090491,475.58429709519334,50.00217090524387
21,1,1071.4285714285713,615.0051158462073,6000,82.0,0.003271861986912552,60,0.6,510.16698110721694,548.7552636026735,14.526800922638893,0.0,19,2.246837834395875,0,0,0,0.1,0.0,E-n22-k4,random_search,23,0.6482144534377774,0.3657080571365128,0.8981113854568747,492.2435075307708,17.923473576446156
21,1,1071.4285714285713,615.0051158462073,6000,82.0,0.003271861986912552,5,0.05,491.7950066455733,567.8959497022,38.831732630254265,0.0,1,2.4168240719301903,0,0,0,0.1,0.0,E-n22-k4,random_search,24,0.8014713543424387,0.37003346728243136,0.4644723743913153,461.09491910011656,30.700087545456768
21,1,1071.4285714285713,615.0051158462073,6000,82.0,0.003271861986912552,60,0.6,519.2387648564277,545.3509357122102,11.119800990540353,0.0,19,2.71414170262349,0,0,0,0.1,0.0,E-n22-k4,random_search,25,0.6930077962776251,0.419959535846934,0.655150755156256,464.9776831829988,54.26108167342886
21,1,1071.4285714285713,615.0051158462073,6000,82.0,0.003271861986912552,90,0.9,485.9281445417741,538.8693083049764,22.269097052865252,0.0,19,2.123799888701228,0,0,0,0.1,0.0,E-n22-k4,random_search,26,0.2474726508510492,0.5881051808332605,0.7762582040796647,466.0563697204111,19.871774821362976
21,1,1071.4285714285713,615.0051158462073,6000,82.0,0.003271861986912552,60,0.6,524.3209541342517,545.163730245986,13.1817377946875,0.0,19,1.4450790174718362,0,0,0,0.1,0.0,E-n22-k4,random_search,27,0.4206791808443424,0.20317752794330124,0.5155582701209535,477.81512348600916,46.50583064824252
21,1,1071.4285714285713,615.0051158462073,6000,82.0,0.003271861986912552,40,0.4,489.58853459076187,545.0542311727907,18.034716581198346,0.0004191098168733497,4,2.631079802513579,0,0,0,0.1,0.0004191098168733497,E-n22-k4,random_search,28,0.4148867886137677,0.7282471921896203,0.8052696596108209,489.58853459076187,0.0
21,1,1071.4285714285713,615.0051158462073,6000,82.0,0.003271861986912552,50,0.5,479.4204328252657,538.0719432722764,25.819071425593293,0.06718810868837148,3,2.476179265049276,0,0,0,0.1,0.06718810868837148,E-n22-k4,random_search,29,0.7185494837407422,0.780518720192841,0.7091831766039789,474.3264058356124,5.094026989653344
21,1,1071.4285714285713,615.0051158462073,6000,82.0,0.003271861986912552,40,0.4,485.5398840980315,528.1308005528783,27.361743256157578,0.0,17,2.484616491501944,0,0,0,0.1,0.0,E-n22-k4,random_search,30,0.6065598116919526,0.5212856316397252,0.4181753105872898,464.7104503746723,20.829433723359216
21,1,1071.4285714285713,615.0051158462073,6000,82.0,0.003271861986912552,70,0.7,486.536903022058,539.4206984433663,19.54710279892434,0.0,10,2.1448617713927827,0,0,0,0.1,0.0,E-n22-k4,random_search,31,0.6494535935699131,0.2270145652582488,0.8018614343255084,458.96145929425023,27.575443727807794
21,1,1071.4285714285713,615.0051158462073,6000,82.0,0.003271861986912552,80,0.8,512.254411981475,548.5742544001321,14.055152787135265,0.0,19,2.554874720703628,0,0,0,0.1,0.0,E-n22-k4,random_search,32,0.32518675945771114,0.2747489989379471,0.827064289009954,467.34307619560434,44.91133578587062
21,1,1071.4285714285713,615.0051158462073,6000,82.0,0.003271861986912552,50,0.5,454.37249571908785,509.0193196748978,45.887756102282616,0.0,10,2.5867354652286996,0,0,0,0.1,0.0,E-n22-k4,random_search,33,0.8994287269647012,0.575494675584657,0.647938984829574,451.98432712065147,2.38816859843638
21,1,1071.4285714285713,615.0051158462073,6000,82.0,0.003271861986912552,5,0.05,533.7733973478229,581.9402093854386,23.20135433417387,0.0,4,2.3898004720833486,0,0,0,0.1,0.0,E-n22-k4,random_search,34,0.23855289200581328,0.6207658847458297,0.6222305865710915,484.97287255119056,48.80052479663232
21,1,1071.4285714285713,615.0051158462073,6000,82.0,0.003271861986912552,10,0.1,524.360899659685,571.4775562340276,21.226112148481,0.06265811749141292,1,2.332051519020531,0,0,0,0.1,0.06265811749141292,E-n22-k4,random_search,35,0.47669335488456044,0.6359455875212254,0.7732224600876124,464.50973713521716,59.85116252446778
21,1,1071.4285714285713,615.0051158462073,6000,82.0,0.003271861986912552,10,0.1,541.0630617060928,568.9358943465407,18.76075593441703,0.06024679985273271,2,1.9506672210161906,0,0,0,0.1,0.06024679985273271,E-n22-k4,random_search,36,0.46085251177935704,0.26276520501000766,0.3881531030219366,483.7790939588936,57.28396774719914
21,1,1071.4285714285713,615.0051158462073,6000,82.0,0.003271861986912552,60,0.6,498.5074452034839,543.0925111868952,17.899140912948372,0.0,19,2.0667992641121784,0,0,0,0.1,0.0,E-n22-k4,random_search,37,0.6640116005159014,0.3987928817952461,0.4663669571096307,444.35384464591095,54.15360055757293
21,1,1071.4285714285713,615.0051158462073,6000,82.0,0.003271861986912552,30,0.3,494.98356005531946,533.449866657242,20.672578213866082,0.026733714168052033,0,2.4861560860086804,0,0,0,0.1,0.026733714168052033,E-n22-k4,random_search,38,0.2260899764077797,0.685285387562174,0.60223109835843,472.828601663079,22.154958392240474
21,1,1071.4285714285713,615.0051158462073,6000,82.0,0.003271861986912552,5,0.05,533.6523042026178,579.9379898457817,20.30387097668881,0.0,2,1.8857866978601383,0,0,0,0.1,0.0,E-n22-k4,random_search,39,0.8465830835694194,0.7895653257696282,0.4007273780591015,493.642690563557,40.009613639060774
21,1,1071.4285714285713,615.0051158462073,6000,82.0,0.003271861986912552,60,0.6,523.9149767082807,547.3494087764645,15.778847324425282,0.0,19,2.396129400489802,0,0,0,0.1,0.0,E-n22-k4,random_search,40,0.18187747836462737,0.40408650132885227,0.6712425698947506,481.9285465267957,41.98643018148505
21,1,1071.4285714285713,615.0051158462073,6000,82.0,0.003271861986912552,90,0.9,441.5688442025079,481.85087094012334,48.67684429961444,0.0,19,2.4675128460378093,0,0,0,0.1,0.0,E-n22-k4,random_search,41,0.3546819576627518,0.5994075188924779,0.7789565501318816,441.5688442025079,0.0
21,1,1071.4285714285713,615.0051158462073,6000,82.0,0.003271861986912552,20,0.2,515.7147854062191,555.6352173187336,18.16428820107817,0.0,12,2.7646494414092504,0,0,0,0.1,0.0,E-n22-k4,random_search,42,0.8253480434439066,0.7321046969918379,0.3483746837792454,485.10528855372206,30.609496852497045
21,1,1071.4285714285713,615.0051158462073,6000,82.0,0.003271861986912552,70,0.7,533.7733973478229,549.116277872103,10.111277045182852,0.0,19,2.4316451648365147,0,0,0,0.1,0.0,E-n22-k4,random_search,43,0.3205370547730587,0.2154991560747006,0.4851977353661058,472.62491641407007,61.14848093375281
21,1,1071.4285714285713,615.0051158462073,6000,82.0,0.003271861986912552,30,0.3,492.4684321373049,525.9779565407155,30.700109706647947,0.0,19,2.569631398260492,0,0,0,0.1,0.0,E-n22-k4,random_search,44,0.8037367122085863,0.7675996068173812,0.3287234610268611,459.6720084035529,32.796423733751965
21,1,1071.4285714285713,615.0051158462073,6000,82.0,0.003271861986912552,50,0.5,454.21644257039225,503.68070533027895,45.37882058789145,0.0,19,2.375986783201329,0,0,0,0.1,0.0,E-n22-k4,random_search,45,0.7936613821790509,0.4419948019089132,0.9597867039702754,434.87504856259864,19.34139400779361
21,1,1071.4285714285713,615.0051158462073,6000,82.0,0.003271861986912552,50,0.5,447.9860960246707,515.3567438757995,50.50983814206464,0.0,19,2.360465583947002,0,0,0,0.1,0.0,E-n22-k4,random_search,46,0.8285405208822499,0.4047168093998915,0.3355639303333853,447.9860960246707,0.0
21,1,1071.4285714285713,615.0051158462073,6000,82.0,0.003271861986912552,50,0.5,496.10777098253413,520.9576961348924,29.671979255323357,0.0,19,2.1891077411496758,0,0,0,0.1,0.0,E-n22-k4,random_search,47,0.7619482441955311,0.4556831432441649,0.8167268129495153,492.2435075307708,3.8642634517633496
21,1,1071.4285714285713,615.0051158462073,6000,82.0,0.003271861986912552,5,0.05,536.8863209002981,586.0274607966409,35.29098529547393,0.0,2,1.8147995810901285,0,0,0,0.1,0.0,E-n22-k4,random_search,48,0.7184509882022546,0.20340446501576503,0.7400270748361639,492.2435075307708,44.64281336952729
21,1,1071.4285714285713,615.0051158462073,6000,82.0,0.003271861986912552,60,0.6,490.1745196973654,515.0171166266073,30.998923023676202,0.0,19,2.405604551265305,0,0,0,0.1,0.0,E-n22-k4,random_search,49,0.28350786345061185,0.6022830021052874,0.9569944369993595,490.1745196973654,0.0
21,1,1071.4285714285713,615.0051158462073,6000,82.0,0.003271861986912552,10,0.1,548.4918677603723,580.1619461474688,13.339086085030484,0.0,9,2.4244180789501386,0,0,0,0.1,0.0,E-n22-k4,random_search,50,0.323269102770388,0.684001598594139,0.8934042384080063,481.2289959821841,67.26287177818824
21,1,1071.4285714285713,615.0051158462073,6000,82.0,0.003271861986912552,80,0.8,501.2572447476329,517.0249786641813,25.202315276312707,0.0008814640066623806,3,1.8499245004153917,0,0,0,0.1,0.0008814640066623806,E-n22-k4,random_search,51,0.6967053814531383,0.6436571861307094,0.7262455905727216,432.7347385803517,68.52250616728122
21,1,1071.4285714285713,615.0051158462073,6000,82.0,0.003271861986912552,40,0.4,494.62957426704367,545.9390274242166,18.45744789669885,0.0,19,2.5171333555973248,0,0,0,0.1,0.0,E-n22-k4,random_search,52,0.2665921415829583,0.6333608217362624,0.5615548040703462,470.01343965567924,24.61613461136443
21,1,1071.4285714285713,615.0051158462073,6000,82.0,0.003271861986912552,5,0.05,519.9295279580283,573.0613887678817,30.586381108095686,0.0,1,1.9753719393407452,0,0,0,0.1,0.0,E-n22-k4,random_search,53,0.6234402726424674,0.38785698394921164,0.5783563769382724,488.4431395008257,31.486388457202622
21,1,1071.4285714285713,615.0051158462073,6000,82.0,0.003271861986912552,30,0.3,505.37359690078694,554.6548247718413,20.491194874152168,0.06995938303811707,0,2.6833076020030697,0,0,0,0.1,0.06995938303811707,E-n22-k4,random_search,54,0.8947046935102098,0.3074912842864731,0.35063515165917236,486.0199288662589,19.353668034528027
21,1,1071.4285714285713,615.0051158462073,6000,82.0,0.003271861986912552,20,0.2,519.2387648564277,557.2237350109028,17.800395215980057,0.007086212899223392,1,2.3887113460399507,0,0,0,0.1,0.007086212899223392,E-n22-k4,random_search,55,0.8561562087194996,0.3614066975349638,0.3726216537494528,475.40680483704045,43.831960019387225
21,1,1071.4285714285713,615.0051158462073,6000,82.0,0.003271861986912552,20,0.2,536.8669603910477,568.1349010464278,15.578415335570982,0.02656381038617253,4,2.670866061551968,0,0,0,0.1,0.02656381038617253,E-n22-k4,random_search,56,0.8183839218712612,0.7721480612045513,0.37018458798867626,479.53765187911205,57.32930851193561
21,1,1071.4285714285713,615.0051158462073,6000,82.0,0.003271861986912552,90,0.9,468.2313698439563,496.92946121756734,33.716026107246385,0.0,19,2.34045191734263,0,0,0,0.1,0.0,E-n22-k4,random_search,57,0.44718119278090196,0.7571538735336647,0.3576378648297255,468.2313698439563,0.0
21,1,1071.4285714285713,615.0051158462073,6000,82.0,0.003271861986912552,30,0.3,452.7421896877474,504.7426420349443,46.32971222107942,0.0,12,2.4519160448540664,0,0,0,0.1,0.0,E-n22-k4,random_search,58,0.5386754285007177,0.23335217649640272,0.7991226036449267,449.4884142168699,3.2537754708774855
21,1,1071.4285714285713,615.0051158462073,6000,82.0,0.003271861986912552,70,0.7,470.898292627672,517.2885273166542,30.790901093728596,0.0,14,2.6669075435239398,0,0,0,0.1,0.0,E-n22-k4,random_search,59,0.20979081889008208,0.5650236909273014,0.8186175833503455,468.6035706513757,2.294721976296273
21,1,1071.4285714285713,615.0051158462073,6000,82.0,0.003271861986912552,60,0.6,507.43885988079717,540.3055746384146,13.183095369066253,0.0,19,2.7306337693485885,0,0,0,0.1,0.0,E-n22-k4,random_search,60,0.6179668597184614,0.4609401883488193,0.8493542026800507,492.2435075307708,15.195352350026383
21,1,1071.4285714285713,615.0051158462073,6000,82.0,0.003271861986912552,40,0.4,525.716052466066,551.3734565367547,12.538629842022381,0.005160070526730103,7,2.2842661038979504,0,0,0,0.1,0.005160070526730103,E-n22-k4,random_search,61,0.18249788570804162,0.7801768291372881,0.4701013681468963,488.7436081720041,36.972444294061916
21,1,1071.4285714285713,615.0051158462073,6000,82.0,0.003271861986912552,50,0.5,443.41969913701973,501.2161446058647,51.241020442345274,0.0,19,2.4987516282345243,0,0,0,0.1,0.0,E-n22-k4,random_search,62,0.5503290089909284,0.3008911475248057,0.9130050041978635,440.5503162578605,2.869382879159218
21,1,1071.4285714285713,615.0051158462073,6000,82.0,0.003271861986912552,90,0.9,497.23710655917466,517.833686228157,19.282541622138428,0.0,19,2.42576849450865,0,0,0,0.1,0.0,E-n22-k4,random_search,63,0.688726250695976,0.5699583736079543,0.45329914992095255,493.79967125977737,3.4374352993972934
21,1,1071.4285714285713,615.0051158462073,6000,82.0,0.003271861986912552,80,0.8,473.0238013341737,499.5674906928296,31.434223856202877,0.0,19,1.7867830568138576,0,0,0,0.1,0.0,E-n22-k4,random_search,64,0.17770617351561838,0.3037084736303219,0.8929362326806598,470.4758620860857,2.547939248087971
21,1,1071.4285714285713,615.0051158462073,6000,82.0,0.003271861986912552,50,0.5,512.4574672204102,547.7840182330103,14.836882352070111,0.024979716144468152,8,2.8366920617894973,0,0,0,0.1,0.024979716144468152,E-n22-k4,random_search,65,0.4876986883796829,0.7957111472401956,0.8055368916633889,456.878666705677,55.57880051473319
21,1,1071.4285714285713,615.0051158462073,6000,82.0,0.003271861986912552,5,0.05,520.5767835241136,577.3364516325125,18.66039240239589,0.0,2,2.0682965999380714,0,0,0,0.1,0.0,E-n22-k4,random_search,66,0.5467001297265964,0.7817289033612131,0.4149193870827661,489.8715178895121,30.70526563460146
21,1,1071.4285714285713,615.0051158462073,6000,82.0,0.003271861986912552,20,0.2,494.7955733939361,554.50935311794,20.419557056142107,0.0,15,2.699886585379359,0,0,0,0.1,0.0,E-n22-k4,random_search,67,0.699820493124174,0.7289351556814547,0.9301627269373951,489.8926803492381,4.902893044697976
21,1,1071.4285714285713,615.0051158462073,6000,82.0,0.003271861986912552,10,0.1,552.4146997185013,577.5888662741104,12.536810979818314,0.040530543275477976,6,2.2870314949457144,0,0,0,0.1,0.040530543275477976,E-n22-k4,random_search,68,0.5757303471914165,0.5144748034471116,0.4121369428580751,486.5685619856192,65.84613773288208
21,1,1071.4285714285713,615.0051158462073,6000,82.0,0.003271861986912552,70,0.7,496.0884024353851,541.8272746759544,19.382233942737333,0.0,11,2.36509213235523,0,0,0,0.1,0.0,E-n22-k4,random_search,69,0.7227141054887077,0.34322756801687915,0.8688061620786747,479.1934713047447,16.894931130640373
21,1,1071.4285714285713,615.0051158462073,6000,82.0,0.003271861986912552,5,0.05,533.7340132525304,575.2946430782382,19.557620739111957,0.0,1,2.3764370332957485,0,0,0,0.1,0.0,E-n22-k4,random_search,70,0.4007718469513989,0.27987850100050127,0.6331500142118324,470.9324997656018,62.80151348692863
21,1,1071.4285714285713,615.0051158462073,6000,82.0,0.003271861986912552,90,0.9,455.875553490674,507.71159712615116,40.844165872982714,0.0,19,2.639901296805498,0,0,0,0.1,0.0,E-n22-k4,random_search,71,0.4600463775700091,0.3565511776113942,0.3462050330818462,455.875553490674,0.0
21,1,1071.4285714285713,615.0051158462073,6000,82.0,0.003271861986912552,5,0.05,547.2334691647081,584.1113392860061,22.344214380223363,0.0,2,2.599742361087917,0,0,0,0.1,0.0,E-n22-k4,random_search,72,0.669530834206247,0.2968140848070204,0.6524074270918387,468.31941912005436,78.91405004465378
21,1,1071.4285714285713,615.0051158462073,6000,82.0,0.003271861986912552,40,0.4,525.5864680004372,553.0644362348659,13.81314595310275,0.0,9,2.122987077716754,0,0,0,0.1,0.0,E-n22-k4,random_search,73,0.40228930123664985,0.6946507939589537,0.7775559857344263,497.88015913064555,27.706308869791656
21,1,1071.4285714285713,615.0051158462073,6000,82.0,0.003271861986912552,90,0.9,494.47042988070973,538.2495129615294,17.453494267185377,0.0,13,2.739203427889257,0,0,0,0.1,0.0,E-n22-k4,random_search,74,0.43324313724712116,0.4975530223693316,0.5630367283551709,464.9969184591118,29.473511421597948
21,1,1071.4285714285713,615.0051158462073,6000,82.0,0.003271861986912552,40,0.4,508.45353699523037,553.8196265104149,17.305880081343595,0.0,11,2.568335922719466,0,0,0,0.1,0.0,E-n22-k4,random_search,75,0.8879845926093345,0.4613625959854271,0.927741906879763,492.2435075307708,16.21002946445958
21,1,1071.4285714285713,615.0051158462073,6000,82.0,0.003271861986912552,40,0.4,460.32897914098004,517.2627449999645,45.75699276188958,0.0,13,2.6014695397521566,0,0,0,0.1,0.0,E-n22-k4,random_search,76,0.4214199102101803,0.3456682322838099,0.8011766117649715,448.2952366941516,12.033742446828455
21,1,1071.4285714285713,615.0051158462073,6000,82.0,0.003271861986912552,70,0.7,488.61850116965,548.7912967670833,16.432204734149856,0.0,19,2.6182895902620285,0,0,0,0.1,0.0,E-n22-k4,random_search,77,0.15970943499301038,0.29711420845485886,0.8648432860426345,481.46005060113293,7.1584505685170825
21,1,1071.4285714285713,615.0051158462073,6000,82.0,0.003271861986912552,50,0.5,506.4764024176263,548.2147924878628,17.11674229434797,0.0,19,2.7213076709093844,0,0,0,0.1,0.0,E-n22-k4,random_search,78,0.30386293545299214,0.5576882309600122,0.7413322094159818,476.8060847758304,29.67031764179586
21,1,1071.4285714285713,615.0051158462073,6000,82.0,0.003271861986912552,50,0.5,521.1106162080547,550.470572580459,10.94781512304163,0.025176320405368234,0,2.31736413748718,0,0,0,0.1,0.025176320405368234,E-n22-k4,random_search,79,0.5815170124747544,0.379859714665443,0.4134513942822746,464.59086292997983,56.51975327807486
21,1,1071.4285714285713,615.0051158462073,6000,82.0,0.003271861986912552,60,0.6,508.99727494494107,546.0513291705942,17.114836998899246,0.0,19,2.638876575239414,0,0,0,0.1,0.0,E-n22-k4,random_search,80,0.4564927164524174,0.5160825679527752,0.842922833424774,472.28120263939235,36.71607230554872
21,1,1071.4285714285713,615.0051158462073,6000,82.0,0.003271861986912552,10,0.1,547.2969447240135,571.7548736788253,17.620389792328524,0.019714145282174904,1,2.2146486690591587,0,0,0,0.1,0.019714145282174904,E-n22-k4,random_search,81,0.6903188576517173,0.6528482207413984,0.31710073983540366,473.6801699503953,73.61677477361826
21,1,1071.4285714285713,615.0051158462073,6000,82.0,0.003271861986912552,30,0.3,528.753165309106,557.8446208391454,13.04808391817724,0.02052665365820536,3,2.5892906750776077,0,0,0,0.1,0.02052665365820536,E-n22-k4,random_search,82,0.2551502412127701,0.6957456349016942,0.9865411025943931,492.18506081807203,36.56810449103392
21,1,1071.4285714285713,615.0051158462073,6000,82.0,0.003271861986912552,50,0.5,495.7822709550437,549.4175862209156,19.75280796059696,0.0,19,1.8633892973719208,0,0,0,0.1,0.0,E-n22-k4,random_search,83,0.46460587482474336,0.3482221378607654,0.9467861339249586,495.7822709550437,0.0
21,1,1071.4285714285713,615.0051158462073,6000,82.0,0.003271861986912552,5,0.05,525.5864680004372,588.4275152425008,28.014353628939347,0.0,3,2.0531897992012245,0,0,0,0.1,0.0,E-n22-k4,random_search,84,0.7059894611704358,0.44177462126806144,0.9012540939543374,469.1837555719428,56.4027124284944
21,1,1071.4285714285713,615.0051158462073,6000,82.0,0.003271861986912552,90,0.9,488.4024105941715,535.0283806229525,18.502988699427846,0.0,19,2.6336958206775765,0,0,0,0.1,0.0,E-n22-k4,random_search,85,0.3701187993275916,0.7021501155129752,0.36274450135485903,478.91453844832165,9.487872145849849
21,1,1071.4285714285713,615.0051158462073,6000,82.0,0.003271861986912552,5,0.05,528.2455837107708,578.565581869338,27.973007131495656,0.0,2,2.284980126706487,0,0,0,0.1,0.0,E-n22-k4,random_search,86,0.2635047835856812,0.25269810318968794,0.8131171103968577,458.6749574618692,69.57062624890159
21,1,1071.4285714285713,615.0051158462073,6000,82.0,0.003271861986912552,80,0.8,449.36866529542067,490.5000735779119,41.86484302130459,0.0,19,2.556661403422025,0,0,0,0.1,0.0,E-n22-k4,random_search,87,0.7441206330868881,0.46347691686946696,0.7855630159403568,449.36866529542067,0.0
21,1,1071.4285714285713,615.0051158462073,6000,82.0,0.003271861986912552,50,0.5,439.3977129121423,520.3967160948026,54.57076237493032,0.009683160831749605,3,2.2709230044725848,0,0,0,0.1,0.009683160831749605,E-n22-k4,random_search,88,0.28035826781690815,0.5377034339960661,0.5508507002279457,415.53106261458083,23.866650297561478
21,1,1071.4285714285713,615.0051158462073,6000,82.0,0.003271861986912552,80,0.8,457.2559750609098,497.49198936987824,43.8276714891922,0.0,19,2.4079696323986237,0,0,0,0.1,0.0,E-n22-k4,random_search,89,0.3985248900895385,0.6069648859174691,0.7307198240221859,457.2559750609098,0.0
21,1,1071.4285714285713,615.0051158462073,6000,82.0,0.003271861986912552,50,0.5,486.10578494202844,521.7056548590589,23.674190052967667,0.0,19,2.6650013151989356,0,0,0,0.1,0.0,E-n22-k4,random_search,90,0.8326891841944996,0.6051104304340486,0.8457522710366467,468.299118207305,17.80666673472342
21,1,1071.4285714285713,615.0051158462073,6000,82.0,0.003271861986912552,30,0.3,516.5056844983852,552.5484918603731,23.913536675255017,0.004299754379408041,8,2.5642867787877623,0,0,0,0.1,0.004299754379408041,E-n22-k4,random_search,91,0.6582962736561827,0.3979278328182515,0.3982770629244237,473.34116910151334,43.16451539687188
21,1,1071.4285714285713,615.0051158462073,6000,82.0,0.003271861986912552,10,0.1,500.19892176744173,562.5833426529994,22.07988517568465,0.11150179960866369,0,2.5083267977460015,0,0,0,0.1,0.11150179960866369,E-n22-k4,random_search,92,0.836463631276111,0.6675060747227655,0.9064462484671945,464.38407655218367,35.81484521525806
21,1,1071.4285714285713,615.0051158462073,6000,82.0,0.003271861986912552,70,0.7,490.2036869189654,519.0292082488547,26.53635368925858,0.005452929835161722,1,2.441605781374495,0,0,0,0.1,0.005452929835161722,E-n22-k4,random_search,93,0.23897229475598972,0.30442293926897085,0.3305248131571412,467.78850848563474,22.415178433330652
21,1,1071.4285714285713,615.0051158462073,6000,82.0,0.003271861986912552,70,0.7,478.33388857101176,508.3239386067909,28.4670517994694,0.0,19,2.231422609050851,0,0,0,0.1,0.0,E-n22-k4,random_search,94,0.7638775872186656,0.38556687616684443,0.3044759513775807,467.3408971681237,10.992991402888038
21,1,1071.4285714285713,615.0051158462073,6000,82.0,0.003271861986912552,30,0.3,481.80493225598104,543.5871877955958,35.08324347099372,0.0448693412016674,2,2.6030863928353574,0,0,0,0.1,0.0448693412016674,E-n22-k4,random_search,95,0.7111967852234028,0.7571773128711288,0.4554705395467169,466.0445155107084,15.760416745272664
21,1,1071.4285714285713,615.0051158462073,6000,82.0,0.003271861986912552,80,0.8,493.78825892857003,540.4494218691354,17.6722140441921,0.0,19,2.6334631241179123,0,0,0,0.1,0.0,E-n22-k4,random_search,96,0.8577594522005588,0.38092603577736817,0.34672573314165217,484.8487006140439,8.939558314526153
21,1,1071.4285714285713,615.0051158462073,6000,82.0,0.003271861986912552,50,0.5,449.36054933060825,530.4661881477311,40.479029704821436,0.055693572653413105,3,2.5483376941373,0,0,0,0.1,0.055693572653413105,E-n22-k4,random_search,97,0.18782413380336296,0.7143290142924055,0.8920984938768439,446.49232017774005,2.868229152868196
21,1,1071.4285714285713,615.0051158462073,6000,82.0,0.003271861986912552,60,0.6,501.90652351632025,524.83103556024,26.3429529115199,0.0,19,2.2635603381494436,0,0,0,0.1,0.0,E-n22-k4,random_search,98,0.6793978586329183,0.24565071878545913,0.4926783251766326,493.18099875458967,8.725524761730583
21,1,1071.4285714285713,615.0051158462073,6000,82.0,0.003271861986912552,90,0.9,488.7467439136442,522.099160250181,25.262572994600145,0.0,19,2.5956236410765228,0,0,0,0.1,0.0,E-n22-k4,random_search,99,0.6507187337836077,0.33395437392884875,0.6383274392875686,482.2186020022393,6.528141911404873
31,1,13.225806451612904,7.137857623013364,100,97.0,0.0034009990434690192,40,0.4,1475.644820461264,1635.464026002224,76.32681736815266,0.03901517948135845,0,2.2548410536371386,0,0,0,0.1,0.03901517948135845,A-n32-k5,random_search,0,0.2769627248232487,0.3230263660539797,0.9217315079451764,1324.2119969134585,151.43282354780558
31,1,13.225806451612904,7.137857623013364,100,97.0,0.0034009990434690192,30,0.3,1478.4654216713143,1691.3333991341467,96.94464245248841,0.056352012211272194,6,2.608522403720935,0,0,0,0.1,0.056352012211272194,A-n32-k5,random_search,1,0.5699008095531206,0.7539048745008818,0.770380491819582,1387.6965409656807,90.76888070563359
31,1,13.225806451612904,7.137857623013364,100,97.0,0.0034009990434690192,90,0.9,1456.78629187256,1552.7178179899654,60.81447665163467,0.0,19,2.1436728913259597,0,0,0,0.1,0.0,A-n32-k5,random_search,2,0.22762093831179053,0.40041677484248517,0.8585508681907137,1337.7842071172602,119.00208475529985
31,1,13.225806451612904,7.137857623013364,100,97.0,0.0034009990434690192,5,0.05,1602.3046668105128,1825.9926318271705,93.40854796308642,0.0,0,2.3969181144922422,0,0,0,0.1,0.0,A-n32-k5,random_search,3,0.4725265895953987,0.38624256506394705,0.815409658239415,1362.8561606876533,239.4485061228595
31,1,13.225806451612904,7.137857623013364,100,97.0,0.0034009990434690192,50,0.5,1379.5416366091085,1650.648247040382,94.63560722327921,0.042295685255293966,2,2.2518306571079827,0,0,0,0.1,0.042295685255293966,A-n32-k5,random_search,4,0.6939815855089461,0.22681811987411793,0.5865129831535261,1339.283234535534,40.25840207357464
31,1,13.225806451612904,7.137857623013364,100,97.0,0.0034009990434690192,70,0.7,1365.9508022044688,1540.2201912627822,94.78580875973701,0.003612667284926304,4,1.977863705373164,0,0,0,0.1,0.003612667284926304,A-n32-k5,random_search,5,0.42229206637328,0.714340447859608,0.7734484230444953,1313.8036943542402,52.14710785022862
31,1,13.225806451612904,7.137857623013364,100,97.0,0.0034009990434690192,30,0.3,1495.5566024898335,1679.3333370612422,97.8405558373392,0.0,9,1.8069224848190524,0,0,0,0.1,0.0,A-n32-k5,random_search,6,0.2706072973415224,0.2564902100245643,0.767876438154564,1397.615338723144,97.94126376668942
31,1,13.225806451612904,7.137857623013364,100,97.0,0.0034009990434690192,10,0.1,1648.0594862109876,1786.5259518298747,75.13059384228576,0.0829436869875322,6,2.398656212134745,0,0,0,0.1,0.0829436869875322,A-n32-k5,random_search,7,0.852807463669392,0.36870837828547265,0.8684454762252476,1349.2022549026003,298.8572313083873
31,1,13.225806451612904,7.137857623013364,100,97.0,0.0034009990434690192,80,0.8,1420.4166486305498,1592.7847949677102,106.08826578657487,0.004255383699571946,3,2.4394168910378546,0,0,0,0.1,0.004255383699571946,A-n32-k5,random_search,8,0.7062027073453714,0.5694409067842697,0.5951796227241657,1365.4739141623745,54.94273446817533
31,1,13.225806451612904,7.137857623013364,100,97.0,0.0034009990434690192,70,0.7,1353.8757739924708,1519.004510959094,68.09677410720504,0.023500178984109863,2,1.7948082827193759,0,0,0,0.1,0.023500178984109863,A-n32-k5,random_search,9,0.5318986557179995,0.3457563160453692,0.8475690086934984,1296.306140968618,57.56963302385293
31,1,13.225806451612904,7.137857623013364,100,97.0,0.0034009990434690192,60,0.6,1455.8393181321626,1631.4046035067013,69.49056176526977,0.03912181746548557,3,2.5420700616144747,0,0,0,0.1,0.03912181746548557,A-n32-k5,random_search,10,0.8309920453182307,0.725733782572793,0.8336711207311671,1314.281244944595,141.55807318756752
31,1,13.225806451612904,7.137857623013364,100,97.0,0.0034009990434690192,70,0.7,1424.642941232406,1587.740608135484,97.12032875366458,0.0,19,2.3755591554230397,0,0,0,0.1,0.0,A-n32-k5,random_search,11,0.16163562078466828,0.5679822403410308,0.311471805312664,1337.3639948494445,87.27894638296152
31,1,13.225806451612904,7.137857623013364,100,97.0,0.0034009990434690192,40,0.4,1478.279985963916,1670.2248952915695,78.58625730153462,0.05013495854936859,2,2.3837714162796075,0,0,0,0.1,0.05013495854936859,A-n32-k5,random_search,12,0.3343531176719938,0.35572756294468866,0.774826174298321,1410.4712507794636,67.80873518445242
31,1,13.225806451612904,7.137857623013364,100,97.0,0.0034009990434690192,40,0.4,1465.2537368592507,1653.5102373257214,92.85651247905784,0.020615023456037978,0,2.3577481487246192,0,0,0,0.1,0.020615023456037978,A-n32-k5,random_search,13,0.40568292378833914,0.6761885906650621,0.45419187709577086,1397.0237648538105,68.22997200544023
31,1,13.225806451612904,7.137857623013364,100,97.0,0.0034009990434690192,70,0.7,1414.2713463920413,1616.1363437065522,95.19733139709521,0.0,19,2.237726096782657,0,0,0,0.1,0.0,A-n32-k5,random_search,14,0.7059022899296404,0.5928065419515803,0.8937545820114461,1399.7850275680053,14.486318824036061
31,1,13.225806451612904,7.137857623013364,100,97.0,0.0034009990434690192,5,0.05,1654.4912985469455,1832.411695936306,59.90852072237381,0.0,0,2.4460029622822836,0,0,0,0.1,0.0,A-n32-k5,random_search,15,0.5039753736690037,0.7792085501968156,0.9339924120658825,1470.7622552789117,183.72904326803382
31,1,13.225806451612904,7.137857623013364,100,97.0,0.0034009990434690192,90,0.9,1383.5052699098176,1560.1032785631219,88.92983738217737,0.000641224634798232,0,2.5766649882980075,0,0,0,0.1,0.000641224634798232,A-n32-k5,random_search,16,0.28542350728976285,0.7260844737488763,0.569173937880636,1343.201844156762,40.303425753055535
31,1,13.225806451612904,7.137857623013364,100,97.0,0.0034009990434690192,20,0.2,1569.7236515291609,1700.5002983722366,75.62624485164932,0.03675834953208362,0,2.598726627666067,0,0,0,0.1,0.03675834953208362,A-n32-k5,random_search,17,0.4420603825163788,0.5935852738352336,0.6347502404187348,1412.8125407932716,156.91111073588922
31,1,13.225806451612904,7.137857623013364,100,97.0,0.0034009990434690192,20,0.2,1492.686058054704,1693.7486371266345,71.50399656691431,0.09892120665225208,1,2.54163874505248,0,0,0,0.1,0.09892120665225208,A-n32-k5,random_search,18,0.7171278695437562,0.5035114004006647,0.6773782073300165,1377.254138127212,115.43191992749212
31,1,13.225806451612904,7.137857623013364,100,97.0,0.0034009990434690192,10,0.1,1558.5034444642338,1794.9840746077734,85.88467347106989,0.14429999645128677,0,2.7904492554188085,0,0,0,0.1,0.14429999645128677,A-n32-k5,random_search,19,0.6459750627910472,0.48538310046609984,0.903646602592773,1439.326909240496,119.1765352237378
31,1,13.225806451612904,7.137857623013364,100,97.0,0.0034009990434690192,70,0.7,1398.674328588021,1632.2941879939906,93.46576777336321,0.0,19,2.4495307659219314,0,0,0,0.1,0.0,A-n32-k5,random_search,20,0.10942234514563198,0.7438791507524631,0.7844384553310405,1332.9953526580377,65.67897592998315
31,1,13.225806451612904,7.137857623013364,100,97.0,0.0034009990434690192,70,0.7,1487.3055675622686,1633.599279351581,69.1851185869073,0.0,19,2.838808640144987,0,0,0,0.1,0.0,A-n32-k5,random_search,21,0.10003776786337717,0.5270919467027784,0.7618587509231975,1400.7067773381627,86.59879022410587
31,1,13.225806451612904,7.137857623013364,100,97.0,0.0034009990434690192,90,0.9,1422.419066627183,1571.2284959711576,106.36844861216935,0.010099770820129457,7,2.335641873791325,0,0,0,0.1,0.010099770820129457,A-n32-k5,random_search,22,0.7137648214940622,0.380321754379751,0.3155045332867656,1385.1545286422552,37.264537984927756
31,1,13.225806451612904,7.137857623013364,100,97.0,0.0034009990434690192,80,0.8,1460.7798816856596,1606.9236236015622,84.35389313620215,0.0,19,2.588131863364853,0,0,0,0.1,0.0,A-n32-k5,random_search,23,0.8527284230048406,0.3615715439169462,0.8515605684083998,1430.6337565537108,30.146125131948793
31,1,13.225806451612904,7.137857623013364,100,97.0,0.0034009990434690192,90,0.9,1443.8844387603476,1594.327309571578,88.28821003780077,0.0,11,2.4420566264910257,0,0,0,0.1,0.0,A-n32-k5,random_search,24,0.8295394492384505,0.3216577254123839,0.9778828215081821,1432.9361041237175,10.94833463663008
31,1,13.225806451612904,7.137857623013364,100,97.0,0.0034009990434690192,60,0.6,1394.5606469893653,1584.95181097067,95.8735636453673,0.033137536477606415,5,2.1598323856828894,0,0,0,0.1,0.033137536477606415,A-n32-k5,random_search,25,0.42378646510025375,0.20413930267615477,0.7506300684461449,1322.8630584486039,71.69758854076144
31,1,13.225806451612904,7.137857623013364,100,97.0,0.0034009990434690192,40,0.4,1400.8974197283403,1674.93382775519,108.98334907752914,0.0,10,2.338964585621981,0,0,0,0.1,0.0,A-n32-k5,random_search,26,0.11687416336070573,0.755194585367954,0.3551745827741505,1262.3002868427855,138.59713288555486
31,1,13.225806451612904,7.137857623013364,100,97.0,0.0034009990434690192,50,0.5,1417.8311889091226,1607.1989631969486,77.60522673320887,0.0,9,2.370710223551745,0,0,0,0.1,0.0,A-n32-k5,random_search,27,0.2859545455530863,0.4822123363144754,0.5604794061914022,1301.7184880905354,116.1127008185872
31,1,13.225806451612904,7.137857623013364,100,97.0,0.0034009990434690192,5,0.05,1595.3696089639575,1831.5598409457543,92.88743922675413,0.0,2,2.4126908889048706,0,0,0,0.1,0.0,A-n32-k5,random_search,28,0.2642853112194864,0.4620486130540225,0.7221433624547091,1427.1545470170222,168.2150619469353
31,1,13.225806451612904,7.137857623013364,100,97.0,0.0034009990434690192,40,0.4,1520.5245757365997,1684.8794037487503,69.76690608677649,0.0,12,2.60783007264591,0,0,0,0.1,0.0,A-n32-k5,random_search,29,0.41128901163435794,0.7239505595808411,0.8859706187303373,1433.5596300473214,86.96494568927824
31,1,13.225806451612904,7.137857623013364,100,97.0,0.0034009990434690192,40,0.4,1527.2448072886782,1677.0056230813275,75.75521182378102,0.016619403100567722,4,2.538973473608535,0,0,0,0.1,0.016619403100567722,A-n32-k5,random_search,30,0.5146122084715271,0.20118639860891507,0.46255878467293904,1361.01034625949,166.2344610291882
31,1,13.225806451612904,7.137857623013364,100,97.0,0.0034009990434690192,70,0.7,1462.0449057268027,1594.4729701203019,57.809653093529676,0.0,11,2.420947162747719,0,0,0,0.1,0.0,A-n32-k5,random_search,31,0.22676486551875785,0.6277489160378735,0.6166012613493077,1329.1734137561589,132.87149197064377
31,1,13.225806451612904,7.137857623013364,100,97.0,0.0034009990434690192,20,0.2,1549.1007823189032,1747.4099024020495,80.28248797095135,0.05952553087385994,0,2.199241297513888,0,0,0,0.1,0.05952553087385994,A-n32-k5,random_search,32,0.2158631053713035,0.32674695552035693,0.7394290136025095,1436.6099274075843,112.49085491131882
31,1,13.225806451612904,7.137857623013364,100,97.0,0.0034009990434690192,5,0.05,1787.1311180251453,1882.8213981830554,70.80066489910385,0.0,1,2.526483167797324,0,0,0,0.1,0.0,A-n32-k5,random_search,33,0.7929800457779257,0.5975736428405748,0.40783851331896437,1474.2539848529498,312.8771331721955
31,1,13.225806451612904,7.137857623013364,100,97.0,0.0034009990434690192,40,0.4,1473.4037049360636,1634.491635668804,85.03252360423987,0.01547628676986862,1,2.1031875532446582,0,0,0,0.1,0.01547628676986862,A-n32-k5,random_search,34,0.28334252076538147,0.3181093633230898,0.5103771250611527,1368.8792169002809,104.52448803578272
31,1,13.225806451612904,7.137857623013364,100,97.0,0.0034009990434690192,90,0.9,1297.1809822537232,1546.8016858267056,98.10746941760561,0.025029180396695917,1,2.31525114373671,0,0,0,0.1,0.025029180396695917,A-n32-k5,random_search,35,0.3340888630677144,0.21837632410156094,0.8384303408574221,1277.9960415400208,19.184940713702417
31,1,13.225806451612904,7.137857623013364,100,97.0,0.0034009990434690192,70,0.7,1461.6706656545791,1605.8273150744521,91.32410720108366,0.0,10,2.3037995674643525,0,0,0,0.1,0.0,A-n32-k5,random_search,36,0.7350575618488386,0.633772806063567,0.5145065157517346,1270.0291258475481,191.641539807031
31,1,13.225806451612904,7.137857623013364,100,97.0,0.0034009990434690192,90,0.9,1282.6393500330746,1518.7336078743247,104.68478702749864,0.018297423270693263,2,2.455868749646421,0,0,0,0.1,0.018297423270693263,A-n32-k5,random_search,37,0.16196401706194108,0.5679129880283156,0.5600853563121833,1243.5213897291458,39.11796030392884
31,1,13.225806451612904,7.137857623013364,100,97.0,0.0034009990434690192,90,0.9,1396.20435146418,1570.217550124627,91.24526418145206,0.006262486012218433,6,2.5440017496641176,0,0,0,0.1,0.006262486012218433,A-n32-k5,random_search,38,0.8560552926896529,0.4566006965821496,0.8870563582865993,1346.4044703144907,49.79988114968933
31,1,13.225806451612904,7.137857623013364,100,97.0,0.0034009990434690192,20,0.2,1653.056513800758,1763.2471630755408,66.3324281458394,0.00024144126943695716,7,2.6126863728397227,0,0,0,0.1,0.00024144126943695716,A-n32-k5,random_search,39,0.7882190310718854,0.4752411139331264,0.30782152224007486,1468.2597408713536,184.79677292940437
31,1,13.225806451612904,7.137857623013364,100,97.0,0.0034009990434690192,20,0.2,1626.666584582344,1741.1434283675305,64.02325476158003,0.0,16,2.8200168796449856,0,0,0,0.1,0.0,A-n32-k5,random_search,40,0.39840950230882477,0.40205301931022885,0.6456658461457263,1382.3460773906374,244.3205071917066
31,1,13.225806451612904,7.137857623013364,100,97.0,0.0034009990434690192,5,0.05,1584.6069738187934,1779.4298693105916,93.88848811999955,0.0,1,2.4449768117053106,0,0,0,0.1,0.0,A-n32-k5,random_search,41,0.7672335437363194,0.5515550541504031,0.3267810077085844,1412.241191390264,172.36578242852943
31,1,13.225806451612904,7.137857623013364,100,97.0,0.0034009990434690192,50,0.5,1351.9893014475147,1551.224438402865,107.36951632153628,0.01249937390684251,4,1.9910626112175138,0,0,0,0.1,0.01249937390684251,A-n32-k5,random_search,42,0.8210906198080491,0.36706059501885124,0.43808892273217714,1193.9011039146112,158.08819753290345
31,1,13.225806451612904,7.137857623013364,100,97.0,0.0034009990434690192,80,0.8,1269.8671749376285,1509.4229562781034,127.71721797512339,0.010697482740746824,7,2.230075868841185,0,0,0,0.1,0.010697482740746824,A-n32-k5,random_search,43,0.3414483689644186,0.3113276509695987,0.5538125447987486,1222.0772075810912,47.78996735653732
31,1,13.225806451612904,7.137857623013364,100,97.0,0.0034009990434690192,50,0.5,1432.1404638140875,1630.2024823421364,82.21976272870286,0.06713026242331464,6,2.5175443716247536,0,0,0,0.1,0.06713026242331464,A-n32-k5,random_search,44,0.5937588325047097,0.4613638897625669,0.4209104515057277,1356.0827401120457,76.05772370204181
31,1,13.225806451612904,7.137857623013364,100,97.0,0.0034009990434690192,60,0.6,1348.001914628947,1586.2920714767752,107.86293675592519,0.0,17,2.3578644913852376,0,0,0,0.1,0.0,A-n32-k5,random_search,45,0.10047321453712153,0.6603366700163154,0.4129290259706122,1312.1093905798432,35.89252404910371
31,1,13.225806451612904,7.137857623013364,100,97.0,0.0034009990434690192,20,0.2,1436.9062891516296,1711.4310912263795,97.2558349643251,0.11568092714546585,6,2.6581840299810118,0,0,0,0.1,0.11568092714546585,A-n32-k5,random_search,46,0.31253734915550724,0.42158324451930784,0.9351018102225461,1365.5706674329288,71.33562171870085
31,1,13.225806451612904,7.137857623013364,100,97.0,0.0034009990434690192,50,0.5,1434.248796711534,1600.2581826406954,81.35147464860778,0.03897759083379052,1,2.13383298313149,0,0,0,0.1,0.03897759083379052,A-n32-k5,random_search,47,0.2902314393653514,0.45003949388146475,0.570166643850156,1299.4081297025464,134.84066700898757
31,1,13.225806451612904,7.137857623013364,100,97.0,0.0034009990434690192,60,0.6,1414.9470234111384,1590.0798173554613,79.80751214112706,0.0,19,2.1525538205465184,0,0,0,0.1,0.0,A-n32-k5,random_search,48,0.4042655528948952,0.7665714715432568,0.8153228371948984,1310.8406866709954,104.10633674014298
31,1,13.225806451612904,7.137857623013364,100,97.0,0.0034009990434690192,30,0.3,1459.2072854904281,1603.0414063069886,106.57351869272301,0.012420868266675635,4,1.976699040971989,0,0,0,0.1,0.012420868266675635,A-n32-k5,random_search,49,0.38854202585256203,0.7077244787367709,0.8240273844982078,1293.3628596606713,165.8444258297568
31,1,13.225806451612904,7.137857623013364,100,97.0,0.0034009990434690192,5,0.05,1631.8510960328294,1847.3389519198604,82.88209020790617,0.0,4,2.4156256382549226,0,0,0,0.1,0.0,A-n32-k5,random_search,50,0.11916160039705836,0.42353117302920784,0.7725542263642847,1439.8266610577175,192.02443497511194
31,1,13.225806451612904,7.137857623013364,100,97.0,0.0034009990434690192,10,0.1,1593.4693626870012,1770.797891943471,96.27490995728513,0.10850327810220853,3,2.5944919196884264,0,0,0,0.1,0.10850327810220853,A-n32-k5,random_search,51,0.42484190067840244,0.6184972461117515,0.6807239332130239,1380.7493167209022,212.72004596609895
31,1,13.225806451612904,7.137857623013364,100,97.0,0.0034009990434690192,30,0.3,1621.6124226366464,1721.0055865124257,52.72696129788292,0.03452579226167766,6,2.471700201265747,0,0,0,0.1,0.03452579226167766,A-n32-k5,random_search,52,0.4761210197090693,0.343543760745605,0.5999393943657823,1427.487788083227,194.12463455341936
31,1,13.225806451612904,7.137857623013364,100,97.0,0.0034009990434690192,50,0.5,1371.3814698923045,1551.015598364878,88.64896558065607,0.0116791691921128,8,1.757066408194308,0,0,0,0.1,0.0116791691921128,A-n32-k5,random_search,53,0.4760183821155176,0.6315221029081077,0.9185835147096661,1348.7902567051844,22.591213187120047
31,1,13.225806451612904,7.137857623013364,100,97.0,0.0034009990434690192,10,0.1,1605.5597246701946,1793.0873941607322,81.7100843400869,0.0,10,2.5294182834559886,0,0,0,0.1,0.0,A-n32-k5,random_search,54,0.3304873077612678,0.21524652003873204,0.6094358565494598,1404.3058488279953,201.25387584219925
31,1,13.225806451612904,7.137857623013364,100,97.0,0.0034009990434690192,60,0.6,1440.9258054459938,1600.227953427174,93.56675994658339,0.0,17,2.6536161205924635,0,0,0,0.1,0.0,A-n32-k5,random_search,55,0.8234396240204115,0.5760121801216296,0.9772666659588072,1283.0670478984532,157.85875754754056
31,1,13.225806451612904,7.137857623013364,100,97.0,0.0034009990434690192,20,0.2,1679.8478715775861,1752.8139731520605,60.065336171308864,0.004878281959902108,1,2.1190248380220305,0,0,0,0.1,0.004878281959902108,A-n32-k5,random_search,56,0.2803749891053474,0.3819893304070645,0.7955566783292561,1451.2726949310427,228.57517664654347
31,1,13.225806451612904,7.137857623013364,100,97.0,0.0034009990434690192,70,0.7,1482.1678033899423,1607.4635713476337,80.77679068150073,0.017440478127101113,4,2.3844094832677665,0,0,0,0.1,0.017440478127101113,A-n32-k5,random_search,57,0.2645032532380774,0.7409056396218612,0.4561058553799566,1401.3223893900772,80.84541399986506
31,1,13.225806451612904,7.137857623013364,100,97.0,0.0034009990434690192,70,0.7,1446.409648153179,1592.6682057881467,78.10759530929164,0.0,19,2.1131388032758154,0,0,0,0.1,0.0,A-n32-k5,random_search,58,0.24433920094112027,0.23791065870290679,0.8709445198414507,1379.7699525039336,66.63969564924537
31,1,13.225806451612904,7.137857623013364,100,97.0,0.0034009990434690192,30,0.3,1440.627453297165,1636.7621100696228,77.07294025283755,0.052045931782142715,2,2.223305464248654,0,0,0,0.1,0.052045931782142715,A-n32-k5,random_search,59,0.3290834860045718,0.5825555466904396,0.871598021252723,1321.2308823239002,119.39657097326472
31,1,13.225806451612904,7.137857623013364,100,97.0,0.0034009990434690192,70,0.7,1372.5171232921152,1565.6292495657822,83.78803331984956,0.003422931467964867,8,2.1380300473141833,0,0,0,0.1,0.003422931467964867,A-n32-k5,random_search,60,0.29362931259300834,0.2394228949492356,0.4036061129880896,1283.8620285351137,88.6550947570015
31,1,13.225806451612904,7.137857623013364,100,97.0,0.0034009990434690192,40,0.4,1465.0597847620963,1613.5325657192448,80.12158933446098,0.01483584179598742,3,2.4163723041089673,0,0,0,0.1,0.01483584179598742,A-n32-k5,random_search,61,0.14809461091589374,0.318602610908701,0.4636770268954371,1362.9000576609426,102.15972710115375
31,1,13.225806451612904,7.137857623013364,100,97.0,0.0034009990434690192,10,0.1,1678.885380356244,1806.947413112913,67.9488391288749,0.04700484242056945,1,2.6312800481904044,0,0,0,0.1,0.04700484242056945,A-n32-k5,random_search,62,0.1666707511347127,0.4859815847776972,0.5391514653221421,1440.5286361839758,238.35674417226824
31,1,13.225806451612904,7.137857623013364,100,97.0,0.0034009990434690192,10,0.1,1613.4627295075304,1797.1380669371451,83.12423926399481,0.1270241858632734,4,2.7371618186045685,0,0,0,0.1,0.1270241858632734,A-n32-k5,random_search,63,0.5517540892437188,0.28462754196330736,0.7622036951531614,1499.8083049678357,113.65442453969467
31,1,13.225806451612904,7.137857623013364,100,97.0,0.0034009990434690192,50,0.5,1447.7097634024594,1584.8278197821696,82.02972591071939,0.0,18,2.1878119220532284,0,0,0,0.1,0.0,A-n32-k5,random_search,64,0.5154066023520234,0.4052511127805938,0.4706544341113054,1365.4661246585326,82.2436387439268
31,1,13.225806451612904,7.137857623013364,100,97.0,0.0034009990434690192,70,0.7,1413.2428711011955,1598.1581766755753,86.2119393948683,0.03633786057952651,3,2.3041748513219327,0,0,0,0.1,0.03633786057952651,A-n32-k5,random_search,65,0.613102943351826,0.7726072683791487,0.42088239135972205,1390.9718095714813,22.27106152971419
31,1,13.225806451612904,7.137857623013364,100,97.0,0.0034009990434690192,70,0.7,1480.2747468618682,1599.5499765939717,54.24034328223995,0.0,19,2.652298433026725,0,0,0,0.1,0.0,A-n32-k5,random_search,66,0.5356600554954704,0.7142571427579931,0.5725004351321288,1398.5094266129638,81.76532024890435
31,1,13.225806451612904,7.137857623013364,100,97.0,0.0034009990434690192,90,0.9,1418.1669644576211,1593.8573418615829,93.57546709025264,0.0,10,2.7270209369641676,0,0,0,0.1,0.0,A-n32-k5,random_search,67,0.10342871573390644,0.6154218031968499,0.9698176964133813,1318.2170649243585,99.94989953326262
31,1,13.225806451612904,7.137857623013364,100,97.0,0.0034009990434690192,80,0.8,1388.8782871059698,1527.4359905412643,83.82993436912187,0.0,11,1.7601501255612293,0,0,0,0.1,0.0,A-n32-k5,random_search,68,0.47254521959326634,0.3392121720350554,0.3900592899032042,1286.1152936706021,102.76299343536766
31,1,13.225806451612904,7.137857623013364,100,97.0,0.0034009990434690192,10,0.1,1676.7831001722152,1793.9101096144125,70.64757412365333,0.045836675637710926,4,2.2224561660198807,0,0,0,0.1,0.045836675637710926,A-n32-k5,random_search,69,0.40899904701323364,0.21839964145985988,0.41525658675748245,1381.7912685716594,294.99183160055577
31,1,13.225806451612904,7.137857623013364,100,97.0,0.0034009990434690192,80,0.8,1358.1844916301302,1520.7176265082728,71.84116503994541,0.0,15,2.163435285849538,0,0,0,0.1,0.0,A-n32-k5,random_search,70,0.2196246764805574,0.5807935112652253,0.8085061637984541,1303.9466389918143,54.23785263831587
31,1,13.225806451612904,7.137857623013364,100,97.0,0.0034009990434690192,60,0.6,1465.5471089046616,1603.896226782401,67.17160184289567,0.0,10,2.531392262248768,0,0,0,0.1,0.0,A-n32-k5,random_search,71,0.5601391081381223,0.5685154074881547,0.4532578130687108,1417.537501068884,48.009607835777615
31,1,13.225806451612904,7.137857623013364,100,97.0,0.0034009990434690192,5,0.05,1581.656167995359,1829.4500343391232,108.29687850869877,0.0,0,2.2211150629577783,0,0,0,0.1,0.0,A-n32-k5,random_search,72,0.5803056829819385,0.4459230403081328,0.6666884298454128,1402.4727148111904,179.18345318416868
31,1,13.225806451612904,7.137857623013364,100,97.0,0.0034009990434690192,70,0.7,1340.958366135128,1569.1072007887956,123.97244261198173,0.0,19,2.3512244702959157,0,0,0,0.1,0.0,A-n32-k5,random_search,73,0.17779217424800953,0.3121634678836688,0.8306576341072485,1336.1324978180521,4.825868317075901
31,1,13.225806451612904,7.137857623013364,100,97.0,0.0034009990434690192,40,0.4,1304.8276222455363,1582.0682904117086,137.16166150544584,0.04063989306484377,8,2.380679104695935,0,0,0,0.1,0.04063989306484377,A-n32-k5,random_search,74,0.13338580493757066,0.46248241899485687,0.8414921345638489,1181.322444233185,123.50517801235128
31,1,13.225806451612904,7.137857623013364,100,97.0,0.0034009990434690192,60,0.6,1460.645502390194,1600.7948023585104,67.66012848051783,0.0,11,2.5679845709717197,0,0,0,0.1,0.0,A-n32-k5,random_search,75,0.28705423056840074,0.5585983321998355,0.7416617281129491,1344.2385980237684,116.40690436642558
31,1,13.225806451612904,7.137857623013364,100,97.0,0.0034009990434690192,30,0.3,1545.5823222503882,1669.3559673834866,69.82897876907764,0.0,9,2.2094991252348724,0,0,0,0.1,0.0,A-n32-k5,random_search,76,0.649812868464153,0.21016245713648776,0.4638877163102715,1452.0642852594024,93.51803699098582
31,1,13.225806451612904,7.137857623013364,100,97.0,0.0034009990434690192,30,0.3,1447.5776732236604,1654.9583091364543,87.93567078417938,0.04661771083303181,8,2.1082314437793634,0,0,0,0.1,0.04661771083303181,A-n32-k5,random_search,77,0.25484294829643417,0.39246475165436345,0.4148570282872752,1332.8115983408852,114.76607488277523
31,1,13.225806451612904,7.137857623013364,100,97.0,0.0034009990434690192,10,0.1,1577.601232245058,1774.4492200485934,81.75211410812369,0.1451142012707536,0,2.0090721960411675,0,0,0,0.1,0.1451142012707536,A-n32-k5,random_search,78,0.7339249387584091,0.4248309243830926,0.4504053502407598,1402.728341141135,174.87289110392317
31,1,13.225806451612904,7.137857623013364,100,97.0,0.0034009990434690192,40,0.4,1416.2234727595965,1612.7690763683481,97.98277032058685,0.0,9,2.3715543622429602,0,0,0,0.1,0.0,A-n32-k5,random_search,79,0.7167704938835884,0.5998763469843489,0.44000445639008046,1380.5765096125717,35.646963147024735
31,1,13.225806451612904,7.137857623013364,100,97.0,0.0034009990434690192,5,0.05,1445.7064320127974,1798.1515200677957,115.88992604936243,0.0,1,2.400144334829881,0,0,0,0.1,0.0,A-n32-k5,random_search,80,0.8961963905993201,0.524872235172875,0.34700401461958985,1314.0217177432726,131.68471426952487
31,1,13.225806451612904,7.137857623013364,100,97.0,0.0034009990434690192,5,0.05,1698.7378285862671,1825.7151415018511,67.87178671394311,0.0,0,2.556731670850216,0,0,0,0.1,0.0,A-n32-k5,random_search,81,0.8782738218578,0.3956099574251095,0.5960227426258324,1406.6505708845461,292.087257701721
31,1,13.225806451612904,7.137857623013364,100,97.0,0.0034009990434690192,5,0.05,1644.7772866999728,1878.973196060991,96.2078394034273,0.0,5,2.6123833698516985,0,0,0,0.1,0.0,A-n32-k5,random_search,82,0.8418009389149361,0.7306652479664966,0.3907530115825275,1461.602075923122,183.17521077685092
31,1,13.225806451612904,7.137857623013364,100,97.0,0.0034009990434690192,30,0.3,1513.9783329688355,1659.9926856087568,81.18904922156472,0.023851951933701845,1,2.6191877472939673,0,0,0,0.1,0.023851951933701845,A-n32-k5,random_search,83,0.5467298918535616,0.621431908029618,0.3774522902061229,1371.6812581773072,142.2970747915283
31,1,13.225806451612904,7.137857623013364,100,97.0,0.0034009990434690192,40,0.4,1285.2321558099811,1675.2571508708018,114.61839164400348,0.04132641876656949,2,2.496942887385975,0,0,0,0.1,0.04132641876656949,A-n32-k5,random_search,84,0.288095939392619,0.7333894046219762,0.4159877667665483,1254.044247654552,31.187908155429113
31,1,13.225806451612904,7.137857623013364,100,97.0,0.0034009990434690192,50,0.5,1372.9486436110378,1551.982944133856,83.09279313925366,0.0,9,2.3508949503067385,0,0,0,0.1,0.0,A-n32-k5,random_search,85,0.1828316749632788,0.3622562377796563,0.41818867076462496,1348.3963966978056,24.55224691323224
31,1,13.225806451612904,7.137857623013364,100,97.0,0.0034009990434690192,40,0.4,1288.9063314798973,1466.3422025885823,122.18077508372086,0.0,14,1.8051682593153786,0,0,0,0.1,0.0,A-n32-k5,random_search,86,0.4417061486748024,0.4839386766419652,0.37078429307805605,1146.709076156806,142.1972553230912
31,1,13.225806451612904,7.137857623013364,100,97.0,0.0034009990434690192,80,0.8,1322.2489277989737,1554.3078684376446,115.85560101791849,0.058823711362599895,3,2.122428031051165,0,0,0,0.1,0.058823711362599895,A-n32-k5,random_search,87,0.2268867440470239,0.2630928832852296,0.3963777581454003,1193.369118865533,128.8798089334407
31,1,13.225806451612904,7.137857623013364,100,97.0,0.0034009990434690192,60,0.6,1441.3561972771142,1574.4980665861615,67.82508082928416,0.026749762884779843,6,2.283563800636905,0,0,0,0.1,0.026749762884779843,A-n32-k5,random_search,88,0.32706770260170553,0.6110231441748644,0.321396358281838,1371.5772675183011,69.77892975881309
31,1,13.225806451612904,7.137857623013364,100,97.0,0.0034009990434690192,70,0.7,1356.8409120473598,1587.2393233754472,99.56149321812606,0.0,17,2.503945487571191,0,0,0,0.1,0.0,A-n32-k5,random_search,89,0.17362379806994266,0.2576519112908438,0.43579316107921695,1306.201262250779,50.63964979658067
31,1,13.225806451612904,7.137857623013364,100,97.0,0.0034009990434690192,5,0.05,1612.7380060881123,1844.7000908083842,94.99735049198543,0.0,1,2.575117068326753,0,0,0,0.1,0.0,A-n32-k5,random_search,90,0.8875271125905242,0.34878059611449996,0.3669481362934111,1453.7932038141528,158.94480227395957
31,1,13.225806451612904,7.137857623013364,100,97.0,0.0034009990434690192,70,0.7,1391.6847164194928,1537.2257693982558,83.60215480603372,0.0,19,2.2354984559694646,0,0,0,0.1,0.0,A-n32-k5,random_search,91,0.3153981399721927,0.5755544236720009,0.7096287230992122,1350.558318682405,41.12639773708793
31,1,13.225806451612904,7.137857623013364,100,97.0,0.0034009990434690192,10,0.1,1450.5529232040824,1793.7800669324777,107.18502752979572,0.21472027924627424,4,2.3502855773719036,0,0,0,0.1,0.21472027924627424,A-n32-k5,random_search,92,0.1825798351658989,0.7667875275678735,0.43255575027669857,1387.8848972549106,62.668025949171806
31,1,13.225806451612904,7.137857623013364,100,97.0,0.0034009990434690192,60,0.6,1427.8715936281453,1555.1918794401001,81.90536170576637,0.0,10,1.5146193768628593,0,0,0,0.1,0.0,A-n32-k5,random_search,93,0.6767892928382098,0.42900748815020884,0.9983615433427058,1314.3994798676167,113.4721137605286
31,1,13.225806451612904,7.137857623013364,100,97.0,0.0034009990434690192,90,0.9,1284.1054499211095,1518.9052740708512,111.50268656078086,0.009714877599082582,1,1.9766236572572544,0,0,0,0.1,0.009714877599082582,A-n32-k5,random_search,94,0.20073308916210586,0.775532233293861,0.9957375250758984,1235.591131678692,48.51431824241763
31,1,13.225806451612904,7.137857623013364,100,97.0,0.0034009990434690192,40,0.4,1385.928839681697,1662.5428847039668,104.83603980976508,0.034135274013067325,0,2.597976471323773,0,0,0,0.1,0.034135274013067325,A-n32-k5,random_search,95,0.1720881958308903,0.20254786728776644,0.944043459137724,1270.420690880124,115.50814880157282
31,1,13.225806451612904,7.137857623013364,100,97.0,0.0034009990434690192,5,0.05,1717.1684868156697,1843.8090452808804,75.77895935749333,0.0,0,2.6844060025612912,0,0,0,0.1,0.0,A-n32-k5,random_search,96,0.16097716592671782,0.47524138138480126,0.8540621453350212,1441.1574545004764,276.01103231519323
31,1,13.225806451612904,7.137857623013364,100,97.0,0.0034009990434690192,50,0.5,1544.1809419970828,1630.8758460456306,54.87666613048205,0.0,19,2.3759398374703924,0,0,0,0.1,0.0,A-n32-k5,random_search,97,0.3615054134687977,0.7664114751984523,0.3078121131791883,1429.5588207252601,114.6221212718226
31,1,13.225806451612904,7.137857623013364,100,97.0,0.0034009990434690192,20,0.2,1366.7380519699993,1737.486277533897,99.12555590910029,0.16423691097840964,2,2.582047433611412,0,0,0,0.1,0.16423691097840964,A-n32-k5,random_search,98,0.3941515377173891,0.30782856271604364,0.3229824747947793,1268.4514879046744,98.28656406532491
31,1,13.225806451612904,7.137857623013364,100,97.0,0.0034009990434690192,70,0.7,1479.191832891072,1616.977594493024,81.69875185591641,0.0,15,2.564071072717112,0,0,0,0.1,0.0,A-n32-k5,random_search,99,0.6906054431118069,0.5928901713749426,0.5490548480897205,1432.465809347932,46.726023543139945
50,1,15.54,7.980501237391045,160,63.0,0.012849584278155708,30,0.3,1328.0135254076956,1362.9088336052748,21.83963749013954,0.0,19,2.23959429759941,0,0,0,0.1,0.0,E-n51-k5,random_search,0,0.8050134314077346,0.7993305427993946,0.9189414145452879,1208.2512211065934,119.76230430110218
50,1,15.54,7.980501237391045,160,63.0,0.012849584278155708,10,0.1,1273.307902967932,1354.213316295079,38.978772652872436,0.0794700123157233,3,3.5208194911444397,0,0,0,0.1,0.0794700123157233,E-n51-k5,random_search,1,0.8774651901644314,0.7540296741865884,0.879407399041664,1185.7105595373357,87.59734343059631
50,1,15.54,7.980501237391045,160,63.0,0.012849584278155708,10,0.1,1359.1349116104209,1382.6963231640832,7.630645756198083,0.017421913011157735,2,2.778797677022004,0,0,0,0.1,0.017421913011157735,E-n51-k5,random_search,2,0.4779896944530997,0.24764445805277197,0.8651563621334901,1236.31710155283,122.8178100575908
50,1,15.54,7.980501237391045,160,63.0,0.012849584278155708,60,0.6,1288.9452184956729,1350.2550423829189,29.15533110243211,0.0,15,3.62490892044823,0,0,0,0.1,0.0,E-n51-k5,random_search,3,0.13097395335358009,0.5952800476532799,0.9787727762778224,1258.50417017726,30.441048318412868
50,1,15.54,7.980501237391045,160,63.0,0.012849584278155708,90,0.9,1253.813563874956,1302.49563993303,47.93475841717404,0.0,19,3.9803130965866504,0,0,0,0.1,0.0,E-n51-k5,random_search,4,0.6779664258315826,0.4580721088118636,0.5256015590611424,1172.5997523919575,81.21381148299838
50,1,15.54,7.980501237391045,160,63.0,0.012849584278155708,90,0.9,1283.111578620078,1332.8003125734301,28.643609523286226,0.0,19,4.03983044999347,0,0,0,0.1,0.0,E-n51-k5,random_search,5,0.13299438225774918,0.5542686722903456,0.6520801864268024,1205.316230748789,77.7953478712891
50,1,15.54,7.980501237391045,160,63.0,0.012849584278155708,90,0.9,1254.5198259603155,1333.3608293625196,42.39878276460987,0.0,19,3.5408146956050692,0,0,0,0.1,0.0,E-n51-k5,random_search,6,0.4126021848267667,0.36565815426820064,0.7581612088215253,1213.2949884399059,41.224837520409665
50,1,15.54,7.980501237391045,160,63.0,0.012849584278155708,40,0.4,1195.9285351630847,1304.2608402941355,73.73491152345359,0.0,14,4.04256841869599,0,0,0,0.1,0.0,E-n51-k5,random_search,7,0.3372219061828483,0.319824030323196,0.4520758126071431,1190.3527443325904,5.57579083049427
50,1,15.54,7.980501237391045,160,63.0,0.012849584278155708,10,0.1,1356.2192036323609,1380.259958809758,9.368901499514054,0.019529805864785872,1,3.206587908236468,0,0,0,0.1,0.019529805864785872,E-n51-k5,random_search,8,0.25197517312547246,0.3596678957934757,0.580397321832144,1248.2569470616472,107.96225657071363
50,1,15.54,7.980501237391045,160,63.0,0.012849584278155708,80,0.8,1257.7713661498815,1322.0319752250878,44.731445837315555,0.0,19,3.9931688290454646,0,0,0,0.1,0.0,E-n51-k5,random_search,9,0.8292675271536761,0.724370038660435,0.356920085614805,1183.8252880506473,73.94607809923423
50,1,15.54,7.980501237391045,160,63.0,0.012849584278155708,10,0.1,1318.735332372663,1370.0718979901324,27.33398743519332,0.027180549337080744,0,3.7238206455873177,0,0,0,0.1,0.027180549337080744,E-n51-k5,random_search,10,0.11062160774499388,0.5868737978817113,0.8410198486554437,1244.4725584621951,74.26277391046779
50,1,15.54,7.980501237391045,160,63.0,0.012849584278155708,40,0.4,1317.141275854579,1364.4799096724375,22.946598966810985,0.0,19,2.9270619284423245,0,0,0,0.1,0.0,E-n51-k5,random_search,11,0.5262490122782834,0.4227414312629691,0.8167117872260807,1254.0570481086472,63.084227745931685
50,1,15.54,7.980501237391045,160,63.0,0.012849584278155708,60,0.6,1207.141274836145,1284.7888060058162,59.301027079828366,0.0024145416991442404,2,3.8806661285048043,0,0,0,0.1,0.0024145416991442404,E-n51-k5,random_search,12,0.6751450442251454,0.5790660521288863,0.7360937876997842,1111.937418565894,95.20385627025098
50,1,15.54,7.980501237391045,160,63.0,0.012849584278155708,90,0.9,1169.7030819779463,1271.0015352725302,69.69089348564181,0.0,19,3.9933505716863573,0,0,0,0.1,0.0,E-n51-k5,random_search,13,0.6675204838491733,0.6029924447723598,0.849634486697435,1169.7030819779463,0.0
50,1,15.54,7.980501237391045,160,63.0,0.012849584278155708,10,0.1,1286.1436797154652,1378.9017254338112,26.620555546807704,0.06856488305519709,4,2.2140065838195193,0,0,0,0.1,0.06856488305519709,E-n51-k5,random_search,14,0.2326086585375795,0.37833954056046115,0.7388617428656788,1262.122849517885,24.020830197580153
50,1,15.54,7.980501237391045,160,63.0,0.012849584278155708,50,0.5,1274.0050654352144,1329.264425933929,33.733681884272194,0.0,19,3.8832011289576855,0,0,0,0.1,0.0,E-n51-k5,random_search,15,0.8346023573570973,0.3553010032381487,0.785200838979863,1163.6027420612213,110.40232337399311
50,1,15.54,7.980501237391045,160,63.0,0.012849584278155708,70,0.7,1295.9759353677523,1347.4311917852601,22.791074560063965,0.0,19,4.335403866734728,0,0,0,0.1,0.0,E-n51-k5,random_search,16,0.540090736767939,0.7716121367177373,0.9096348357582318,1258.7014904064813,37.274444961271
50,1,15.54,7.980501237391045,160,63.0,0.012849584278155708,80,0.8,1229.3059119076993,1288.721725967153,51.04793678483892,0.007620926963871626,4,3.794634113305115,0,0,0,0.1,0.007620926963871626,E-n51-k5,random_search,17,0.7827686645366732,0.42492935403034293,0.7121137834185782,1183.9865426067643,45.31936930093502
50,1,15.54,7.980501237391045,160,63.0,0.012849584278155708,5,0.05,1334.4350000716786,1385.5347483264486,32.953437227975655,0.0,2,3.3674722000797583,0,0,0,0.1,0.0,E-n51-k5,random_search,18,0.701185867939109,0.576536298939529,0.6391035464386867,1251.0741741175864,83.3608259540922
50,1,15.54,7.980501237391045,160,63.0,0.012849584278155708,80,0.8,1304.6419349576804,1337.0324993781073,20.747485184776355,0.002742636520565303,3,3.9265929650777305,0,0,0,0.1,0.002742636520565303,E-n51-k5,random_search,19,0.8577486057242918,0.5124232034033303,0.5226538679362852,1247.5895000781336,57.05243487954681
50,1,15.54,7.980501237391045,160,63.0,0.012849584278155708,10,0.1,1316.1413342073051,1380.0908049742588,19.395208878112193,0.0,9,2.9690333726873948,0,0,0,0.1,0.0,E-n51-k5,random_search,20,0.4715457578452066,0.4902532789101532,0.897533539223925,1217.929347497793,98.21198670951208
50,1,15.54,7.980501237391045,160,63.0,0.012849584278155708,90,0.9,1149.3109705652357,1245.4571475930402,68.38764925532777,0.0,19,3.77604708392238,0,0,0,0.1,0.0,E-n51-k5,random_search,21,0.6823471901735831,0.5754153290051369,0.47256408130989197,1149.3109705652357,0.0
50,1,15.54,7.980501237391045,160,63.0,0.012849584278155708,90,0.9,1189.0636384856648,1248.9323761009623,58.519412670278996,0.0,19,3.907257424613967,0,0,0,0.1,0.0,E-n51-k5,random_search,22,0.49621853124414694,0.49781299262676487,0.36803982661962015,1179.6720857690357,9.391552716629121
50,1,15.54,7.980501237391045,160,63.0,0.012849584278155708,40,0.4,1285.0276250940112,1348.8150745999253,22.843249660923483,0.007443109280817004,8,4.147431236033806,0,0,0,0.1,0.007443109280817004,E-n51-k5,random_search,23,0.4901515374704303,0.7593389614558466,0.6393077479028638,1252.206208626142,32.82141646786931
50,1,15.54,7.980501237391045,160,63.0,0.012849584278155708,5,0.05,1364.0868439133856,1404.8621237298428,38.45267605833475,0.0,0,4.154752019441271,0,0,0,0.1,0.0,E-n51-k5,random_search,24,0.22936938601163065,0.5164099945303406,0.7321307402866393,1236.5356257390233,127.55121817436225
50,1,15.54,7.980501237391045,160,63.0,0.012849584278155708,50,0.5,1223.2442000812116,1345.6124512303172,40.907426899052915,0.0,10,4.221515129186176,0,0,0,0.1,0.0,E-n51-k5,random_search,25,0.1430955639943676,0.2576140612837376,0.3576887217844952,1207.2918454124895,15.952354668722137
50,1,15.54,7.980501237391045,160,63.0,0.012849584278155708,50,0.5,1307.476986107013,1341.9325787277899,23.363982084015152,0.0,19,3.543731376951769,0,0,0,0.1,0.0,E-n51-k5,random_search,26,0.6984321972529284,0.2940380202168562,0.38534699525663724,1242.5258825877277,64.95110351928543
50,1,15.54,7.980501237391045,160,63.0,0.012849584278155708,60,0.6,1211.0242137528978,1309.2903130897867,60.770150703281345,0.0,19,3.8511590840699808,0,0,0,0.1,0.0,E-n51-k5,random_search,27,0.6276297467552977,0.7984408762025561,0.6104940356179396,1210.2265294436986,0.7976843091992123
50,1,15.54,7.980501237391045,160,63.0,0.012849584278155708,60,0.6,1174.0555884920188,1286.4506935811637,70.9549154886497,0.023305952283568944,3,4.020427816343875,0,0,0,0.1,0.023305952283568944,E-n51-k5,random_search,28,0.644941093152422,0.6972051073199046,0.7798019815437129,1165.616954774151,8.438633717867788
50,1,15.54,7.980501237391045,160,63.0,0.012849584278155708,60,0.6,1227.031096662305,1317.0015597309925,46.23223686821571,0.0,19,3.6364405281106507,0,0,0,0.1,0.0,E-n51-k5,random_search,29,0.49945089160139855,0.718544635780985,0.9583222397536422,1187.6158747835277,39.415221878777174
50,1,15.54,7.980501237391045,160,63.0,0.012849584278155708,40,0.4,1307.665657165893,1359.8854859430216,20.254352369863327,0.01532203388934189,0,3.778218335614897,0,0,0,0.1,0.01532203388934189,E-n51-k5,random_search,30,0.37268326649704975,0.28866749057031404,0.5255617289806849,1209.3651533112788,98.30050385461413
50,1,15.54,7.980501237391045,160,63.0,0.012849584278155708,30,0.3,1211.6844215354772,1285.7020115690689,68.0625373056309,0.006589629130545819,1,3.815732241538027,0,0,0,0.1,0.006589629130545819,E-n51-k5,random_search,31,0.8392571952690105,0.5834745444703181,0.809514401276048,1169.599943850033,42.0844776854442
50,1,15.54,7.980501237391045,160,63.0,0.012849584278155708,20,0.2,1338.169533587587,1370.5424999633349,14.980484118240536,0.0,16,3.134010813427167,0,0,0,0.1,0.0,E-n51-k5,random_search,32,0.8384129440620324,0.5695422608923988,0.6404798197114463,1235.5286045651699,102.64092902241714
50,1,15.54,7.980501237391045,160,63.0,0.012849584278155708,30,0.3,1250.1097764369517,1339.1727498881082,48.537373069998026,0.0147112612977276,7,3.8025065251705907,0,0,0,0.1,0.0147112612977276,E-n51-k5,random_search,33,0.7672806855207185,0.5412101360720661,0.45452423824522065,1117.9473943725113,132.1623820644404
50,1,15.54,7.980501237391045,160,63.0,0.012849584278155708,20,0.2,1241.7299767860566,1353.8940537420724,45.23543974370094,0.08630440589385784,1,3.435407078447438,0,0,0,0.1,0.08630440589385784,E-n51-k5,random_search,34,0.7259201913543455,0.7440178988515098,0.7913015363198073,1204.613078698798,37.116898087258505
50,1,15.54,7.980501237391045,160,63.0,0.012849584278155708,80,0.8,1248.2343220238122,1303.0222954819199,53.42372736212756,0.010896798053505841,8,3.941562715591014,0,0,0,0.1,0.010896798053505841,E-n51-k5,random_search,35,0.5816615839123002,0.692834225791622,0.8851729317588124,1199.1310155455221,49.10330647829005
50,1,15.54,7.980501237391045,160,63.0,0.012849584278155708,50,0.5,1226.0235767297895,1312.484337155713,59.39839030348572,0.006309534010204831,0,3.73672144784561,0,0,0,0.1,0.006309534010204831,E-n51-k5,random_search,36,0.756517515830166,0.40633479877218054,0.5015558571762312,1144.7942203247987,81.22935640499077
50,1,15.54,7.980501237391045,160,63.0,0.012849584278155708,40,0.4,1195.895885758303,1304.593871710987,63.5389891682575,0.05134916850139939,3,3.8946335490445265,0,0,0,0.1,0.05134916850139939,E-n51-k5,random_search,37,0.8047664313314339,0.6208272011810072,0.5539524182148723,1184.907586823658,10.988298934644945
50,1,15.54,7.980501237391045,160,63.0,0.012849584278155708,20,0.2,1325.1845036766463,1362.9952723511192,22.948123017145615,0.0,12,3.5569164710363292,0,0,0,0.1,0.0,E-n51-k5,random_search,38,0.6837845107261507,0.5983910454737011,0.7897647182183704,1234.3649475605612,90.8195561160851
50,1,15.54,7.980501237391045,160,63.0,0.012849584278155708,70,0.7,1150.2729019048215,1263.1360465026441,74.84008532631127,0.0045333447707924905,1,3.9605151223599453,0,0,0,0.1,0.0045333447707924905,E-n51-k5,random_search,39,0.8288303641618285,0.7466855869460416,0.9446172896919571,1141.1514885987726,9.121413306048908
50,1,15.54,7.980501237391045,160,63.0,0.012849584278155708,10,0.1,1294.1768701305991,1371.0060186475807,26.990691751876064,0.06438292297900076,1,3.0312642388968793,0,0,0,0.1,0.06438292297900076,E-n51-k5,random_search,40,0.31488626139013853,0.6455923080187431,0.7552889658240687,1255.1625782754106,39.0142918551885
50,1,15.54,7.980501237391045,160,63.0,0.012849584278155708,40,0.4,1169.6300545844356,1248.8299209107067,61.162419207503156,0.011011577220119875,6,3.8594093904582336,0,0,0,0.1,0.011011577220119875,E-n51-k5,random_search,41,0.47840226055700463,0.21100529754577504,0.7792556948951593,1151.9390889165406,17.690965667894943
50,1,15.54,7.980501237391045,160,63.0,0.012849584278155708,5,0.05,1310.444127508868,1386.1322430417335,34.72987117160485,0.0,1,3.6734872921389035,0,0,0,0.1,0.0,E-n51-k5,random_search,42,0.11851366810399507,0.7754282775299928,0.8010489838959047,1220.2860057459056,90.15812176296231
50,1,15.54,7.980501237391045,160,63.0,0.012849584278155708,30,0.3,1227.1603523740844,1333.8954772804077,57.069673764396605,0.03839798518321334,0,3.619628413149598,0,0,0,0.1,0.03839798518321334,E-n51-k5,random_search,43,0.7483467625967833,0.7166736945216197,0.8493333243770689,1207.1293865577927,20.030965816291655
50,1,15.54,7.980501237391045,160,63.0,0.012849584278155708,10,0.1,1351.7540921757914,1383.2720900445115,9.764836618525099,0.022757830276276578,3,1.5713373209500405,0,0,0,0.1,0.022757830276276578,E-n51-k5,random_search,44,0.5817159695687507,0.7607946464626378,0.4677327271032665,1234.6208379770067,117.1332541987847
50,1,15.54,7.980501237391045,160,63.0,0.012849584278155708,80,0.8,1249.4822866979648,1337.6019642696983,30.742834549506643,0.0,19,4.227484630911132,0,0,0,0.1,0.0,E-n51-k5,random_search,45,0.752757723368655,0.6158474938395293,0.49108873391424834,1249.4822866979648,0.0
50,1,15.54,7.980501237391045,160,63.0,0.012849584278155708,90,0.9,1186.374458675231,1239.5351795396305,61.19445584457633,0.0,19,3.3891895070239966,0,0,0,0.1,0.0,E-n51-k5,random_search,46,0.856830390558362,0.6945977785285006,0.7603701620184693,1181.6048693113535,4.769589363877458
50,1,15.54,7.980501237391045,160,63.0,0.012849584278155708,50,0.5,1137.5964672150906,1220.8664768530516,64.75849034974497,0.07234057032235493,0,3.4615196015551946,0,0,0,0.1,0.07234057032235493,E-n51-k5,random_search,47,0.2441950504757954,0.5038029789448859,0.5239186098657985,1124.4091986265687,13.187268588521874
50,1,15.54,7.980501237391045,160,63.0,0.012849584278155708,80,0.8,1194.223882028821,1293.6387559418902,64.0961569082827,0.01476101173757051,7,3.882019934459848,0,0,0,0.1,0.01476101173757051,E-n51-k5,random_search,48,0.5173090424882234,0.25858525175391717,0.8100954872685109,1147.5607926719197,46.66308935690131
50,1,15.54,7.980501237391045,160,63.0,0.012849584278155708,20,0.2,1247.2431339243706,1311.5601023177671,47.47494211601253,0.01199894132516914,0,3.9266181479417983,0,0,0,0.1,0.01199894132516914,E-n51-k5,random_search,49,0.5807690494009318,0.7775718755794567,0.7552630190565561,1200.1143451448731,47.12878877949743
50,1,15.54,7.980501237391045,160,63.0,0.012849584278155708,40,0.4,1297.8634534162168,1342.117052953597,28.70475161327003,0.0018420740900458865,7,3.6251699346907125,0,0,0,0.1,0.0018420740900458865,E-n51-k5,random_search,50,0.6614324138904658,0.5258633180166354,0.4433133574474354,1181.6513766810824,116.21207673513436
50,1,15.54,7.980501237391045,160,63.0,0.012849584278155708,30,0.3,1324.2456204057767,1361.0438189188537,21.47072982404179,0.0,19,3.4865182603304268,0,0,0,0.1,0.0,E-n51-k5,random_search,51,0.676331441759678,0.41941070955825266,0.7242001852342785,1269.6457901579645,54.59983024781218
50,1,15.54,7.980501237391045,160,63.0,0.012849584278155708,90,0.9,1215.1230747198008,1277.9140298234815,41.23287575522309,0.0,9,2.8995162774118555,0,0,0,0.1,0.0,E-n51-k5,random_search,52,0.10840071811780475,0.7567605570269031,0.6162128868913007,1167.0086517517013,48.11442296809946
50,1,15.54,7.980501237391045,160,63.0,0.012849584278155708,90,0.9,1232.6017903171448,1275.9169734320249,48.54195044006549,0.0,19,3.842903404125776,0,0,0,0.1,0.0,E-n51-k5,random_search,53,0.8523166687306976,0.6423665145882718,0.9339178600044851,1223.3276922615648,9.274098055579998
50,1,15.54,7.980501237391045,160,63.0,0.012849584278155708,90,0.9,1207.9979053363634,1304.093380249102,50.846873966530566,0.0,19,3.985031188410552,0,0,0,0.1,0.0,E-n51-k5,random_search,54,0.1974255286721582,0.6184094150277386,0.33768346786415226,1205.8018060722857,2.196099264077702
50,1,15.54,7.980501237391045,160,63.0,0.012849584278155708,5,0.05,1329.2571874918958,1399.2649086331903,41.906232891809346,0.0,0,3.9053095075017095,0,0,0,0.1,0.0,E-n51-k5,random_search,55,0.37652694413083265,0.4178859444693781,0.7058663223820208,1238.441383800739,90.81580369115682
50,1,15.54,7.980501237391045,160,63.0,0.012849584278155708,20,0.2,1222.8613168315828,1342.105808089312,51.36542221745386,0.0642955794547357,2,3.732135208276699,0,0,0,0.1,0.0642955794547357,E-n51-k5,random_search,56,0.5336987790549531,0.6182420841373156,0.4224573426834762,1175.9589586580175,46.90235817356529
50,1,15.54,7.980501237391045,160,63.0,0.012849584278155708,60,0.6,1211.2390401086768,1321.6287808013951,61.38619018339469,0.0,16,3.794296128525132,0,0,0,0.1,0.0,E-n51-k5,random_search,57,0.532086305953636,0.26736730906674144,0.3932489907483989,1173.8038068561316,37.43523325254523
50,1,15.54,7.980501237391045,160,63.0,0.012849584278155708,80,0.8,1191.9584352357483,1254.8423467493135,58.45483695943606,0.0,12,3.5444610800523946,0,0,0,0.1,0.0,E-n51-k5,random_search,58,0.755996876454383,0.6839700076104938,0.3512261827425469,1188.244545655311,3.7138895804373533
50,1,15.54,7.980501237391045,160,63.0,0.012849584278155708,50,0.5,1278.0064563229903,1332.3275768570843,38.31295668868923,0.002248654259702541,8,3.797111090072892,0,0,0,0.1,0.002248654259702541,E-n51-k5,random_search,59,0.8476942670703381,0.6563893850853433,0.6170919382116425,1209.6740488840724,68.33240743891793
50,1,15.54,7.980501237391045,160,63.0,0.012849584278155708,10,0.1,1297.181853660436,1369.062663418622,31.752523179545324,0.02683923047160366,7,3.4124721134169236,0,0,0,0.1,0.02683923047160366,E-n51-k5,random_search,60,0.1521782316685214,0.2128607231467676,0.6336087413941143,1218.0081302346894,79.17372342574663
50,1,15.54,7.980501237391045,160,63.0,0.012849584278155708,10,0.1,1300.527223936198,1366.0541256148576,28.30922208685267,0.05490529915291272,7,2.7771534447640587,0,0,0,0.1,0.05490529915291272,E-n51-k5,random_search,61,0.8943012778420126,0.7139475521459062,0.6891003137442256,1205.2816762939215,95.2455476422765
50,1,15.54,7.980501237391045,160,63.0,0.012849584278155708,10,0.1,1325.030552758522,1372.326938194703,19.154672387871244,0.04207744602146913,2,2.4603717768437376,0,0,0,0.1,0.04207744602146913,E-n51-k5,random_search,62,0.8960495612860337,0.6103538410489088,0.8063976270189461,1255.9543405913823,69.0762121671396
50,1,15.54,7.980501237391045,160,63.0,0.012849584278155708,30,0.3,1211.5625189244677,1303.6619676341468,58.51555753304096,0.01809272924475395,8,3.927278325787289,0,0,0,0.1,0.01809272924475395,E-n51-k5,random_search,63,0.7587304129189713,0.7833301371208778,0.8210260976736088,1198.3894620367862,13.173056887681469
50,1,15.54,7.980501237391045,160,63.0,0.012849584278155708,60,0.6,1229.2119742843809,1291.9411701396532,55.590944110922706,0.0,10,3.9195078608542224,0,0,0,0.1,0.0,E-n51-k5,random_search,64,0.8918320590072585,0.39212322407046074,0.685821709136812,1154.1657962913723,75.04617799300854
50,1,15.54,7.980501237391045,160,63.0,0.012849584278155708,60,0.6,1282.9470137113854,1348.9036049573192,27.898043497797158,0.0028108270065981635,1,3.9670326696877503,0,0,0,0.1,0.0028108270065981635,E-n51-k5,random_search,65,0.8652195741604654,0.21532818577173443,0.45887356486562525,1252.7769747781222,30.170038933263186
50,1,15.54,7.980501237391045,160,63.0,0.012849584278155708,30,0.3,1316.2836294100903,1356.8548950890568,24.76075263004561,0.0,12,4.0914569169436055,0,0,0,0.1,0.0,E-n51-k5,random_search,66,0.7193935152678168,0.5301701169440292,0.8133646440801292,1260.4072904334334,55.876338976656825
50,1,15.54,7.980501237391045,160,63.0,0.012849584278155708,70,0.7,1199.387659054626,1301.7784185440087,53.581756501875354,0.022694566566679595,5,3.959832603374746,0,0,0,0.1,0.022694566566679595,E-n51-k5,random_search,67,0.5412260964873331,0.30044633988116626,0.722790088062649,1173.635374490535,25.752284564091042
50,1,15.54,7.980501237391045,160,63.0,0.012849584278155708,70,0.7,1194.5378736419668,1312.716013933626,76.84858365609007,0.0038139283999557524,4,3.522584146368277,0,0,0,0.1,0.0038139283999557524,E-n51-k5,random_search,68,0.4061141993507069,0.26707654081006293,0.9470741312770681,1149.9696333524735,44.56824028949336
50,1,15.54,7.980501237391045,160,63.0,0.012849584278155708,40,0.4,1285.8894124041826,1357.6460656761055,30.993363312263416,0.0,19,2.900205606135339,0,0,0,0.1,0.0,E-n51-k5,random_search,69,0.13691391086006846,0.656469700248965,0.4391822531285008,1238.1728555983786,47.716556805803975
50,1,15.54,7.980501237391045,160,63.0,0.012849584278155708,30,0.3,1248.2660683878646,1339.9149354523681,46.66112291961354,0.03272957335082978,0,3.666150731423424,0,0,0,0.1,0.03272957335082978,E-n51-k5,random_search,70,0.18855823430946161,0.6105136444176723,0.699467166707725,1198.425428815296,49.840639572568534
50,1,15.54,7.980501237391045,160,63.0,0.012849584278155708,20,0.2,1328.0135254076956,1371.3023553860062,19.877438192350397,0.0,9,3.7151639741194824,0,0,0,0.1,0.0,E-n51-k5,random_search,71,0.4149484298286217,0.2959432015399028,0.8095273016593969,1256.4997881383733,71.51373726932229
50,1,15.54,7.980501237391045,160,63.0,0.012849584278155708,10,0.1,1328.0135254076956,1376.694505553432,17.05751977312603,0.0399209245944005,5,2.2933893712688826,0,0,0,0.1,0.0399209245944005,E-n51-k5,random_search,72,0.8048076755898261,0.4028195703562759,0.5542323391886872,1276.020679541698,51.99284586599765
50,1,15.54,7.980501237391045,160,63.0,0.012849584278155708,10,0.1,1309.1885157244487,1366.2405564324313,30.284463086657052,0.07005235607321868,5,3.7415501393936785,0,0,0,0.1,0.07005235607321868,E-n51-k5,random_search,73,0.7580852981216821,0.30951223819431356,0.6129412734562603,1157.349921329876,151.83859439457274
50,1,15.54,7.980501237391045,160,63.0,0.012849584278155708,20,0.2,1305.0186012524382,1373.3825586404237,19.558629422825856,0.0,9,3.568426376792917,0,0,0,0.1,0.0,E-n51-k5,random_search,74,0.8139179417356684,0.6606360133577619,0.841787199599791,1228.6483736695227,76.3702275829155
50,1,15.54,7.980501237391045,160,63.0,0.012849584278155708,50,0.5,1269.6475763064698,1345.85667634084,27.946736535841197,0.0,19,4.008463930664407,0,0,0,0.1,0.0,E-n51-k5,random_search,75,0.6260740977585919,0.24564162952941387,0.3663083708099164,1214.5825101575472,55.0650661489226
50,1,15.54,7.980501237391045,160,63.0,0.012849584278155708,50,0.5,1200.9537148665327,1296.008818040992,67.69727617334074,0.0,16,3.908013122227499,0,0,0,0.1,0.0,E-n51-k5,random_search,76,0.4236707439580999,0.6686807788187161,0.5502191784723871,1184.348321096297,16.60539377023565
50,1,15.54,7.980501237391045,160,63.0,0.012849584278155708,30,0.3,1246.7997496977302,1328.7039463570973,44.141761113460454,0.022509412449641965,2,4.04319936164392,0,0,0,0.1,0.022509412449641965,E-n51-k5,random_search,77,0.644470978749583,0.3669252897700708,0.8096758909727317,1217.258517194635,29.541232503095216
50,1,15.54,7.980501237391045,160,63.0,0.012849584278155708,30,0.3,1295.0869955982184,1350.445566377706,30.49390382151605,0.019349974318592016,0,3.6008075775217305,0,0,0,0.1,0.019349974318592016,E-n51-k5,random_search,78,0.6277616959427207,0.56440447234681,0.7900216039111234,1222.5272841905423,72.5597114076761
50,1,15.54,7.980501237391045,160,63.0,0.012849584278155708,50,0.5,1226.4023614878845,1285.2797401878156,51.59117687407952,0.02023992455247865,4,3.9768332603634033,0,0,0,0.1,0.02023992455247865,E-n51-k5,random_search,79,0.46754028433768846,0.4236548266401784,0.36513246530472865,1215.662094471301,10.740267016583402
50,1,15.54,7.980501237391045,160,63.0,0.012849584278155708,40,0.4,1231.7346273499402,1327.1519546026345,55.64625727229346,0.005234097542715718,7,3.434982971358164,0,0,0,0.1,0.005234097542715718,E-n51-k5,random_search,80,0.6765829909686009,0.474313208437056,0.7320989303609977,1181.1163282759035,50.61829907403671
50,1,15.54,7.980501237391045,160,63.0,0.012849584278155708,50,0.5,1254.3050600515073,1320.7523401587719,52.065651483208704,0.0,19,3.9270399395859426,0,0,0,0.1,0.0,E-n51-k5,random_search,81,0.7249564598785273,0.5592256675222442,0.6139130338359178,1233.9233275969045,20.381732454602798
50,1,15.54,7.980501237391045,160,63.0,0.012849584278155708,20,0.2,1275.6359522879266,1358.1224628637806,36.07840192890931,0.0053413303890240925,8,4.032232787302151,0,0,0,0.1,0.0053413303890240925,E-n51-k5,random_search,82,0.7623491743056453,0.6808045252101669,0.4891635935791848,1266.1985105759331,9.437441711993415
50,1,15.54,7.980501237391045,160,63.0,0.012849584278155708,50,0.5,1321.367975309718,1364.244656295001,16.984929620542236,0.005785944485988375,6,3.461249774509091,0,0,0,0.1,0.005785944485988375,E-n51-k5,random_search,83,0.32406737784219497,0.3433894069137603,0.6854288395663379,1244.8729927552167,76.49498255450135
50,1,15.54,7.980501237391045,160,63.0,0.012849584278155708,80,0.8,1211.096259232554,1274.4118124309268,57.85532928729786,0.0,19,3.848686159680865,0,0,0,0.1,0.0,E-n51-k5,random_search,84,0.4036239221386525,0.7993103529383236,0.6508889588356634,1211.096259232554,0.0
50,1,15.54,7.980501237391045,160,63.0,0.012849584278155708,80,0.8,1181.6482021508364,1255.8115009435587,70.26054481045453,0.0,11,3.6744422828652947,0,0,0,0.1,0.0,E-n51-k5,random_search,85,0.37072855998696463,0.6376398733335766,0.8945142437409015,1181.6482021508364,0.0
50,1,15.54,7.980501237391045,160,63.0,0.012849584278155708,70,0.7,1158.030726302774,1278.0073713477245,86.3603723392285,0.0,10,3.8041896686074987,0,0,0,0.1,0.0,E-n51-k5,random_search,86,0.18595686725593616,0.213882838652942,0.9400572613766829,1122.3662544561087,35.664471846665265
50,1,15.54,7.980501237391045,160,63.0,0.012849584278155708,20,0.2,1284.1765963897951,1356.3440063309615,32.79526719734913,0.05422619453528717,0,3.9221493536686265,0,0,0,0.1,0.05422619453528717,E-n51-k5,random_search,87,0.6253287505820554,0.3294196874248131,0.5326527953689313,1198.212541924294,85.96405446550102
50,1,15.54,7.980501237391045,160,63.0,0.012849584278155708,30,0.3,1326.3455421301855,1368.4585447758886,22.202820698759115,0.0,19,1.8265570945536154,0,0,0,0.1,0.0,E-n51-k5,random_search,88,0.170438679093653,0.31225172124592815,0.8489493072174039,1294.6161251295055,31.729417000680087
50,1,15.54,7.980501237391045,160,63.0,0.012849584278155708,70,0.7,1302.4653312541611,1347.280211366274,22.768425525259794,0.0,19,3.5093969681120174,0,0,0,0.1,0.0,E-n51-k5,random_search,89,0.3009810973972763,0.4988678115080074,0.6003158368621764,1257.3307285230405,45.134602731120594
50,1,15.54,7.980501237391045,160,63.0,0.012849584278155708,5,0.05,1337.1441834156665,1375.8938196211209,20.642908543843667,0.0,0,3.961132090740254,0,0,0,0.1,0.0,E-n51-k5,random_search,90,0.2245670883600182,0.22492201918678698,0.6769679023019792,1238.7168247776547,98.42735863801181
50,1,15.54,7.980501237391045,160,63.0,0.012849584278155708,50,0.5,1217.2916177425068,1319.159892685751,55.38856502529256,0.009740339401251939,5,3.896825566843459,0,0,0,0.1,0.009740339401251939,E-n51-k5,random_search,91,0.216090309862623,0.6156073081601656,0.5054529421960676,1150.5300831802354,66.76153456227144
50,1,15.54,7.980501237391045,160,63.0,0.012849584278155708,70,0.7,1150.8147884536359,1238.0416059774911,53.75055112734754,0.020556057270392992,2,3.749065884897408,0,0,0,0.1,0.020556057270392992,E-n51-k5,random_search,92,0.547102785195354,0.7137432159472366,0.4925728913868114,1132.063049585892,18.751738867743825
50,1,15.54,7.980501237391045,160,63.0,0.012849584278155708,20,0.2,1280.875450842511,1363.219327720323,30.98920707971332,0.0,11,3.8809716046015894,0,0,0,0.1,0.0,E-n51-k5,random_search,93,0.24219265506414153,0.2165719449316727,0.5640358665577572,1232.2986293703805,48.57682147213063
50,1,15.54,7.980501237391045,160,63.0,0.012849584278155708,30,0.3,1293.9371767914697,1339.6695033054812,33.11742335663012,0.0,9,3.9527012189187185,0,0,0,0.1,0.0,E-n51-k5,random_search,94,0.158353989221531,0.6246334974437495,0.3711604940999969,1268.6315217840918,25.305655007377936
50,1,15.54,7.980501237391045,160,63.0,0.012849584278155708,5,0.05,1328.0135254076956,1407.1643853440778,46.52563995336652,0.0,0,4.097494230086748,0,0,0,0.1,0.0,E-n51-k5,random_search,95,0.5222952859561539,0.5492321932981252,0.8209636861616434,1257.022197197451,70.99132821024455
50,1,15.54,7.980501237391045,160,63.0,0.012849584278155708,80,0.8,1193.2659606833365,1278.204126863417,65.66493432110701,0.009420397258402486,0,3.7858315680918917,0,0,0,0.1,0.009420397258402486,E-n51-k5,random_search,96,0.68333913954517,0.7593835698527138,0.4309309588862162,1172.0634411312915,21.202519552045032
50,1,15.54,7.980501237391045,160,63.0,0.012849584278155708,60,0.6,1291.509245508488,1349.5491433660613,23.749078140619567,0.0,19,3.9245402228155837,0,0,0,0.1,0.0,E-n51-k5,random_search,97,0.7148822337930126,0.6169803274001303,0.4698231731965285,1246.3598131566112,45.14943235187684
50,1,15.54,7.980501237391045,160,63.0,0.012849584278155708,30,0.3,1258.6037250053596,1348.4522383046378,41.72745095093184,0.008906864679834108,7,3.4855902918849377,0,0,0,0.1,0.008906864679834108,E-n51-k5,random_search,98,0.5827503969912763,0.7269914506733937,0.9375297390936401,1194.5700700863993,64.03365491896034
50,1,15.54,7.980501237391045,160,63.0,0.012849584278155708,30,0.3,1316.2041944534756,1365.1821654051982,25.10977426514212,0.008892477921558626,4,4.116172354223394,0,0,0,0.1,0.008892477921558626,E-n51-k5,random_search,99,0.6915112368741613,0.32162729398227285,0.6689584540472242,1222.7175866031625,93.48660785031302
