n_customers,n_depots,avg_demand,demand_std,capacity,area_span,density,iteration,progress,best_fitness,avg_fitness,fitness_std,convergence_rate,stagnation_counter,population_diversity,dynamic_orders,avg_delay,load_imbalance,elite_ratio,improvement_rate,instance,algorithm,demo_id,alpha,beta,gamma,fitness_after,improvement
15,1,16.4,8.138795979750322,35,48.0,0.006944444444444444,5,0.05,454.8083290834319,481.0013005050716,13.971216769607082,0.0,0,2.0628946422904684,0,0,0,0.1,0.0,P-n16-k8,random_search,0,0.7119709168829188,0.30417898170524155,0.5189195793755368,410.92958652172695,43.87874256170494
15,1,16.4,8.138795979750322,35,48.0,0.006944444444444444,60,0.6,410.92958652172695,433.08037240944685,18.30356075816565,0.0,9,1.31615817718846,0,0,0,0.1,0.0,P-n16-k8,random_search,1,0.27521002181680754,0.5251279057602096,0.47118988658324573,410.92958652172695,0.0
15,1,16.4,8.138795979750322,35,48.0,0.006944444444444444,5,0.05,461.4689778147699,485.5891158235951,10.571669239510424,0.0,3,1.8407954393773207,0,0,0,0.1,0.0,P-n16-k8,random_search,2,0.631129724704608,0.33207365289966906,0.6617630889867325,422.1814173187507,39.28756049601924
15,1,16.4,8.138795979750322,35,48.0,0.006944444444444444,30,0.3,428.8387467044632,457.8799650838855,13.665926438906979,0.034146624267957566,4,1.9058542282811062,0,0,0,0.1,0.034146624267957566,P-n16-k8,random_search,3,0.13714508750729523,0.4097428763783134,0.7733863517593131,410.929586521727,17.909160182736173
15,1,16.4,8.138795979750322,35,48.0,0.006944444444444444,50,0.5,431.37956997272664,456.74713968627054,12.843376403953206,0.0,19,1.7726521878426496,0,0,0,0.1,0.0,P-n16-k8,random_search,4,0.44150116503126025,0.4145221454503689,0.8565877205598131,410.929586521727,20.44998345099964
15,1,16.4,8.138795979750322,35,48.0,0.006944444444444444,50,0.5,422.3817897400416,443.866117176888,19.58932868583948,0.0,15,1.7375817951624568,0,0,0,0.1,0.0,P-n16-k8,random_search,5,0.3581262324155631,0.22429065923633532,0.7514024979121046,410.92958652172695,11.45220321831465
15,1,16.4,8.138795979750322,35,48.0,0.006944444444444444,80,0.8,422.8939544448059,447.2814578551482,12.2014064986754,0.0,19,1.84684888193351,0,0,0,0.1,0.0,P-n16-k8,random_search,6,0.363530605887866,0.5041639785034604,0.7742316323523423,416.87437878138434,6.019575663421563
15,1,16.4,8.138795979750322,35,48.0,0.006944444444444444,40,0.4,410.92958652172695,452.36651348610286,15.850082657894061,0.04847653905284355,8,1.55884713963325,0,0,0,0.1,0.04847653905284355,P-n16-k8,random_search,7,0.108614654664912,0.5389952623068567,0.7223068927346117,410.9295865217269,5.684341886080802e-14
15,1,16.4,8.138795979750322,35,48.0,0.006944444444444444,50,0.5,418.2483350718597,449.45469403407407,15.839722113146564,0.0,19,1.6388168806617105,0,0,0,0.1,0.0,P-n16-k8,random_search,8,0.10453394914781944,0.34709937347587705,0.7333163018383462,410.9295865217269,7.318748550132796
15,1,16.4,8.138795979750322,35,48.0,0.006944444444444444,60,0.6,433.3053357230024,458.0310282095717,12.941984788146014,0.0077616181278642605,8,1.7158132555197312,0,0,0,0.1,0.0077616181278642605,P-n16-k8,random_search,9,0.19045966904811637,0.7196103284583004,0.899716927509628,416.87437878138434,16.430956941618035
15,1,16.4,8.138795979750322,35,48.0,0.006944444444444444,5,0.05,441.26548393646306,477.98400709183215,17.4445698768144,0.0,5,1.7547900123117945,0,0,0,0.1,0.0,P-n16-k8,random_search,10,0.23916447275638097,0.383453630611682,0.3014249832955199,410.9295865217269,30.335897414736166
15,1,16.4,8.138795979750322,35,48.0,0.006944444444444444,50,0.5,428.8387467044632,449.6740795322938,8.115057176811733,0.0,19,1.872831871905506,0,0,0,0.1,0.0,P-n16-k8,random_search,11,0.8998826681352056,0.5782172425118263,0.6286427437872983,410.9295865217269,17.909160182736287
15,1,16.4,8.138795979750322,35,48.0,0.006944444444444444,50,0.5,410.92958652172695,450.6885533495637,13.459263985335033,0.0,19,1.92453666893088,0,0,0,0.1,0.0,P-n16-k8,random_search,12,0.2966705754177877,0.4611472338716448,0.6773902943012557,410.92958652172695,0.0
15,1,16.4,8.138795979750322,35,48.0,0.006944444444444444,60,0.6,439.10742945978086,455.24072765786434,7.936021021529869,0.0,18,1.7923243954755466,0,0,0,0.1,0.0,P-n16-k8,random_search,13,0.7436284311614875,0.605867200982882,0.890378235169438,410.929586521727,28.177842938053857
15,1,16.4,8.138795979750322,35,48.0,0.006944444444444444,90,0.9,410.929586521727,440.9192432830338,17.360635859904267,0.0,19,1.742321284759559,0,0,0,0.1,0.0,P-n16-k8,random_search,14,0.26108869921286726,0.6511544548259794,0.6041188964224258,410.92958652172695,5.684341886080802e-14
15,1,16.4,8.138795979750322,35,48.0,0.006944444444444444,50,0.5,430.6030465133125,452.25733550372826,12.288033058957579,0.0,19,1.869842903486853,0,0,0,0.1,0.0,P-n16-k8,random_search,15,0.1185890656784948,0.2248947302081772,0.678083610155866,410.929586521727,19.673459991585503
15,1,16.4,8.138795979750322,35,48.0,0.006944444444444444,10,0.1,450.8542636690179,473.3567447384281,11.074993713760257,0.03883880551815613,3,1.8952352245455488,0,0,0,0.1,0.03883880551815613,P-n16-k8,random_search,16,0.600167565119013,0.5711565697753878,0.8872194331791861,410.92958652172695,39.924677147290936
15,1,16.4,8.138795979750322,35,48.0,0.006944444444444444,90,0.9,422.89395444480573,441.983095249353,13.20038327047703,1.3441530261509927e-16,3,1.708221247594443,0,0,0,0.1,1.3441530261509927e-16,P-n16-k8,random_search,17,0.711900949352583,0.20243462423501551,0.503218041333666,410.9295865217269,11.96436792307884
15,1,16.4,8.138795979750322,35,48.0,0.006944444444444444,40,0.4,429.13898647518374,455.35044374793335,11.888987514617122,0.0,12,1.6797020115884072,0,0,0,0.1,0.0,P-n16-k8,random_search,18,0.3400413257164141,0.24970318460721194,0.5982066054149016,418.24833507185963,10.890651403324114
15,1,16.4,8.138795979750322,35,48.0,0.006944444444444444,20,0.2,434.75843592220156,462.69228121867945,11.665167712425875,0.03741382326618174,1,2.014561466752419,0,0,0,0.1,0.03741382326618174,P-n16-k8,random_search,19,0.7992206600959535,0.2767684895322513,0.5240771741959813,424.15648897928105,10.601946942920506
15,1,16.4,8.138795979750322,35,48.0,0.006944444444444444,60,0.6,436.3183734706125,457.5670303334893,9.98360606567886,0.0,19,1.8320589200936337,0,0,0,0.1,0.0,P-n16-k8,random_search,20,0.37381682656128,0.7037641382350619,0.9370738811851973,424.15648897928105,12.161884491331477
15,1,16.4,8.138795979750322,35,48.0,0.006944444444444444,40,0.4,416.87437878138434,441.9338843318566,15.686014827890627,0.017253340703964996,6,1.5516775022043632,0,0,0,0.1,0.017253340703964996,P-n16-k8,random_search,21,0.7014304634789538,0.40573443063609627,0.36922903410014785,410.92958652172706,5.944792259657277
15,1,16.4,8.138795979750322,35,48.0,0.006944444444444444,20,0.2,416.8743787813843,460.76568801661125,17.641745139446012,0.035757995424368964,2,1.8728297771145392,0,0,0,0.1,0.035757995424368964,P-n16-k8,random_search,22,0.33776683770491067,0.7516789184608823,0.45927598609510334,410.929586521727,5.944792259657277
15,1,16.4,8.138795979750322,35,48.0,0.006944444444444444,60,0.6,424.19312733151696,448.67373046552984,10.995811920930963,0.0,19,1.9860302836557082,0,0,0,0.1,0.0,P-n16-k8,random_search,23,0.3615599113677902,0.5398102984908795,0.5956698424151396,410.92958652172706,13.263540809789902
15,1,16.4,8.138795979750322,35,48.0,0.006944444444444444,20,0.2,445.6816741535906,463.4755884937861,12.3547206034088,0.0,10,1.9702118918170408,0,0,0,0.1,0.0,P-n16-k8,random_search,24,0.8987048987713468,0.5213422762380806,0.7998397225391289,410.92958652172695,34.752087631863674
15,1,16.4,8.138795979750322,35,48.0,0.006944444444444444,40,0.4,423.9144354364636,449.3928648247913,14.83422130077416,0.0,17,1.726057690538006,0,0,0,0.1,0.0,P-n16-k8,random_search,25,0.20589110948620812,0.2168850406218339,0.7865476309086333,410.92958652172695,12.98484891473663
15,1,16.4,8.138795979750322,35,48.0,0.006944444444444444,30,0.3,436.5523581947163,456.3961207483427,11.967529943576233,0.008802468194065091,4,1.7385017398501024,0,0,0,0.1,0.008802468194065091,P-n16-k8,random_search,26,0.40609008447334594,0.40794595880946327,0.43178368467356376,410.929586521727,25.622771672989302
15,1,16.4,8.138795979750322,35,48.0,0.006944444444444444,30,0.3,445.06804871851114,462.52248930202813,9.621903411444373,0.00499029145766366,3,1.6807403940727894,0,0,0,0.1,0.00499029145766366,P-n16-k8,random_search,27,0.5005734989504328,0.37801781782035093,0.5559004500104866,410.9295865217269,34.138462196784246
15,1,16.4,8.138795979750322,35,48.0,0.006944444444444444,20,0.2,438.1539242864536,458.2893458007704,10.431099278833086,0.006867654858770127,2,1.7501023163875693,0,0,0,0.1,0.006867654858770127,P-n16-k8,random_search,28,0.7469628314043991,0.5311272506246882,0.4119267286866887,418.24833507185974,19.905589214593874
15,1,16.4,8.138795979750322,35,48.0,0.006944444444444444,30,0.3,416.87437878138434,444.94372478500543,15.306606611589228,0.0,11,1.4881437395376123,0,0,0,0.1,0.0,P-n16-k8,random_search,29,0.8323578223874216,0.33797541012598536,0.7907848472278043,410.92958652172695,5.94479225965739
15,1,16.4,8.138795979750322,35,48.0,0.006944444444444444,80,0.8,425.3420020630573,446.59280050831,11.220066722919826,0.0,19,1.610418994239024,0,0,0,0.1,0.0,P-n16-k8,random_search,30,0.573215582501167,0.5567977841562417,0.9402842078777542,416.8743787813842,8.46762328167307
15,1,16.4,8.138795979750322,35,48.0,0.006944444444444444,40,0.4,431.5156678074911,454.79696901593996,13.729631932943672,0.01574737626008317,6,1.8422214384238642,0,0,0,0.1,0.01574737626008317,P-n16-k8,random_search,31,0.5380733954537833,0.3522850319704286,0.8340052617138385,410.92958652172695,20.58608128576418
15,1,16.4,8.138795979750322,35,48.0,0.006944444444444444,30,0.3,445.62182400076273,455.89028433978353,7.364827072450107,0.009398281513022445,2,1.7581819829864538,0,0,0,0.1,0.009398281513022445,P-n16-k8,random_search,32,0.5701703143081905,0.7680541343002709,0.6962375933039455,418.24833507185974,27.373488928902987
15,1,16.4,8.138795979750322,35,48.0,0.006944444444444444,50,0.5,410.929586521727,439.506000104538,17.02154699884565,0.0,19,1.3209053797172834,0,0,0,0.1,0.0,P-n16-k8,random_search,33,0.1528376695315986,0.40661308542643904,0.3500560085079476,410.92958652172695,5.684341886080802e-14
15,1,16.4,8.138795979750322,35,48.0,0.006944444444444444,10,0.1,437.1506777302534,468.8605104012119,14.278830864005725,0.09350207916430488,0,1.9773839012544625,0,0,0,0.1,0.09350207916430488,P-n16-k8,random_search,34,0.8653466858890896,0.6416801580041034,0.6069787998121059,410.9295865217269,26.221091208526502
15,1,16.4,8.138795979750322,35,48.0,0.006944444444444444,20,0.2,445.12484407734837,471.07520396545226,13.787959821220442,0.009676972627004588,7,2.0657868417828467,0,0,0,0.1,0.009676972627004588,P-n16-k8,random_search,35,0.4297270442031761,0.7928217960275439,0.4723922172677899,410.929586521727,34.19525755562137
15,1,16.4,8.138795979750322,35,48.0,0.006944444444444444,40,0.4,424.1931273315169,453.15313208370054,13.691231691191414,0.007927025897555215,4,1.8373621195078917,0,0,0,0.1,0.007927025897555215,P-n16-k8,random_search,36,0.8207599882596078,0.6680775072496496,0.6231713077362269,416.8743787813842,7.318748550132682
15,1,16.4,8.138795979750322,35,48.0,0.006944444444444444,90,0.9,423.9144354364635,446.99242237589203,14.940454676819622,0.0,19,1.979124710111116,0,0,0,0.1,0.0,P-n16-k8,random_search,37,0.18870582331773714,0.5389799697968243,0.9199666953469388,410.929586521727,12.984848914736517
15,1,16.4,8.138795979750322,35,48.0,0.006944444444444444,50,0.5,416.8743787813843,447.26763628919326,14.511116285094811,0.017168451708517076,4,1.8076545230665757,0,0,0,0.1,0.017168451708517076,P-n16-k8,random_search,38,0.2351622362498234,0.20223492853595526,0.373944674758833,416.8743787813843,0.0
15,1,16.4,8.138795979750322,35,48.0,0.006944444444444444,80,0.8,416.8743787813843,430.7575730097424,13.03320994514779,0.0,19,1.1858023134697415,0,0,0,0.1,0.0,P-n16-k8,random_search,39,0.386012313407174,0.7141855732208067,0.4240936242121556,410.92958652172695,5.9447922596573335
15,1,16.4,8.138795979750322,35,48.0,0.006944444444444444,40,0.4,418.24833507185963,446.49578629827727,16.944878799280072,0.0,19,1.6027018454847544,0,0,0,0.1,0.0,P-n16-k8,random_search,40,0.18370148886603854,0.4656239817076463,0.877567069043341,410.92958652172695,7.318748550132682
15,1,16.4,8.138795979750322,35,48.0,0.006944444444444444,5,0.05,424.156488979281,476.80108465149596,16.113257283658136,0.0,1,2.088934972460782,0,0,0,0.1,0.0,P-n16-k8,random_search,41,0.8668595236635438,0.32928565761571305,0.9696074138379478,410.92958652172695,13.226902457554047
15,1,16.4,8.138795979750322,35,48.0,0.006944444444444444,30,0.3,437.4292563243575,456.3067821139401,9.810690619972322,0.0,19,1.7504366639908315,0,0,0,0.1,0.0,P-n16-k8,random_search,42,0.4328264891105411,0.450125833718482,0.7355343085529649,410.92958652172695,26.499669802630535
15,1,16.4,8.138795979750322,35,48.0,0.006944444444444444,50,0.5,410.92958652172695,445.1192228346592,14.708701954936767,0.0,16,1.666622304379615,0,0,0,0.1,0.0,P-n16-k8,random_search,43,0.828611276084345,0.210774672809211,0.6906395443825168,410.92958652172695,0.0
15,1,16.4,8.138795979750322,35,48.0,0.006944444444444444,5,0.05,453.5247812700004,478.0971740005887,14.981685245707471,0.0,3,2.0030254013571467,0,0,0,0.1,0.0,P-n16-k8,random_search,44,0.5174779711668692,0.4735313486182841,0.6594755704951223,410.929586521727,42.5951947482734
15,1,16.4,8.138795979750322,35,48.0,0.006944444444444444,80,0.8,418.2483350718597,446.73250574072273,10.888879769743465,0.0,19,1.762816462415121,0,0,0,0.1,0.0,P-n16-k8,random_search,45,0.1948028091916097,0.739935285322928,0.8515194867644125,410.92958652172695,7.318748550132739
15,1,16.4,8.138795979750322,35,48.0,0.006944444444444444,40,0.4,424.15648897928094,456.27911208635777,12.616380422400292,0.017054256374050576,3,1.860570031580711,0,0,0,0.1,0.017054256374050576,P-n16-k8,random_search,46,0.8608259557105857,0.2968369591335166,0.6335614228977572,410.9295865217269,13.226902457554047
15,1,16.4,8.138795979750322,35,48.0,0.006944444444444444,10,0.1,434.5361287602035,470.8478774689541,13.748558314726788,0.0631128801453735,3,1.9159553061410628,0,0,0,0.1,0.0631128801453735,P-n16-k8,random_search,47,0.22960184402862086,0.2135266357630471,0.849896844333375,410.929586521727,23.606542238476493
15,1,16.4,8.138795979750322,35,48.0,0.006944444444444444,70,0.7,432.33376766744044,446.0941927754291,8.53080406870369,0.0022422249980848185,6,1.6882304525637988,0,0,0,0.1,0.0022422249980848185,P-n16-k8,random_search,48,0.24474090109383306,0.6253314012498482,0.8853668389388625,416.8743787813843,15.45938888605616
15,1,16.4,8.138795979750322,35,48.0,0.006944444444444444,10,0.1,434.5361287602035,467.2307557928922,14.8039605290166,0.05121848410973638,8,1.9506871318852823,0,0,0,0.1,0.05121848410973638,P-n16-k8,random_search,49,0.5243679815246004,0.27711217466657345,0.6582510705845273,410.92958652172695,23.60654223847655
15,1,16.4,8.138795979750322,35,48.0,0.006944444444444444,90,0.9,430.8718140885569,447.395394236865,7.817286556935576,0.009961678715435822,2,1.789929343235729,0,0,0,0.1,0.009961678715435822,P-n16-k8,random_search,50,0.4679542819899385,0.40529063603912285,0.9784174142851574,410.9295865217269,19.942227566830013
15,1,16.4,8.138795979750322,35,48.0,0.006944444444444444,80,0.8,424.19312733151696,441.7394863253452,11.777395688031039,0.0,19,1.7211657542741101,0,0,0,0.1,0.0,P-n16-k8,random_search,51,0.5461054804866902,0.4990849609787544,0.47794304935449594,416.8743787813842,7.318748550132739
15,1,16.4,8.138795979750322,35,48.0,0.006944444444444444,30,0.3,438.41962662780594,463.2733560459463,10.204205892586847,0.01595610078019633,8,1.7817728922057232,0,0,0,0.1,0.01595610078019633,P-n16-k8,random_search,52,0.17599274042284563,0.487026310829896,0.7287160666227782,416.87437878138434,21.545247846421603
15,1,16.4,8.138795979750322,35,48.0,0.006944444444444444,40,0.4,416.8743787813844,448.9619476258087,15.638835902749255,0.03329707856076039,6,1.6271701701821997,0,0,0,0.1,0.03329707856076039,P-n16-k8,random_search,53,0.24796181139556828,0.3763180807059934,0.4804525083950493,416.8743787813842,1.7053025658242404e-13
15,1,16.4,8.138795979750322,35,48.0,0.006944444444444444,60,0.6,410.9295865217269,431.92916076846967,12.772312343934598,0.0,19,1.3622303386392867,0,0,0,0.1,0.0,P-n16-k8,random_search,54,0.687010885037257,0.6985363525111314,0.39364156650567583,410.9295865217269,0.0
15,1,16.4,8.138795979750322,35,48.0,0.006944444444444444,90,0.9,410.929586521727,430.3667284570768,17.13743750330243,0.0,19,1.4443503895955587,0,0,0,0.1,0.0,P-n16-k8,random_search,55,0.77016266133132,0.3084821162389493,0.35653369878918834,410.92958652172695,5.684341886080802e-14
15,1,16.4,8.138795979750322,35,48.0,0.006944444444444444,60,0.6,429.32742968188273,453.9180349846997,13.258369220516265,0.0,19,1.6357299080676646,0,0,0,0.1,0.0,P-n16-k8,random_search,56,0.33738260253288815,0.5937372086262231,0.598527990131521,410.92958652172706,18.397843160155674
15,1,16.4,8.138795979750322,35,48.0,0.006944444444444444,80,0.8,430.60304651331256,448.1100439364176,10.77557678642261,0.0,16,1.5488921514401113,0,0,0,0.1,0.0,P-n16-k8,random_search,57,0.15727562873126155,0.5715648429698357,0.36811472841342296,410.929586521727,19.67345999158556
15,1,16.4,8.138795979750322,35,48.0,0.006944444444444444,20,0.2,439.6525162175731,458.85296440008585,11.395398698221138,0.014447683793943629,6,1.5897118160825265,0,0,0,0.1,0.014447683793943629,P-n16-k8,random_search,58,0.3161162135852996,0.38341232406424247,0.7469690399180057,410.92958652172695,28.722929695846176
15,1,16.4,8.138795979750322,35,48.0,0.006944444444444444,60,0.6,429.3274296818828,454.4544297683309,9.274347520460676,0.0,19,1.7457920504312845,0,0,0,0.1,0.0,P-n16-k8,random_search,59,0.561984884760793,0.6027101307714945,0.7699440140886238,416.87437878138434,12.453050900498454
15,1,16.4,8.138795979750322,35,48.0,0.006944444444444444,20,0.2,410.92958652172695,460.1913348350361,15.082794374899917,0.08597393829894953,4,1.558337948093904,0,0,0,0.1,0.08597393829894953,P-n16-k8,random_search,60,0.41620666122518424,0.554133669653458,0.6918630738168785,410.9295865217269,5.684341886080802e-14
15,1,16.4,8.138795979750322,35,48.0,0.006944444444444444,60,0.6,418.2483350718598,451.29956611592604,15.638886925374027,0.0,9,1.8444232258586535,0,0,0,0.1,0.0,P-n16-k8,random_search,61,0.4004749170082781,0.6036993164235338,0.8603884037838576,410.929586521727,7.318748550132796
15,1,16.4,8.138795979750322,35,48.0,0.006944444444444444,5,0.05,452.9601339129588,482.0484591939033,12.9903092247169,0.0,2,1.7328922416228263,0,0,0,0.1,0.0,P-n16-k8,random_search,62,0.2120966220095989,0.7749124482325755,0.3443125272759861,410.92958652172706,42.03054739123172
15,1,16.4,8.138795979750322,35,48.0,0.006944444444444444,10,0.1,457.6602178355532,471.39308179710633,9.1056732687694,0.0455155727648969,4,1.8833573315734031,0,0,0,0.1,0.0455155727648969,P-n16-k8,random_search,63,0.755880774927247,0.27656179254248126,0.5177293087429143,410.92958652172695,46.73063131382628
15,1,16.4,8.138795979750322,35,48.0,0.006944444444444444,30,0.3,422.38178974004165,452.8044764573489,12.054329331543498,0.034834862659869716,2,1.7710599007607455,0,0,0,0.1,0.034834862659869716,P-n16-k8,random_search,64,0.340616408022377,0.525293956696836,0.5563492165889904,416.87437878138434,5.507410958657317
15,1,16.4,8.138795979750322,35,48.0,0.006944444444444444,90,0.9,429.13898647518374,446.5773986941419,9.40363305788695,0.0,19,1.8729347696018124,0,0,0,0.1,0.0,P-n16-k8,random_search,65,0.11705406003382662,0.38017518778561155,0.6637904956109038,410.92958652172695,18.209399953456796
15,1,16.4,8.138795979750322,35,48.0,0.006944444444444444,5,0.05,440.1943258670453,486.4434745366225,14.21739067888274,0.0,3,1.9790314763396024,0,0,0,0.1,0.0,P-n16-k8,random_search,66,0.641639356644127,0.45930386536300793,0.8483623286774751,410.929586521727,29.264739345318276
15,1,16.4,8.138795979750322,35,48.0,0.006944444444444444,90,0.9,430.8718140885569,445.90351997651334,9.645813490603892,0.0,19,1.6026965356920666,0,0,0,0.1,0.0,P-n16-k8,random_search,67,0.23113056363813522,0.20729747068612087,0.8577753323856008,418.24833507185963,12.623479016697274
15,1,16.4,8.138795979750322,35,48.0,0.006944444444444444,10,0.1,452.88200952885626,473.49700982440584,11.069170630740754,0.04653590202046718,1,1.9225986762652278,0,0,0,0.1,0.04653590202046718,P-n16-k8,random_search,68,0.28245402302214356,0.44644736574603505,0.7872522623813416,410.92958652172695,41.95242300712931
15,1,16.4,8.138795979750322,35,48.0,0.006944444444444444,80,0.8,418.24833507185963,439.1447724355946,15.184522218861852,0.0,19,1.2848003381474062,0,0,0,0.1,0.0,P-n16-k8,random_search,69,0.23664822453994275,0.4147613786456522,0.7995530321274804,410.929586521727,7.318748550132625
15,1,16.4,8.138795979750322,35,48.0,0.006944444444444444,5,0.05,449.1370387454653,479.3545175990711,14.019368372362425,0.0,1,1.9058483316615544,0,0,0,0.1,0.0,P-n16-k8,random_search,70,0.2506158787191961,0.6314414724224068,0.8258325363532077,416.8743787813842,32.26265996408108
15,1,16.4,8.138795979750322,35,48.0,0.006944444444444444,40,0.4,430.12005820355165,452.25391178848304,13.996027250704229,0.006449708196107412,0,1.9676527077938846,0,0,0,0.1,0.006449708196107412,P-n16-k8,random_search,71,0.46369675455665393,0.517206846111208,0.5326503689621882,410.929586521727,19.190471681824647
15,1,16.4,8.138795979750322,35,48.0,0.006944444444444444,20,0.2,433.251725386884,459.75078106859917,13.931091713615315,0.0033761653058005615,5,1.5054759628125338,0,0,0,0.1,0.0033761653058005615,P-n16-k8,random_search,72,0.3413194163182085,0.4285353650553749,0.8068736017270002,410.92958652172695,22.322138865157058
15,1,16.4,8.138795979750322,35,48.0,0.006944444444444444,20,0.2,424.156488979281,461.61031365112603,19.29698233496739,0.009272313888549615,4,1.8862490922830022,0,0,0,0.1,0.009272313888549615,P-n16-k8,random_search,73,0.49846533671038185,0.4455330539653092,0.5042091187620275,410.92958652172695,13.226902457554047
15,1,16.4,8.138795979750322,35,48.0,0.006944444444444444,80,0.8,418.2483350718597,438.35184483302345,13.471175594134953,0.0,19,1.3856626304306647,0,0,0,0.1,0.0,P-n16-k8,random_search,74,0.2025610016754551,0.7563725780433137,0.4280839942299698,418.24833507185963,5.684341886080802e-14
15,1,16.4,8.138795979750322,35,48.0,0.006944444444444444,60,0.6,422.3817897400417,443.66522834995794,14.509165058102393,0.0,10,1.4083175363995597,0,0,0,0.1,0.0,P-n16-k8,random_search,75,0.6016981632821957,0.34667164727530253,0.5725276496170568,410.929586521727,11.452203218314708
15,1,16.4,8.138795979750322,35,48.0,0.006944444444444444,30,0.3,422.3817897400416,447.1018517066415,15.02114658661778,0.004184067167072546,6,1.5339901163577545,0,0,0,0.1,0.004184067167072546,P-n16-k8,random_search,76,0.11422309420498006,0.559626818263861,0.9663677280062697,410.92958652172695,11.45220321831465
15,1,16.4,8.138795979750322,35,48.0,0.006944444444444444,40,0.4,416.8743787813843,449.29806240525033,16.700540336227256,0.0,10,1.5590430321159847,0,0,0,0.1,0.0,P-n16-k8,random_search,77,0.765392449204611,0.7593673122197493,0.5270262233286128,410.9295865217269,5.94479225965739
15,1,16.4,8.138795979750322,35,48.0,0.006944444444444444,5,0.05,443.62042244836465,476.47769974134053,11.785784970340323,0.0,2,1.9434932588870217,0,0,0,0.1,0.0,P-n16-k8,random_search,78,0.8228476512820164,0.5428882941038768,0.4504648344481385,410.92958652172695,32.6908359266377
15,1,16.4,8.138795979750322,35,48.0,0.006944444444444444,90,0.9,424.9049139308223,448.9073147415837,9.26551941687368,0.0,19,1.7216159059472678,0,0,0,0.1,0.0,P-n16-k8,random_search,79,0.6697416681977112,0.6152569212920274,0.47632370210314146,410.92958652172695,13.975327409095371
15,1,16.4,8.138795979750322,35,48.0,0.006944444444444444,10,0.1,446.8094789641989,471.75761306295647,13.80728600721166,0.034134455481588555,5,1.9922977621218634,0,0,0,0.1,0.034134455481588555,P-n16-k8,random_search,80,0.3342865662965048,0.45952973579984663,0.46862433199342596,410.929586521727,35.879892442471885
15,1,16.4,8.138795979750322,35,48.0,0.006944444444444444,5,0.05,467.930483312211,483.88705028305867,6.756025260331041,0.0,1,2.142591973693631,0,0,0,0.1,0.0,P-n16-k8,random_search,81,0.21251136285419847,0.4215829341949753,0.3623499251504216,416.87437878138434,51.056104530826644
15,1,16.4,8.138795979750322,35,48.0,0.006944444444444444,70,0.7,410.929586521727,437.7261106656762,14.254489393644633,0.0,19,1.3654137916477582,0,0,0,0.1,0.0,P-n16-k8,random_search,82,0.3096618128718472,0.5487259544446473,0.4940742180317026,410.9295865217269,1.1368683772161603e-13
15,1,16.4,8.138795979750322,35,48.0,0.006944444444444444,5,0.05,450.3839945508847,478.3256108571469,11.706576952228005,0.0,0,2.0433025650815524,0,0,0,0.1,0.0,P-n16-k8,random_search,83,0.44461008573048855,0.47887906367502836,0.7288425366031094,410.92958652172695,39.454408029157776
15,1,16.4,8.138795979750322,35,48.0,0.006944444444444444,30,0.3,446.7890494138423,462.1812278806301,10.573095812662972,0.0,9,1.7335013868784945,0,0,0,0.1,0.0,P-n16-k8,random_search,84,0.6358166842909327,0.38544885113397653,0.6668001187728791,416.87437878138434,29.914670632457955
15,1,16.4,8.138795979750322,35,48.0,0.006944444444444444,20,0.2,430.6030465133127,451.32495716987785,12.993448681268186,0.02819352560043027,7,1.4110628544826875,0,0,0,0.1,0.02819352560043027,P-n16-k8,random_search,85,0.19821418771229438,0.49056803478943106,0.45166098020713025,416.8743787813843,13.728667731928397
15,1,16.4,8.138795979750322,35,48.0,0.006944444444444444,10,0.1,448.1374631035735,473.59590067479775,11.771402887347632,0.050797899715210065,3,2.0512246786994415,0,0,0,0.1,0.050797899715210065,P-n16-k8,random_search,86,0.5751314863571402,0.21892591434626252,0.634508212469865,416.8743787813842,31.263084322189286
15,1,16.4,8.138795979750322,35,48.0,0.006944444444444444,50,0.5,433.25172538688406,452.0467522634306,9.054618032664141,0.0,10,1.5383467809349614,0,0,0,0.1,0.0,P-n16-k8,random_search,87,0.3078410450129246,0.6206144649424385,0.46030888092876004,410.92958652172695,22.322138865157115
15,1,16.4,8.138795979750322,35,48.0,0.006944444444444444,10,0.1,431.2331839865964,471.34297857975787,15.966304250249992,0.07538696430796589,0,1.89208377322234,0,0,0,0.1,0.07538696430796589,P-n16-k8,random_search,88,0.4821857516050677,0.7558378446002938,0.5079883661453946,418.2483350718597,12.984848914736688
15,1,16.4,8.138795979750322,35,48.0,0.006944444444444444,50,0.5,410.9295865217269,445.8644893398632,16.390255636779404,0.0,19,1.7388714902101645,0,0,0,0.1,0.0,P-n16-k8,random_search,89,0.7909947573031156,0.4887622172983552,0.3320404640704469,410.92958652172683,5.684341886080802e-14
15,1,16.4,8.138795979750322,35,48.0,0.006944444444444444,10,0.1,456.08238911651347,471.8217879652263,9.972708478670448,0.02732841081559894,5,1.8614194886889261,0,0,0,0.1,0.02732841081559894,P-n16-k8,random_search,90,0.2783824458138848,0.505186065554817,0.7253248297029593,418.24833507185963,37.83405404465384
15,1,16.4,8.138795979750322,35,48.0,0.006944444444444444,90,0.9,422.1814173187507,434.28304251076463,10.95868621118326,0.0004743869791692378,2,1.6044809566750498,0,0,0,0.1,0.0004743869791692378,P-n16-k8,random_search,91,0.33617884935795606,0.6616366792592747,0.40769758716638826,410.92958652172695,11.251830797023729
15,1,16.4,8.138795979750322,35,48.0,0.006944444444444444,90,0.9,432.6066996299501,445.1007654406104,9.306280657664727,0.0,19,1.884163601671645,0,0,0,0.1,0.0,P-n16-k8,random_search,92,0.53018051676369,0.28193924238316753,0.8617912505795482,410.929586521727,21.677113108223125
15,1,16.4,8.138795979750322,35,48.0,0.006944444444444444,80,0.8,430.8718140885569,450.07045310913827,9.13639684264167,0.0,16,1.8818025710131938,0,0,0,0.1,0.0,P-n16-k8,random_search,93,0.6802973542545835,0.2996964629662811,0.8942103092503941,410.92958652172706,19.942227566829843
15,1,16.4,8.138795979750322,35,48.0,0.006944444444444444,90,0.9,410.92958652172695,442.9276228735197,15.371034954675084,0.0,19,1.8382702138365692,0,0,0,0.1,0.0,P-n16-k8,random_search,94,0.24118215292192913,0.4596352952439463,0.6219459272884237,410.92958652172695,0.0
15,1,16.4,8.138795979750322,35,48.0,0.006944444444444444,5,0.05,446.1436147697742,480.7307594658212,14.45233732070072,0.0,0,1.9919371482180106,0,0,0,0.1,0.0,P-n16-k8,random_search,95,0.8674269895526359,0.4691425966826309,0.587194497914523,423.9144354364635,22.229179333310697
15,1,16.4,8.138795979750322,35,48.0,0.006944444444444444,40,0.4,430.871814088557,455.12087435279216,11.861275671634024,0.007236875810756932,7,1.7818850680636908,0,0,0,0.1,0.007236875810756932,P-n16-k8,random_search,96,0.8731277725199684,0.7310019959627927,0.9566076789756695,416.8743787813843,13.997435307172736
15,1,16.4,8.138795979750322,35,48.0,0.006944444444444444,20,0.2,439.817805539982,462.914914876514,11.003107096064232,0.01378978169728189,3,1.9682931620497928,0,0,0,0.1,0.01378978169728189,P-n16-k8,random_search,97,0.546429685580144,0.2074845400650499,0.9827622852172389,410.92958652172695,28.88821901825503
15,1,16.4,8.138795979750322,35,48.0,0.006944444444444444,60,0.6,422.89395444480584,444.6522582154274,10.908066066468978,0.0,18,1.6723947364936895,0,0,0,0.1,0.0,P-n16-k8,random_search,98,0.7920009790065893,0.22116864103272796,0.48668663263802836,418.2483350718597,4.6456193729461575
15,1,16.4,8.138795979750322,35,48.0,0.006944444444444444,80,0.8,410.92958652172695,444.36881205021916,12.809918024426471,0.0,19,1.8944767315702353,0,0,0,0.1,0.0,P-n16-k8,random_search,99,0.8884502160316541,0.26870366255489175,0.9744502441589709,410.9295865217269,5.684341886080802e-14
15,1,16.4,8.138795979750322,35,48.0,0.006944444444444444,10,0.1,438.9586885370385,472.7654203300114,11.162649558741174,0.0,9,1.7786041147833338,0,0,0,0.1,0.0,P-n16-k8,random_search,100,0.2539425414395896,0.40413464273996136,0.967992676970403,410.929586521727,28.02910201531148
15,1,16.4,8.138795979750322,35,48.0,0.006944444444444444,50,0.5,435.2256805943561,454.3687051267543,11.493978702536927,0.0,9,1.8959882092857976,0,0,0,0.1,0.0,P-n16-k8,random_search,101,0.7738561052909895,0.3375092369222029,0.31122540422307876,416.8743787813843,18.351301812971826
15,1,16.4,8.138795979750322,35,48.0,0.006944444444444444,90,0.9,425.3420020630574,448.873329505954,11.578044041587457,0.0,18,1.6723290379548712,0,0,0,0.1,0.0,P-n16-k8,random_search,102,0.17437748054008856,0.2792107961954389,0.6428399504797724,410.92958652172695,14.41241554133046
15,1,16.4,8.138795979750322,35,48.0,0.006944444444444444,60,0.6,416.87437878138434,447.9359823806323,11.081711125280993,0.0,19,1.5817391514660457,0,0,0,0.1,0.0,P-n16-k8,random_search,103,0.35383181121226126,0.2730153938852422,0.8334969083842336,410.929586521727,5.9447922596573335
15,1,16.4,8.138795979750322,35,48.0,0.006944444444444444,70,0.7,410.929586521727,439.22588219604984,13.62929762911035,0.0,11,1.616377327398163,0,0,0,0.1,0.0,P-n16-k8,random_search,104,0.19159026307179616,0.7194197007035226,0.5495851882407711,410.929586521727,0.0
15,1,16.4,8.138795979750322,35,48.0,0.006944444444444444,70,0.7,416.8743787813844,451.9657150650802,12.479514222002564,0.0,18,1.8526751855096761,0,0,0,0.1,0.0,P-n16-k8,random_search,105,0.7993616219536707,0.28655108941698293,0.7717477962993216,410.92958652172706,5.9447922596573335
15,1,16.4,8.138795979750322,35,48.0,0.006944444444444444,40,0.4,437.8852696097495,454.3087696355662,10.666237775288039,0.0,19,1.7882578083663858,0,0,0,0.1,0.0,P-n16-k8,random_search,106,0.7127563082058301,0.5393701618180995,0.8813638009958558,418.24833507185963,19.636934537889886
15,1,16.4,8.138795979750322,35,48.0,0.006944444444444444,30,0.3,418.2483350718598,454.1126746083194,13.75470074287743,0.01667756054372536,7,1.858957608206957,0,0,0,0.1,0.01667756054372536,P-n16-k8,random_search,107,0.21621786083692174,0.7045950259633655,0.8565217562322014,410.92958652172695,7.318748550132852
15,1,16.4,8.138795979750322,35,48.0,0.006944444444444444,10,0.1,437.80969458449147,465.17228712250505,13.546886552340577,0.041623113945264655,0,2.115881248099856,0,0,0,0.1,0.041623113945264655,P-n16-k8,random_search,108,0.2062249646650708,0.5094804288415937,0.3520993153942642,410.9295865217269,26.880108062764577
15,1,16.4,8.138795979750322,35,48.0,0.006944444444444444,60,0.6,416.8743787813844,448.48947231027466,11.83006811602459,0.0,14,1.679359746266909,0,0,0,0.1,0.0,P-n16-k8,random_search,109,0.6414012674905643,0.5078133390004007,0.9510030972570191,410.92958652172695,5.944792259657447
15,1,16.4,8.138795979750322,35,48.0,0.006944444444444444,70,0.7,418.24833507185963,440.3031607310718,16.495004720454926,0.0,19,1.51264806749794,0,0,0,0.1,0.0,P-n16-k8,random_search,110,0.5948253431317422,0.7215248187665337,0.8821891811318481,418.2483350718596,5.684341886080802e-14
15,1,16.4,8.138795979750322,35,48.0,0.006944444444444444,5,0.05,452.7830824765196,477.9716979493355,11.313973272474193,0.0,4,1.770831245839569,0,0,0,0.1,0.0,P-n16-k8,random_search,111,0.8649232203063303,0.41355611373438894,0.8814662123276622,410.929586521727,41.853495954792606
15,1,16.4,8.138795979750322,35,48.0,0.006944444444444444,40,0.4,435.87880335954253,459.871947389266,11.3078573472157,0.004571204398771787,5,1.76778867392432,0,0,0,0.1,0.004571204398771787,P-n16-k8,random_search,112,0.773126495319375,0.635065720022536,0.7370270723510879,410.929586521727,24.949216837815527
15,1,16.4,8.138795979750322,35,48.0,0.006944444444444444,40,0.4,437.6264469146435,455.44952174698744,10.304438147741234,0.0,15,1.8137221783308204,0,0,0,0.1,0.0,P-n16-k8,random_search,113,0.3153083382448234,0.2506132738399395,0.6627449954005948,422.8939544448058,14.732492469837723
15,1,16.4,8.138795979750322,35,48.0,0.006944444444444444,5,0.05,456.02699486215926,483.2300729017153,16.55231855883612,0.0,4,1.917466274256325,0,0,0,0.1,0.0,P-n16-k8,random_search,114,0.6880995051119511,0.39004504265799805,0.7340851701208895,410.929586521727,45.09740834043225
15,1,16.4,8.138795979750322,35,48.0,0.006944444444444444,80,0.8,410.929586521727,442.5671310027202,12.935152486009047,0.0,19,1.7318942855960837,0,0,0,0.1,0.0,P-n16-k8,random_search,115,0.8410524369539807,0.31261179589876553,0.8637174518309729,410.929586521727,0.0
15,1,16.4,8.138795979750322,35,48.0,0.006944444444444444,50,0.5,441.6821411233356,456.8189147103082,8.085526264264736,0.0012720389746314518,6,1.7933317968335674,0,0,0,0.1,0.0012720389746314518,P-n16-k8,random_search,116,0.4836767391212692,0.4575559692611253,0.4388512776059693,410.929586521727,30.752554601608608
15,1,16.4,8.138795979750322,35,48.0,0.006944444444444444,40,0.4,418.2483350718597,444.03486072083814,12.40441336683832,0.0,15,1.4703076399021224,0,0,0,0.1,0.0,P-n16-k8,random_search,117,0.18566472415102464,0.391977234585977,0.5194620402921843,410.929586521727,7.318748550132682
15,1,16.4,8.138795979750322,35,48.0,0.006944444444444444,90,0.9,424.9049139308224,442.2712394036713,10.709210293320805,0.0,19,1.7861340107196793,0,0,0,0.1,0.0,P-n16-k8,random_search,118,0.8495920132065677,0.4240813170277865,0.3664084435466806,410.92958652172695,13.975327409095428
15,1,16.4,8.138795979750322,35,48.0,0.006944444444444444,60,0.6,410.92958652172695,434.4152837867276,15.366942135934512,0.0,13,1.262762802340243,0,0,0,0.1,0.0,P-n16-k8,random_search,119,0.7664853803058682,0.200181671982819,0.7775434916677605,410.92958652172695,0.0
15,1,16.4,8.138795979750322,35,48.0,0.006944444444444444,40,0.4,432.6066996299501,456.34511997688685,12.035291730870714,0.0,19,1.6827367272640794,0,0,0,0.1,0.0,P-n16-k8,random_search,120,0.4107196129035956,0.35295593341081755,0.7280651054964596,416.87437878138434,15.732320848565791
15,1,16.4,8.138795979750322,35,48.0,0.006944444444444444,90,0.9,424.156488979281,444.25206529442494,9.82385573427051,0.0,18,1.503236752759868,0,0,0,0.1,0.0,P-n16-k8,random_search,121,0.41581102476835585,0.414023346657596,0.44910068401963754,410.92958652172695,13.226902457554047
15,1,16.4,8.138795979750322,35,48.0,0.006944444444444444,70,0.7,410.92958652172706,442.71612600728366,14.680860178317245,0.0,16,1.743946626921292,0,0,0,0.1,0.0,P-n16-k8,random_search,122,0.5644413821780118,0.3828572429966332,0.9506301499222265,410.92958652172695,1.1368683772161603e-13
15,1,16.4,8.138795979750322,35,48.0,0.006944444444444444,5,0.05,451.0842799920479,485.1800133841586,12.28824415110807,0.0,2,1.9821600465672922,0,0,0,0.1,0.0,P-n16-k8,random_search,123,0.845793127158043,0.7532624129656564,0.8973232722076043,410.929586521727,40.15469347032092
15,1,16.4,8.138795979750322,35,48.0,0.006944444444444444,90,0.9,429.7068497349121,446.4374483781543,11.231627761898396,0.0,19,1.9919229559258558,0,0,0,0.1,0.0,P-n16-k8,random_search,124,0.5306074296992146,0.3861118375788229,0.6679673579289345,410.9295865217269,18.777263213185222
15,1,16.4,8.138795979750322,35,48.0,0.006944444444444444,30,0.3,444.7113665222542,461.92655689657096,10.087552957562036,0.007645191182167937,5,1.9745336875200346,0,0,0,0.1,0.007645191182167937,P-n16-k8,random_search,125,0.628689823873828,0.25068080956384253,0.9369822072124756,416.87437878138434,27.83698774086986
15,1,16.4,8.138795979750322,35,48.0,0.006944444444444444,70,0.7,418.24833507185963,445.0491599336357,11.741521097723643,0.0,19,1.631726722427747,0,0,0,0.1,0.0,P-n16-k8,random_search,126,0.6259219203159433,0.20980009946174544,0.363344161511178,410.929586521727,7.318748550132625
15,1,16.4,8.138795979750322,35,48.0,0.006944444444444444,10,0.1,448.60288094856804,475.8396174350888,12.273013795295615,0.05450503678648468,7,2.0598853864000217,0,0,0,0.1,0.05450503678648468,P-n16-k8,random_search,127,0.1742051779162143,0.5959716915519622,0.7074945194937872,422.1814173187507,26.421463629817367
15,1,16.4,8.138795979750322,35,48.0,0.006944444444444444,60,0.6,422.38178974004165,444.8065076978237,12.599542249322484,0.0,17,1.6511335557355773,0,0,0,0.1,0.0,P-n16-k8,random_search,128,0.18652954476996575,0.5704058823076558,0.6280517631680894,410.92958652172695,11.452203218314708
15,1,16.4,8.138795979750322,35,48.0,0.006944444444444444,60,0.6,433.251725386884,456.4655716961115,10.520509700594776,0.0,19,2.0491279898547328,0,0,0,0.1,0.0,P-n16-k8,random_search,129,0.20517854006391145,0.7080479281826706,0.5382725381308513,416.87437878138434,16.377346605499667
15,1,16.4,8.138795979750322,35,48.0,0.006944444444444444,50,0.5,424.9049139308224,451.0448226749845,12.51124676808041,0.0,19,1.596046067508371,0,0,0,0.1,0.0,P-n16-k8,random_search,130,0.6590566265576288,0.7526256207105029,0.8634170898292586,410.92958652172695,13.975327409095428
15,1,16.4,8.138795979750322,35,48.0,0.006944444444444444,20,0.2,430.1200582035517,463.8320053293249,14.179412625533407,0.03191117911876934,1,1.8391647444754307,0,0,0,0.1,0.03191117911876934,P-n16-k8,random_search,131,0.6332582997974886,0.6695619332045106,0.3078443885557625,410.92958652172706,19.190471681824647
15,1,16.4,8.138795979750322,35,48.0,0.006944444444444444,10,0.1,447.24140124814994,467.5798401136088,12.42379988488081,0.049653055512106484,3,1.9995140213872054,0,0,0,0.1,0.049653055512106484,P-n16-k8,random_search,132,0.6280454075733595,0.35426850345380656,0.42119517970594933,410.9295865217269,36.31181472642305
15,1,16.4,8.138795979750322,35,48.0,0.006944444444444444,20,0.2,439.5462029569292,458.8948543663164,10.61825341811485,0.0,11,1.7860823011008877,0,0,0,0.1,0.0,P-n16-k8,random_search,133,0.43240386048472845,0.6370443746920674,0.9618798050855693,410.92958652172695,28.616616435202275
15,1,16.4,8.138795979750322,35,48.0,0.006944444444444444,90,0.9,424.193127331517,443.38417064232334,11.81078888779203,0.0,19,1.6737418103331652,0,0,0,0.1,0.0,P-n16-k8,random_search,134,0.4333805237489975,0.4296074273893812,0.6873236320800743,416.8743787813842,7.318748550132796
15,1,16.4,8.138795979750322,35,48.0,0.006944444444444444,30,0.3,422.1814173187505,456.95661755684944,14.60172399650037,0.037038052867183965,3,1.9203628162931006,0,0,0,0.1,0.037038052867183965,P-n16-k8,random_search,135,0.5477776903429343,0.5555687141481525,0.3758783958788611,410.92958652172695,11.251830797023558
15,1,16.4,8.138795979750322,35,48.0,0.006944444444444444,80,0.8,423.91443543646363,442.7137306022256,13.515046364190049,0.011470650937819024,5,1.6036875243383877,0,0,0,0.1,0.011470650937819024,P-n16-k8,random_search,136,0.6547807894492085,0.5176688161729626,0.9838377640552383,410.92958652172695,12.984848914736688
15,1,16.4,8.138795979750322,35,48.0,0.006944444444444444,70,0.7,428.83874670446323,444.26592187792085,11.595649475444024,0.0,19,1.5358238774113264,0,0,0,0.1,0.0,P-n16-k8,random_search,137,0.5130661166627629,0.25252402220084547,0.5629170950490594,416.87437878138434,11.964367923078896
15,1,16.4,8.138795979750322,35,48.0,0.006944444444444444,20,0.2,448.13746310357357,469.4973563059478,12.52527471525835,0.0,18,1.8481707867258128,0,0,0,0.1,0.0,P-n16-k8,random_search,138,0.21226591584569593,0.5204611160647785,0.801092835627941,410.92958652172695,37.20787658184662
15,1,16.4,8.138795979750322,35,48.0,0.006944444444444444,20,0.2,432.2380109331257,461.072105233573,11.279271273654317,0.046522131790469816,2,1.6942882861285589,0,0,0,0.1,0.046522131790469816,P-n16-k8,random_search,139,0.14950358827480256,0.4348044493997709,0.497994088657575,410.929586521727,21.308424411398676
15,1,16.4,8.138795979750322,35,48.0,0.006944444444444444,5,0.05,453.5247812700004,478.4657861088428,11.651142621029958,0.0,2,1.9556691942553945,0,0,0,0.1,0.0,P-n16-k8,random_search,140,0.12759342330747991,0.2613068215616958,0.8708578827695548,410.92958652172706,42.59519474827334
15,1,16.4,8.138795979750322,35,48.0,0.006944444444444444,30,0.3,438.17029899107763,461.77870686579024,9.567878795790522,0.0,10,1.698694753192918,0,0,0,0.1,0.0,P-n16-k8,random_search,141,0.21775337826528257,0.7771158323131986,0.7403787272253943,410.92958652172695,27.240712469350683
15,1,16.4,8.138795979750322,35,48.0,0.006944444444444444,50,0.5,432.1819373336541,453.17760574325894,10.657760852724671,0.0,18,1.8520390584824584,0,0,0,0.1,0.0,P-n16-k8,random_search,142,0.7962779797559221,0.7960616399793699,0.8129452445710792,410.92958652172695,21.25235081192716
15,1,16.4,8.138795979750322,35,48.0,0.006944444444444444,30,0.3,433.30533572300243,459.75852717061406,10.254216422437763,0.02838280200508039,6,1.7778150283709684,0,0,0,0.1,0.02838280200508039,P-n16-k8,random_search,143,0.4953570237296038,0.2889003959370875,0.8152256560077926,418.2483350718597,15.057000651142744
15,1,16.4,8.138795979750322,35,48.0,0.006944444444444444,70,0.7,430.6030465133126,449.91547582811984,13.041430345341825,0.0,19,1.7783927089481533,0,0,0,0.1,0.0,P-n16-k8,random_search,144,0.648559366877824,0.7117027481974454,0.9653857631444593,410.92958652172695,19.673459991585673
15,1,16.4,8.138795979750322,35,48.0,0.006944444444444444,70,0.7,410.92958652172706,442.29119395455973,15.778646650704014,0.0,19,1.5914030938437866,0,0,0,0.1,0.0,P-n16-k8,random_search,145,0.3630474476366764,0.32021358664802324,0.3583213195609296,410.9295865217269,1.7053025658242404e-13
15,1,16.4,8.138795979750322,35,48.0,0.006944444444444444,5,0.05,449.50969902775074,479.2766060639842,16.38433088871351,0.0,4,1.981755166459152,0,0,0,0.1,0.0,P-n16-k8,random_search,146,0.691319308093606,0.3955600797118174,0.9056575222982257,418.2483350718598,31.261363955890943
15,1,16.4,8.138795979750322,35,48.0,0.006944444444444444,70,0.7,410.92958652172695,436.85342570908915,9.794592747726435,0.0,19,1.6493690443171103,0,0,0,0.1,0.0,P-n16-k8,random_search,147,0.12939294220825054,0.36105698401858366,0.456853074412166,410.9295865217269,5.684341886080802e-14
15,1,16.4,8.138795979750322,35,48.0,0.006944444444444444,10,0.1,438.1702989910777,475.12082707126365,17.86960144550542,0.05848240400883164,0,1.9316047458611758,0,0,0,0.1,0.05848240400883164,P-n16-k8,random_search,148,0.3136545382578053,0.22163480799924343,0.5835281736707855,410.92958652172695,27.24071246935074
15,1,16.4,8.138795979750322,35,48.0,0.006944444444444444,50,0.5,435.2486658862588,454.70161114557675,9.44936297983014,0.019099044282342246,1,2.0356570810604246,0,0,0,0.1,0.019099044282342246,P-n16-k8,random_search,149,0.5854461367635841,0.7580869774804779,0.7078616446399301,410.929586521727,24.319079364531774
15,1,16.4,8.138795979750322,35,48.0,0.006944444444444444,80,0.8,424.8631887835214,445.4210081747083,12.84265975268227,0.0011257136074344955,0,1.5780686638173296,0,0,0,0.1,0.0011257136074344955,P-n16-k8,random_search,150,0.5771012642435638,0.6793899947188439,0.7220759408943938,410.929586521727,13.93360226179442
15,1,16.4,8.138795979750322,35,48.0,0.006944444444444444,70,0.7,418.24833507185963,450.868993795186,13.9389168770962,0.0,19,1.8781713079916753,0,0,0,0.1,0.0,P-n16-k8,random_search,151,0.699688420331959,0.627531631385313,0.7450891086846502,410.929586521727,7.318748550132625
15,1,16.4,8.138795979750322,35,48.0,0.006944444444444444,10,0.1,451.21573709987445,473.0176279779208,8.757501076792103,0.059230956625112796,1,1.9560679069280578,0,0,0,0.1,0.059230956625112796,P-n16-k8,random_search,152,0.8719769747844198,0.6735629043708403,0.4270468433111497,418.2483350718597,32.96740202801476
15,1,16.4,8.138795979750322,35,48.0,0.006944444444444444,40,0.4,424.9049139308223,446.0978021792457,11.045170395976706,0.021498403587979078,2,1.5191066903579682,0,0,0,0.1,0.021498403587979078,P-n16-k8,random_search,153,0.7004893624231742,0.2420869007813249,0.90724379597239,410.9295865217269,13.975327409095428
15,1,16.4,8.138795979750322,35,48.0,0.006944444444444444,80,0.8,418.2483350718597,440.82065255510634,12.520093679145821,1.3590829680416562e-16,2,1.541535428253496,0,0,0,0.1,1.3590829680416562e-16,P-n16-k8,random_search,154,0.8704666697482891,0.7317416275014774,0.7071091931672114,418.24833507185963,5.684341886080802e-14
15,1,16.4,8.138795979750322,35,48.0,0.006944444444444444,10,0.1,440.25874008298445,470.39748971722366,16.34779322613507,0.0644824539344457,3,1.6636854009023956,0,0,0,0.1,0.0644824539344457,P-n16-k8,random_search,155,0.3408319858084413,0.662760457683891,0.49334827135628934,410.92958652172695,29.3291535612575
15,1,16.4,8.138795979750322,35,48.0,0.006944444444444444,10,0.1,456.82413772183895,475.43945045015164,11.908813295221822,0.012218935998921572,0,2.110719001402508,0,0,0,0.1,0.012218935998921572,P-n16-k8,random_search,156,0.4282322032204633,0.7186309523102621,0.45828963327425976,410.92958652172695,45.894551200112005
15,1,16.4,8.138795979750322,35,48.0,0.006944444444444444,5,0.05,443.2810170789305,477.03419209485776,15.857288575364537,0.0,2,1.8652456078894006,0,0,0,0.1,0.0,P-n16-k8,random_search,157,0.5726935571215932,0.7425876353084464,0.7986158810518449,410.9295865217269,32.35143055720363
15,1,16.4,8.138795979750322,35,48.0,0.006944444444444444,70,0.7,430.6030465133126,449.2345574932362,15.434410360678395,0.0,19,1.7379052228243415,0,0,0,0.1,0.0,P-n16-k8,random_search,158,0.4311281587486451,0.21851755088625016,0.4813862611026836,410.92958652172695,19.673459991585673
15,1,16.4,8.138795979750322,35,48.0,0.006944444444444444,40,0.4,427.58258556060025,449.4615885799223,12.707431294134183,0.005899452012419077,5,1.7427126691787165,0,0,0,0.1,0.005899452012419077,P-n16-k8,random_search,159,0.8928953297562616,0.2731560042454157,0.9948083862445405,410.92958652172695,16.652999038873304
15,1,16.4,8.138795979750322,35,48.0,0.006944444444444444,10,0.1,443.6795851518879,471.0935451920333,13.507235284279686,0.06300983633096942,2,1.8286754835087573,0,0,0,0.1,0.06300983633096942,P-n16-k8,random_search,160,0.24873103699920335,0.7743682290086191,0.5508735894949646,410.92958652172695,32.749998630160974
15,1,16.4,8.138795979750322,35,48.0,0.006944444444444444,30,0.3,444.3148606788598,458.76139663632773,7.8753354399650055,0.0,11,1.432354087957495,0,0,0,0.1,0.0,P-n16-k8,random_search,161,0.4040858570160568,0.30887396618237456,0.31240356495096266,422.38178974004154,21.933070938818275
15,1,16.4,8.138795979750322,35,48.0,0.006944444444444444,20,0.2,453.5247812700005,466.19267121224664,8.931140289419362,0.0,17,1.8596339260099481,0,0,0,0.1,0.0,P-n16-k8,random_search,162,0.3419949757456096,0.7986028857036711,0.7507331725289328,422.8939544448059,30.630826825194617
15,1,16.4,8.138795979750322,35,48.0,0.006944444444444444,20,0.2,447.190048517435,460.3219009824519,8.58957551682006,0.0,14,1.7587743387061814,0,0,0,0.1,0.0,P-n16-k8,random_search,163,0.5768534527876209,0.6622621317798584,0.5514268134887745,416.8743787813843,30.315669736050722
15,1,16.4,8.138795979750322,35,48.0,0.006944444444444444,5,0.05,447.66456197328984,476.68201451932157,15.359746988574388,0.0,0,2.0548894691036095,0,0,0,0.1,0.0,P-n16-k8,random_search,164,0.6933127275946649,0.20667912995498958,0.9704433100324521,410.92958652172695,36.73497545156289
15,1,16.4,8.138795979750322,35,48.0,0.006944444444444444,60,0.6,410.929586521727,443.77546741079385,12.601042203632456,0.0,19,1.2097540949245391,0,0,0,0.1,0.0,P-n16-k8,random_search,165,0.22125456424672674,0.5693482795082426,0.7864000322998499,410.9295865217269,1.1368683772161603e-13
15,1,16.4,8.138795979750322,35,48.0,0.006944444444444444,30,0.3,430.6030465133126,457.8298428033104,12.294675038166943,1.3200886366473356e-16,3,1.8874099765150931,0,0,0,0.1,1.3200886366473356e-16,P-n16-k8,random_search,166,0.3289827126812697,0.4936326615857309,0.46674017636161846,418.2483350718598,12.354711441452821
15,1,16.4,8.138795979750322,35,48.0,0.006944444444444444,10,0.1,445.5915485446867,464.65145355492876,11.612487075120367,0.07119253315798282,4,1.448889697882311,0,0,0,0.1,0.07119253315798282,P-n16-k8,random_search,167,0.19644948767451328,0.6733987508181618,0.6371886150626542,416.8743787813844,28.71716976330231
15,1,16.4,8.138795979750322,35,48.0,0.006944444444444444,70,0.7,416.87437878138434,439.1663244634553,13.231025870894994,0.0,19,1.4157354587498554,0,0,0,0.1,0.0,P-n16-k8,random_search,168,0.23544299054367174,0.6649834705580556,0.4594023112400629,416.8743787813843,5.684341886080802e-14
15,1,16.4,8.138795979750322,35,48.0,0.006944444444444444,60,0.6,428.83874670446323,448.7616381004667,10.927667563414547,0.0,16,1.5066599187267589,0,0,0,0.1,0.0,P-n16-k8,random_search,169,0.6400343425318422,0.5669012904549939,0.9243052013908131,416.8743787813842,11.96436792307901
15,1,16.4,8.138795979750322,35,48.0,0.006944444444444444,20,0.2,424.15648897928094,456.9985193203556,14.406123710934558,0.0696344934633846,4,1.6985347750382516,0,0,0,0.1,0.0696344934633846,P-n16-k8,random_search,170,0.6943269677975252,0.7294791572539452,0.4088761076001152,410.92958652172683,13.226902457554104
15,1,16.4,8.138795979750322,35,48.0,0.006944444444444444,80,0.8,418.2483350718598,444.48590010291457,12.021238951618276,0.0,19,1.7190373523977156,0,0,0,0.1,0.0,P-n16-k8,random_search,171,0.4111945695883842,0.32782818984453654,0.680473879210874,418.2483350718597,1.1368683772161603e-13
15,1,16.4,8.138795979750322,35,48.0,0.006944444444444444,60,0.6,416.87437878138434,447.5916974862624,17.630280484603,0.0,19,1.8617636662791914,0,0,0,0.1,0.0,P-n16-k8,random_search,172,0.2042977085216795,0.2671736012402476,0.6969526654387295,410.929586521727,5.9447922596573335
15,1,16.4,8.138795979750322,35,48.0,0.006944444444444444,60,0.6,418.2483350718597,440.2342806186633,17.826373789997344,0.0093160951324404,0,1.6509380172811616,0,0,0,0.1,0.0093160951324404,P-n16-k8,random_search,173,0.14980834931703246,0.30212228018793974,0.7266930568644718,410.92958652172695,7.318748550132739
15,1,16.4,8.138795979750322,35,48.0,0.006944444444444444,90,0.9,418.24833507185963,434.4798656573901,13.715575348087182,0.0,19,1.596801551302216,0,0,0,0.1,0.0,P-n16-k8,random_search,174,0.6664170923549627,0.7204583363021142,0.4626576494379996,410.92958652172695,7.318748550132682
15,1,16.4,8.138795979750322,35,48.0,0.006944444444444444,90,0.9,418.2483350718597,439.913207075655,13.963265301811836,0.0,19,1.6611094459385276,0,0,0,0.1,0.0,P-n16-k8,random_search,175,0.37578075251031373,0.7233855004079808,0.41020124473529257,410.9295865217269,7.318748550132796
15,1,16.4,8.138795979750322,35,48.0,0.006944444444444444,70,0.7,416.8743787813843,440.5127418998474,11.907118488853444,0.0,19,1.3627275298328663,0,0,0,0.1,0.0,P-n16-k8,random_search,176,0.24300178337005002,0.3704617503781388,0.640977630637334,410.9295865217269,5.94479225965739
15,1,16.4,8.138795979750322,35,48.0,0.006944444444444444,50,0.5,410.9295865217269,438.68943596778155,18.820141260017614,0.0,19,1.3382112398675317,0,0,0,0.1,0.0,P-n16-k8,random_search,177,0.7576218519494696,0.4790628179121581,0.3170631205811891,410.9295865217269,0.0
15,1,16.4,8.138795979750322,35,48.0,0.006944444444444444,20,0.2,445.73837517793856,465.0004678831559,12.77573985380737,0.015036538332370798,1,1.9475537151108382,0,0,0,0.1,0.015036538332370798,P-n16-k8,random_search,178,0.7182615093821005,0.5901468845878531,0.9292030810838865,422.38178974004154,23.356585437897024
15,1,16.4,8.138795979750322,35,48.0,0.006944444444444444,5,0.05,442.2395706267309,476.057792202125,18.76792104972379,0.0,1,1.9902265192665434,0,0,0,0.1,0.0,P-n16-k8,random_search,179,0.16648516825937082,0.7042356569623085,0.5165809018349502,410.9295865217269,31.30998410500399
15,1,16.4,8.138795979750322,35,48.0,0.006944444444444444,90,0.9,427.96108025700397,446.5271663913633,10.47249835649797,0.0,19,1.7602556141230117,0,0,0,0.1,0.0,P-n16-k8,random_search,180,0.7335591577447655,0.48390881944342246,0.38301771416744873,425.34200206305735,2.6190781939466206
15,1,16.4,8.138795979750322,35,48.0,0.006944444444444444,10,0.1,441.9409501186908,469.1272334464088,12.259951268778485,0.060028967219628235,0,1.8152364596990063,0,0,0,0.1,0.060028967219628235,P-n16-k8,random_search,181,0.25287567035508635,0.40015695025223863,0.9671864847563039,418.2483350718597,23.692615046831122
15,1,16.4,8.138795979750322,35,48.0,0.006944444444444444,50,0.5,431.23318398659626,450.73618445990286,12.334780724416222,0.008728094481588629,0,1.8142275350940373,0,0,0,0.1,0.008728094481588629,P-n16-k8,random_search,182,0.6494788059905255,0.5847084004432528,0.9469398274296823,410.929586521727,20.303597464869256
15,1,16.4,8.138795979750322,35,48.0,0.006944444444444444,10,0.1,444.84975123957065,474.9290407587865,12.810359784769911,0.0663600556264671,0,2.1562473377537956,0,0,0,0.1,0.0663600556264671,P-n16-k8,random_search,183,0.21481726471673498,0.33463191704189676,0.785067751949376,423.9144354364636,20.935315803107073
15,1,16.4,8.138795979750322,35,48.0,0.006944444444444444,70,0.7,410.92958652172695,439.7650572929971,18.608109049939728,0.0,19,1.6940872432698018,0,0,0,0.1,0.0,P-n16-k8,random_search,184,0.38806893567872347,0.5078023691410611,0.7510104312606455,410.92958652172695,0.0
15,1,16.4,8.138795979750322,35,48.0,0.006944444444444444,50,0.5,418.24833507185963,435.12396056228135,14.47328993144299,0.0,19,1.5200604773635655,0,0,0,0.1,0.0,P-n16-k8,random_search,185,0.8599555631350443,0.5267902395736122,0.3872897293543445,410.92958652172695,7.318748550132682
15,1,16.4,8.138795979750322,35,48.0,0.006944444444444444,40,0.4,427.58889700533814,455.0012958960293,13.286605991207862,0.004928831669497858,3,1.8418776106773784,0,0,0,0.1,0.004928831669497858,P-n16-k8,random_search,186,0.15665612671883658,0.665689915571487,0.6470730500360833,410.9295865217269,16.65931048361125
15,1,16.4,8.138795979750322,35,48.0,0.006944444444444444,70,0.7,410.929586521727,439.4962367588681,14.935112950489653,0.0,19,1.583958808029961,0,0,0,0.1,0.0,P-n16-k8,random_search,187,0.2501800285353487,0.2254536294934807,0.9395410059980256,410.92958652172695,5.684341886080802e-14
15,1,16.4,8.138795979750322,35,48.0,0.006944444444444444,40,0.4,433.2517253868839,454.05920006835004,12.548918074281536,0.0,15,1.387729466987039,0,0,0,0.1,0.0,P-n16-k8,random_search,188,0.39892486599114985,0.6197090560408542,0.4688376094939013,410.9295865217269,22.322138865157
15,1,16.4,8.138795979750322,35,48.0,0.006944444444444444,40,0.4,437.39914563614815,457.5407683296065,13.550395715182256,0.0,19,1.5575910589305442,0,0,0,0.1,0.0,P-n16-k8,random_search,189,0.104625899291963,0.7479122118677646,0.563680809208571,410.92958652172695,26.4695591144212
15,1,16.4,8.138795979750322,35,48.0,0.006944444444444444,70,0.7,418.2483350718597,445.5500955490148,12.163790686942297,0.0,12,1.7232553986163441,0,0,0,0.1,0.0,P-n16-k8,random_search,190,0.8811632629224054,0.5924689129423611,0.5376557342654024,410.929586521727,7.318748550132682
15,1,16.4,8.138795979750322,35,48.0,0.006944444444444444,20,0.2,447.6502724561815,468.2889191041628,11.791141404500626,0.0,18,1.7709415202554968,0,0,0,0.1,0.0,P-n16-k8,random_search,191,0.6439307386718436,0.4825167173676716,0.5814965308696374,410.92958652172706,36.72068593445442
15,1,16.4,8.138795979750322,35,48.0,0.006944444444444444,50,0.5,428.8387467044631,447.45976832962526,12.967563856372236,0.0,19,1.5565087547769454,0,0,0,0.1,0.0,P-n16-k8,random_search,192,0.20206608139805882,0.24766644499387042,0.7977343184105455,410.92958652172695,17.909160182736173
15,1,16.4,8.138795979750322,35,48.0,0.006944444444444444,30,0.3,430.60304651331256,457.27600519537907,12.766792752972306,0.036627246340883414,2,1.6214942139143151,0,0,0,0.1,0.036627246340883414,P-n16-k8,random_search,193,0.36572185291883963,0.6473812954833218,0.3890808561717344,416.87437878138434,13.728667731928226
15,1,16.4,8.138795979750322,35,48.0,0.006944444444444444,60,0.6,422.89395444480596,447.53940879777144,10.561323654954826,0.0,19,1.6249309921365427,0,0,0,0.1,0.0,P-n16-k8,random_search,194,0.13964368919718143,0.3185441111015308,0.6624269834567091,410.92958652172695,11.96436792307901
15,1,16.4,8.138795979750322,35,48.0,0.006944444444444444,50,0.5,418.2483350718597,444.8855130466213,18.620896516512605,0.0,19,1.5230634032098935,0,0,0,0.1,0.0,P-n16-k8,random_search,195,0.4670142924805215,0.7166500481925029,0.8360170609679425,418.24833507185963,5.684341886080802e-14
15,1,16.4,8.138795979750322,35,48.0,0.006944444444444444,40,0.4,433.25172538688395,455.7668647565964,13.23943566887921,0.017567066735437877,1,1.9284900379002023,0,0,0,0.1,0.017567066735437877,P-n16-k8,random_search,196,0.8217374648626597,0.7146421373378578,0.5510344931073032,410.92958652172695,22.322138865157
15,1,16.4,8.138795979750322,35,48.0,0.006944444444444444,10,0.1,435.1662662334873,477.11836769836754,13.011881747504532,0.07224671164448661,4,1.8260457952507954,0,0,0,0.1,0.07224671164448661,P-n16-k8,random_search,197,0.6180041432270758,0.656241520779578,0.9058761322257265,410.929586521727,24.236679711760303
15,1,16.4,8.138795979750322,35,48.0,0.006944444444444444,40,0.4,416.8743787813843,441.15433269715925,17.088292724866285,2.7271246089510326e-16,1,1.616854959084819,0,0,0,0.1,2.7271246089510326e-16,P-n16-k8,random_search,198,0.3236064696218375,0.5337592299412967,0.3196932156226323,416.8743787813843,0.0
15,1,16.4,8.138795979750322,35,48.0,0.006944444444444444,50,0.5,424.1931273315171,447.0442143678706,11.946518441314119,0.010833021522998186,4,1.8352469003639544,0,0,0,0.1,0.010833021522998186,P-n16-k8,random_search,199,0.5349528888213806,0.6179635498149303,0.8917730307620304,410.9295865217269,13.263540809790186
15,1,16.4,8.138795979750322,35,48.0,0.006944444444444444,30,0.3,433.1329463162315,461.7728115640069,10.792705198939418,0.03607538131790737,0,1.6882637074525717,0,0,0,0.1,0.03607538131790737,P-n16-k8,random_search,200,0.5155461118092016,0.6289571098858333,0.7037317841667018,410.92958652172695,22.203359794504536
15,1,16.4,8.138795979750322,35,48.0,0.006944444444444444,70,0.7,424.156488979281,448.95623484303235,11.151518384441658,0.0,19,1.7274319863491359,0,0,0,0.1,0.0,P-n16-k8,random_search,201,0.1621894401823382,0.36908377339465426,0.39330465542762444,410.929586521727,13.22690245755399
15,1,16.4,8.138795979750322,35,48.0,0.006944444444444444,60,0.6,424.156488979281,448.5741957399424,12.966019609944007,0.0,19,1.7576507916432234,0,0,0,0.1,0.0,P-n16-k8,random_search,202,0.214377376126905,0.73010105378819,0.6415255516855984,416.87437878138434,7.282110197896657
15,1,16.4,8.138795979750322,35,48.0,0.006944444444444444,30,0.3,432.18702412871903,455.3424817527183,13.324930544884026,0.0,9,1.7788100145876313,0,0,0,0.1,0.0,P-n16-k8,random_search,203,0.26011976850764384,0.7254591564483943,0.5960819920702847,410.9295865217269,21.25743760699214
15,1,16.4,8.138795979750322,35,48.0,0.006944444444444444,30,0.3,424.15648897928105,453.77061129606545,14.027311441147033,0.03516567454551334,4,1.8756431287016813,0,0,0,0.1,0.03516567454551334,P-n16-k8,random_search,204,0.8041038685395817,0.6518062632512402,0.360058444231781,410.92958652172695,13.226902457554104
15,1,16.4,8.138795979750322,35,48.0,0.006944444444444444,40,0.4,422.1814173187507,449.5866322646234,12.431793855163583,0.017512944978192408,7,1.8074435716368142,0,0,0,0.1,0.017512944978192408,P-n16-k8,random_search,205,0.3833602352370379,0.23397933061589413,0.7946591235130028,410.92958652172695,11.251830797023729
15,1,16.4,8.138795979750322,35,48.0,0.006944444444444444,30,0.3,446.91478647067385,463.5646480682911,10.326437754746523,0.0,14,1.9898062883120908,0,0,0,0.1,0.0,P-n16-k8,random_search,206,0.6895273348285478,0.6513086579795966,0.3027532109930286,410.929586521727,35.98519994894684
15,1,16.4,8.138795979750322,35,48.0,0.006944444444444444,50,0.5,422.3817897400416,450.7630981577325,15.38606079713606,0.0,19,1.891675845438507,0,0,0,0.1,0.0,P-n16-k8,random_search,207,0.43251273903078313,0.23947523747246766,0.5803181645618841,410.92958652172706,11.452203218314537
15,1,16.4,8.138795979750322,35,48.0,0.006944444444444444,50,0.5,422.89395444480584,452.5577507271104,10.577139254038128,2.6883060523019845e-16,5,1.8465174284492925,0,0,0,0.1,2.6883060523019845e-16,P-n16-k8,random_search,208,0.6485797536948762,0.6835512554837967,0.9890330218149253,418.24833507185963,4.645619372946214
15,1,16.4,8.138795979750322,35,48.0,0.006944444444444444,60,0.6,425.3420020630573,453.24639286585887,15.993009804605927,2.672833559116391e-16,3,2.0421860546157466,0,0,0,0.1,2.672833559116391e-16,P-n16-k8,random_search,209,0.44491016036680053,0.7216983883684147,0.41150389451361286,410.92958652172695,14.412415541330347
15,1,16.4,8.138795979750322,35,48.0,0.006944444444444444,70,0.7,416.87437878138434,431.6790133203059,11.861896984220039,0.0,15,1.2866830998384022,0,0,0,0.1,0.0,P-n16-k8,random_search,210,0.2531154996871544,0.21503487001252714,0.90296482392211,410.92958652172695,5.94479225965739
15,1,16.4,8.138795979750322,35,48.0,0.006944444444444444,5,0.05,454.71621663076826,483.0166817092244,13.748530031605103,0.0,1,1.7838919846219914,0,0,0,0.1,0.0,P-n16-k8,random_search,211,0.8939362925405553,0.35638308196385127,0.7532593296302115,410.92958652172695,43.78663010904131
15,1,16.4,8.138795979750322,35,48.0,0.006944444444444444,50,0.5,433.0675066134995,450.73750638890397,12.630721566555131,0.0,16,1.629717103170646,0,0,0,0.1,0.0,P-n16-k8,random_search,212,0.14273619051681916,0.7205385009633269,0.989127274503933,410.92958652172695,22.13792009177257
15,1,16.4,8.138795979750322,35,48.0,0.006944444444444444,30,0.3,437.0732886484893,462.172566431667,12.82804513681307,0.03586092920467192,2,2.084664310022928,0,0,0,0.1,0.03586092920467192,P-n16-k8,random_search,213,0.18496801102557062,0.4896326251109536,0.3549287824515251,410.92958652172706,26.143702126762264
15,1,16.4,8.138795979750322,35,48.0,0.006944444444444444,5,0.05,457.66021783555317,481.3438048584718,9.781657004610315,0.0,2,2.0164224246351785,0,0,0,0.1,0.0,P-n16-k8,random_search,214,0.7152118041428824,0.2945078802722417,0.30203791051698287,422.18141731875056,35.47880051680261
15,1,16.4,8.138795979750322,35,48.0,0.006944444444444444,90,0.9,422.1814173187507,447.0750036819706,10.351092002146544,0.0,19,1.7352077495140208,0,0,0,0.1,0.0,P-n16-k8,random_search,215,0.6416247531704169,0.7574400555184908,0.8468629775626071,410.92958652172695,11.251830797023729
15,1,16.4,8.138795979750322,35,48.0,0.006944444444444444,10,0.1,438.5514918896076,463.5236081525346,13.317099757348567,0.035305146727225185,0,1.962939611190052,0,0,0,0.1,0.035305146727225185,P-n16-k8,random_search,216,0.7618132924907467,0.7599982099526541,0.3043315107714222,410.92958652172706,27.621905367880515
15,1,16.4,8.138795979750322,35,48.0,0.006944444444444444,5,0.05,449.4221297881014,477.9688525434919,14.522022415280851,0.0,1,1.7080824546904325,0,0,0,0.1,0.0,P-n16-k8,random_search,217,0.3291721679160162,0.5750791740879518,0.5691522183291411,410.929586521727,38.49254326637441
15,1,16.4,8.138795979750322,35,48.0,0.006944444444444444,60,0.6,436.69479395208555,456.30745574873106,9.571489898219186,0.0,19,1.6176333767884892,0,0,0,0.1,0.0,P-n16-k8,random_search,218,0.28322100478770607,0.2310634507840256,0.7001271611111599,416.8743787813843,19.820415170701267
15,1,16.4,8.138795979750322,35,48.0,0.006944444444444444,50,0.5,422.8939544448059,446.5104816428566,10.58082504260291,0.022451675375000615,7,1.5663886430586131,0,0,0,0.1,0.022451675375000615,P-n16-k8,random_search,219,0.7350289010980572,0.6955494158246461,0.9456969904817603,410.9295865217269,11.96436792307901
15,1,16.4,8.138795979750322,35,48.0,0.006944444444444444,5,0.05,440.94592917174066,479.50959190473475,17.395217289683956,0.0,1,1.9927492043766737,0,0,0,0.1,0.0,P-n16-k8,random_search,220,0.1881344906683393,0.701206008246726,0.8917949356203241,410.92958652172695,30.016342650013712
15,1,16.4,8.138795979750322,35,48.0,0.006944444444444444,50,0.5,422.8939544448059,453.47617656456504,11.13394806971495,0.027713931980590842,4,1.539800556036391,0,0,0,0.1,0.027713931980590842,P-n16-k8,random_search,221,0.6685005053881895,0.3098036223903706,0.8198376065765676,410.929586521727,11.964367923078896
15,1,16.4,8.138795979750322,35,48.0,0.006944444444444444,60,0.6,422.1814173187506,443.19645215631573,10.137246341615025,0.0,18,1.7870167833045418,0,0,0,0.1,0.0,P-n16-k8,random_search,222,0.4587476308334594,0.20357299807866588,0.42208648261112924,410.92958652172695,11.251830797023672
15,1,16.4,8.138795979750322,35,48.0,0.006944444444444444,30,0.3,422.1814173187506,457.304141805325,13.88553519056227,0.0,13,1.7714245054507574,0,0,0,0.1,0.0,P-n16-k8,random_search,223,0.7523175153156471,0.3406168612369941,0.7909318897724742,410.929586521727,11.251830797023615
15,1,16.4,8.138795979750322,35,48.0,0.006944444444444444,90,0.9,428.83343406913815,448.9245632642801,10.893764076711463,0.0,14,1.9215057345173336,0,0,0,0.1,0.0,P-n16-k8,random_search,224,0.32664790380738995,0.34169608087072434,0.3603989996713385,416.8743787813843,11.95905528775387
15,1,16.4,8.138795979750322,35,48.0,0.006944444444444444,20,0.2,410.92958652172695,460.7335459122202,16.709604403132534,0.0424324065800194,6,2.057493688231731,0,0,0,0.1,0.0424324065800194,P-n16-k8,random_search,225,0.18719862120697606,0.48654572852431094,0.5800181831285671,410.92958652172695,0.0
15,1,16.4,8.138795979750322,35,48.0,0.006944444444444444,70,0.7,410.929586521727,444.1134542419833,17.503577480045884,0.0,19,1.5763683457883124,0,0,0,0.1,0.0,P-n16-k8,random_search,226,0.49431151931015804,0.2827621323682302,0.696528679327943,410.92958652172695,5.684341886080802e-14
15,1,16.4,8.138795979750322,35,48.0,0.006944444444444444,50,0.5,425.34200206305735,451.135937070134,9.296830395492119,0.0,17,1.7349814131970989,0,0,0,0.1,0.0,P-n16-k8,random_search,227,0.2600440375411658,0.43206831360578046,0.58037898638473,410.92958652172706,14.41241554133029
15,1,16.4,8.138795979750322,35,48.0,0.006944444444444444,60,0.6,422.89395444480584,438.7734505164917,13.710809897551718,0.0,19,1.7013394245920495,0,0,0,0.1,0.0,P-n16-k8,random_search,228,0.504633821704103,0.7362706242878838,0.8405145731052726,410.9295865217269,11.964367923078953
15,1,16.4,8.138795979750322,35,48.0,0.006944444444444444,90,0.9,418.24833507185963,442.5651316148116,14.308729725348758,0.0,19,1.543823348671859,0,0,0,0.1,0.0,P-n16-k8,random_search,229,0.4196604311028195,0.367488595421282,0.8263169682095282,410.9295865217269,7.318748550132739
15,1,16.4,8.138795979750322,35,48.0,0.006944444444444444,5,0.05,455.2748538015834,480.2197268665842,15.980365019056583,0.0,2,2.0552064464129765,0,0,0,0.1,0.0,P-n16-k8,random_search,230,0.36691588499329375,0.7573471820205218,0.3477707726684396,422.38178974004165,32.893064061541736
15,1,16.4,8.138795979750322,35,48.0,0.006944444444444444,70,0.7,416.8743787813843,443.0965039350991,14.37911101430281,0.0,19,1.3050886885018351,0,0,0,0.1,0.0,P-n16-k8,random_search,231,0.7147046503725837,0.6280271433837863,0.868874402074397,410.929586521727,5.944792259657277
15,1,16.4,8.138795979750322,35,48.0,0.006944444444444444,20,0.2,442.25570015166596,463.7935165899891,9.402744474398954,0.026688641858271463,4,2.0131019032837965,0,0,0,0.1,0.026688641858271463,P-n16-k8,random_search,232,0.7102301018028461,0.5791708392452393,0.3944203614051787,410.929586521727,31.32611362993896
15,1,16.4,8.138795979750322,35,48.0,0.006944444444444444,50,0.5,424.86318878352137,445.42836918783206,13.497076289969517,0.0,19,1.6862302123846895,0,0,0,0.1,0.0,P-n16-k8,random_search,233,0.7278894377180676,0.7236495452588461,0.7894347539007136,410.92958652172695,13.93360226179442
15,1,16.4,8.138795979750322,35,48.0,0.006944444444444444,20,0.2,435.27222194154007,457.4236955261358,13.165125758538453,0.031855377126687706,1,1.7965147635132093,0,0,0,0.1,0.031855377126687706,P-n16-k8,random_search,234,0.35850456548706666,0.30940730620682005,0.5235136082207184,416.8743787813843,18.397843160155787
15,1,16.4,8.138795979750322,35,48.0,0.006944444444444444,5,0.05,446.4297920561406,475.319309937609,15.238334256603881,0.0,1,1.9498494766331276,0,0,0,0.1,0.0,P-n16-k8,random_search,235,0.3797921850335816,0.5053893674130476,0.9129136406303162,410.92958652172695,35.50020553441368
15,1,16.4,8.138795979750322,35,48.0,0.006944444444444444,30,0.3,435.2486658862588,451.1257303795176,11.440496176067464,0.0,19,1.5435402851310913,0,0,0,0.1,0.0,P-n16-k8,random_search,236,0.30820971616607584,0.2146282144158332,0.6862124903355326,410.929586521727,24.319079364531774
15,1,16.4,8.138795979750322,35,48.0,0.006944444444444444,90,0.9,436.2999013502742,450.93982222248377,10.035633538878322,0.0,19,1.604824577058791,0,0,0,0.1,0.0,P-n16-k8,random_search,237,0.16861758670337573,0.31675494515378233,0.620704302957388,410.9295865217269,25.370314828547293
15,1,16.4,8.138795979750322,35,48.0,0.006944444444444444,60,0.6,422.89395444480584,444.9604465957398,11.864605931876838,0.0,19,1.4505281587502128,0,0,0,0.1,0.0,P-n16-k8,random_search,238,0.38898670577273764,0.7774066014974212,0.852892870417697,410.92958652172695,11.964367923078896
15,1,16.4,8.138795979750322,35,48.0,0.006944444444444444,70,0.7,418.2483350718597,441.69347686053254,18.053077429242364,0.0,19,1.8138408548873606,0,0,0,0.1,0.0,P-n16-k8,random_search,239,0.7191629662404633,0.623311902528495,0.5977099801115509,418.24833507185963,5.684341886080802e-14
15,1,16.4,8.138795979750322,35,48.0,0.006944444444444444,40,0.4,438.50334504428474,459.9204510342162,9.236277356757112,0.0,13,1.8327381669423992,0,0,0,0.1,0.0,P-n16-k8,random_search,240,0.12272427671084395,0.4109391240123812,0.6046121743887891,416.87437878138434,21.628966262900406
15,1,16.4,8.138795979750322,35,48.0,0.006944444444444444,50,0.5,422.89395444480584,453.40655862735076,10.14786035057783,0.04099824024217216,7,1.8958717505487854,0,0,0,0.1,0.04099824024217216,P-n16-k8,random_search,241,0.285974608041794,0.7240322292044341,0.4329253593123943,418.24833507185963,4.645619372946214
15,1,16.4,8.138795979750322,35,48.0,0.006944444444444444,60,0.6,428.83343406913826,445.9804526337028,11.559631347980105,0.0,15,1.672718477848349,0,0,0,0.1,0.0,P-n16-k8,random_search,242,0.3698874604528597,0.7666203497726072,0.3189338993066195,410.92958652172695,17.903847547411317
15,1,16.4,8.138795979750322,35,48.0,0.006944444444444444,60,0.6,442.0405461200984,456.50996805370175,10.805136342835993,0.0,19,1.7415903602392422,0,0,0,0.1,0.0,P-n16-k8,random_search,243,0.3218923555930884,0.5486036373366623,0.5343719148019119,418.24833507185963,23.792211048238755
15,1,16.4,8.138795979750322,35,48.0,0.006944444444444444,80,0.8,422.38178974004165,447.3383273531046,10.80674193381941,0.0,19,1.6803555543928927,0,0,0,0.1,0.0,P-n16-k8,random_search,244,0.41902665382290305,0.24577474247734254,0.33373046301880016,410.92958652172695,11.452203218314708
15,1,16.4,8.138795979750322,35,48.0,0.006944444444444444,80,0.8,416.87437878138434,440.086091490656,14.870356000984092,0.0,19,1.295334359158924,0,0,0,0.1,0.0,P-n16-k8,random_search,245,0.5810600097005174,0.7255316164692505,0.38094910352266975,416.8743787813842,1.1368683772161603e-13
15,1,16.4,8.138795979750322,35,48.0,0.006944444444444444,40,0.4,426.5871239665287,456.3682801277211,12.229797147950096,0.013292146324621135,6,1.9875462330706393,0,0,0,0.1,0.013292146324621135,P-n16-k8,random_search,246,0.18395676603478234,0.26510953275994975,0.5323703682527727,416.8743787813843,9.7127451851444
15,1,16.4,8.138795979750322,35,48.0,0.006944444444444444,30,0.3,438.17029899107774,455.36735405132305,10.685587815980078,0.018966323793677586,5,1.9286636932496755,0,0,0,0.1,0.018966323793677586,P-n16-k8,random_search,247,0.3008496479829237,0.3234954828227297,0.9288335059170922,410.92958652172695,27.240712469350797
15,1,16.4,8.138795979750322,35,48.0,0.006944444444444444,30,0.3,439.6024328719944,456.90329584710497,9.162854809409838,0.0020622668039455123,1,2.0041174137480575,0,0,0,0.1,0.0020622668039455123,P-n16-k8,random_search,248,0.8596633066552236,0.7878225840395117,0.7735671479078547,410.929586521727,28.672846350267378
15,1,16.4,8.138795979750322,35,48.0,0.006944444444444444,40,0.4,422.89395444480584,457.90530573105605,12.298622940651637,0.04283284818778303,4,1.6832478408153693,0,0,0,0.1,0.04283284818778303,P-n16-k8,random_search,249,0.850487650177015,0.5577678100185713,0.67303214087224,410.92958652172695,11.964367923078896
15,1,16.4,8.138795979750322,35,48.0,0.006944444444444444,20,0.2,424.86318878352154,459.74746227014094,14.336038999168084,0.0,13,1.9325429492322301,0,0,0,0.1,0.0,P-n16-k8,random_search,250,0.3328184693623588,0.22049468360681568,0.9902534071766387,410.92958652172706,13.933602261794476
15,1,16.4,8.138795979750322,35,48.0,0.006944444444444444,50,0.5,425.3420020630573,454.82136273440784,9.911194801177794,0.0,17,1.8376167104549044,0,0,0,0.1,0.0,P-n16-k8,random_search,251,0.8229490257237061,0.5212821111496415,0.30358122923435726,416.8743787813843,8.467623281673013
15,1,16.4,8.138795979750322,35,48.0,0.006944444444444444,90,0.9,416.8743787813843,438.09970435934076,12.997499710143577,0.0,19,1.5197578345320086,0,0,0,0.1,0.0,P-n16-k8,random_search,252,0.8572151810192936,0.6329919843209941,0.8530756474215371,410.92958652172706,5.94479225965722
15,1,16.4,8.138795979750322,35,48.0,0.006944444444444444,60,0.6,434.0342298896967,453.6653726625701,10.691027516066997,0.0,17,1.9805258746058734,0,0,0,0.1,0.0,P-n16-k8,random_search,253,0.7829453858208828,0.6783303324678789,0.8582942432731997,410.92958652172706,23.10464336796963
15,1,16.4,8.138795979750322,35,48.0,0.006944444444444444,80,0.8,410.92958652172695,435.4074928780325,12.826990444190626,0.017498571868489306,2,1.443009581124013,0,0,0,0.1,0.017498571868489306,P-n16-k8,random_search,254,0.19008839717224735,0.6502228946649358,0.34551362459983515,410.9295865217269,5.684341886080802e-14
15,1,16.4,8.138795979750322,35,48.0,0.006944444444444444,60,0.6,426.5871239665286,445.42504704806817,15.247008243250683,0.0,19,1.7087896005700263,0,0,0,0.1,0.0,P-n16-k8,random_search,255,0.41077831727506686,0.6930217310280251,0.5809563793116139,416.8743787813842,9.7127451851444
15,1,16.4,8.138795979750322,35,48.0,0.006944444444444444,60,0.6,410.9295865217269,442.8063138139655,15.722107057677093,0.014260392488101204,5,1.54995878564041,0,0,0,0.1,0.014260392488101204,P-n16-k8,random_search,256,0.6728330736915573,0.3741838115770628,0.519823214299017,410.92958652172683,5.684341886080802e-14
15,1,16.4,8.138795979750322,35,48.0,0.006944444444444444,40,0.4,442.30956714489855,456.6883257180998,9.03465738697866,0.008775993001448894,3,1.8486080127695714,0,0,0,0.1,0.008775993001448894,P-n16-k8,random_search,257,0.77131950929224,0.7286088911683408,0.8336672099674556,410.92958652172695,31.379980623171605
15,1,16.4,8.138795979750322,35,48.0,0.006944444444444444,5,0.05,461.66712320770137,482.0912659190133,11.512534422114731,0.0,0,1.898578172015503,0,0,0,0.1,0.0,P-n16-k8,random_search,258,0.2223607412286163,0.26570390027568036,0.4116028113151572,410.92958652172695,50.73753668597442
15,1,16.4,8.138795979750322,35,48.0,0.006944444444444444,20,0.2,441.1917618304574,464.5900359478498,12.032626803129851,0.0073743305076293285,3,1.8828793101753403,0,0,0,0.1,0.0073743305076293285,P-n16-k8,random_search,259,0.4563628749647667,0.47038880502497477,0.49561177460284966,410.929586521727,30.262175308730377
15,1,16.4,8.138795979750322,35,48.0,0.006944444444444444,5,0.05,437.0732886484893,484.382529892922,17.253680374886255,0.0,2,1.9080016013387748,0,0,0,0.1,0.0,P-n16-k8,random_search,260,0.46485110690168907,0.4835521112085051,0.8763337063943328,410.92958652172695,26.143702126762378
15,1,16.4,8.138795979750322,35,48.0,0.006944444444444444,80,0.8,428.12620957840795,444.969473845627,9.841015446894803,0.0,11,1.7774096407869395,0,0,0,0.1,0.0,P-n16-k8,random_search,261,0.43091675942336916,0.6580827511981591,0.34503061766651233,410.929586521727,17.19662305668095
15,1,16.4,8.138795979750322,35,48.0,0.006944444444444444,20,0.2,440.5560900119054,462.0851733536923,12.42761119524067,0.012366349094845856,5,1.6881754330334542,0,0,0,0.1,0.012366349094845856,P-n16-k8,random_search,262,0.5097497713409951,0.3552326875724757,0.933850580960079,410.92958652172695,29.626503490178436
15,1,16.4,8.138795979750322,35,48.0,0.006944444444444444,5,0.05,424.156488979281,477.10136712099546,18.447459207054372,0.0,2,1.841123550346848,0,0,0,0.1,0.0,P-n16-k8,random_search,263,0.48142386785632085,0.25252609868468545,0.6487206479789636,410.92958652172695,13.226902457554047
15,1,16.4,8.138795979750322,35,48.0,0.006944444444444444,50,0.5,410.929586521727,452.6288558702653,16.064318353073936,0.0306308250658279,1,1.7314776817401583,0,0,0,0.1,0.0306308250658279,P-n16-k8,random_search,264,0.3787249422372385,0.4455878131489384,0.4777972293981956,410.92958652172695,5.684341886080802e-14
15,1,16.4,8.138795979750322,35,48.0,0.006944444444444444,5,0.05,452.88214972885,477.6618735960311,12.844510905977337,0.0,1,1.8774450634391728,0,0,0,0.1,0.0,P-n16-k8,random_search,265,0.16042454967570655,0.6464163251451834,0.9266145963124242,410.92958652172695,41.952563207123035
15,1,16.4,8.138795979750322,35,48.0,0.006944444444444444,80,0.8,425.3420020630574,446.2237608419773,11.702475897028053,0.01316193545006737,1,1.7550754038392231,0,0,0,0.1,0.01316193545006737,P-n16-k8,random_search,266,0.5341951229356113,0.618580140278026,0.9956650281048067,416.8743787813843,8.467623281673127
15,1,16.4,8.138795979750322,35,48.0,0.006944444444444444,10,0.1,423.9144354364636,466.02006150320193,16.66092760206173,0.08624817667236374,0,1.7715764123361895,0,0,0,0.1,0.08624817667236374,P-n16-k8,random_search,267,0.6762425911394676,0.3761646801607082,0.7188340078925884,410.92958652172695,12.98484891473663
15,1,16.4,8.138795979750322,35,48.0,0.006944444444444444,30,0.3,433.13294631623154,451.3422330596729,10.384862710171191,0.0,18,1.555559686072789,0,0,0,0.1,0.0,P-n16-k8,random_search,268,0.26050157674586255,0.7328719628115614,0.3938448827281133,410.92958652172695,22.203359794504593
15,1,16.4,8.138795979750322,35,48.0,0.006944444444444444,60,0.6,428.12620957840795,450.1127491238714,15.977148278368857,1.3277257404252497e-16,1,1.5436227170249774,0,0,0,0.1,1.3277257404252497e-16,P-n16-k8,random_search,269,0.550818412198792,0.7082732272379575,0.7007092408983049,416.87437878138434,11.251830797023615
15,1,16.4,8.138795979750322,35,48.0,0.006944444444444444,90,0.9,434.6408404412418,451.89382635966615,9.583176721531272,0.0,19,1.7804039842041062,0,0,0,0.1,0.0,P-n16-k8,random_search,270,0.2958708650690949,0.3975939241957135,0.4319301026697942,424.15648897928105,10.484351461960728
15,1,16.4,8.138795979750322,35,48.0,0.006944444444444444,70,0.7,434.6408404412416,451.4589181925213,11.505705157412129,0.0,19,1.877329693989325,0,0,0,0.1,0.0,P-n16-k8,random_search,271,0.2926712881209344,0.782942508480875,0.6277064865031521,418.2483350718597,16.392505369381922
15,1,16.4,8.138795979750322,35,48.0,0.006944444444444444,60,0.6,410.92958652172706,444.7391184097366,13.959393651278127,0.0,19,1.6601422893219906,0,0,0,0.1,0.0,P-n16-k8,random_search,272,0.8685428565279891,0.7958444045598299,0.8933275039749642,410.92958652172706,0.0
15,1,16.4,8.138795979750322,35,48.0,0.006944444444444444,30,0.3,433.8692341644254,454.0753615085247,11.792913561873913,0.018485435391374743,0,1.453970310036675,0,0,0,0.1,0.018485435391374743,P-n16-k8,random_search,273,0.19493090849198397,0.6023127984130003,0.5552719713069227,410.929586521727,22.93964764269839
15,1,16.4,8.138795979750322,35,48.0,0.006944444444444444,90,0.9,410.929586521727,438.76820771134044,15.179899690179496,0.0,19,1.5252286368534442,0,0,0,0.1,0.0,P-n16-k8,random_search,274,0.6093078517479761,0.48508638896592843,0.7374070446238379,410.92958652172695,5.684341886080802e-14
15,1,16.4,8.138795979750322,35,48.0,0.006944444444444444,60,0.6,416.87437878138434,445.302837804752,11.56635660443961,0.0,11,1.6244366137489639,0,0,0,0.1,0.0,P-n16-k8,random_search,275,0.7204626454040766,0.7827894930986692,0.45281932763546595,410.92958652172695,5.94479225965739
15,1,16.4,8.138795979750322,35,48.0,0.006944444444444444,80,0.8,422.18141731875056,445.2761545046643,14.933442746080338,0.016644667610511987,0,1.8904006473157409,0,0,0,0.1,0.016644667610511987,P-n16-k8,random_search,276,0.6929996160778866,0.3391067774459746,0.33015569260703076,410.92958652172683,11.251830797023729
15,1,16.4,8.138795979750322,35,48.0,0.006944444444444444,40,0.4,428.126209578408,451.44468260783344,12.563097510961647,0.0,19,1.8292501699751573,0,0,0,0.1,0.0,P-n16-k8,random_search,277,0.11774150106107006,0.6385436215538429,0.33029021437471406,410.92958652172695,17.196623056681062
15,1,16.4,8.138795979750322,35,48.0,0.006944444444444444,70,0.7,422.89395444480584,447.3069561358552,11.958702551586759,0.0,14,1.5928945355489794,0,0,0,0.1,0.0,P-n16-k8,random_search,278,0.2023990191571935,0.5659090519511458,0.7574534828909222,410.929586521727,11.96436792307884
15,1,16.4,8.138795979750322,35,48.0,0.006944444444444444,80,0.8,422.1814173187507,443.70238020438137,12.504280100115421,0.0,10,1.6463486299702823,0,0,0,0.1,0.0,P-n16-k8,random_search,279,0.7681977069170344,0.22847338232030884,0.718389756861038,410.92958652172695,11.251830797023729
15,1,16.4,8.138795979750322,35,48.0,0.006944444444444444,90,0.9,425.81419776609874,449.18728780755026,10.06065883364724,0.0,19,1.9123844258989193,0,0,0,0.1,0.0,P-n16-k8,random_search,280,0.3707862229040809,0.5301805307665508,0.8270689935882283,410.92958652172695,14.884611244371797
15,1,16.4,8.138795979750322,35,48.0,0.006944444444444444,50,0.5,428.8387467044632,449.84231730233705,12.871649190042659,0.0,18,1.693243280795452,0,0,0,0.1,0.0,P-n16-k8,random_search,281,0.6044260741537256,0.6229771183888495,0.433113750140814,416.8743787813843,11.964367923078896
15,1,16.4,8.138795979750322,35,48.0,0.006944444444444444,90,0.9,418.24833507185963,440.103680124587,17.744837143949198,0.0,19,1.625321197613621,0,0,0,0.1,0.0,P-n16-k8,random_search,282,0.3129791069025488,0.22903844834262363,0.42736209131370495,410.92958652172695,7.318748550132682
15,1,16.4,8.138795979750322,35,48.0,0.006944444444444444,20,0.2,428.8387467044632,460.27622021699074,14.403433717007342,0.0,9,1.6564031120648295,0,0,0,0.1,0.0,P-n16-k8,random_search,283,0.5882152634932657,0.43381821429820866,0.3487255819145509,416.8743787813843,11.964367923078896
15,1,16.4,8.138795979750322,35,48.0,0.006944444444444444,30,0.3,410.92958652172695,451.1925021428436,15.62679282988923,0.04708264163987827,5,1.792998348408955,0,0,0,0.1,0.04708264163987827,P-n16-k8,random_search,284,0.622284569162951,0.4081358695336648,0.6964761674988473,410.92958652172695,0.0
15,1,16.4,8.138795979750322,35,48.0,0.006944444444444444,60,0.6,416.8743787813844,445.49641772059965,12.18664424878574,0.0,19,1.5695267833377602,0,0,0,0.1,0.0,P-n16-k8,random_search,285,0.600886801429809,0.24301302993402682,0.41088315281443066,416.8743787813843,1.1368683772161603e-13
15,1,16.4,8.138795979750322,35,48.0,0.006944444444444444,20,0.2,444.411250655853,459.5420873087717,10.037448997659943,0.004521520373876381,7,1.8158471703744976,0,0,0,0.1,0.004521520373876381,P-n16-k8,random_search,286,0.3911309971093154,0.3576905147688783,0.7344247581589137,410.92958652172695,33.48166413412605
15,1,16.4,8.138795979750322,35,48.0,0.006944444444444444,80,0.8,429.1389864751837,447.62254645435723,11.172815180484108,0.0,16,1.6535524257036074,0,0,0,0.1,0.0,P-n16-k8,random_search,287,0.11738050750243323,0.4902703831147334,0.9711579236252801,410.92958652172695,18.20939995345674
15,1,16.4,8.138795979750322,35,48.0,0.006944444444444444,90,0.9,422.89395444480584,441.5422681448854,12.395363880119016,1.3441530261509922e-16,7,1.824224271396871,0,0,0,0.1,1.3441530261509922e-16,P-n16-k8,random_search,288,0.1626107569919542,0.7121708627395902,0.9355683422023728,410.9295865217269,11.964367923078953
15,1,16.4,8.138795979750322,35,48.0,0.006944444444444444,20,0.2,448.27584782088996,463.9371224495868,8.251576109320757,0.017757867003159733,5,2.1120076972167663,0,0,0,0.1,0.017757867003159733,P-n16-k8,random_search,289,0.7541573306047085,0.742537377512879,0.38454155410578755,410.929586521727,37.34626129916296
15,1,16.4,8.138795979750322,35,48.0,0.006944444444444444,20,0.2,440.7333877762777,459.61630052321823,13.119454832928469,0.0,16,1.5803318551041932,0,0,0,0.1,0.0,P-n16-k8,random_search,290,0.4205936918206653,0.7326861453949751,0.6011190563618183,410.9295865217269,29.80380125455082
15,1,16.4,8.138795979750322,35,48.0,0.006944444444444444,40,0.4,431.86490232483413,452.1069825972898,12.429960754938767,0.00292760918369707,4,1.7255249801021226,0,0,0,0.1,0.00292760918369707,P-n16-k8,random_search,291,0.5660426272550223,0.5932199192902814,0.42053138374890564,410.92958652172695,20.935315803107187
15,1,16.4,8.138795979750322,35,48.0,0.006944444444444444,80,0.8,410.92958652172695,438.4999286224637,16.101909788200697,2.7665770840177117e-16,0,1.5718612389902409,0,0,0,0.1,2.7665770840177117e-16,P-n16-k8,random_search,292,0.83772336734507,0.3840748247299409,0.8161418632969124,410.92958652172695,0.0
15,1,16.4,8.138795979750322,35,48.0,0.006944444444444444,80,0.8,410.929586521727,442.2463796646075,12.722618702539,0.0,19,1.548927647664254,0,0,0,0.1,0.0,P-n16-k8,random_search,293,0.4241654823448804,0.6443189037578221,0.5465211723743669,410.92958652172695,5.684341886080802e-14
15,1,16.4,8.138795979750322,35,48.0,0.006944444444444444,10,0.1,444.88055278544994,468.2833515549488,13.514295168923022,0.07408288207787184,2,1.9832428773321304,0,0,0,0.1,0.07408288207787184,P-n16-k8,random_search,294,0.30020455722186346,0.5036153588577182,0.8835501656633633,416.8743787813842,28.006174004065713
15,1,16.4,8.138795979750322,35,48.0,0.006944444444444444,60,0.6,410.929586521727,442.2170044399174,12.598183897152149,0.0,18,1.3919185311461768,0,0,0,0.1,0.0,P-n16-k8,random_search,295,0.5241529576079343,0.30984080018220383,0.40329996825602793,410.92958652172695,5.684341886080802e-14
15,1,16.4,8.138795979750322,35,48.0,0.006944444444444444,20,0.2,422.18141731875056,455.1678117096415,13.708291156613505,0.01751294497819241,1,1.7415840463703256,0,0,0,0.1,0.01751294497819241,P-n16-k8,random_search,296,0.17238838372529255,0.6238260000897027,0.6711395185226785,410.9295865217269,11.251830797023672
15,1,16.4,8.138795979750322,35,48.0,0.006944444444444444,80,0.8,439.4238352225211,451.68196531139864,8.772907760254498,0.0,19,1.8096009463637281,0,0,0,0.1,0.0,P-n16-k8,random_search,297,0.59542889346363,0.7342486049395431,0.9285103544876145,416.8743787813844,22.549456441136726
15,1,16.4,8.138795979750322,35,48.0,0.006944444444444444,50,0.5,410.92958652172695,443.08277714636995,16.749102672924913,0.028291650418089863,1,1.52946510165062,0,0,0,0.1,0.028291650418089863,P-n16-k8,random_search,298,0.3018770082616026,0.5450957542318258,0.6145221591861652,410.92958652172695,0.0
15,1,16.4,8.138795979750322,35,48.0,0.006944444444444444,10,0.1,437.77856568917764,468.64139789605105,14.034852051121137,0.07388129829309291,8,1.9109297853092002,0,0,0,0.1,0.07388129829309291,P-n16-k8,random_search,299,0.710594350127145,0.42996980605190394,0.6318223925863993,410.929586521727,26.848979167450636
21,1,1071.4285714285713,615.0051158462073,6000,82.0,0.003271861986912552,50,0.5,490.6252839868219,540.8089163777,23.621978846277763,0.0159799694045416,1,2.505603274673417,0,0,0,0.1,0.0159799694045416,E-n22-k4,random_search,0,0.7590469201483898,0.2879447847964348,0.4987635893090794,453.0163515088068,37.608932478015106
21,1,1071.4285714285713,615.0051158462073,6000,82.0,0.003271861986912552,80,0.8,517.316579158151,543.3395874346554,15.861734159542275,0.0,16,2.252926782477906,0,0,0,0.1,0.0,E-n22-k4,random_search,1,0.573925016698251,0.6829269659995425,0.5175172143221355,487.3210654711053,29.995513687045616
21,1,1071.4285714285713,615.0051158462073,6000,82.0,0.003271861986912552,80,0.8,516.5464418843003,539.37420448579,14.752511278965288,0.005768929679493098,3,2.399411609066988,0,0,0,0.1,0.005768929679493098,E-n22-k4,random_search,2,0.5980493254323513,0.7586591173965433,0.8876569975133983,468.3550011913388,48.19144069296152
21,1,1071.4285714285713,615.0051158462073,6000,82.0,0.003271861986912552,60,0.6,502.77395945447915,544.3466848525165,15.26631006991131,0.0,19,2.1932036208283443,0,0,0,0.1,0.0,E-n22-k4,random_search,3,0.8533400243358098,0.7653471744255962,0.6542815607249113,474.9514882527558,27.822471201723374
21,1,1071.4285714285713,615.0051158462073,6000,82.0,0.003271861986912552,80,0.8,494.8737539165231,538.8957302748448,14.744280497020846,0.0,19,2.219965447027353,0,0,0,0.1,0.0,E-n22-k4,random_search,4,0.7271996966113609,0.36687851808644717,0.44323208478563,457.82235373966563,37.0514001768575
21,1,1071.4285714285713,615.0051158462073,6000,82.0,0.003271861986912552,50,0.5,466.1684318807574,527.4339594076592,35.74978299042788,0.0017462209843898916,5,2.3347693318489746,0,0,0,0.1,0.0017462209843898916,E-n22-k4,random_search,5,0.4342302408236637,0.5823944813258861,0.584853327207943,427.58586249722754,38.58256938352986
21,1,1071.4285714285713,615.0051158462073,6000,82.0,0.003271861986912552,70,0.7,439.04598863735174,496.3175838271701,45.68289166268638,0.03542806674068573,0,2.4617005523361097,0,0,0,0.1,0.03542806674068573,E-n22-k4,random_search,6,0.7336875614465296,0.40004635917157916,0.49157323353656235,431.14656649538733,7.899422141964408
21,1,1071.4285714285713,615.0051158462073,6000,82.0,0.003271861986912552,5,0.05,560.7686546734797,587.7992391823597,11.146871464533689,0.0,4,1.8431500450247562,0,0,0,0.1,0.0,E-n22-k4,random_search,7,0.8394575232340034,0.43354830873014194,0.9974170224522019,462.36860456412103,98.40005010935863
21,1,1071.4285714285713,615.0051158462073,6000,82.0,0.003271861986912552,30,0.3,493.5449744063222,547.9036800183796,23.023583004682305,0.04450132732247763,0,2.6469292473924537,0,0,0,0.1,0.04450132732247763,E-n22-k4,random_search,8,0.6069954992542574,0.6184586473962885,0.7862469557554808,455.84311413250015,37.701860273822035
21,1,1071.4285714285713,615.0051158462073,6000,82.0,0.003271861986912552,30,0.3,474.7826090156327,503.51340812200885,31.711201314846242,0.0,11,2.2415479876726954,0,0,0,0.1,0.0,E-n22-k4,random_search,9,0.5846999822684641,0.5746218334490363,0.4286642184757743,460.40954446220906,14.37306455342366
21,1,1071.4285714285713,615.0051158462073,6000,82.0,0.003271861986912552,70,0.7,482.9087066159637,525.8795086783027,31.67891570366397,0.0,18,2.646228061439867,0,0,0,0.1,0.0,E-n22-k4,random_search,10,0.7641071347762008,0.2998192954050155,0.8520707372336973,450.6190882393842,32.28961837657948
21,1,1071.4285714285713,615.0051158462073,6000,82.0,0.003271861986912552,5,0.05,535.0781879804262,583.0560616073365,20.823690146561464,0.0,0,2.132349040723851,0,0,0,0.1,0.0,E-n22-k4,random_search,11,0.4231724184910304,0.614975289489917,0.49345179743037737,463.42089095104325,71.6572970293829
21,1,1071.4285714285713,615.0051158462073,6000,82.0,0.003271861986912552,5,0.05,556.4188337606448,588.7449401046719,24.91128681678978,0.0,0,2.2056212025462143,0,0,0,0.1,0.0,E-n22-k4,random_search,12,0.8044432715124125,0.5831395239311424,0.36833219402995926,437.79159815008086,118.62723561056396
21,1,1071.4285714285713,615.0051158462073,6000,82.0,0.003271861986912552,40,0.4,474.5122913082275,514.0621045688923,35.33277237094764,0.04431875765843089,0,2.290090149925147,0,0,0,0.1,0.04431875765843089,E-n22-k4,random_search,13,0.793256358438532,0.3439352805961419,0.393576243647836,469.1974202641614,5.314871044066081
21,1,1071.4285714285713,615.0051158462073,6000,82.0,0.003271861986912552,10,0.1,512.1112228261145,572.413899093466,21.29852902163985,0.11053221972931977,0,2.642569199363042,0,0,0,0.1,0.11053221972931977,E-n22-k4,random_search,14,0.19716450119720258,0.7813431069307308,0.9845632265775919,465.65002477126063,46.46119805485387
21,1,1071.4285714285713,615.0051158462073,6000,82.0,0.003271861986912552,30,0.3,479.12299348492223,531.8697041292119,26.409063361398086,0.040962473913576596,3,2.592133188813596,0,0,0,0.1,0.040962473913576596,E-n22-k4,random_search,15,0.2368263299388878,0.6397255273032245,0.8854657795134075,469.6306692545537,9.492324230368524
21,1,1071.4285714285713,615.0051158462073,6000,82.0,0.003271861986912552,80,0.8,446.0131451303032,504.905595277368,36.49887240665588,0.04438322154065223,3,2.594974379973078,0,0,0,0.1,0.04438322154065223,E-n22-k4,random_search,16,0.6774391219784953,0.48477735854497045,0.9502329360396542,442.070880813436,3.942264316867181
21,1,1071.4285714285713,615.0051158462073,6000,82.0,0.003271861986912552,30,0.3,526.2038039666471,557.7370352795132,17.232810660210887,0.0,19,2.049116354909435,0,0,0,0.1,0.0,E-n22-k4,random_search,17,0.6470340162597938,0.29048025501604874,0.7667060709058683,476.4304537133055,49.77335025334162
21,1,1071.4285714285713,615.0051158462073,6000,82.0,0.003271861986912552,20,0.2,547.2334691647081,566.6442969444688,13.522049526844825,0.0,9,2.1798796285345343,0,0,0,0.1,0.0,E-n22-k4,random_search,18,0.8540729671531971,0.7028102780783752,0.4340083235872969,474.85017614969144,72.3832930150167
21,1,1071.4285714285713,615.0051158462073,6000,82.0,0.003271861986912552,50,0.5,525.6115154905261,550.565585895472,14.385742825142758,0.0,19,2.7409735591226827,0,0,0,0.1,0.0,E-n22-k4,random_search,19,0.6164550199033699,0.4094596016278296,0.7011938878372823,475.9264464763386,49.68506901418755
21,1,1071.4285714285713,615.0051158462073,6000,82.0,0.003271861986912552,60,0.6,497.2575791557676,546.2601106863665,20.56084707127401,0.0,9,2.1571022894918914,0,0,0,0.1,0.0,E-n22-k4,random_search,20,0.8986613963583562,0.28878500438790344,0.7178736413828177,487.2809121265048,9.976667029262785
21,1,1071.4285714285713,615.0051158462073,6000,82.0,0.003271861986912552,50,0.5,505.84260354073734,552.2345770551661,14.0282070977072,0.0,19,1.7346703182234926,0,0,0,0.1,0.0,E-n22-k4,random_search,21,0.3379874417033446,0.28801966173753607,0.7566633733408705,487.7577320356559,18.084871505081423
21,1,1071.4285714285713,615.0051158462073,6000,82.0,0.003271861986912552,40,0.4,457.0335123281635,512.9126495731483,42.099819559255764,0.0226040230481927,6,2.5763874376340508,0,0,0,0.1,0.0226040230481927,E-n22-k4,random_search,22,0.8269877923532053,0.7563903344379992,0.8583431866377635,445.6097466048501,11.423765723313409
21,1,1071.4285714285713,615.0051158462073,6000,82.0,0.003271861986912552,50,0.5,502.50635308509794,531.823582138323,21.689393474071245,0.0,19,2.657332149683765,0,0,0,0.1,0.0,E-n22-k4,random_search,23,0.3040420910169608,0.214265259123164,0.7320353911323572,461.3118627114135,41.19449037368446
21,1,1071.4285714285713,615.0051158462073,6000,82.0,0.003271861986912552,20,0.2,492.7991490054457,544.3761456683135,34.94313197650661,0.0,9,2.6093422563200406,0,0,0,0.1,0.0,E-n22-k4,random_search,24,0.7516619001537234,0.3864134862660027,0.8284684661717272,463.9091572901862,28.889991715259498
21,1,1071.4285714285713,615.0051158462073,6000,82.0,0.003271861986912552,80,0.8,429.3263517676172,513.995377074307,41.36035673311728,0.06637899951669168,0,2.662456204527709,0,0,0,0.1,0.06637899951669168,E-n22-k4,random_search,25,0.7353880991839657,0.6292979019916978,0.876093201776035,393.6649631186042,35.66138864901302
21,1,1071.4285714285713,615.0051158462073,6000,82.0,0.003271861986912552,50,0.5,444.0746643057777,493.686862304412,53.3431615784951,0.0,19,2.471909761568836,0,0,0,0.1,0.0,E-n22-k4,random_search,26,0.8605523260681154,0.7445975892029646,0.6943415384575218,443.41969913701973,0.6549651687579399
21,1,1071.4285714285713,615.0051158462073,6000,82.0,0.003271861986912552,60,0.6,431.92298359422034,481.65823845596196,47.64393955360566,0.0,16,2.117819414731422,0,0,0,0.1,0.0,E-n22-k4,random_search,27,0.34630478166418205,0.3951446599568422,0.8855015691103745,431.2680184254624,0.6549651687579399
21,1,1071.4285714285713,615.0051158462073,6000,82.0,0.003271861986912552,60,0.6,518.0356308068789,537.6755020387017,15.68932546429485,0.0,17,2.7515710988761026,0,0,0,0.1,0.0,E-n22-k4,random_search,28,0.6483238120463796,0.36717979159505804,0.5927870964510514,484.5899120452,33.445718761678904
21,1,1071.4285714285713,615.0051158462073,6000,82.0,0.003271861986912552,80,0.8,519.2387648564277,545.5958908800469,13.486631574635796,0.0,19,2.693547947888533,0,0,0,0.1,0.0,E-n22-k4,random_search,29,0.8466991660900601,0.6529177356805799,0.9645109841909558,478.18755591495676,41.05120894147092
21,1,1071.4285714285713,615.0051158462073,6000,82.0,0.003271861986912552,20,0.2,526.0536985243168,546.6321382561152,20.9382391934425,0.0,17,2.5558757687695803,0,0,0,0.1,0.0,E-n22-k4,random_search,30,0.41832174555927204,0.7051288054781248,0.5300834489286724,444.0746643057777,81.97903421853914
21,1,1071.4285714285713,615.0051158462073,6000,82.0,0.003271861986912552,30,0.3,496.5327796647532,520.1035596344989,27.788600572665878,0.04301146765036866,3,2.3164109383816553,0,0,0,0.1,0.04301146765036866,E-n22-k4,random_search,31,0.49417977972253035,0.5175107518495895,0.6777251552710388,461.0586622532028,35.474117411550424
21,1,1071.4285714285713,615.0051158462073,6000,82.0,0.003271861986912552,60,0.6,492.2435075307708,539.9651649320314,22.00283885110318,0.0,19,2.05169028040794,0,0,0,0.1,0.0,E-n22-k4,random_search,32,0.7259511637281405,0.3635950613737108,0.3151091503816873,448.8237142322835,43.419793298487264
21,1,1071.4285714285713,615.0051158462073,6000,82.0,0.003271861986912552,5,0.05,547.0066605082784,586.3033944150651,14.596316659180314,0.0,2,2.3760009723614184,0,0,0,0.1,0.0,E-n22-k4,random_search,33,0.7388440487467369,0.6966472055828966,0.38971517799461064,468.0834682551267,78.92319225315168
21,1,1071.4285714285713,615.0051158462073,6000,82.0,0.003271861986912552,20,0.2,508.9498367076796,565.1415980003648,20.593364197585096,0.0,10,2.6372320025036666,0,0,0,0.1,0.0,E-n22-k4,random_search,34,0.48060682674711974,0.7604938141386814,0.7930440884575438,478.58513578475424,30.36470092292535
21,1,1071.4285714285713,615.0051158462073,6000,82.0,0.003271861986912552,10,0.1,548.4918677603723,571.269747184592,15.259116757562813,0.022222610198794696,7,2.3583020285768583,0,0,0,0.1,0.022222610198794696,E-n22-k4,random_search,35,0.20715290994048152,0.7878189517133147,0.6271508387851119,480.22111341624765,68.27075434412467
21,1,1071.4285714285713,615.0051158462073,6000,82.0,0.003271861986912552,80,0.8,456.8223644328835,496.4676936148304,32.94591375056005,0.0,9,2.0517364834328373,0,0,0,0.1,0.0,E-n22-k4,random_search,36,0.7844244441875409,0.7689356875218671,0.5388409261159358,450.8970046458737,5.925359787009768
21,1,1071.4285714285713,615.0051158462073,6000,82.0,0.003271861986912552,30,0.3,525.5864680004372,554.794827871885,13.069358907692624,0.0,19,2.7413578536297676,0,0,0,0.1,0.0,E-n22-k4,random_search,37,0.6941545951107493,0.45403117234544804,0.8605632407738915,448.33330477083274,77.25316322960447
21,1,1071.4285714285713,615.0051158462073,6000,82.0,0.003271861986912552,60,0.6,482.712112215303,540.4673671881214,22.30204751768889,0.07743869515220751,2,2.384472569244799,0,0,0,0.1,0.07743869515220751,E-n22-k4,random_search,38,0.80495705982068,0.27899936680631404,0.45016796889626937,457.241575431819,25.47053678348402
21,1,1071.4285714285713,615.0051158462073,6000,82.0,0.003271861986912552,90,0.9,465.12888519730814,513.2280530812156,34.017974272824475,0.0,19,2.4888212753035845,0,0,0,0.1,0.0,E-n22-k4,random_search,39,0.6248165491411612,0.2851222349991485,0.7165582360036709,441.13796065251705,23.990924544791085
21,1,1071.4285714285713,615.0051158462073,6000,82.0,0.003271861986912552,90,0.9,443.41969913701973,485.36347037889857,43.8239740247345,0.0,19,2.509951521840011,0,0,0,0.1,0.0,E-n22-k4,random_search,40,0.6707483106331708,0.5870540614562433,0.9587257265800138,428.2808093620728,15.13888977494696
21,1,1071.4285714285713,615.0051158462073,6000,82.0,0.003271861986912552,30,0.3,491.5281700588196,547.8121957835987,22.77897753794558,0.0,12,2.7056257845319616,0,0,0,0.1,0.0,E-n22-k4,random_search,41,0.46975046715859714,0.5152058077016737,0.7051891468803309,477.7300966001947,13.798073458624913
21,1,1071.4285714285713,615.0051158462073,6000,82.0,0.003271861986912552,70,0.7,480.2926394671931,524.3886739560342,21.140437509991454,0.0,19,2.694121551434796,0,0,0,0.1,0.0,E-n22-k4,random_search,42,0.7012801003242782,0.7641031953985347,0.6180711783128788,462.47112071271664,17.82151875447647
21,1,1071.4285714285713,615.0051158462073,6000,82.0,0.003271861986912552,80,0.8,509.30490648764675,540.9457851389195,11.444797225830005,0.02502113245921595,6,2.541032917905409,0,0,0,0.1,0.02502113245921595,E-n22-k4,random_search,43,0.8241706737868766,0.6215049846066492,0.4912305342385286,464.61409422272254,44.690812264924205
21,1,1071.4285714285713,615.0051158462073,6000,82.0,0.003271861986912552,80,0.8,470.6780407132419,520.1373935366461,35.998741266641794,0.0,17,2.554578191888438,0,0,0,0.1,0.0,E-n22-k4,random_search,44,0.8114458714206568,0.427924924118762,0.876394962015477,465.869071788557,4.808968924684905
21,1,1071.4285714285713,615.0051158462073,6000,82.0,0.003271861986912552,30,0.3,517.8494954275017,551.2015362473207,21.739843991235254,0.0,19,2.192032723740043,0,0,0,0.1,0.0,E-n22-k4,random_search,45,0.36344404923978313,0.6278889489979378,0.747890833073111,484.661602272923,33.18789315457866
21,1,1071.4285714285713,615.0051158462073,6000,82.0,0.003271861986912552,90,0.9,496.0625317846888,537.7285103287693,13.387319804718313,0.0,19,2.1882246846774747,0,0,0,0.1,0.0,E-n22-k4,random_search,46,0.22953927940407892,0.5416521676614872,0.3720123179414083,488.52301952086594,7.539512263822871
21,1,1071.4285714285713,615.0051158462073,6000,82.0,0.003271861986912552,5,0.05,536.8669603910477,576.6366764388051,16.99287357094187,0.0,4,1.764900811805391,0,0,0,0.1,0.0,E-n22-k4,random_search,47,0.291494269189732,0.4633110476001515,0.862141546067172,480.4443439580588,56.42261643298883
21,1,1071.4285714285713,615.0051158462073,6000,82.0,0.003271861986912552,30,0.3,535.8814741576629,559.118729590869,13.360131623147343,0.002676803077024404,7,1.647472320832348,0,0,0,0.1,0.002676803077024404,E-n22-k4,random_search,48,0.462794353470077,0.5322886464095411,0.5556709770156756,467.19286230878,68.68861184888289
21,1,1071.4285714285713,615.0051158462073,6000,82.0,0.003271861986912552,5,0.05,549.5987736415444,581.8631722991145,16.62613697458456,0.0,3,2.513877073462289,0,0,0,0.1,0.0,E-n22-k4,random_search,49,0.41032449046254926,0.41198773558299945,0.629474853905995,481.28430855661486,68.31446508492957
21,1,1071.4285714285713,615.0051158462073,6000,82.0,0.003271861986912552,20,0.2,510.7824804056413,549.4163658191796,28.945411103189315,0.0024578009547137816,8,2.555150181761282,0,0,0,0.1,0.0024578009547137816,E-n22-k4,random_search,50,0.603525743787291,0.4447898354692094,0.7866018381118516,447.78887322555227,62.99360718008904
21,1,1071.4285714285713,615.0051158462073,6000,82.0,0.003271861986912552,5,0.05,560.7686546734797,580.8854085951767,14.298517575199067,0.0,2,2.146824630607419,0,0,0,0.1,0.0,E-n22-k4,random_search,51,0.5119320932684867,0.6891943155237497,0.30804527748147276,481.3024548563915,79.46619981708818
21,1,1071.4285714285713,615.0051158462073,6000,82.0,0.003271861986912552,80,0.8,492.2435075307708,541.3308732606207,15.997088769328558,0.0,19,2.099994799694325,0,0,0,0.1,0.0,E-n22-k4,random_search,52,0.7555870382908177,0.3358745126842455,0.4527354442212143,485.6713036352404,6.572203895530379
21,1,1071.4285714285713,615.0051158462073,6000,82.0,0.003271861986912552,30,0.3,484.4620042300599,536.4071608347247,27.359527225359983,0.06219585475010854,1,2.2988492590752045,0,0,0,0.1,0.06219585475010854,E-n22-k4,random_search,53,0.46293017849365303,0.5012582491892386,0.4232308032699764,467.6301858723058,16.831818357754116
21,1,1071.4285714285713,615.0051158462073,6000,82.0,0.003271861986912552,40,0.4,509.0269803151659,552.1639714806482,16.9852806217896,0.0,19,2.712359865245281,0,0,0,0.1,0.0,E-n22-k4,random_search,54,0.6884033314313985,0.6346114392129221,0.49879600247604916,467.19286230878,41.83411800638589
21,1,1071.4285714285713,615.0051158462073,6000,82.0,0.003271861986912552,20,0.2,512.3513992253344,565.5671844754587,19.22948501391025,0.0581390567526597,3,2.0470242931959617,0,0,0,0.1,0.0581390567526597,E-n22-k4,random_search,55,0.36916853952620254,0.6766568534372492,0.3234232290248931,475.3814048390602,36.96999438627415
21,1,1071.4285714285713,615.0051158462073,6000,82.0,0.003271861986912552,90,0.9,508.83989625967604,547.8367465260708,14.137801364640348,0.0,19,2.5747355022519183,0,0,0,0.1,0.0,E-n22-k4,random_search,56,0.7041062360383775,0.23242516730850538,0.7495168158570672,474.77135793979454,34.0685383198815
21,1,1071.4285714285713,615.0051158462073,6000,82.0,0.003271861986912552,90,0.9,468.4233102495083,533.261948880152,20.73065808111722,0.0,19,2.2258401508022443,0,0,0,0.1,0.0,E-n22-k4,random_search,57,0.7805558969279195,0.21749608217078997,0.6046978616186164,460.2671248618178,8.15618538769047
21,1,1071.4285714285713,615.0051158462073,6000,82.0,0.003271861986912552,80,0.8,478.93490795570114,520.6786772841764,32.36697161489734,0.0,19,2.5749348373893914,0,0,0,0.1,0.0,E-n22-k4,random_search,58,0.5916871618076152,0.790285160376285,0.4409575760067625,454.6032478866122,24.33166006908891
21,1,1071.4285714285713,615.0051158462073,6000,82.0,0.003271861986912552,50,0.5,520.6676347440174,553.4504911692832,15.287671639903186,0.002463957605356204,1,1.4468632482967714,0,0,0,0.1,0.002463957605356204,E-n22-k4,random_search,59,0.5511743686511119,0.7390566708353612,0.44605981162789726,480.9116945303629,39.75594021365447
21,1,1071.4285714285713,615.0051158462073,6000,82.0,0.003271861986912552,10,0.1,532.0547751864494,575.8024592923064,17.539670035817636,0.05152444385855953,1,2.53393532771124,0,0,0,0.1,0.05152444385855953,E-n22-k4,random_search,60,0.46409905051890465,0.6118810140455857,0.8908910942243964,444.71553714892787,87.33923803752157
21,1,1071.4285714285713,615.0051158462073,6000,82.0,0.003271861986912552,5,0.05,519.2387648564277,578.4690251462628,24.373175646901228,0.0,2,2.5643994960417067,0,0,0,0.1,0.0,E-n22-k4,random_search,61,0.11068339459693909,0.4627997081584373,0.6112477037608417,463.9112406958195,55.327524160608164
21,1,1071.4285714285713,615.0051158462073,6000,82.0,0.003271861986912552,50,0.5,461.34833573205145,503.8678633170298,43.911035440652014,0.0,19,2.313050295495254,0,0,0,0.1,0.0,E-n22-k4,random_search,62,0.7163220000934668,0.7655473781847719,0.7964079804524742,445.58204941242684,15.766286319624612
21,1,1071.4285714285713,615.0051158462073,6000,82.0,0.003271861986912552,50,0.5,475.5432664851282,525.9710766703159,32.728329124439206,0.0,14,2.5365359727608765,0,0,0,0.1,0.0,E-n22-k4,random_search,63,0.46238977470985265,0.7382439824450773,0.9635546533954786,451.0504693214186,24.49279716370961
21,1,1071.4285714285713,615.0051158462073,6000,82.0,0.003271861986912552,70,0.7,504.8058891823864,543.5452936877753,15.470002734683346,0.028227599674402557,0,2.2508072987857903,0,0,0,0.1,0.028227599674402557,E-n22-k4,random_search,64,0.7960553668235785,0.572616551903752,0.639822021869068,481.98341226342103,22.82247691896538
21,1,1071.4285714285713,615.0051158462073,6000,82.0,0.003271861986912552,70,0.7,488.86495047316777,533.5074411387575,24.991434206027023,0.0,19,2.629079740554925,0,0,0,0.1,0.0,E-n22-k4,random_search,65,0.3502609396354811,0.3927547770022224,0.6207587511059423,477.1269532084468,11.737997264720946
21,1,1071.4285714285713,615.0051158462073,6000,82.0,0.003271861986912552,60,0.6,511.46265391009547,544.8881832242498,14.461708987666526,0.0,13,2.2415414815927033,0,0,0,0.1,0.0,E-n22-k4,random_search,66,0.3165303138835013,0.23937145857957254,0.4433613765939238,473.1898145020201,38.272839408075356
21,1,1071.4285714285713,615.0051158462073,6000,82.0,0.003271861986912552,40,0.4,490.8666115572814,534.9799661949552,24.369316553008346,0.0,17,2.7285694498539854,0,0,0,0.1,0.0,E-n22-k4,random_search,67,0.4918485825854403,0.5269674337815557,0.6395967814679728,479.2681744292452,11.598437128036153
21,1,1071.4285714285713,615.0051158462073,6000,82.0,0.003271861986912552,30,0.3,508.0022029720115,537.2516277287674,21.131737815882417,0.0027843841788330248,3,2.745756774541133,0,0,0,0.1,0.0027843841788330248,E-n22-k4,random_search,68,0.12877584433835487,0.26131396699592635,0.6030014642701704,463.6872427481852,44.31496022382629
21,1,1071.4285714285713,615.0051158462073,6000,82.0,0.003271861986912552,10,0.1,542.9351075903157,576.147304435892,16.02077965959699,0.0,9,2.229928704081147,0,0,0,0.1,0.0,E-n22-k4,random_search,69,0.8502167865618623,0.5067716952425709,0.7439955010457919,450.2336518205616,92.70145576975415
21,1,1071.4285714285713,615.0051158462073,6000,82.0,0.003271861986912552,5,0.05,550.8919917478262,588.9318539605626,21.402168419161047,0.0,2,2.1892157326203217,0,0,0,0.1,0.0,E-n22-k4,random_search,70,0.5855974748088334,0.6297952527206041,0.3159818358386043,466.39229637089136,84.49969537693482
21,1,1071.4285714285713,615.0051158462073,6000,82.0,0.003271861986912552,50,0.5,500.4919018585193,542.2621297562977,20.849682553561255,0.0,18,2.5586672795394656,0,0,0,0.1,0.0,E-n22-k4,random_search,71,0.10387266285592851,0.3126103245112901,0.8477079557860214,472.29748021571703,28.194421642802297
21,1,1071.4285714285713,615.0051158462073,6000,82.0,0.003271861986912552,70,0.7,489.54425779397195,523.6795665474597,25.35899168610038,0.0,19,2.4901478901015897,0,0,0,0.1,0.0,E-n22-k4,random_search,72,0.264163825545521,0.7446802748145671,0.6587645197449192,459.59426503472906,29.94999275924289
21,1,1071.4285714285713,615.0051158462073,6000,82.0,0.003271861986912552,70,0.7,450.37019110963803,491.98604579313934,48.0803608948184,0.0,19,2.405448859239593,0,0,0,0.1,0.0,E-n22-k4,random_search,73,0.7163454869353911,0.3413126157114431,0.4386517784533097,450.2336518205616,0.1365392890764383
21,1,1071.4285714285713,615.0051158462073,6000,82.0,0.003271861986912552,60,0.6,509.4197777310385,544.2944131619387,16.186112426416027,0.01048427172583811,0,2.5223259806098124,0,0,0,0.1,0.01048427172583811,E-n22-k4,random_search,74,0.35450864036946184,0.3538760741455965,0.9899773917651682,437.16595130661005,72.25382642442844
21,1,1071.4285714285713,615.0051158462073,6000,82.0,0.003271861986912552,70,0.7,457.34693452247825,512.3836896947556,35.35326422071869,0.020646691015246417,7,2.586506012244058,0,0,0,0.1,0.020646691015246417,E-n22-k4,random_search,75,0.5125084698431877,0.6813886736738527,0.7346353309270286,443.5545321303094,13.792402392168867
21,1,1071.4285714285713,615.0051158462073,6000,82.0,0.003271861986912552,20,0.2,540.8390553052878,559.5396140193263,14.028953013371071,0.0,14,2.7057858004531603,0,0,0,0.1,0.0,E-n22-k4,random_search,76,0.4791415245852577,0.49090974885772914,0.9600586737789931,467.30162154391155,73.53743376137629
21,1,1071.4285714285713,615.0051158462073,6000,82.0,0.003271861986912552,60,0.6,508.381385461699,543.9858231175284,16.847984633024105,0.0,19,2.2830178801139107,0,0,0,0.1,0.0,E-n22-k4,random_search,77,0.15109412900614272,0.6087627633486916,0.8257969384267174,468.01473014935607,40.366655312342914
21,1,1071.4285714285713,615.0051158462073,6000,82.0,0.003271861986912552,30,0.3,481.4333410485401,545.3573956474329,23.494959447411805,0.0,12,2.6993419555212212,0,0,0,0.1,0.0,E-n22-k4,random_search,78,0.8774266514454153,0.2523659084126074,0.6250049769256502,459.020118516944,22.41322253159609
21,1,1071.4285714285713,615.0051158462073,6000,82.0,0.003271861986912552,70,0.7,508.45353699523037,536.8111791120557,13.280072794245964,0.020771230099080544,4,2.0965434108300753,0,0,0,0.1,0.020771230099080544,E-n22-k4,random_search,79,0.45902855259763775,0.24605834719654152,0.5896851583537597,490.74500500188515,17.70853199334522
21,1,1071.4285714285713,615.0051158462073,6000,82.0,0.003271861986912552,90,0.9,488.997921183655,537.7656403357682,20.70939648332807,0.0,19,2.307378234029079,0,0,0,0.1,0.0,E-n22-k4,random_search,80,0.7528558001393024,0.4142066451006152,0.694492363318327,454.39880770338914,34.599113480265885
21,1,1071.4285714285713,615.0051158462073,6000,82.0,0.003271861986912552,5,0.05,529.0856533275709,580.6694033595506,21.43473028309929,0.0,2,2.328949431358514,0,0,0,0.1,0.0,E-n22-k4,random_search,81,0.6638982803984457,0.44601067355893487,0.5971890425404467,476.1999741013901,52.88567922618074
21,1,1071.4285714285713,615.0051158462073,6000,82.0,0.003271861986912552,90,0.9,513.3562964151704,530.4039487665286,19.080569856683027,0.0,19,2.644506045686296,0,0,0,0.1,0.0,E-n22-k4,random_search,82,0.8889699076420429,0.5035512340547171,0.8947096551827223,450.2336518205616,63.1226445946088
21,1,1071.4285714285713,615.0051158462073,6000,82.0,0.003271861986912552,5,0.05,533.7733973478229,578.1033423140515,18.785048203194755,0.0,0,1.4250464881854814,0,0,0,0.1,0.0,E-n22-k4,random_search,83,0.5009660896678281,0.4267541663583526,0.395635309733321,485.0441217743228,48.729275573500104
21,1,1071.4285714285713,615.0051158462073,6000,82.0,0.003271861986912552,20,0.2,468.2313698439563,526.1600291276937,41.33642641605403,0.09454956199320085,1,2.5841775169219092,0,0,0,0.1,0.09454956199320085,E-n22-k4,random_search,84,0.6255369079004722,0.5963867505663445,0.7826303401531018,444.71842125991014,23.51294858404617
21,1,1071.4285714285713,615.0051158462073,6000,82.0,0.003271861986912552,50,0.5,485.67351692770353,536.1712749832014,24.208287325372048,0.040178182969680586,5,2.666740009499787,0,0,0,0.1,0.040178182969680586,E-n22-k4,random_search,85,0.33686179835287444,0.4374838785729311,0.6661715288963046,445.3350254005765,40.33849152712702
21,1,1071.4285714285713,615.0051158462073,6000,82.0,0.003271861986912552,70,0.7,462.75648689562894,521.6323278012368,35.33509345505028,0.00803731569197019,1,2.6727697048057117,0,0,0,0.1,0.00803731569197019,E-n22-k4,random_search,86,0.8343553062270436,0.537320716950539,0.32729380842367783,436.60672081096226,26.14976608466668
21,1,1071.4285714285713,615.0051158462073,6000,82.0,0.003271861986912552,80,0.8,519.2387648564277,534.0635569966394,9.491045480435883,0.0,19,2.491665136820729,0,0,0,0.1,0.0,E-n22-k4,random_search,87,0.5855244744430265,0.5354210011597207,0.43451177559429516,475.9154363504338,43.32332850599386
21,1,1071.4285714285713,615.0051158462073,6000,82.0,0.003271861986912552,50,0.5,467.6255368026062,505.96029323173116,41.725298892411786,0.0,19,2.4338693771464093,0,0,0,0.1,0.0,E-n22-k4,random_search,88,0.8541268531942241,0.20830444166312054,0.5950264469581881,440.5503162578605,27.07522054474566
21,1,1071.4285714285713,615.0051158462073,6000,82.0,0.003271861986912552,90,0.9,464.81602775089084,534.8090347422865,25.57426034625828,0.00864532664708998,1,1.970837246294695,0,0,0,0.1,0.00864532664708998,E-n22-k4,random_search,89,0.6872109087160281,0.56683666401052,0.559278818336751,457.478369169355,7.337658581535834
21,1,1071.4285714285713,615.0051158462073,6000,82.0,0.003271861986912552,50,0.5,516.9076100878758,545.3157955084581,17.58453100261463,0.0,19,1.802355570679774,0,0,0,0.1,0.0,E-n22-k4,random_search,90,0.2544749279428003,0.21097262532428823,0.9084634342384721,484.3241733239117,32.58343676396413
21,1,1071.4285714285713,615.0051158462073,6000,82.0,0.003271861986912552,90,0.9,493.98795613478023,530.0925614356134,24.150899433608547,0.0,19,2.5560114952821698,0,0,0,0.1,0.0,E-n22-k4,random_search,91,0.821434677125609,0.3906376038937709,0.335460463246285,471.2362998521148,22.751656282665408
21,1,1071.4285714285713,615.0051158462073,6000,82.0,0.003271861986912552,5,0.05,537.5137210511282,568.9139719849642,19.344928378318105,0.0,0,2.6429525710072057,0,0,0,0.1,0.0,E-n22-k4,random_search,92,0.6585813818858608,0.5765479256593354,0.8181516906596247,412.11175347597737,125.40196757515082
21,1,1071.4285714285713,615.0051158462073,6000,82.0,0.003271861986912552,10,0.1,534.2177556139422,560.2438955558159,18.156614178582036,0.05011799478192484,2,2.7425359662325786,0,0,0,0.1,0.05011799478192484,E-n22-k4,random_search,93,0.2972801876244933,0.5282601704581933,0.8051041544690438,416.59425767343595,117.6234979405063
21,1,1071.4285714285713,615.0051158462073,6000,82.0,0.003271861986912552,40,0.4,520.2059459584094,551.3109001948503,16.494320883635318,0.020693951184953138,5,2.0032960314610118,0,0,0,0.1,0.020693951184953138,E-n22-k4,random_search,94,0.1940418931544352,0.409946342057627,0.7730039424916014,480.39083761784536,39.81510834056405
21,1,1071.4285714285713,615.0051158462073,6000,82.0,0.003271861986912552,20,0.2,520.6556320600505,541.7755313140331,25.802059671108953,0.0,14,2.3995258667227763,0,0,0,0.1,0.0,E-n22-k4,random_search,95,0.36816599583408427,0.7760672136772258,0.7092509039687356,462.68166198986717,57.97397007018333
21,1,1071.4285714285713,615.0051158462073,6000,82.0,0.003271861986912552,5,0.05,509.6067757870982,569.157249916597,32.3986622164669,0.0,0,2.6476471305042737,0,0,0,0.1,0.0,E-n22-k4,random_search,96,0.7033592125295433,0.6268009531124734,0.8356135868237236,430.7602639312569,78.8465118558413
21,1,1071.4285714285713,615.0051158462073,6000,82.0,0.003271861986912552,50,0.5,516.7160669054589,547.4016125920139,14.665646205061986,0.0,12,2.2733813052264757,0,0,0,0.1,0.0,E-n22-k4,random_search,97,0.4071301869231235,0.30763858816518974,0.7045994772464377,469.2102729373321,47.505793968126795
21,1,1071.4285714285713,615.0051158462073,6000,82.0,0.003271861986912552,40,0.4,525.6115154905261,555.6420486299393,13.102332418916088,0.0,19,2.0873497217751567,0,0,0,0.1,0.0,E-n22-k4,random_search,98,0.6486186211326112,0.5558957717099944,0.985587371001571,477.70419661899257,47.90731887153356
21,1,1071.4285714285713,615.0051158462073,6000,82.0,0.003271861986912552,50,0.5,519.2387648564277,547.084772638632,14.095662624103426,0.0,19,2.42325569306378,0,0,0,0.1,0.0,E-n22-k4,random_search,99,0.1548804627277691,0.7648813844206834,0.39006665416225916,472.0007260124647,47.238038843962954
21,1,1071.4285714285713,615.0051158462073,6000,82.0,0.003271861986912552,80,0.8,495.9978689828878,526.0574671727903,26.293719585568088,0.0,19,2.5936928848782204,0,0,0,0.1,0.0,E-n22-k4,random_search,100,0.18148341288545053,0.5767685899958483,0.8565955622189032,483.6825861481729,12.315282834714878
21,1,1071.4285714285713,615.0051158462073,6000,82.0,0.003271861986912552,5,0.05,500.79398761332965,566.0098800080308,25.343373476722753,0.0,0,2.446622396903411,0,0,0,0.1,0.0,E-n22-k4,random_search,101,0.6575484541313187,0.42207216297849914,0.6258781306430268,474.7826090156327,26.011378597696933
21,1,1071.4285714285713,615.0051158462073,6000,82.0,0.003271861986912552,10,0.1,550.6597582346551,566.6939585780525,13.320776254681153,0.010168069210713528,0,2.197765699641265,0,0,0,0.1,0.010168069210713528,E-n22-k4,random_search,102,0.60672781744578,0.5101196687317222,0.3374568300109663,431.30786659305056,119.35189164160454
21,1,1071.4285714285713,615.0051158462073,6000,82.0,0.003271861986912552,80,0.8,484.1377015582074,536.6638743053926,26.096676500703175,0.0,19,2.6429302930773786,0,0,0,0.1,0.0,E-n22-k4,random_search,103,0.2597047712302312,0.27138350727377697,0.4754323761740034,453.7470821560541,30.390619402153334
21,1,1071.4285714285713,615.0051158462073,6000,82.0,0.003271861986912552,30,0.3,496.3583543860268,544.041675849641,24.88181693959399,0.0,19,2.5054529221489643,0,0,0,0.1,0.0,E-n22-k4,random_search,104,0.4163736642606125,0.3001690470367726,0.33854951965044894,483.60151922275594,12.756835163270864
21,1,1071.4285714285713,615.0051158462073,6000,82.0,0.003271861986912552,30,0.3,484.4799616410633,528.8265922235014,35.994784804848344,0.0,12,2.6716717267907297,0,0,0,0.1,0.0,E-n22-k4,random_search,105,0.8637129101471052,0.5067477086964105,0.3838682775983077,437.0388951699855,47.44106647107782
21,1,1071.4285714285713,615.0051158462073,6000,82.0,0.003271861986912552,20,0.2,519.2387648564277,558.0457859840225,13.092716982909863,0.0,15,2.5040508665167844,0,0,0,0.1,0.0,E-n22-k4,random_search,106,0.8816457205065695,0.6941433899490869,0.8173657445727085,497.345432860745,21.893331995682672
21,1,1071.4285714285713,615.0051158462073,6000,82.0,0.003271861986912552,10,0.1,535.0260265453528,571.1179411017054,18.436793572581237,0.05094231339289777,0,2.199156120356712,0,0,0,0.1,0.05094231339289777,E-n22-k4,random_search,107,0.6613307938379539,0.716926039950782,0.4341067584723698,466.8475473603909,68.17847918496193
21,1,1071.4285714285713,615.0051158462073,6000,82.0,0.003271861986912552,50,0.5,510.9233812747906,543.6370722409954,12.540627490959505,0.0,9,2.080086816319598,0,0,0,0.1,0.0,E-n22-k4,random_search,108,0.391009262689482,0.4964464045968668,0.7299608300705147,463.4474561196725,47.47592515511809
21,1,1071.4285714285713,615.0051158462073,6000,82.0,0.003271861986912552,70,0.7,506.602136252378,542.5206408166772,15.059341396167058,0.0,19,2.416909915695985,0,0,0,0.1,0.0,E-n22-k4,random_search,109,0.20392962174379994,0.2324053275627464,0.7803327368985014,471.5948719438014,35.007264308576566
21,1,1071.4285714285713,615.0051158462073,6000,82.0,0.003271861986912552,10,0.1,524.9953049448771,561.0211203772473,29.682047795698242,0.048711078401224704,7,2.523167025482719,0,0,0,0.1,0.048711078401224704,E-n22-k4,random_search,110,0.899440088206349,0.2695209150851841,0.9937919663179897,465.0830120544407,59.91229289043645
21,1,1071.4285714285713,615.0051158462073,6000,82.0,0.003271861986912552,20,0.2,535.6095447577754,559.072313316213,15.348231699386348,0.008824067234821627,0,2.698547834266284,0,0,0,0.1,0.008824067234821627,E-n22-k4,random_search,111,0.5908965648243204,0.22167441922936007,0.9010684679054544,451.60178812253207,84.00775663524337
21,1,1071.4285714285713,615.0051158462073,6000,82.0,0.003271861986912552,40,0.4,493.16740808612974,544.2730555919534,20.130525957057905,0.0,19,2.7347330894055153,0,0,0,0.1,0.0,E-n22-k4,random_search,112,0.5862310513334247,0.6227871119408017,0.7772243908561196,471.055272789461,22.112135296668725
21,1,1071.4285714285713,615.0051158462073,6000,82.0,0.003271861986912552,60,0.6,510.53580110606555,547.9770934955433,19.42100682828888,0.0,17,2.540743042861577,0,0,0,0.1,0.0,E-n22-k4,random_search,113,0.8145146483241857,0.6194674986915074,0.7698574409329716,470.56210232537444,39.97369878069111
21,1,1071.4285714285713,615.0051158462073,6000,82.0,0.003271861986912552,50,0.5,450.84685740445957,504.3079863797817,39.28727997746911,0.042269699597719194,5,2.369231659639218,0,0,0,0.1,0.042269699597719194,E-n22-k4,random_search,114,0.4470931359341511,0.22996976602643812,0.9597754239267478,450.84685740445957,0.0
21,1,1071.4285714285713,615.0051158462073,6000,82.0,0.003271861986912552,80,0.8,506.5229749704066,539.1300540609902,11.895429197334824,0.0,19,2.277389996884374,0,0,0,0.1,0.0,E-n22-k4,random_search,115,0.8614094230827546,0.7228659577921719,0.9761508053040833,446.1615036242979,60.361471346108715
21,1,1071.4285714285713,615.0051158462073,6000,82.0,0.003271861986912552,60,0.6,474.81273093686013,524.403454539057,32.09688262065229,0.0,19,2.7036979823767004,0,0,0,0.1,0.0,E-n22-k4,random_search,116,0.4671093606755501,0.36930691366624674,0.48176343764610635,474.81273093686013,0.0
21,1,1071.4285714285713,615.0051158462073,6000,82.0,0.003271861986912552,80,0.8,468.13424009852747,528.8172349739937,31.36086220504495,0.0,10,2.201575858564277,0,0,0,0.1,0.0,E-n22-k4,random_search,117,0.35104667933127587,0.7609981307428375,0.8908264546653815,455.7575598303865,12.376680268140944
21,1,1071.4285714285713,615.0051158462073,6000,82.0,0.003271861986912552,5,0.05,529.827507749708,580.2535387109929,23.72788682421161,0.0,3,2.6873633756749618,0,0,0,0.1,0.0,E-n22-k4,random_search,118,0.8964498731082017,0.4052280434387695,0.8554193701464026,483.66466753838495,46.1628402113231
21,1,1071.4285714285713,615.0051158462073,6000,82.0,0.003271861986912552,40,0.4,519.4514610417921,552.7436298740182,17.548474439679786,0.0,19,1.935625337330208,0,0,0,0.1,0.0,E-n22-k4,random_search,119,0.23053871696375705,0.5255947752138331,0.942836744966566,473.81396495376487,45.637496088027206
21,1,1071.4285714285713,615.0051158462073,6000,82.0,0.003271861986912552,20,0.2,526.8661076625667,562.8913627169109,15.608374081651187,0.04361269440317637,3,1.4212185265411803,0,0,0,0.1,0.04361269440317637,E-n22-k4,random_search,120,0.4635287226941468,0.781896560734717,0.3465100432226463,472.55736667473184,54.30874098783488
21,1,1071.4285714285713,615.0051158462073,6000,82.0,0.003271861986912552,50,0.5,488.9293229966858,529.837329999516,28.14705366581326,0.0,19,2.6062943185759613,0,0,0,0.1,0.0,E-n22-k4,random_search,121,0.7930648121548519,0.5746871791869572,0.949031459951093,475.1929102538347,13.736412742851087
21,1,1071.4285714285713,615.0051158462073,6000,82.0,0.003271861986912552,20,0.2,497.20803335722684,556.525580953901,25.436903398676783,0.0,16,2.5290022843560944,0,0,0,0.1,0.0,E-n22-k4,random_search,122,0.24736064615794567,0.6137848651446607,0.6977382406259476,478.4089353975148,18.799097959712014
21,1,1071.4285714285713,615.0051158462073,6000,82.0,0.003271861986912552,20,0.2,550.0840748652142,564.7717641987324,12.825087171391454,0.001466561312769328,3,1.7117947600523857,0,0,0,0.1,0.001466561312769328,E-n22-k4,random_search,123,0.23804415449926433,0.4541432172906536,0.9785548650956004,450.2336518205616,99.85042304465264
21,1,1071.4285714285713,615.0051158462073,6000,82.0,0.003271861986912552,10,0.1,521.4911219500551,565.742002386617,18.64904213200741,0.0746952377447751,7,2.6068882664623167,0,0,0,0.1,0.0746952377447751,E-n22-k4,random_search,124,0.5582725533092515,0.5702368650151326,0.757858723590783,463.8439590622476,57.6471628878075
21,1,1071.4285714285713,615.0051158462073,6000,82.0,0.003271861986912552,10,0.1,550.8919917478262,575.4561247489953,21.26354305364893,0.010816527713268366,8,2.1163423207125733,0,0,0,0.1,0.010816527713268366,E-n22-k4,random_search,125,0.7632511616478903,0.35525353229848233,0.7032219385265949,490.56940673802757,60.322585009798615
21,1,1071.4285714285713,615.0051158462073,6000,82.0,0.003271861986912552,5,0.05,519.2387648564277,580.954799535228,21.11941646829276,0.0,4,2.1064259274965136,0,0,0,0.1,0.0,E-n22-k4,random_search,126,0.5843605286437504,0.3195212882744096,0.584283468408603,484.7249009768016,34.51386387962606
21,1,1071.4285714285713,615.0051158462073,6000,82.0,0.003271861986912552,90,0.9,465.32232350598423,514.0972862369629,33.191522344607016,0.0,19,2.6353171988445667,0,0,0,0.1,0.0,E-n22-k4,random_search,127,0.5153260663036715,0.21521540392261612,0.8080311607551713,444.7588964103323,20.563427095651946
21,1,1071.4285714285713,615.0051158462073,6000,82.0,0.003271861986912552,5,0.05,532.2160433751419,580.6788154931594,29.40991331716404,0.0,1,2.203885782829031,0,0,0,0.1,0.0,E-n22-k4,random_search,128,0.1503846804961204,0.3183666882148617,0.9339803572389851,433.7280549537199,98.48798842142202
21,1,1071.4285714285713,615.0051158462073,6000,82.0,0.003271861986912552,10,0.1,548.4918677603723,576.8072414269311,14.144336407378686,0.022222610198794696,1,2.1475814930689467,0,0,0,0.1,0.022222610198794696,E-n22-k4,random_search,129,0.6812048509872881,0.23494054639276485,0.7876840915521826,466.321544967587,82.17032279278533
21,1,1071.4285714285713,615.0051158462073,6000,82.0,0.003271861986912552,80,0.8,507.20044618272505,544.4978148376512,14.181235978366958,0.0,19,2.1392964590248194,0,0,0,0.1,0.0,E-n22-k4,random_search,130,0.565745901150564,0.6260197980374218,0.9724209944897484,476.9212695718366,30.27917661088844
21,1,1071.4285714285713,615.0051158462073,6000,82.0,0.003271861986912552,30,0.3,501.5224344611444,545.413611264965,21.748376467768917,0.0,16,2.546392683049007,0,0,0,0.1,0.0,E-n22-k4,random_search,131,0.3894607560626445,0.5485214224074539,0.6313369703610547,476.1583654690328,25.36406899211164
21,1,1071.4285714285713,615.0051158462073,6000,82.0,0.003271861986912552,20,0.2,532.2160433751419,556.6922003035036,17.350974670216363,0.0029878255333126748,8,2.551026434792663,0,0,0,0.1,0.0029878255333126748,E-n22-k4,random_search,132,0.36790688830242235,0.4833892499341561,0.7336501644852851,473.3338109190027,58.88223245613921
21,1,1071.4285714285713,615.0051158462073,6000,82.0,0.003271861986912552,10,0.1,547.3918539552358,576.6622183915686,14.765667022631535,0.0017188157757376471,4,2.010292799646363,0,0,0,0.1,0.0017188157757376471,E-n22-k4,random_search,133,0.5411083613513318,0.6130025403249069,0.328330183978634,465.09960244637847,82.2922515088573
21,1,1071.4285714285713,615.0051158462073,6000,82.0,0.003271861986912552,90,0.9,453.6848111912404,498.9174569491705,37.42153138087308,0.0,19,2.5260375894560667,0,0,0,0.1,0.0,E-n22-k4,random_search,134,0.33734251488663897,0.7215150268886721,0.5126129843890582,446.8742871693572,6.810524021883168
21,1,1071.4285714285713,615.0051158462073,6000,82.0,0.003271861986912552,80,0.8,504.8970752616186,547.1796311383912,13.507346328838372,0.0015535542028561353,4,1.5968409047536356,0,0,0,0.1,0.0015535542028561353,E-n22-k4,random_search,135,0.8649122851343098,0.7903965583261634,0.5978393108796294,492.2435075307708,12.65356773084784
21,1,1071.4285714285713,615.0051158462073,6000,82.0,0.003271861986912552,30,0.3,534.5629939774182,554.182964626743,12.613436157110792,0.0,13,2.673039882440567,0,0,0,0.1,0.0,E-n22-k4,random_search,136,0.6324207714107312,0.601421905949209,0.7489136876958318,426.74026503411926,107.8227289432989
21,1,1071.4285714285713,615.0051158462073,6000,82.0,0.003271861986912552,10,0.1,506.1906154299703,557.0899776783951,23.956930078860122,0.0644696937031994,2,2.5910691472486636,0,0,0,0.1,0.0644696937031994,E-n22-k4,random_search,137,0.63977213296574,0.36290018096034765,0.3296619262985458,466.2929032233559,39.897712206614415
21,1,1071.4285714285713,615.0051158462073,6000,82.0,0.003271861986912552,50,0.5,513.8060710131515,530.216987908992,17.188839748598692,0.0,19,2.4457967825313585,0,0,0,0.1,0.0,E-n22-k4,random_search,138,0.28717141797082335,0.6831601402671859,0.5221786656518848,463.62211188349846,50.18395912965303
21,1,1071.4285714285713,615.0051158462073,6000,82.0,0.003271861986912552,5,0.05,533.5662283989221,563.1244034422264,18.376515968002813,0.0,0,2.4938013488298405,0,0,0,0.1,0.0,E-n22-k4,random_search,139,0.8808342814629712,0.5169249623401302,0.6042273471938118,467.24763924119156,66.31858915773057
21,1,1071.4285714285713,615.0051158462073,6000,82.0,0.003271861986912552,20,0.2,517.7088185479339,552.5991145782042,17.49225476453802,0.0,10,2.4485867548616866,0,0,0,0.1,0.0,E-n22-k4,random_search,140,0.8565792665455395,0.7313278669947534,0.6176823473422312,443.41969913701973,74.28911941091417
21,1,1071.4285714285713,615.0051158462073,6000,82.0,0.003271861986912552,5,0.05,509.47788086471496,573.2260411055273,21.109720592069078,0.0,0,2.5702753588592673,0,0,0,0.1,0.0,E-n22-k4,random_search,141,0.11140663668372569,0.24472941196470957,0.6514333780675592,465.7256454975601,43.75223536715487
21,1,1071.4285714285713,615.0051158462073,6000,82.0,0.003271861986912552,70,0.7,497.2416953806451,531.632976663499,20.989547805016954,0.0,9,2.5365369431294043,0,0,0,0.1,0.0,E-n22-k4,random_search,142,0.3814693067865411,0.2614796954186205,0.430520188807924,491.73024818267265,5.511447197972473
21,1,1071.4285714285713,615.0051158462073,6000,82.0,0.003271861986912552,70,0.7,479.562751303845,524.7675973412347,32.12070124135591,0.0,18,2.70498581549585,0,0,0,0.1,0.0,E-n22-k4,random_search,143,0.28437261332275354,0.5245602389507855,0.640318296591377,453.8213504803168,25.74140082352818
21,1,1071.4285714285713,615.0051158462073,6000,82.0,0.003271861986912552,30,0.3,515.5521170900381,553.9163689512858,20.744308210188663,0.0,19,2.553657758779655,0,0,0,0.1,0.0,E-n22-k4,random_search,144,0.7634620964970881,0.5376712690494555,0.9706161824309976,464.60820579712777,50.94391129291034
21,1,1071.4285714285713,615.0051158462073,6000,82.0,0.003271861986912552,40,0.4,498.6975188970206,550.6010683914567,21.676601715681542,0.0331089484676781,2,1.493874476989833,0,0,0,0.1,0.0331089484676781,E-n22-k4,random_search,145,0.3828642765044499,0.4551603631114817,0.5489620018738294,484.2623249496901,14.435193947330504
21,1,1071.4285714285713,615.0051158462073,6000,82.0,0.003271861986912552,90,0.9,486.9166022169908,525.1686286452498,22.021383742026572,0.025061192411461937,4,2.663415803462686,0,0,0,0.1,0.025061192411461937,E-n22-k4,random_search,146,0.4166594656047363,0.7271537073151204,0.8159975368488972,465.44394444435994,21.47265777263084
21,1,1071.4285714285713,615.0051158462073,6000,82.0,0.003271861986912552,30,0.3,497.360257550493,550.8718300726191,16.503970060273097,0.0,19,2.084386587709977,0,0,0,0.1,0.0,E-n22-k4,random_search,147,0.6700479057534456,0.7411092439709583,0.9434591814093667,488.09189665900846,9.26836089148452
21,1,1071.4285714285713,615.0051158462073,6000,82.0,0.003271861986912552,80,0.8,486.01816334620463,528.4534970473792,29.843179643244813,0.0,19,2.551835936178283,0,0,0,0.1,0.0,E-n22-k4,random_search,148,0.8820843533771903,0.7888804219783574,0.46230124030490816,484.28495991652613,1.7332034296784968
21,1,1071.4285714285713,615.0051158462073,6000,82.0,0.003271861986912552,90,0.9,481.2122821900536,535.1172130754509,17.587157622206345,0.01826976704623053,7,2.578607238027503,0,0,0,0.1,0.01826976704623053,E-n22-k4,random_search,149,0.7287702974833209,0.33926306486150354,0.8791755476100014,471.35804605534565,9.854236134707946
21,1,1071.4285714285713,615.0051158462073,6000,82.0,0.003271861986912552,40,0.4,505.6441892720908,540.8126673656014,21.692521334793557,0.0,15,2.5688260318723977,0,0,0,0.1,0.0,E-n22-k4,random_search,150,0.2090459439266552,0.3501438567586851,0.6435463666749828,475.54032633401386,30.10386293807693
21,1,1071.4285714285713,615.0051158462073,6000,82.0,0.003271861986912552,80,0.8,440.5503162578605,466.5932307448473,45.35148713463922,0.0,19,1.4304845085444098,0,0,0,0.1,0.0,E-n22-k4,random_search,151,0.2833834510193281,0.5726142173636977,0.300286089679609,440.5503162578605,0.0
21,1,1071.4285714285713,615.0051158462073,6000,82.0,0.003271861986912552,5,0.05,541.0432007783916,588.8633142294419,24.23923125938302,0.0,1,1.4338344865124315,0,0,0,0.1,0.0,E-n22-k4,random_search,152,0.38112535549064364,0.33314964687944293,0.7767727877111412,487.7793019647381,53.26389881365344
21,1,1071.4285714285713,615.0051158462073,6000,82.0,0.003271861986912552,60,0.6,480.0534721178037,540.9200973688528,27.394969488489934,0.0,12,2.5839132824509696,0,0,0,0.1,0.0,E-n22-k4,random_search,153,0.5305003233984767,0.5337194297256969,0.9561167808538371,438.3671719776611,41.686300140142635
21,1,1071.4285714285713,615.0051158462073,6000,82.0,0.003271861986912552,70,0.7,466.4101554812245,530.6326949040329,25.356712295304686,0.0,15,2.5004337702671964,0,0,0,0.1,0.0,E-n22-k4,random_search,154,0.2741245286411507,0.6028984564401629,0.6221382553793547,460.97651283013295,5.433642651091532
21,1,1071.4285714285713,615.0051158462073,6000,82.0,0.003271861986912552,40,0.4,497.9247544798915,541.5887777665123,24.349787526862727,0.015232251891288344,6,2.523121487616849,0,0,0,0.1,0.015232251891288344,E-n22-k4,random_search,155,0.581577010054738,0.7326347020013528,0.6206695669558795,471.258442321819,26.666312158072458
21,1,1071.4285714285713,615.0051158462073,6000,82.0,0.003271861986912552,60,0.6,513.5744489758769,547.9266209189159,18.089881177339226,0.0,19,2.2267714613504808,0,0,0,0.1,0.0,E-n22-k4,random_search,156,0.4268682600426792,0.6943183088604381,0.834366124097818,444.67801448523755,68.89643449063931
21,1,1071.4285714285713,615.0051158462073,6000,82.0,0.003271861986912552,60,0.6,472.65048613256823,544.8258317868019,22.330823209816455,0.0,19,2.394878212631825,0,0,0,0.1,0.0,E-n22-k4,random_search,157,0.15461803205631766,0.22241983694775502,0.61746662419198,465.68982732538973,6.960658807178504
21,1,1071.4285714285713,615.0051158462073,6000,82.0,0.003271861986912552,80,0.8,480.1785697017269,530.0968644444705,22.309913074275403,0.021985078449294614,8,2.4625343861770377,0,0,0,0.1,0.021985078449294614,E-n22-k4,random_search,158,0.5059874363610046,0.4116619723030398,0.6685822649613183,443.0812900310627,37.09727967066419
21,1,1071.4285714285713,615.0051158462073,6000,82.0,0.003271861986912552,90,0.9,482.2562324339258,523.7645874425109,27.977635039538995,0.0,15,2.5464600953683036,0,0,0,0.1,0.0,E-n22-k4,random_search,159,0.14417115767325567,0.3394889286658344,0.7683051737636402,465.2494438672968,17.006788566628984
21,1,1071.4285714285713,615.0051158462073,6000,82.0,0.003271861986912552,80,0.8,521.4196643061595,543.1704849359165,10.45567738357905,0.0,19,2.0599005501540595,0,0,0,0.1,0.0,E-n22-k4,random_search,160,0.6267618341606356,0.4382250034761108,0.9260915483989975,475.8163296155833,45.60333469057616
21,1,1071.4285714285713,615.0051158462073,6000,82.0,0.003271861986912552,80,0.8,446.8824378644493,499.3260851768211,39.78610941032281,0.0,10,2.4663367279862003,0,0,0,0.1,0.0,E-n22-k4,random_search,161,0.3802100537359753,0.2546939461964985,0.5199323823872726,446.8824378644493,0.0
21,1,1071.4285714285713,615.0051158462073,6000,82.0,0.003271861986912552,90,0.9,516.8384885682527,537.7511418170386,14.51859097137198,0.00462268314816244,8,1.693899402893389,0,0,0,0.1,0.00462268314816244,E-n22-k4,random_search,162,0.38732413436289204,0.4300633179676832,0.722780541569372,492.2435075307708,24.594981037481944
21,1,1071.4285714285713,615.0051158462073,6000,82.0,0.003271861986912552,90,0.9,492.2435075307708,530.6630615563539,17.916315891107708,0.0,12,2.286275527569429,0,0,0,0.1,0.0,E-n22-k4,random_search,163,0.5098805681410988,0.41192540168263836,0.7734596891378258,467.75635832343016,24.48714920734062
21,1,1071.4285714285713,615.0051158462073,6000,82.0,0.003271861986912552,80,0.8,479.7810014098278,537.9958206850373,20.17745203284565,0.0,19,2.332373921170093,0,0,0,0.1,0.0,E-n22-k4,random_search,164,0.3915365895144022,0.7944425845792475,0.999291604201523,478.456737431134,1.324263978693807
21,1,1071.4285714285713,615.0051158462073,6000,82.0,0.003271861986912552,20,0.2,526.4953987797395,557.5280737903915,17.06732080788764,0.02370034482415951,1,2.121094602892318,0,0,0,0.1,0.02370034482415951,E-n22-k4,random_search,165,0.2245314373594706,0.5162048623660387,0.6255511882873372,448.4007169754169,78.09468180432259
21,1,1071.4285714285713,615.0051158462073,6000,82.0,0.003271861986912552,30,0.3,507.32231245897515,552.701221129452,15.817478805182407,0.07407192263458177,1,2.2623280540202235,0,0,0,0.1,0.07407192263458177,E-n22-k4,random_search,166,0.8208907251593968,0.5423690828730309,0.7652748823657055,456.07901111813266,51.24330134084249
21,1,1071.4285714285713,615.0051158462073,6000,82.0,0.003271861986912552,60,0.6,455.89646252485034,516.2887811806124,38.49799450654957,0.05727935055788288,1,2.4839820571863314,0,0,0,0.1,0.05727935055788288,E-n22-k4,random_search,167,0.6267340292426372,0.25901760218727554,0.46565157736188223,447.020976775777,8.875485749073334
21,1,1071.4285714285713,615.0051158462073,6000,82.0,0.003271861986912552,30,0.3,497.7355718382238,539.0207205451618,20.971959190714042,0.041412919207111765,1,2.6338182035992856,0,0,0,0.1,0.041412919207111765,E-n22-k4,random_search,168,0.3580985310410978,0.35015157426548366,0.6208435520204061,456.493130586151,41.24244125207281
21,1,1071.4285714285713,615.0051158462073,6000,82.0,0.003271861986912552,60,0.6,492.2435075307708,545.0277462185271,19.002823519311953,0.0,16,2.0083396897554446,0,0,0,0.1,0.0,E-n22-k4,random_search,169,0.18535705060311117,0.3195188329025327,0.918295898742201,465.88349531471914,26.360012216051643
21,1,1071.4285714285713,615.0051158462073,6000,82.0,0.003271861986912552,30,0.3,482.3283340702138,546.1033473225549,24.398800890042864,0.0,11,2.326437504949628,0,0,0,0.1,0.0,E-n22-k4,random_search,170,0.11406832377355097,0.6529723942512582,0.849786152901699,481.7980281341291,0.5303059360847442
21,1,1071.4285714285713,615.0051158462073,6000,82.0,0.003271861986912552,80,0.8,481.43622767210115,517.3425952014193,34.58183520770583,0.0,19,2.6486737734612693,0,0,0,0.1,0.0,E-n22-k4,random_search,171,0.6679367871505608,0.7483883138069767,0.9334293802910476,465.7902870221235,15.64594064997766
21,1,1071.4285714285713,615.0051158462073,6000,82.0,0.003271861986912552,90,0.9,496.4086820424579,539.7413596079234,17.801854737645847,0.0,16,1.9126930839277183,0,0,0,0.1,0.0,E-n22-k4,random_search,172,0.7869894081431856,0.22430230344890942,0.44237441915874665,439.10664291139506,57.30203913106283
21,1,1071.4285714285713,615.0051158462073,6000,82.0,0.003271861986912552,70,0.7,451.75470099301657,534.4160811837768,26.372870891087512,0.0,19,2.5356502711199784,0,0,0,0.1,0.0,E-n22-k4,random_search,173,0.16028361342814768,0.3686796162468572,0.33140509545702024,445.26575329560495,6.488947697411618
21,1,1071.4285714285713,615.0051158462073,6000,82.0,0.003271861986912552,50,0.5,519.7210437588668,551.0859347959038,11.9563455728017,0.0,19,2.4057154399225418,0,0,0,0.1,0.0,E-n22-k4,random_search,174,0.5956126439860027,0.39403128162322226,0.8707648203113949,481.63988026798427,38.081163490882545
21,1,1071.4285714285713,615.0051158462073,6000,82.0,0.003271861986912552,5,0.05,553.247131172578,582.2942597644305,24.382907418973982,0.0,0,1.623103444870371,0,0,0,0.1,0.0,E-n22-k4,random_search,175,0.3267943912904852,0.572550689734902,0.8242214427648202,466.8045586524576,86.44257252012034
21,1,1071.4285714285713,615.0051158462073,6000,82.0,0.003271861986912552,70,0.7,464.0823396725678,515.368503183134,37.42411466554632,0.0,19,2.3192861512708083,0,0,0,0.1,0.0,E-n22-k4,random_search,176,0.13682858077115495,0.6118906216331668,0.7465050158797976,445.0158562394678,19.066483433100018
21,1,1071.4285714285713,615.0051158462073,6000,82.0,0.003271861986912552,60,0.6,455.74472153937904,525.5552994448007,38.65491415464173,0.0,12,2.6542617782458433,0,0,0,0.1,0.0,E-n22-k4,random_search,177,0.20738183896121748,0.3097073054293123,0.37686276833399757,431.0109967303541,24.73372480902492
21,1,1071.4285714285713,615.0051158462073,6000,82.0,0.003271861986912552,80,0.8,478.99951928676813,512.7888211836391,35.28724443150603,0.0,19,2.5052307211574294,0,0,0,0.1,0.0,E-n22-k4,random_search,178,0.39915713023275656,0.3965727820657323,0.8491093619329431,452.9354543276987,26.064064959069412
21,1,1071.4285714285713,615.0051158462073,6000,82.0,0.003271861986912552,40,0.4,506.8307978655319,533.5068997228856,23.184857604588526,0.003587479251712566,1,2.656177840642788,0,0,0,0.1,0.003587479251712566,E-n22-k4,random_search,179,0.7301968170417172,0.26648043450743064,0.4944854401697267,464.88048481470753,41.95031305082438
21,1,1071.4285714285713,615.0051158462073,6000,82.0,0.003271861986912552,70,0.7,468.74869437438747,507.79718558260794,39.4372748873056,0.0,19,2.5644606367423135,0,0,0,0.1,0.0,E-n22-k4,random_search,180,0.42486356737262976,0.4145715671144725,0.5748918990701455,452.3615951044386,16.387099269948862
21,1,1071.4285714285713,615.0051158462073,6000,82.0,0.003271861986912552,40,0.4,460.5253489865931,506.4225191588165,40.65494700923756,0.0,15,2.1178098769740177,0,0,0,0.1,0.0,E-n22-k4,random_search,181,0.6595164708882297,0.482207977862492,0.8011624271086393,414.5231439148755,46.00220507171758
21,1,1071.4285714285713,615.0051158462073,6000,82.0,0.003271861986912552,30,0.3,523.4769488262428,559.0362137780778,14.297144034916231,0.0,19,2.397001083818638,0,0,0,0.1,0.0,E-n22-k4,random_search,182,0.8849793805639319,0.6434001136736749,0.5337671081858326,470.91351635422836,52.56343247201448
21,1,1071.4285714285713,615.0051158462073,6000,82.0,0.003271861986912552,60,0.6,443.41969913701973,476.31639996360553,42.247937534064484,0.0,15,2.1470415791819306,0,0,0,0.1,0.0,E-n22-k4,random_search,183,0.33335697259104863,0.32008511611072543,0.5697863929263174,443.41969913701973,0.0
21,1,1071.4285714285713,615.0051158462073,6000,82.0,0.003271861986912552,5,0.05,510.2510529917764,567.3499470827358,31.28748343453921,0.0,1,2.562508344881246,0,0,0,0.1,0.0,E-n22-k4,random_search,184,0.46910400821009224,0.5972699168138416,0.9788578883088361,467.19286230878,43.05819068299644
21,1,1071.4285714285713,615.0051158462073,6000,82.0,0.003271861986912552,5,0.05,540.8322603409165,570.5739953549539,22.34432782577332,0.0,0,2.6699573076716105,0,0,0,0.1,0.0,E-n22-k4,random_search,185,0.52672914095361,0.29669794394354576,0.7525589890124527,481.82495583272714,59.00730450818935
21,1,1071.4285714285713,615.0051158462073,6000,82.0,0.003271861986912552,40,0.4,497.332397249925,540.3214788228202,23.392573027541886,0.026147523973926213,2,2.085242987712371,0,0,0,0.1,0.026147523973926213,E-n22-k4,random_search,186,0.5613667601762476,0.23315240896253794,0.5750204373740486,445.3733864286681,51.959010821256925
21,1,1071.4285714285713,615.0051158462073,6000,82.0,0.003271861986912552,20,0.2,506.4700009488349,565.5626132050935,19.74794042396692,0.0,9,2.473349993990341,0,0,0,0.1,0.0,E-n22-k4,random_search,187,0.3461728049719741,0.5547696380274934,0.6678552284603825,499.92535449328113,6.544646455553789
21,1,1071.4285714285713,615.0051158462073,6000,82.0,0.003271861986912552,90,0.9,440.5503162578605,493.1518029324813,49.931985745806664,0.0,19,2.4861327606639887,0,0,0,0.1,0.0,E-n22-k4,random_search,188,0.11510443112130037,0.7304614075769711,0.9238162483274595,440.5503162578605,0.0
21,1,1071.4285714285713,615.0051158462073,6000,82.0,0.003271861986912552,70,0.7,501.34076198183845,540.3116032831053,16.74762255045036,0.03446969696019262,5,2.508068885100919,0,0,0,0.1,0.03446969696019262,E-n22-k4,random_search,189,0.24854171191336044,0.7997545630050231,0.740549696325219,480.81202098506435,20.528740996774104
21,1,1071.4285714285713,615.0051158462073,6000,82.0,0.003271861986912552,10,0.1,529.1716507833479,574.6300416905304,16.225048650208404,0.10815434211421732,0,2.266755073097479,0,0,0,0.1,0.10815434211421732,E-n22-k4,random_search,190,0.2068773072960231,0.42978316231931046,0.4279323175180346,480.66475369765544,48.50689708569246
21,1,1071.4285714285713,615.0051158462073,6000,82.0,0.003271861986912552,10,0.1,495.5332171879488,556.5553066118699,32.83614699785132,0.13747659005505874,1,2.593879716035093,0,0,0,0.1,0.13747659005505874,E-n22-k4,random_search,191,0.8448429935195798,0.5706755422722396,0.9939314900735239,462.1571296793721,33.376087508576745
21,1,1071.4285714285713,615.0051158462073,6000,82.0,0.003271861986912552,5,0.05,560.9578146124753,585.4625363178109,16.353192364911553,0.0,4,1.9656936867667436,0,0,0,0.1,0.0,E-n22-k4,random_search,192,0.699693124985501,0.7288774654500934,0.459459669356448,456.6117200662229,104.3460945462524
21,1,1071.4285714285713,615.0051158462073,6000,82.0,0.003271861986912552,20,0.2,496.84987277897307,553.4202093358637,28.363226634407305,0.05701434841712452,2,2.225751096274769,0,0,0,0.1,0.05701434841712452,E-n22-k4,random_search,193,0.3765198468509948,0.5420489889149447,0.6446052091751322,441.1016239632433,55.74824881572977
21,1,1071.4285714285713,615.0051158462073,6000,82.0,0.003271861986912552,40,0.4,494.3366538108044,545.2742733450749,29.367449873269262,0.01237582706006094,5,2.104526015416854,0,0,0,0.1,0.01237582706006094,E-n22-k4,random_search,194,0.5165284555736969,0.2900445383446976,0.6487807980326531,447.42488813158934,46.91176567921508
21,1,1071.4285714285713,615.0051158462073,6000,82.0,0.003271861986912552,70,0.7,490.09592077528976,544.9722886921784,15.756045210416493,0.0,11,1.7541951960965199,0,0,0,0.1,0.0,E-n22-k4,random_search,195,0.6421368117465354,0.7825563649858336,0.8032773994326741,473.32855945253294,16.767361322756813
21,1,1071.4285714285713,615.0051158462073,6000,82.0,0.003271861986912552,90,0.9,474.8468127715878,538.0031930928633,18.24262684895417,0.0,19,2.6386207497635707,0,0,0,0.1,0.0,E-n22-k4,random_search,196,0.6583259434800515,0.5018441106310421,0.39502741905993594,465.01353535600197,9.833277415585826
21,1,1071.4285714285713,615.0051158462073,6000,82.0,0.003271861986912552,30,0.3,521.3384436808007,553.475874532253,16.230830592329486,0.0173624911979228,8,2.651882929910399,0,0,0,0.1,0.0173624911979228,E-n22-k4,random_search,197,0.7817089081551064,0.5309603339885496,0.4540674705278115,476.08975208745636,45.24869159334429
21,1,1071.4285714285713,615.0051158462073,6000,82.0,0.003271861986912552,90,0.9,464.3471459868053,528.9007164302897,21.88400137901182,0.0,11,2.7969260943868592,0,0,0,0.1,0.0,E-n22-k4,random_search,198,0.5809668618911971,0.658736533379592,0.9170792025859347,459.2762089031488,5.070937083656474
21,1,1071.4285714285713,615.0051158462073,6000,82.0,0.003271861986912552,50,0.5,494.59912871889736,539.1007141156348,31.45682133345894,0.0,19,2.5956365635519263,0,0,0,0.1,0.0,E-n22-k4,random_search,199,0.8844501284974297,0.5324976244908521,0.45137280153808684,458.5752807325991,36.02384798629828
21,1,1071.4285714285713,615.0051158462073,6000,82.0,0.003271861986912552,30,0.3,515.8963268679497,555.855135590847,22.20508779334426,0.0,19,2.8263975755030772,0,0,0,0.1,0.0,E-n22-k4,random_search,200,0.8314971690532074,0.23508497917642623,0.5269472347020652,460.4118084418159,55.48451842613383
21,1,1071.4285714285713,615.0051158462073,6000,82.0,0.003271861986912552,90,0.9,421.6183945827169,470.8216121075367,47.906948532409025,0.0,19,2.2058179328595036,0,0,0,0.1,0.0,E-n22-k4,random_search,201,0.8807631699108586,0.5121166107018078,0.6231016072620279,406.32212452742266,15.296270055294258
21,1,1071.4285714285713,615.0051158462073,6000,82.0,0.003271861986912552,10,0.1,525.5864680004372,567.6351325602352,17.07774697958556,0.08256949524108789,6,1.9732534529620054,0,0,0,0.1,0.08256949524108789,E-n22-k4,random_search,202,0.8995992307954753,0.6759084066511436,0.5426196946199275,441.8105858334802,83.77588216695699
21,1,1071.4285714285713,615.0051158462073,6000,82.0,0.003271861986912552,60,0.6,497.5797594595213,532.4931537986688,16.698143255906,0.002334492166399247,6,2.424979444338868,0,0,0,0.1,0.002334492166399247,E-n22-k4,random_search,203,0.8529543481230704,0.6155714841598183,0.4099709545717165,472.5769234611971,25.0028359983242
21,1,1071.4285714285713,615.0051158462073,6000,82.0,0.003271861986912552,5,0.05,550.8919917478262,578.7428736581159,15.30001906519611,0.0,2,2.354374935325599,0,0,0,0.1,0.0,E-n22-k4,random_search,204,0.38379097363272197,0.27210320926395254,0.9139319484178796,441.254900554556,109.63709119327018
21,1,1071.4285714285713,615.0051158462073,6000,82.0,0.003271861986912552,10,0.1,510.35912782505136,565.5143722361049,19.908382112713667,0.0429568194177395,5,1.8998653173188054,0,0,0,0.1,0.0429568194177395,E-n22-k4,random_search,205,0.2659713215495114,0.7516219186898441,0.8421356058935925,475.1415295444819,35.21759828056946
21,1,1071.4285714285713,615.0051158462073,6000,82.0,0.003271861986912552,30,0.3,503.0889096992025,555.5178206313575,22.29277711316867,0.01968472495171666,6,2.4906958490043705,0,0,0,0.1,0.01968472495171666,E-n22-k4,random_search,206,0.5803993857059705,0.6309609846309313,0.9128581572878001,485.545583611674,17.5433260875285
21,1,1071.4285714285713,615.0051158462073,6000,82.0,0.003271861986912552,90,0.9,497.8772741095171,542.3308676469042,19.087610468518935,0.0,19,1.7708536559082326,0,0,0,0.1,0.0,E-n22-k4,random_search,207,0.27517364034674374,0.6926664192053745,0.43254335061271065,491.22856763329014,6.648706476226948
21,1,1071.4285714285713,615.0051158462073,6000,82.0,0.003271861986912552,30,0.3,497.0777484099881,538.8450619671428,31.810377572319062,0.00367675500995247,5,2.439932714532009,0,0,0,0.1,0.00367675500995247,E-n22-k4,random_search,208,0.7375471551092532,0.20830365229526646,0.5328604893677542,470.0622451879392,27.015503222048892
21,1,1071.4285714285713,615.0051158462073,6000,82.0,0.003271861986912552,40,0.4,472.90146884264976,541.3587530415102,25.381132052153216,0.07753815549456086,0,2.5224853405955985,0,0,0,0.1,0.07753815549456086,E-n22-k4,random_search,209,0.6329696294657713,0.7712384482258094,0.5002302774748871,434.55988297678454,38.34158586586523
21,1,1071.4285714285713,615.0051158462073,6000,82.0,0.003271861986912552,60,0.6,449.8677250980595,512.4172266271651,38.82622397011855,0.0,19,2.678712309170642,0,0,0,0.1,0.0,E-n22-k4,random_search,210,0.4367999572727431,0.7378185433946376,0.396511203634847,446.69749208806263,3.1702330099968776
21,1,1071.4285714285713,615.0051158462073,6000,82.0,0.003271861986912552,40,0.4,505.87449991412325,552.328132594363,19.276848463786937,0.0,9,1.9807459410753878,0,0,0,0.1,0.0,E-n22-k4,random_search,211,0.4839527956932267,0.5175041989752378,0.7271132880124942,473.7609607966125,32.113539117510754
21,1,1071.4285714285713,615.0051158462073,6000,82.0,0.003271861986912552,10,0.1,492.3658360336276,539.3436998450773,39.8335455838071,0.09321554402543468,6,2.562147126620878,0,0,0,0.1,0.09321554402543468,E-n22-k4,random_search,212,0.8952447583942154,0.32220303472761325,0.6632785430069466,466.8952992501436,25.47053678348402
21,1,1071.4285714285713,615.0051158462073,6000,82.0,0.003271861986912552,40,0.4,525.7945712419337,547.7760815845925,12.576654892808076,0.010618845732882916,1,2.7706924609468326,0,0,0,0.1,0.010618845732882916,E-n22-k4,random_search,213,0.730017738860194,0.3180651475229327,0.33991544011486274,490.41764872993417,35.37692251199951
21,1,1071.4285714285713,615.0051158462073,6000,82.0,0.003271861986912552,80,0.8,488.35129433377176,526.6868264903175,26.288180443690127,0.02214251884770195,2,2.586777371226068,0,0,0,0.1,0.02214251884770195,E-n22-k4,random_search,214,0.7579356437053139,0.5727812932177287,0.9893563439138708,465.8743480410848,22.47694629268699
21,1,1071.4285714285713,615.0051158462073,6000,82.0,0.003271861986912552,5,0.05,528.3678278157062,583.9848702958327,16.779816061278797,0.0,2,1.5816969149278168,0,0,0,0.1,0.0,E-n22-k4,random_search,215,0.6401067128693854,0.32497489156767817,0.7401692689181391,468.0635105197311,60.30431729597507
21,1,1071.4285714285713,615.0051158462073,6000,82.0,0.003271861986912552,80,0.8,503.98528203681286,543.164540958382,15.95731647441902,0.010754171600084144,1,2.4658555710562764,0,0,0,0.1,0.010754171600084144,E-n22-k4,random_search,216,0.883351444764105,0.553713748566813,0.8340935699721557,426.02226523162443,77.96301680518843
21,1,1071.4285714285713,615.0051158462073,6000,82.0,0.003271861986912552,20,0.2,521.898900221562,556.899342946111,17.567748597990374,0.0,12,2.7239599358173416,0,0,0,0.1,0.0,E-n22-k4,random_search,217,0.3288489236804549,0.4157141196286453,0.5984777875475875,454.45433665564514,67.4445635659169
21,1,1071.4285714285713,615.0051158462073,6000,82.0,0.003271861986912552,70,0.7,445.07382451458426,490.7661382302995,46.931209532773345,0.009175399724154336,8,2.401590161244643,0,0,0,0.1,0.009175399724154336,E-n22-k4,random_search,218,0.7039683998344612,0.27937720833360524,0.9739345692294019,433.4392446608114,11.634579853772834
21,1,1071.4285714285713,615.0051158462073,6000,82.0,0.003271861986912552,90,0.9,499.8734273258978,532.0820346852871,17.58969913620982,0.0045699241108162255,6,2.7599631959492057,0,0,0,0.1,0.0045699241108162255,E-n22-k4,random_search,219,0.5227578573488446,0.21930667445690552,0.7866297474962515,454.2860749657115,45.58735236018629
21,1,1071.4285714285713,615.0051158462073,6000,82.0,0.003271861986912552,50,0.5,437.98782749579743,499.21941522556733,53.92810203829116,0.0,19,2.447331455065376,0,0,0,0.1,0.0,E-n22-k4,random_search,220,0.440161472543699,0.478303088658985,0.7914734553842109,408.6748787038549,29.312948791942517
21,1,1071.4285714285713,615.0051158462073,6000,82.0,0.003271861986912552,70,0.7,481.6680601309252,513.6587790896388,29.639029830785987,0.0,18,2.5422312598564125,0,0,0,0.1,0.0,E-n22-k4,random_search,221,0.7025100834798819,0.4643861372564075,0.751979230601238,466.9379255668587,14.730134564066475
21,1,1071.4285714285713,615.0051158462073,6000,82.0,0.003271861986912552,60,0.6,519.2387648564277,542.243446521427,13.084703737835673,0.014730424791627145,7,2.4931056824626787,0,0,0,0.1,0.014730424791627145,E-n22-k4,random_search,222,0.6868230861968373,0.7169235160382887,0.5603850331406366,469.5004590902082,49.73830576621947
21,1,1071.4285714285713,615.0051158462073,6000,82.0,0.003271861986912552,20,0.2,519.2387648564277,555.1419268203549,17.347511380634707,0.0,12,2.4916669343610334,0,0,0,0.1,0.0,E-n22-k4,random_search,223,0.3711632044625476,0.33481243898333135,0.6517901781264818,478.1727418784122,41.066022978015496
21,1,1071.4285714285713,615.0051158462073,6000,82.0,0.003271861986912552,60,0.6,491.5354762479399,535.501022388821,25.38454564751666,0.0,19,2.52177224047088,0,0,0,0.1,0.0,E-n22-k4,random_search,224,0.1668252799633554,0.6378383095981096,0.8766042386551034,480.843212227961,10.69226401997895
21,1,1071.4285714285713,615.0051158462073,6000,82.0,0.003271861986912552,70,0.7,459.1368914063866,511.84059085432284,32.871781803732176,0.0,19,2.479201300102871,0,0,0,0.1,0.0,E-n22-k4,random_search,225,0.13927888412022027,0.2547176687002621,0.36338560305567524,446.8377986028184,12.299092803568215
21,1,1071.4285714285713,615.0051158462073,6000,82.0,0.003271861986912552,50,0.5,502.5145887639368,542.0210057099938,17.38831357423178,0.023120059150968146,8,2.6252420056815495,0,0,0,0.1,0.023120059150968146,E-n22-k4,random_search,226,0.11391118199943469,0.7747480315066588,0.35904965472447126,481.43276003182865,21.081828732108136
21,1,1071.4285714285713,615.0051158462073,6000,82.0,0.003271861986912552,60,0.6,476.44395565530704,530.8844208592676,32.5965488108635,0.0,19,2.2716222407211837,0,0,0,0.1,0.0,E-n22-k4,random_search,227,0.5315197306327681,0.3131776731722606,0.9726889534511773,463.18250907197233,13.261446583334703
21,1,1071.4285714285713,615.0051158462073,6000,82.0,0.003271861986912552,40,0.4,451.46225643861334,502.822431401635,45.30666500451743,0.01928142086278662,0,2.3173997949386345,0,0,0,0.1,0.01928142086278662,E-n22-k4,random_search,228,0.8126237118664075,0.3865552067240172,0.589951810849584,433.89831243087093,17.563944007742407
21,1,1071.4285714285713,615.0051158462073,6000,82.0,0.003271861986912552,40,0.4,460.27743279875773,514.9231536804507,39.62212274102448,0.11374171996634588,6,2.4518479816079206,0,0,0,0.1,0.11374171996634588,E-n22-k4,random_search,229,0.754447521279072,0.781268076305514,0.7178136385676793,443.41969913701973,16.857733661737996
21,1,1071.4285714285713,615.0051158462073,6000,82.0,0.003271861986912552,80,0.8,519.2387648564277,539.6793545221263,11.880210959240543,0.0,19,2.6167867931443705,0,0,0,0.1,0.0,E-n22-k4,random_search,230,0.6477801249641115,0.3107896203132835,0.3372494181673859,449.4938421940024,69.74492266242527
21,1,1071.4285714285713,615.0051158462073,6000,82.0,0.003271861986912552,20,0.2,519.2387648564277,560.8188135574446,21.265208393959792,0.0,13,2.1970452751200567,0,0,0,0.1,0.0,E-n22-k4,random_search,231,0.4461146075207425,0.7949658425525536,0.7660748819047324,456.2151986432945,63.023566213133165
21,1,1071.4285714285713,615.0051158462073,6000,82.0,0.003271861986912552,10,0.1,504.0235672726428,564.9694507380534,24.37567836556898,0.07191810727223785,3,2.5904181510516575,0,0,0,0.1,0.07191810727223785,E-n22-k4,random_search,232,0.6746865575332059,0.7667558426137784,0.4739045984601047,465.0989346425446,38.924632630098245
21,1,1071.4285714285713,615.0051158462073,6000,82.0,0.003271861986912552,80,0.8,460.97793829182405,504.1967077139717,37.0108805135841,0.0,19,2.67237838776725,0,0,0,0.1,0.0,E-n22-k4,random_search,233,0.8566668036649606,0.3840069216710626,0.4013669677530169,460.97793829182405,0.0
21,1,1071.4285714285713,615.0051158462073,6000,82.0,0.003271861986912552,60,0.6,478.50628797626666,500.91686381566797,22.294727464525767,0.0,10,1.6623870237889231,0,0,0,0.1,0.0,E-n22-k4,random_search,234,0.6159534597316357,0.7232145992086108,0.5691991987772798,455.4688077526916,23.037480223575074
21,1,1071.4285714285713,615.0051158462073,6000,82.0,0.003271861986912552,40,0.4,493.67980420443416,530.6324257800909,27.679927661963685,0.0,19,2.5526372855993276,0,0,0,0.1,0.0,E-n22-k4,random_search,235,0.17302209149170444,0.39146538992057367,0.4251864872779666,476.60626579251965,17.073538411914512
21,1,1071.4285714285713,615.0051158462073,6000,82.0,0.003271861986912552,5,0.05,537.4285239180124,577.4213193947128,21.369358008963243,0.0,3,2.244911123201837,0,0,0,0.1,0.0,E-n22-k4,random_search,236,0.37864902064916106,0.26607440761850276,0.9409705871021885,485.01633846648247,52.41218545152992
21,1,1071.4285714285713,615.0051158462073,6000,82.0,0.003271861986912552,50,0.5,500.7614469674728,539.0104382168072,16.9806670636077,0.0,19,2.696181041593887,0,0,0,0.1,0.0,E-n22-k4,random_search,237,0.5425427046154888,0.32525720489285626,0.6540957110121526,444.44081704773737,56.32062991973544
21,1,1071.4285714285713,615.0051158462073,6000,82.0,0.003271861986912552,50,0.5,489.33584780597755,533.6533430629565,27.06277620685705,0.0,19,2.542837397215715,0,0,0,0.1,0.0,E-n22-k4,random_search,238,0.42425194608897177,0.7098012519909414,0.6621384531547807,474.8525595443849,14.483288261592634
21,1,1071.4285714285713,615.0051158462073,6000,82.0,0.003271861986912552,60,0.6,508.1031379459117,540.5007844030531,16.84635856535271,0.0,19,2.6638396704388887,0,0,0,0.1,0.0,E-n22-k4,random_search,239,0.5189003960500391,0.7019112578657623,0.7475620380781148,470.0172860901186,38.08585185579312
21,1,1071.4285714285713,615.0051158462073,6000,82.0,0.003271861986912552,30,0.3,493.7984884567977,551.2127713710245,24.287209534755362,0.05616092563846349,7,2.524711289893868,0,0,0,0.1,0.05616092563846349,E-n22-k4,random_search,240,0.6127112054078567,0.5097208624709204,0.47973776734260254,454.34495117245893,39.45353728433878
21,1,1071.4285714285713,615.0051158462073,6000,82.0,0.003271861986912552,50,0.5,507.6632538125766,552.9296810218183,12.683932857803041,0.0,19,2.4328264486083877,0,0,0,0.1,0.0,E-n22-k4,random_search,241,0.8084906077270485,0.774264317937225,0.6963018293293127,472.7376344150922,34.92561939748441
21,1,1071.4285714285713,615.0051158462073,6000,82.0,0.003271861986912552,5,0.05,519.2387648564277,572.1970215903009,18.811589191378424,0.0,0,2.37053756848476,0,0,0,0.1,0.0,E-n22-k4,random_search,242,0.8795354076543493,0.3906210676458203,0.9968828573916366,478.11929091872213,41.11947393770555
21,1,1071.4285714285713,615.0051158462073,6000,82.0,0.003271861986912552,10,0.1,526.099883102464,565.2919439761242,23.21042091262878,0.07191081523540341,0,2.3256186487687334,0,0,0,0.1,0.07191081523540341,E-n22-k4,random_search,243,0.560659759600547,0.6604495832219115,0.8654764081640438,458.8909640576485,67.2089190448155
21,1,1071.4285714285713,615.0051158462073,6000,82.0,0.003271861986912552,40,0.4,484.74416328888685,544.584693573004,22.159778707607064,0.0,19,2.543697807373831,0,0,0,0.1,0.0,E-n22-k4,random_search,244,0.2737380185516323,0.21645057083124114,0.5295276179819011,472.48241357072686,12.26174971815999
21,1,1071.4285714285713,615.0051158462073,6000,82.0,0.003271861986912552,20,0.2,499.030925616267,552.0394300794267,26.8510075469801,0.0650884287305726,4,2.7217872980098097,0,0,0,0.1,0.0650884287305726,E-n22-k4,random_search,245,0.38340613648466637,0.715976724042602,0.8125121615804995,456.0294342222323,43.0014913940347
21,1,1071.4285714285713,615.0051158462073,6000,82.0,0.003271861986912552,5,0.05,547.2334691647081,574.1410953702841,16.86784477901173,0.0,4,1.1336086146217004,0,0,0,0.1,0.0,E-n22-k4,random_search,246,0.66371511880896,0.7825317221117629,0.8688563557674001,501.28041584681125,45.95305331789689
21,1,1071.4285714285713,615.0051158462073,6000,82.0,0.003271861986912552,90,0.9,463.88041364656203,494.16806145218624,38.682602628034736,0.0,19,2.1750695745894104,0,0,0,0.1,0.0,E-n22-k4,random_search,247,0.8774054120098069,0.5394883655315236,0.4229424503179707,442.3763701208952,21.504043525666816
21,1,1071.4285714285713,615.0051158462073,6000,82.0,0.003271861986912552,5,0.05,558.221345175367,575.316729460324,13.820323555872776,0.0,3,2.521926714624594,0,0,0,0.1,0.0,E-n22-k4,random_search,248,0.6580113084196291,0.576395437019297,0.3987670885958303,467.6255368026062,90.59580837276081
21,1,1071.4285714285713,615.0051158462073,6000,82.0,0.003271861986912552,20,0.2,535.6095447577754,556.1388443051225,13.971575162986683,0.008749967725410163,3,2.689258974990255,0,0,0,0.1,0.008749967725410163,E-n22-k4,random_search,249,0.5938535806239317,0.24327797280397162,0.447154111468934,453.8212508629577,81.78829389481774
21,1,1071.4285714285713,615.0051158462073,6000,82.0,0.003271861986912552,70,0.7,492.2435075307708,536.3609714386395,17.552121332197355,0.03188104376311666,2,2.3550349796208234,0,0,0,0.1,0.03188104376311666,E-n22-k4,random_search,250,0.24820663144924746,0.6132531875023597,0.8540489222864971,469.81015793571345,22.433349595057337
21,1,1071.4285714285713,615.0051158462073,6000,82.0,0.003271861986912552,40,0.4,458.5385373124362,504.9991850194013,43.5535404184963,0.0,13,2.3110663558138826,0,0,0,0.1,0.0,E-n22-k4,random_search,251,0.8260674271994775,0.4789886386386716,0.8413904831594576,451.63509946487267,6.903437847563509
21,1,1071.4285714285713,615.0051158462073,6000,82.0,0.003271861986912552,30,0.3,488.30945906237406,538.9856837495117,31.305688260924082,0.06184741259297453,0,2.3943738120314992,0,0,0,0.1,0.06184741259297453,E-n22-k4,random_search,252,0.1728799538760078,0.6423608284370819,0.3379158212121209,440.6096640806045,47.69979498176957
21,1,1071.4285714285713,615.0051158462073,6000,82.0,0.003271861986912552,90,0.9,457.2887239411577,526.0440647405505,29.397232401627523,0.0,19,2.6222691382248864,0,0,0,0.1,0.0,E-n22-k4,random_search,253,0.4492175787371283,0.4966690331170106,0.8327113884938906,447.1867015961504,10.102022345007299
21,1,1071.4285714285713,615.0051158462073,6000,82.0,0.003271861986912552,80,0.8,466.4659435278163,497.7281699683398,33.05381539147311,0.0,9,2.0172445150105083,0,0,0,0.1,0.0,E-n22-k4,random_search,254,0.6709711012997643,0.5590284712658593,0.8039578505426803,428.21150815797836,38.25443536983795
21,1,1071.4285714285713,615.0051158462073,6000,82.0,0.003271861986912552,40,0.4,505.2207860494851,548.0189373432232,20.681926635019337,0.0,19,2.1555552204589987,0,0,0,0.1,0.0,E-n22-k4,random_search,255,0.7862356997274855,0.3391935247227994,0.3012456186275606,456.0085943283764,49.21219172110875
21,1,1071.4285714285713,615.0051158462073,6000,82.0,0.003271861986912552,30,0.3,497.89788890333665,543.5032548925876,24.634064350984254,0.04061890148589986,8,2.548048615967721,0,0,0,0.1,0.04061890148589986,E-n22-k4,random_search,256,0.46649844271995533,0.27792938665400835,0.5093837721704748,461.5083390544321,36.38954984890455
21,1,1071.4285714285713,615.0051158462073,6000,82.0,0.003271861986912552,20,0.2,510.36132871440054,549.1469580811988,24.02696922808959,0.03477929162619522,2,2.521664201285493,0,0,0,0.1,0.03477929162619522,E-n22-k4,random_search,257,0.5969942788438092,0.7744245930511267,0.4983469247594837,432.48087174102676,77.88045697337378
21,1,1071.4285714285713,615.0051158462073,6000,82.0,0.003271861986912552,10,0.1,550.1303788101993,582.0509697082978,13.801715584143894,0.035141216154204534,1,2.1919020988864455,0,0,0,0.1,0.035141216154204534,E-n22-k4,random_search,258,0.17386663434647803,0.6134077705329044,0.3041146098464743,475.2732730617036,74.85710574849571
21,1,1071.4285714285713,615.0051158462073,6000,82.0,0.003271861986912552,20,0.2,533.6818170498949,547.013219457781,15.706003470195684,0.0,12,2.442719488920164,0,0,0,0.1,0.0,E-n22-k4,random_search,259,0.6153652837359929,0.7629486837863186,0.450000755308688,456.2348624581809,77.44695459171402
21,1,1071.4285714285713,615.0051158462073,6000,82.0,0.003271861986912552,20,0.2,503.6268764628861,560.7260658172765,24.334951468724363,0.018865842797400032,0,2.047724501323568,0,0,0,0.1,0.018865842797400032,E-n22-k4,random_search,260,0.8452360895623593,0.7939233523990352,0.49023608758663384,455.92112045833653,47.705756004549585
21,1,1071.4285714285713,615.0051158462073,6000,82.0,0.003271861986912552,60,0.6,511.5219650295569,538.6721243843148,12.326739708523421,0.0,10,2.4852742168060575,0,0,0,0.1,0.0,E-n22-k4,random_search,261,0.18965200365408608,0.5556268505650601,0.7718407110761173,470.5255748768382,40.996390152718675
21,1,1071.4285714285713,615.0051158462073,6000,82.0,0.003271861986912552,30,0.3,492.70198550526186,540.6296465025156,23.526717045665112,0.06256721680882722,0,2.6086980337362626,0,0,0,0.1,0.06256721680882722,E-n22-k4,random_search,262,0.8525900669741405,0.6391781213982273,0.6911542977157628,446.0079550010783,46.69403050418356
21,1,1071.4285714285713,615.0051158462073,6000,82.0,0.003271861986912552,40,0.4,513.668835486982,549.4743598182247,17.386622752895207,0.0,19,2.949321387730628,0,0,0,0.1,0.0,E-n22-k4,random_search,263,0.8766355706246934,0.7794607270443976,0.5051870470146541,480.3645793679403,33.30425611904167
21,1,1071.4285714285713,615.0051158462073,6000,82.0,0.003271861986912552,80,0.8,506.9770151382675,538.4485184617906,20.170360527193196,0.0,19,2.661742644944712,0,0,0,0.1,0.0,E-n22-k4,random_search,264,0.8906841282498534,0.6909425298951777,0.8893366631921367,448.41563857664397,58.56137656162355
21,1,1071.4285714285713,615.0051158462073,6000,82.0,0.003271861986912552,10,0.1,499.1220490649403,557.5545360310886,37.65577667545637,0.12809747630894402,2,2.5162386443706186,0,0,0,0.1,0.12809747630894402,E-n22-k4,random_search,265,0.8960767762471689,0.5718732477362598,0.5456596168714348,465.9602454756442,33.16180358929614
21,1,1071.4285714285713,615.0051158462073,6000,82.0,0.003271861986912552,90,0.9,452.89500575124623,489.8104960002719,36.05777039686139,0.0,11,2.073948099298965,0,0,0,0.1,0.0,E-n22-k4,random_search,266,0.7661370917330923,0.3251429313141282,0.43663797203902743,448.1253761470961,4.769629604150111
21,1,1071.4285714285713,615.0051158462073,6000,82.0,0.003271861986912552,10,0.1,539.8341540215793,569.54898374249,16.564874127030954,0.03733179534452806,0,2.347079409975779,0,0,0,0.1,0.03733179534452806,E-n22-k4,random_search,267,0.4762423867045279,0.7222527049390328,0.6908737893080251,446.23898581548565,93.5951682060936
21,1,1071.4285714285713,615.0051158462073,6000,82.0,0.003271861986912552,40,0.4,460.99004564569367,516.6980062825035,38.95076542757729,0.0,11,2.427323682720742,0,0,0,0.1,0.0,E-n22-k4,random_search,268,0.62099841016879,0.7704710908013286,0.417472043037089,418.8489563105297,42.141089335164
21,1,1071.4285714285713,615.0051158462073,6000,82.0,0.003271861986912552,70,0.7,500.04039247272885,525.3327908060535,23.08679626798562,0.015287889197290124,5,2.456929998973993,0,0,0,0.1,0.015287889197290124,E-n22-k4,random_search,269,0.78210288182552,0.3268114747675477,0.4392451751389074,443.41969913701973,56.62069333570912
21,1,1071.4285714285713,615.0051158462073,6000,82.0,0.003271861986912552,80,0.8,494.02747517493117,534.535231772034,18.82667272464592,0.0,19,2.8046432641977144,0,0,0,0.1,0.0,E-n22-k4,random_search,270,0.3105490328747327,0.507550554696012,0.30668737730887974,459.4018441277609,34.62563104717026
21,1,1071.4285714285713,615.0051158462073,6000,82.0,0.003271861986912552,90,0.9,474.3207528998959,527.6421422044145,30.03444789667483,0.0422082958798117,3,2.5582408701416317,0,0,0,0.1,0.0422082958798117,E-n22-k4,random_search,271,0.29760363468648754,0.5623730858891269,0.9263060528886573,469.5229692476052,4.797783652290718
21,1,1071.4285714285713,615.0051158462073,6000,82.0,0.003271861986912552,50,0.5,471.1807808911305,514.7504585596031,35.947596737270686,0.0,11,2.4845108861299043,0,0,0,0.1,0.0,E-n22-k4,random_search,272,0.7323414043037647,0.24794929477441902,0.47551845728219755,442.43644824536875,28.744332645761745
21,1,1071.4285714285713,615.0051158462073,6000,82.0,0.003271861986912552,60,0.6,502.74784970563906,537.8775920489422,14.47560770295307,0.0,19,2.0336707173564705,0,0,0,0.1,0.0,E-n22-k4,random_search,273,0.40539539949750436,0.49542555098529334,0.9463091613092032,492.2435075307708,10.50434217486827
21,1,1071.4285714285713,615.0051158462073,6000,82.0,0.003271861986912552,5,0.05,545.8205633446759,580.131140984032,21.523433285927197,0.0,0,2.776339416277265,0,0,0,0.1,0.0,E-n22-k4,random_search,274,0.7868752312314561,0.3299841980958054,0.36442290786530224,454.0775327893831,91.74303055529276
21,1,1071.4285714285713,615.0051158462073,6000,82.0,0.003271861986912552,20,0.2,524.2467601931394,558.158137706054,18.764213157572645,0.0,13,2.091057407268002,0,0,0,0.1,0.0,E-n22-k4,random_search,275,0.5373335998507546,0.7834466061674674,0.5140353240327198,476.84387441980664,47.40288577333274
21,1,1071.4285714285713,615.0051158462073,6000,82.0,0.003271861986912552,50,0.5,493.2136251080057,538.439174772992,23.271721900242262,0.044127763552520786,5,2.434328427106284,0,0,0,0.1,0.044127763552520786,E-n22-k4,random_search,276,0.35251429332638695,0.7977117741864703,0.8707425075692306,464.8529736050946,28.36065150291114
21,1,1071.4285714285713,615.0051158462073,6000,82.0,0.003271861986912552,40,0.4,519.2387648564277,553.8072308460031,13.593087698991912,0.0,19,2.3406745275062404,0,0,0,0.1,0.0,E-n22-k4,random_search,277,0.2789737628846294,0.735376343801958,0.8775569907229053,485.2402433707807,33.99852148564696
21,1,1071.4285714285713,615.0051158462073,6000,82.0,0.003271861986912552,70,0.7,473.29239894441343,524.8366390419628,33.839929992652635,0.0,19,2.694988942952264,0,0,0,0.1,0.0,E-n22-k4,random_search,278,0.10315084142267601,0.3534315811743366,0.5034346012354414,469.3168599098982,3.9755390345152364
21,1,1071.4285714285713,615.0051158462073,6000,82.0,0.003271861986912552,90,0.9,493.7951075967583,534.8367203421519,17.67645572862087,0.008600889131439936,8,2.610099116765118,0,0,0,0.1,0.008600889131439936,E-n22-k4,random_search,279,0.403556444776046,0.24729796926745143,0.8375757198078566,483.5109833493893,10.28412424736905
21,1,1071.4285714285713,615.0051158462073,6000,82.0,0.003271861986912552,50,0.5,518.908295216274,542.2641753850437,13.501721887630401,0.0,19,2.0424207774917598,0,0,0,0.1,0.0,E-n22-k4,random_search,280,0.8584111752081418,0.6940919811335663,0.7111795534351707,459.7134627525251,59.194832463748924
21,1,1071.4285714285713,615.0051158462073,6000,82.0,0.003271861986912552,80,0.8,451.0716447604299,497.52968336990045,42.58494071945404,0.0,19,2.432441219320793,0,0,0,0.1,0.0,E-n22-k4,random_search,281,0.6657437860101939,0.6705051414741527,0.3861665480581145,438.2071294294933,12.86451533093657
21,1,1071.4285714285713,615.0051158462073,6000,82.0,0.003271861986912552,10,0.1,522.6466458468207,558.9805835908871,25.859233682911142,0.06798170423567916,3,2.4389885707332133,0,0,0,0.1,0.06798170423567916,E-n22-k4,random_search,282,0.6949844915802621,0.580622499339895,0.8914791469705079,463.03159693322084,59.61504891359982
21,1,1071.4285714285713,615.0051158462073,6000,82.0,0.003271861986912552,80,0.8,487.6506688127791,513.4426027740058,27.45881426106106,0.0,19,2.4126878928295934,0,0,0,0.1,0.0,E-n22-k4,random_search,283,0.7938790923617692,0.3097008454254579,0.31066324352852576,469.3168599098982,18.33380890288089
21,1,1071.4285714285713,615.0051158462073,6000,82.0,0.003271861986912552,50,0.5,463.0230876146659,543.7386782062578,27.389530188921245,0.005570530419846268,3,2.1756314983430425,0,0,0,0.1,0.005570530419846268,E-n22-k4,random_search,284,0.7068840551938181,0.729901066509403,0.7978606055720623,440.88815470812347,22.134932906542417
21,1,1071.4285714285713,615.0051158462073,6000,82.0,0.003271861986912552,90,0.9,479.5382313861338,538.0832211675978,20.30862707725929,0.0,19,2.8038877620032734,0,0,0,0.1,0.0,E-n22-k4,random_search,285,0.8426817018496011,0.21853477749121986,0.8294318796472286,467.3697378827337,12.1684935034001
21,1,1071.4285714285713,615.0051158462073,6000,82.0,0.003271861986912552,5,0.05,531.6258003370943,567.114261757404,28.62403275229016,0.0,0,2.622741552660869,0,0,0,0.1,0.0,E-n22-k4,random_search,286,0.6293806332659756,0.2825740072705868,0.7812598159862577,483.2435559430713,48.38224439402302
21,1,1071.4285714285713,615.0051158462073,6000,82.0,0.003271861986912552,80,0.8,496.7990248705076,528.4089727837747,16.25543162389479,0.0,19,2.558986170125988,0,0,0,0.1,0.0,E-n22-k4,random_search,287,0.6861882232522618,0.508741825383521,0.5690274976569614,471.3972884600217,25.40173641048591
21,1,1071.4285714285713,615.0051158462073,6000,82.0,0.003271861986912552,90,0.9,482.5621753295461,527.1616760431702,24.897301400262798,0.0,16,2.523411644262116,0,0,0,0.1,0.0,E-n22-k4,random_search,288,0.27182246950681976,0.3480930306869416,0.558555879462731,465.2478979309855,17.31427739856059
21,1,1071.4285714285713,615.0051158462073,6000,82.0,0.003271861986912552,70,0.7,486.1328605443018,538.6250393480125,18.3223039272859,0.0,19,2.609226658567787,0,0,0,0.1,0.0,E-n22-k4,random_search,289,0.5314603993650434,0.3122937486265723,0.30104444692512483,463.4701890347761,22.662671509525694
21,1,1071.4285714285713,615.0051158462073,6000,82.0,0.003271861986912552,50,0.5,475.55681028146586,541.5553454427538,26.03814484441889,0.05009333060154738,3,2.500682252333914,0,0,0,0.1,0.05009333060154738,E-n22-k4,random_search,290,0.1321494448714331,0.28709346422440496,0.8134318232018891,459.03396857672647,16.522841704739392
21,1,1071.4285714285713,615.0051158462073,6000,82.0,0.003271861986912552,90,0.9,498.4609023642674,532.893305924942,17.059423227076568,0.0,14,2.8069993672429434,0,0,0,0.1,0.0,E-n22-k4,random_search,291,0.4305054515868916,0.5952596452266441,0.5847931426729979,438.39827903467295,60.06262332959443
21,1,1071.4285714285713,615.0051158462073,6000,82.0,0.003271861986912552,60,0.6,486.1825091789554,541.0911256862721,18.70531515297796,0.0,12,2.4508976660481805,0,0,0,0.1,0.0,E-n22-k4,random_search,292,0.14049352233536042,0.43238702093647957,0.5401184203169344,479.04030507349796,7.142204105457438
21,1,1071.4285714285713,615.0051158462073,6000,82.0,0.003271861986912552,70,0.7,509.163126773556,548.2639705101807,12.338597492829745,9.395212476287681e-05,5,2.6065912902567243,0,0,0,0.1,9.395212476287681e-05,E-n22-k4,random_search,293,0.13964609083017632,0.4350746311464164,0.5681800789380593,455.0063520007687,54.15677477278729
21,1,1071.4285714285713,615.0051158462073,6000,82.0,0.003271861986912552,40,0.4,493.4406309278011,524.6024586208704,30.84006632557953,0.0,19,2.5687032550470716,0,0,0,0.1,0.0,E-n22-k4,random_search,294,0.8943852639868539,0.31315984684060316,0.34808238292139126,455.26815375690904,38.17247717089208
21,1,1071.4285714285713,615.0051158462073,6000,82.0,0.003271861986912552,80,0.8,506.55418335546466,533.9048439663318,16.48340227074601,0.0,19,2.5975848212198067,0,0,0,0.1,0.0,E-n22-k4,random_search,295,0.8187620165417562,0.4473165889662034,0.626249174604052,463.1497134700247,43.40446988543994
21,1,1071.4285714285713,615.0051158462073,6000,82.0,0.003271861986912552,70,0.7,492.2435075307708,539.6896259614657,16.656457622240147,0.06343953373935103,6,1.7180602692603584,0,0,0,0.1,0.06343953373935103,E-n22-k4,random_search,296,0.6597003365680445,0.50785470651644,0.7503723767990477,488.7436240861657,3.499883444605075
21,1,1071.4285714285713,615.0051158462073,6000,82.0,0.003271861986912552,70,0.7,495.935591929289,525.2036666377669,22.828184459515352,0.0,16,2.6430493053019113,0,0,0,0.1,0.0,E-n22-k4,random_search,297,0.7801777578836766,0.7275897330612846,0.43106450302652166,441.9384616003095,53.997130328979495
21,1,1071.4285714285713,615.0051158462073,6000,82.0,0.003271861986912552,90,0.9,451.7285576992111,494.65576688249365,48.08207107840865,0.0,19,2.4680911466351145,0,0,0,0.1,0.0,E-n22-k4,random_search,298,0.7167535532733632,0.25951062788913215,0.9467636564765523,423.03875171567563,28.68980598353545
21,1,1071.4285714285713,615.0051158462073,6000,82.0,0.003271861986912552,50,0.5,507.2610894322173,530.8326308761661,24.79823918132798,0.0,19,2.57358380270432,0,0,0,0.1,0.0,E-n22-k4,random_search,299,0.5692587470775875,0.4416070126448365,0.8414146504706908,444.4429581881217,62.81813124409564
31,1,13.225806451612904,7.137857623013364,100,97.0,0.0034009990434690192,90,0.9,1272.9749451811863,1525.0030717408897,105.19404649409239,0.0,14,2.177558137113866,0,0,0,0.1,0.0,A-n32-k5,random_search,0,0.4013913309389031,0.3020787874576996,0.6480626448568065,1243.820331140635,29.154614040551223
31,1,13.225806451612904,7.137857623013364,100,97.0,0.0034009990434690192,40,0.4,1293.9886591740287,1578.9449777110929,111.86256485473176,0.016995386139656,2,2.1824986446005927,0,0,0,0.1,0.016995386139656,A-n32-k5,random_search,1,0.1708926979131137,0.7759222766412732,0.8809180982823521,1254.4428106645605,39.545848509468215
31,1,13.225806451612904,7.137857623013364,100,97.0,0.0034009990434690192,70,0.7,1414.1341322592623,1576.6337201257077,90.8366065104543,0.003041256707417932,3,2.3716821071959817,0,0,0,0.1,0.003041256707417932,A-n32-k5,random_search,2,0.31178330439432084,0.29915291505689967,0.9475904503853236,1325.7074229114703,88.42670934779198
31,1,13.225806451612904,7.137857623013364,100,97.0,0.0034009990434690192,5,0.05,1731.1834558021767,1866.2013168492854,78.59567150077439,0.0,0,2.2381020790330917,0,0,0,0.1,0.0,A-n32-k5,random_search,3,0.25926096553412314,0.7191905741318223,0.7497891772467576,1403.6871179640227,327.496337838154
31,1,13.225806451612904,7.137857623013364,100,97.0,0.0034009990434690192,20,0.2,1568.0608598779595,1727.4644862711787,59.11184080316002,0.0015049455311722428,5,1.9535041346977933,0,0,0,0.1,0.0015049455311722428,A-n32-k5,random_search,4,0.136036790960815,0.29340868346534904,0.7325258473028513,1243.2932316752238,324.76762820273575
31,1,13.225806451612904,7.137857623013364,100,97.0,0.0034009990434690192,5,0.05,1579.7422716744252,1841.4013166137206,101.77378194695751,0.0,5,2.425261101684889,0,0,0,0.1,0.0,A-n32-k5,random_search,5,0.14215025221857866,0.5725196714419076,0.7083641406068788,1368.1285942680388,211.6136774063864
31,1,13.225806451612904,7.137857623013364,100,97.0,0.0034009990434690192,80,0.8,1373.2911969000593,1532.264129309678,92.39317106712923,0.004562822319459516,8,1.6987347768075907,0,0,0,0.1,0.004562822319459516,A-n32-k5,random_search,6,0.5060895390710451,0.5628807297546005,0.760431458613964,1317.1597182383232,56.13147866173608
31,1,13.225806451612904,7.137857623013364,100,97.0,0.0034009990434690192,90,0.9,1415.4913465538345,1575.0882860238767,82.4486377869744,0.0,18,2.4872461231768237,0,0,0,0.1,0.0,A-n32-k5,random_search,7,0.38745924402918863,0.612276319762328,0.937653183511775,1343.3188807811014,72.17246577273318
31,1,13.225806451612904,7.137857623013364,100,97.0,0.0034009990434690192,40,0.4,1362.3706883331308,1552.468805944626,97.63006040087804,0.04419609771418454,8,1.9547932979516611,0,0,0,0.1,0.04419609771418454,A-n32-k5,random_search,8,0.46187226582891083,0.5633147918563232,0.8718278908045878,1235.6741770827894,126.69651125034147
31,1,13.225806451612904,7.137857623013364,100,97.0,0.0034009990434690192,60,0.6,1378.5478501173286,1573.8296905618517,84.71024323172932,0.0055171312292019055,2,2.3285389477291316,0,0,0,0.1,0.0055171312292019055,A-n32-k5,random_search,9,0.6778447409519963,0.6130101128724876,0.4646475678567132,1350.040088229634,28.50776188769464
31,1,13.225806451612904,7.137857623013364,100,97.0,0.0034009990434690192,70,0.7,1403.2209324450098,1596.891832938322,65.18043507627073,0.0004867514088787196,5,2.51753374896358,0,0,0,0.1,0.0004867514088787196,A-n32-k5,random_search,10,0.4201524825736018,0.20605819620054108,0.6627455878694022,1252.5115591767983,150.7093732682115
31,1,13.225806451612904,7.137857623013364,100,97.0,0.0034009990434690192,30,0.3,1428.1238169429823,1699.1963976403435,84.93521835321019,0.02821534113012193,2,2.0596806182647405,0,0,0,0.1,0.02821534113012193,A-n32-k5,random_search,11,0.15724538465540655,0.41252279046381396,0.5670997543402098,1335.131333988264,92.9924829547183
31,1,13.225806451612904,7.137857623013364,100,97.0,0.0034009990434690192,90,0.9,1368.4729714606678,1550.155533099834,87.71799830108614,0.0,19,2.047707468503414,0,0,0,0.1,0.0,A-n32-k5,random_search,12,0.47121599897591215,0.3751961136964098,0.9249876065285108,1294.5896342606525,73.88333720001538
31,1,13.225806451612904,7.137857623013364,100,97.0,0.0034009990434690192,70,0.7,1341.878720379481,1535.4361353554095,100.72764407999637,0.005501286051397832,5,2.555391662547015,0,0,0,0.1,0.005501286051397832,A-n32-k5,random_search,13,0.5804828902688416,0.5747794283144139,0.9714940461684474,1239.5500312178544,102.32868916162647
31,1,13.225806451612904,7.137857623013364,100,97.0,0.0034009990434690192,20,0.2,1597.3562425761895,1711.707426675263,62.92645510894521,0.019831495612078382,6,2.5969190813432155,0,0,0,0.1,0.019831495612078382,A-n32-k5,random_search,14,0.6287228580422235,0.502244142712595,0.910163422001065,1249.8879696893646,347.46827288682493
31,1,13.225806451612904,7.137857623013364,100,97.0,0.0034009990434690192,60,0.6,1415.4712292796103,1621.4739769982962,92.4653912219049,0.028723530361616734,0,2.6718985857843083,0,0,0,0.1,0.028723530361616734,A-n32-k5,random_search,15,0.1055591091887596,0.5297512119534986,0.5663873384532949,1351.5178392922942,63.953389987316086
31,1,13.225806451612904,7.137857623013364,100,97.0,0.0034009990434690192,5,0.05,1585.659226469941,1842.4530439210953,103.34008881695405,0.0,1,2.480904159651774,0,0,0,0.1,0.0,A-n32-k5,random_search,16,0.16766307972983807,0.27704895508966976,0.942736842037085,1361.41278907399,224.2464373959508
31,1,13.225806451612904,7.137857623013364,100,97.0,0.0034009990434690192,90,0.9,1450.2183486016786,1616.9309922779462,61.0460578321903,0.0,19,2.5887528195650398,0,0,0,0.1,0.0,A-n32-k5,random_search,17,0.6574739245443139,0.3432625225569924,0.851650190793724,1440.2888159022484,9.929532699430183
31,1,13.225806451612904,7.137857623013364,100,97.0,0.0034009990434690192,5,0.05,1519.1277068390125,1796.7407385181991,106.83197330073567,0.0,2,2.4647566424962384,0,0,0,0.1,0.0,A-n32-k5,random_search,18,0.14761905629607056,0.3207144533501477,0.4266374408367828,1235.5940716777386,283.5336351612739
31,1,13.225806451612904,7.137857623013364,100,97.0,0.0034009990434690192,70,0.7,1351.5414613857827,1530.6466544977693,106.6886094335061,0.0,19,2.2111357804599847,0,0,0,0.1,0.0,A-n32-k5,random_search,19,0.7332055531533077,0.24992485474774973,0.7222067053061908,1212.6057134028968,138.9357479828859
31,1,13.225806451612904,7.137857623013364,100,97.0,0.0034009990434690192,60,0.6,1375.6243849992165,1589.2550335590568,81.05668584451104,0.07496190660292969,4,2.5355800268132653,0,0,0,0.1,0.07496190660292969,A-n32-k5,random_search,20,0.42403348483680325,0.47036059345176956,0.5250527914416316,1275.876552908984,99.74783209023258
31,1,13.225806451612904,7.137857623013364,100,97.0,0.0034009990434690192,50,0.5,1372.3879413767243,1482.542527019235,97.11693762871225,0.0006180128848034917,6,1.4837826979174886,0,0,0,0.1,0.0006180128848034917,A-n32-k5,random_search,21,0.7820470530056391,0.31584819238338047,0.9973528476194162,1282.1526756740118,90.23526570271247
31,1,13.225806451612904,7.137857623013364,100,97.0,0.0034009990434690192,5,0.05,1723.4886538813776,1875.786655866,78.06366634390571,0.0,4,2.358032512488775,0,0,0,0.1,0.0,A-n32-k5,random_search,22,0.21928337737950374,0.20623044689547235,0.6813473920599722,1396.3855339625218,327.1031199188558
31,1,13.225806451612904,7.137857623013364,100,97.0,0.0034009990434690192,80,0.8,1456.6477833637591,1561.5862365681878,80.50522974926461,0.013455325516952076,2,2.0930278935597224,0,0,0,0.1,0.013455325516952076,A-n32-k5,random_search,23,0.43868182451516446,0.3347026408201391,0.5380179917349408,1240.1175825937746,216.5302007699845
31,1,13.225806451612904,7.137857623013364,100,97.0,0.0034009990434690192,60,0.6,1487.8502124611175,1601.734596516701,72.29918646809983,0.018449538425745655,1,2.1025961562411855,0,0,0,0.1,0.018449538425745655,A-n32-k5,random_search,24,0.2813957902945653,0.3068753541136344,0.3487930015655093,1269.2583011722497,218.59191128886778
31,1,13.225806451612904,7.137857623013364,100,97.0,0.0034009990434690192,5,0.05,1713.7002453915761,1826.4335536334881,68.70066639715438,0.0,4,2.7015078215599657,0,0,0,0.1,0.0,A-n32-k5,random_search,25,0.18803473214439378,0.6939629745918127,0.8925196194974439,1409.0357841947416,304.6644611968345
31,1,13.225806451612904,7.137857623013364,100,97.0,0.0034009990434690192,40,0.4,1395.4958570196611,1639.2801401904985,99.78690359521475,0.038188783363718344,5,2.5696140063929906,0,0,0,0.1,0.038188783363718344,A-n32-k5,random_search,26,0.11602831684243445,0.3480729844874393,0.7073919472890555,1317.8947854725502,77.6010715471109
31,1,13.225806451612904,7.137857623013364,100,97.0,0.0034009990434690192,30,0.3,1494.910904285545,1663.9607238926933,77.1822144674488,0.0,11,2.4240685635491905,0,0,0,0.1,0.0,A-n32-k5,random_search,27,0.11899782095466636,0.6899864009202876,0.9014874995494482,1360.6077806385356,134.30312364700944
31,1,13.225806451612904,7.137857623013364,100,97.0,0.0034009990434690192,30,0.3,1515.3317502657867,1705.6560216757753,70.32449452451141,0.03261544838552606,2,2.4570885273543306,0,0,0,0.1,0.03261544838552606,A-n32-k5,random_search,28,0.5597965109117161,0.28290203176586515,0.5962928799731712,1412.8375168445307,102.49423342125601
31,1,13.225806451612904,7.137857623013364,100,97.0,0.0034009990434690192,30,0.3,1479.100573753657,1646.8871941159414,65.39462250177324,0.0,19,2.4682180179979865,0,0,0,0.1,0.0,A-n32-k5,random_search,29,0.12522243535748673,0.22589176439641873,0.5931246093751863,1349.416236012282,129.68433774137497
31,1,13.225806451612904,7.137857623013364,100,97.0,0.0034009990434690192,40,0.4,1408.5293260856033,1582.0217204269443,81.08803497938925,0.01791878416061918,8,1.995139397318074,0,0,0,0.1,0.01791878416061918,A-n32-k5,random_search,30,0.552687187076504,0.31598562973791194,0.3642288872874434,1210.2186407201868,198.31068536541648
31,1,13.225806451612904,7.137857623013364,100,97.0,0.0034009990434690192,30,0.3,1536.5880050314822,1640.9046822019232,76.44553685004648,0.0,13,2.4568933856680992,0,0,0,0.1,0.0,A-n32-k5,random_search,31,0.11123427880647725,0.5719550184963965,0.7182465150979794,1356.4801285324017,180.10787649908048
31,1,13.225806451612904,7.137857623013364,100,97.0,0.0034009990434690192,40,0.4,1438.1434318046604,1643.8085281491265,81.79359756672383,0.0,10,1.8047531493049458,0,0,0,0.1,0.0,A-n32-k5,random_search,32,0.18414915232710918,0.7571699055821297,0.7129613295665674,1294.0201168804979,144.12331492416251
31,1,13.225806451612904,7.137857623013364,100,97.0,0.0034009990434690192,20,0.2,1570.5820851875824,1738.5839641702325,66.1803226305584,0.0,17,2.6147280420399452,0,0,0,0.1,0.0,A-n32-k5,random_search,33,0.526203375638501,0.32195651797802993,0.9219631668095478,1382.0367012894524,188.54538389813
31,1,13.225806451612904,7.137857623013364,100,97.0,0.0034009990434690192,50,0.5,1416.8051050431145,1622.7617144617743,78.23012595408288,0.06891948343576249,2,2.5768032762539366,0,0,0,0.1,0.06891948343576249,A-n32-k5,random_search,34,0.36161243956306155,0.2367490358098413,0.8119886288600942,1191.7928666270197,225.01223841609476
31,1,13.225806451612904,7.137857623013364,100,97.0,0.0034009990434690192,70,0.7,1434.5575751132567,1595.0118743577614,86.61000007442873,0.0,19,2.806299148956496,0,0,0,0.1,0.0,A-n32-k5,random_search,35,0.19672288966211549,0.21947356200526388,0.4025662130250744,1392.1692969145959,42.38827819866083
31,1,13.225806451612904,7.137857623013364,100,97.0,0.0034009990434690192,40,0.4,1528.352061108426,1665.070742240107,64.0793452593446,0.05060837777217685,1,2.7706165852656395,0,0,0,0.1,0.05060837777217685,A-n32-k5,random_search,36,0.8196224784469183,0.6932722261778065,0.44561717701627646,1410.493918830054,117.85814227837182
31,1,13.225806451612904,7.137857623013364,100,97.0,0.0034009990434690192,20,0.2,1569.1546096591462,1739.6414333141074,85.67184862220111,0.0,16,2.468376220656164,0,0,0,0.1,0.0,A-n32-k5,random_search,37,0.39469678127000474,0.3870435053309207,0.6608487275242807,1335.2473386035795,233.90727105556675
31,1,13.225806451612904,7.137857623013364,100,97.0,0.0034009990434690192,40,0.4,1507.7618902604793,1647.0794749249035,76.72923647081743,0.0,17,2.278939104014687,0,0,0,0.1,0.0,A-n32-k5,random_search,38,0.6964231889997475,0.34991785555874966,0.8082200535398607,1307.1030020240837,200.65888823639557
31,1,13.225806451612904,7.137857623013364,100,97.0,0.0034009990434690192,50,0.5,1528.6929371441386,1652.686803735435,67.3363397584649,0.013352988841766032,7,2.4320398894096784,0,0,0,0.1,0.013352988841766032,A-n32-k5,random_search,39,0.5074594268112687,0.45329487277873143,0.3039541982133889,1371.585048623761,157.10788852037763
31,1,13.225806451612904,7.137857623013364,100,97.0,0.0034009990434690192,90,0.9,1377.7703940901652,1565.262560587657,115.92412616835179,0.004021874812721293,5,2.2877471254946915,0,0,0,0.1,0.004021874812721293,A-n32-k5,random_search,40,0.27395599621360545,0.4919620173658645,0.5429452363442803,1295.9279510079996,81.84244308216557
31,1,13.225806451612904,7.137857623013364,100,97.0,0.0034009990434690192,40,0.4,1426.46790717191,1645.179320983485,108.19318068506126,0.022496229129507838,5,2.538668623021252,0,0,0,0.1,0.022496229129507838,A-n32-k5,random_search,41,0.2383677171928218,0.7649213626406444,0.8350159469617942,1237.6739676732616,188.79393949864834
31,1,13.225806451612904,7.137857623013364,100,97.0,0.0034009990434690192,50,0.5,1512.9407074530418,1623.6331476861328,75.21757367343903,0.013848120358798005,7,2.3984303534876084,0,0,0,0.1,0.013848120358798005,A-n32-k5,random_search,42,0.16863076121044884,0.24792925312497976,0.3260498493937561,1339.8941378872491,173.04656956579265
31,1,13.225806451612904,7.137857623013364,100,97.0,0.0034009990434690192,40,0.4,1431.9435076523757,1658.4940803396785,97.2056121935716,0.033306453657685885,2,2.525599460001768,0,0,0,0.1,0.033306453657685885,A-n32-k5,random_search,43,0.30476610398436127,0.3412434203917094,0.8159922918908626,1354.5340035515896,77.40950410078608
31,1,13.225806451612904,7.137857623013364,100,97.0,0.0034009990434690192,40,0.4,1376.5442516480452,1592.8918613454161,92.73538498278745,0.03701859603160849,3,2.2218905276450003,0,0,0,0.1,0.03701859603160849,A-n32-k5,random_search,44,0.19092324503984842,0.3786437070353017,0.9102482519224471,1309.7763583756337,66.76789327241158
31,1,13.225806451612904,7.137857623013364,100,97.0,0.0034009990434690192,90,0.9,1371.337762431722,1524.368403306495,85.69417373188335,0.0038542325561944273,3,2.3986869969365125,0,0,0,0.1,0.0038542325561944273,A-n32-k5,random_search,45,0.8144982841204295,0.4904441458900456,0.5527430576715849,1342.3499029069378,28.9878595247842
31,1,13.225806451612904,7.137857623013364,100,97.0,0.0034009990434690192,50,0.5,1452.5283737250766,1618.4893594509726,96.31297399520419,0.0,15,2.1811652425764008,0,0,0,0.1,0.0,A-n32-k5,random_search,46,0.3922524725298596,0.7214623538268488,0.46324765447002353,1299.5701287411405,152.95824498393608
31,1,13.225806451612904,7.137857623013364,100,97.0,0.0034009990434690192,60,0.6,1474.3968142159965,1579.1375042833868,76.73323038313485,0.0,15,2.201125132731832,0,0,0,0.1,0.0,A-n32-k5,random_search,47,0.560006421017296,0.41207768637028375,0.7560066472976792,1249.9476690221572,224.44914519383929
31,1,13.225806451612904,7.137857623013364,100,97.0,0.0034009990434690192,40,0.4,1578.8403684598659,1674.1818355825762,59.59155334488317,0.021182145307034446,0,2.306015325364258,0,0,0,0.1,0.021182145307034446,A-n32-k5,random_search,48,0.18379470460576075,0.4224512853737391,0.6891521379007054,1368.1419400064106,210.69842845345534
31,1,13.225806451612904,7.137857623013364,100,97.0,0.0034009990434690192,30,0.3,1413.4766540573314,1682.0069532001858,109.17117434899276,0.07515747905082991,0,2.7170146988117883,0,0,0,0.1,0.07515747905082991,A-n32-k5,random_search,49,0.4019376419192512,0.6540360310798845,0.31892271676125444,1241.4550011171318,172.0216529401996
31,1,13.225806451612904,7.137857623013364,100,97.0,0.0034009990434690192,90,0.9,1402.4153180010928,1557.94263502156,76.89712750697022,0.029678475948848065,1,2.163508620263249,0,0,0,0.1,0.029678475948848065,A-n32-k5,random_search,50,0.5308166404910466,0.34693714077106164,0.6462921811377195,1296.3940021045153,106.02131589657756
31,1,13.225806451612904,7.137857623013364,100,97.0,0.0034009990434690192,60,0.6,1415.3448030220513,1615.770937299621,86.25868195318003,0.006657093406997132,4,2.106237495331079,0,0,0,0.1,0.006657093406997132,A-n32-k5,random_search,51,0.31958700590555555,0.40549647465917316,0.42277530229545757,1330.7129149315385,84.6318880905128
31,1,13.225806451612904,7.137857623013364,100,97.0,0.0034009990434690192,50,0.5,1444.7995827190887,1609.5837995226875,96.21041879350325,0.0023646677700271076,8,2.4314638491905396,0,0,0,0.1,0.0023646677700271076,A-n32-k5,random_search,52,0.670122098586267,0.4486705614617198,0.36495607901325744,1345.0387062296609,99.7608764894278
31,1,13.225806451612904,7.137857623013364,100,97.0,0.0034009990434690192,30,0.3,1598.715357358497,1716.5385557777968,72.7965294485422,0.011883566198315335,1,2.8102352520232388,0,0,0,0.1,0.011883566198315335,A-n32-k5,random_search,53,0.8371390347092422,0.6130373083388054,0.9019827760521715,1320.702839073944,278.0125182845529
31,1,13.225806451612904,7.137857623013364,100,97.0,0.0034009990434690192,30,0.3,1536.0796588946673,1701.6881143767027,85.298685836744,0.01481651629271452,3,2.3229738994812745,0,0,0,0.1,0.01481651629271452,A-n32-k5,random_search,54,0.13294690397719125,0.3841631307330152,0.41218880290765436,1408.8114395522782,127.2682193423891
31,1,13.225806451612904,7.137857623013364,100,97.0,0.0034009990434690192,10,0.1,1599.1890523160903,1773.794914128092,83.2099267510532,0.11922693466203103,1,2.1613052776054493,0,0,0,0.1,0.11922693466203103,A-n32-k5,random_search,55,0.2174693169295967,0.5688103563680967,0.712015209088213,1284.3802358007833,314.80881651530694
31,1,13.225806451612904,7.137857623013364,100,97.0,0.0034009990434690192,80,0.8,1400.5901910839898,1646.6969511884647,86.1821000736057,0.0,10,2.3881077398134254,0,0,0,0.1,0.0,A-n32-k5,random_search,56,0.25860036702221684,0.3335509461151771,0.6143525930064968,1292.2316011828389,108.35858990115094
31,1,13.225806451612904,7.137857623013364,100,97.0,0.0034009990434690192,80,0.8,1380.3191464727042,1554.1056324465494,70.32593235801463,0.009457262914736907,1,1.9066967525594847,0,0,0,0.1,0.009457262914736907,A-n32-k5,random_search,57,0.5603630578298189,0.6648760783343115,0.7332301125650638,1205.2604358250644,175.05871064763983
31,1,13.225806451612904,7.137857623013364,100,97.0,0.0034009990434690192,10,0.1,1635.5667730927867,1771.1208677113343,65.55632606420319,0.040023225611462154,3,2.4968209828675016,0,0,0,0.1,0.040023225611462154,A-n32-k5,random_search,58,0.35446989983667754,0.4582275679778194,0.34258761626795886,1325.3655966977424,310.2011763950443
31,1,13.225806451612904,7.137857623013364,100,97.0,0.0034009990434690192,20,0.2,1553.050464378449,1717.7550995427998,87.55450950629731,0.0449981651551621,7,2.599704315820625,0,0,0,0.1,0.0449981651551621,A-n32-k5,random_search,59,0.789605870392366,0.6238440051203019,0.6238249815352146,1343.7862517706956,209.2642126077535
31,1,13.225806451612904,7.137857623013364,100,97.0,0.0034009990434690192,20,0.2,1484.8691564611834,1695.0052793870086,73.33289918939057,0.0,10,2.4298594467058963,0,0,0,0.1,0.0,A-n32-k5,random_search,60,0.389791479298663,0.25860406298261823,0.6095766303392598,1367.1080604451338,117.76109601604958
31,1,13.225806451612904,7.137857623013364,100,97.0,0.0034009990434690192,40,0.4,1519.290006530374,1646.8748542545243,77.98973581298225,0.007010411673543894,8,2.637577479666223,0,0,0,0.1,0.007010411673543894,A-n32-k5,random_search,61,0.22332222885285236,0.37900555547133963,0.809412370718263,1379.62186577591,139.66814075446405
31,1,13.225806451612904,7.137857623013364,100,97.0,0.0034009990434690192,80,0.8,1396.6106045183358,1555.704922269082,81.35072771925677,0.015390854294941275,8,2.560202406463459,0,0,0,0.1,0.015390854294941275,A-n32-k5,random_search,62,0.17784822363862496,0.25605643901355507,0.9191708672311933,1293.6703590516397,102.94024546669607
31,1,13.225806451612904,7.137857623013364,100,97.0,0.0034009990434690192,80,0.8,1382.0899122284516,1532.1680336263166,77.38219695700113,0.0005969575058603067,0,2.5114403780327885,0,0,0,0.1,0.0005969575058603067,A-n32-k5,random_search,63,0.5846749279091497,0.6381212293177367,0.6934202853295073,1320.5802367658982,61.50967546255333
31,1,13.225806451612904,7.137857623013364,100,97.0,0.0034009990434690192,40,0.4,1350.184014436399,1515.4971264159537,93.12614602170827,0.0,9,1.6828503229959597,0,0,0,0.1,0.0,A-n32-k5,random_search,64,0.44078249227052413,0.29617027336689017,0.9518701222989665,1205.412833771738,144.77118066466096
31,1,13.225806451612904,7.137857623013364,100,97.0,0.0034009990434690192,5,0.05,1661.022442146142,1858.845718682259,87.92432571626306,0.0,4,2.652246663437546,0,0,0,0.1,0.0,A-n32-k5,random_search,65,0.7660785471972177,0.7386494131941725,0.7569324221339886,1425.5895239295814,235.43291821656067
31,1,13.225806451612904,7.137857623013364,100,97.0,0.0034009990434690192,70,0.7,1273.2636578957104,1603.0430295160727,116.34503131972055,0.10948154927471654,6,2.444587375032535,0,0,0,0.1,0.10948154927471654,A-n32-k5,random_search,66,0.4758746717729181,0.355724189547847,0.8912535194298357,1206.5443283471925,66.71932954851786
31,1,13.225806451612904,7.137857623013364,100,97.0,0.0034009990434690192,30,0.3,1506.3031652833047,1654.2874912349987,83.31194825015517,0.014419856465433936,1,2.3202943539292717,0,0,0,0.1,0.014419856465433936,A-n32-k5,random_search,67,0.43883786864234364,0.7340590916315408,0.4231610874323323,1317.6594739122431,188.64369137106155
31,1,13.225806451612904,7.137857623013364,100,97.0,0.0034009990434690192,30,0.3,1374.6623937587028,1630.2580389443656,91.59497766799905,0.03971524100354206,8,2.4491528833883636,0,0,0,0.1,0.03971524100354206,A-n32-k5,random_search,68,0.36433028230922415,0.6230656780154056,0.8622735223027693,1338.2706870601494,36.391706698553435
31,1,13.225806451612904,7.137857623013364,100,97.0,0.0034009990434690192,60,0.6,1431.532250961806,1614.4099428588365,91.8099941288542,0.010102306828991835,3,2.1635432441765716,0,0,0,0.1,0.010102306828991835,A-n32-k5,random_search,69,0.12848671552004706,0.4200709952879422,0.8632670547743024,1368.391060329231,63.14119063257499
31,1,13.225806451612904,7.137857623013364,100,97.0,0.0034009990434690192,60,0.6,1442.6972528143217,1629.712469062592,72.3541334657053,0.011411428459747684,8,2.6097528406259745,0,0,0,0.1,0.011411428459747684,A-n32-k5,random_search,70,0.12522185719934084,0.7955615080101168,0.8357665710396147,1407.6356667938167,35.06158602050505
31,1,13.225806451612904,7.137857623013364,100,97.0,0.0034009990434690192,5,0.05,1719.9245573910855,1847.5545290635423,84.64753631945821,0.0,2,2.8283335671606156,0,0,0,0.1,0.0,A-n32-k5,random_search,71,0.5294891987501618,0.35160429000413096,0.692982319305075,1358.0248392588544,361.8997181322311
31,1,13.225806451612904,7.137857623013364,100,97.0,0.0034009990434690192,50,0.5,1433.0993883142512,1627.0559020798128,71.85289223886788,0.09081246017366207,2,2.6926103214589285,0,0,0,0.1,0.09081246017366207,A-n32-k5,random_search,72,0.10183672936361443,0.3821277222205015,0.46995440877462763,1288.0847174839466,145.01467083030457
31,1,13.225806451612904,7.137857623013364,100,97.0,0.0034009990434690192,50,0.5,1346.556253181862,1550.1684116930523,129.93956857525612,0.0017007796169973988,0,2.359626536443789,0,0,0,0.1,0.0017007796169973988,A-n32-k5,random_search,73,0.6477843753660185,0.4424453731645246,0.9253928295810836,1228.0615300062743,118.49472317558775
31,1,13.225806451612904,7.137857623013364,100,97.0,0.0034009990434690192,40,0.4,1534.5772824774053,1650.583759615555,69.87978165337817,0.0,11,2.235924852827053,0,0,0,0.1,0.0,A-n32-k5,random_search,74,0.15564574281548174,0.7145793487749699,0.8248770965648626,1403.4276341502582,131.14964832714713
31,1,13.225806451612904,7.137857623013364,100,97.0,0.0034009990434690192,10,0.1,1654.8510616667197,1768.0814516882824,68.97073775635486,0.0710464453036981,0,2.053750013973866,0,0,0,0.1,0.0710464453036981,A-n32-k5,random_search,75,0.26349299370882595,0.3052878473079631,0.6755944574849775,1364.5274404131533,290.32362125356644
31,1,13.225806451612904,7.137857623013364,100,97.0,0.0034009990434690192,30,0.3,1475.0718326160265,1649.7119845148704,67.5270966855971,0.061877618735914824,4,2.4996328865474764,0,0,0,0.1,0.061877618735914824,A-n32-k5,random_search,76,0.1533128055364597,0.35492360898535,0.7726173518805761,1352.3718222383336,122.70001037769293
31,1,13.225806451612904,7.137857623013364,100,97.0,0.0034009990434690192,5,0.05,1645.0812227129902,1818.2113853872247,71.00501844208159,0.0,1,2.516171758340142,0,0,0,0.1,0.0,A-n32-k5,random_search,77,0.13177352177354146,0.23582750118938764,0.595277764069328,1345.6081388312532,299.473083881737
31,1,13.225806451612904,7.137857623013364,100,97.0,0.0034009990434690192,10,0.1,1644.6266163635705,1794.2204281239651,67.86553918079407,0.09591810553157572,4,2.6227639406477987,0,0,0,0.1,0.09591810553157572,A-n32-k5,random_search,78,0.6843808324168696,0.38262037948161887,0.3486270007991594,1343.837157655495,300.7894587080755
31,1,13.225806451612904,7.137857623013364,100,97.0,0.0034009990434690192,20,0.2,1574.8610490720382,1749.9944542084777,66.903578100147,0.0,19,2.2633541233403283,0,0,0,0.1,0.0,A-n32-k5,random_search,79,0.23468570567287658,0.574100342414902,0.783406233161094,1464.19747463587,110.66357443616812
31,1,13.225806451612904,7.137857623013364,100,97.0,0.0034009990434690192,5,0.05,1686.3682697195068,1849.7439752943944,82.72882995728233,0.0,4,2.3079084135535926,0,0,0,0.1,0.0,A-n32-k5,random_search,80,0.3248836678006562,0.753403188413843,0.7535608963914908,1274.2900953179094,412.0781744015974
31,1,13.225806451612904,7.137857623013364,100,97.0,0.0034009990434690192,80,0.8,1302.8648882480325,1517.969135601849,102.65213387894016,0.003259646417228139,1,2.082057664492705,0,0,0,0.1,0.003259646417228139,A-n32-k5,random_search,81,0.43180962963014047,0.7741870974991187,0.7902416026265906,1261.2752081015678,41.589680146464616
31,1,13.225806451612904,7.137857623013364,100,97.0,0.0034009990434690192,50,0.5,1330.1654833791233,1606.4731598303138,102.24151139187758,0.024258014967581197,3,2.4020217443571386,0,0,0,0.1,0.024258014967581197,A-n32-k5,random_search,82,0.3766974831822144,0.6362555003635626,0.3491433777423112,1297.4797750212265,32.68570835789683
31,1,13.225806451612904,7.137857623013364,100,97.0,0.0034009990434690192,10,0.1,1575.224136772121,1780.8853141844181,83.82531320800962,0.14845680808173845,0,2.5436172515660918,0,0,0,0.1,0.14845680808173845,A-n32-k5,random_search,83,0.4363953158022399,0.7840665390510251,0.8712569289213143,1371.4107419705704,203.81339480155066
31,1,13.225806451612904,7.137857623013364,100,97.0,0.0034009990434690192,60,0.6,1501.3913720025148,1630.1508737244935,80.1097302426949,0.0,19,2.5627283316275533,0,0,0,0.1,0.0,A-n32-k5,random_search,84,0.16717102042713733,0.3912204711290487,0.6253611472559126,1394.7532278876222,106.63814411489261
31,1,13.225806451612904,7.137857623013364,100,97.0,0.0034009990434690192,40,0.4,1420.2727912145199,1597.0365328293524,96.24620072654082,0.05226544150043706,0,2.369112823201168,0,0,0,0.1,0.05226544150043706,A-n32-k5,random_search,85,0.21409057665472356,0.3598904583202138,0.8207314023419667,1328.8566276987983,91.41616351572156
31,1,13.225806451612904,7.137857623013364,100,97.0,0.0034009990434690192,40,0.4,1300.6181620581935,1599.1052404557838,107.19488591770107,0.028692633107384517,1,2.418502391430559,0,0,0,0.1,0.028692633107384517,A-n32-k5,random_search,86,0.2505174674446482,0.43324467873153605,0.42534041754177143,1249.811622456033,50.806539602160456
31,1,13.225806451612904,7.137857623013364,100,97.0,0.0034009990434690192,10,0.1,1429.553882893009,1785.370544582392,108.28962797409092,0.21822282588826544,3,2.1390632226328514,0,0,0,0.1,0.21822282588826544,A-n32-k5,random_search,87,0.7295391095137805,0.5301712352030413,0.7965045949005605,1297.1524019270246,132.40148096598432
31,1,13.225806451612904,7.137857623013364,100,97.0,0.0034009990434690192,80,0.8,1315.29779436422,1475.5765221168144,97.0244007643456,0.0060705145266686565,3,2.2762018325453837,0,0,0,0.1,0.0060705145266686565,A-n32-k5,random_search,88,0.1940015839224584,0.4971548356021049,0.3907794602750182,1178.342313901403,136.95548046281692
31,1,13.225806451612904,7.137857623013364,100,97.0,0.0034009990434690192,20,0.2,1483.475090595075,1683.106168236935,85.51182742663771,0.0359763181784716,7,2.3419628859122916,0,0,0,0.1,0.0359763181784716,A-n32-k5,random_search,89,0.7533627263308985,0.711454664259392,0.5091610045500039,1284.769014777333,198.70607581774198
31,1,13.225806451612904,7.137857623013364,100,97.0,0.0034009990434690192,10,0.1,1661.0015192927835,1778.8835503033836,67.28138174583471,0.06179724345980189,2,2.5574680148038733,0,0,0,0.1,0.06179724345980189,A-n32-k5,random_search,90,0.6266314009301083,0.4362206394058283,0.45703034702496675,1412.786096685245,248.21542260753858
31,1,13.225806451612904,7.137857623013364,100,97.0,0.0034009990434690192,5,0.05,1782.2308475013294,1862.7256578027955,53.37786896813139,0.0,0,2.4558768853721014,0,0,0,0.1,0.0,A-n32-k5,random_search,91,0.18379095040003446,0.3554351132727933,0.7931704769408663,1297.4999299678445,484.7309175334849
31,1,13.225806451612904,7.137857623013364,100,97.0,0.0034009990434690192,70,0.7,1383.511017398681,1540.7380834519902,88.75419514237002,0.0,19,2.1796430471271524,0,0,0,0.1,0.0,A-n32-k5,random_search,92,0.321535561959889,0.3039490652100553,0.31487209564815294,1288.4519233605622,95.0590940381187
31,1,13.225806451612904,7.137857623013364,100,97.0,0.0034009990434690192,80,0.8,1395.3043954673328,1615.0549047986792,72.98919358864488,0.014802657410653551,4,2.2673879421099388,0,0,0,0.1,0.014802657410653551,A-n32-k5,random_search,93,0.16768470523459478,0.5430321556224088,0.6946997786566405,1371.829132060192,23.4752634071408
31,1,13.225806451612904,7.137857623013364,100,97.0,0.0034009990434690192,30,0.3,1584.1891255357891,1692.0924894521202,73.60199786985484,0.0037663546655511753,8,2.3299914063793463,0,0,0,0.1,0.0037663546655511753,A-n32-k5,random_search,94,0.5611324184994129,0.25218565135346765,0.7616000696685314,1412.2710718447947,171.91805369099438
31,1,13.225806451612904,7.137857623013364,100,97.0,0.0034009990434690192,60,0.6,1334.4523500686012,1550.2861782906443,79.88820407335663,0.047991986442205786,3,2.4625702864422676,0,0,0,0.1,0.047991986442205786,A-n32-k5,random_search,95,0.6887974223627807,0.46631955692164145,0.42424642497722725,1246.2578589956404,88.19449107296077
31,1,13.225806451612904,7.137857623013364,100,97.0,0.0034009990434690192,20,0.2,1423.1097490324314,1687.8663784708665,99.77136790022978,0.10104514293243444,5,2.454149899136389,0,0,0,0.1,0.10104514293243444,A-n32-k5,random_search,96,0.4906505429971664,0.6710226219144059,0.363628569557733,1257.130882079686,165.97886695274542
31,1,13.225806451612904,7.137857623013364,100,97.0,0.0034009990434690192,80,0.8,1513.5067029462627,1626.1223469606168,65.30494618546798,0.0,15,2.746088758954143,0,0,0,0.1,0.0,A-n32-k5,random_search,97,0.4602396619502679,0.592281471191257,0.698691097179637,1338.2634027401718,175.2433002060909
31,1,13.225806451612904,7.137857623013364,100,97.0,0.0034009990434690192,50,0.5,1352.9260570404963,1619.170771858218,93.70736009170912,0.0,13,2.1634168615761165,0,0,0,0.1,0.0,A-n32-k5,random_search,98,0.6775340522375365,0.2676549662071268,0.7807005930875024,1266.896887191468,86.02916984902822
31,1,13.225806451612904,7.137857623013364,100,97.0,0.0034009990434690192,90,0.9,1348.101125024516,1512.9330124224114,83.93651961392712,0.0,19,2.0624989537508935,0,0,0,0.1,0.0,A-n32-k5,random_search,99,0.34893034309405024,0.7147994621425557,0.9531778246436255,1163.6273710337907,184.4737539907253
31,1,13.225806451612904,7.137857623013364,100,97.0,0.0034009990434690192,40,0.4,1387.867296379638,1605.2276855028888,79.33900626680841,0.0,12,2.2042361950881277,0,0,0,0.1,0.0,A-n32-k5,random_search,100,0.10798060702311885,0.6969583002844232,0.5095841996356623,1297.5456798185305,90.32161656110748
31,1,13.225806451612904,7.137857623013364,100,97.0,0.0034009990434690192,50,0.5,1423.898517486088,1589.570046595049,93.07381246521122,0.0,10,2.327494956774499,0,0,0,0.1,0.0,A-n32-k5,random_search,101,0.1847113864311444,0.6890529102850736,0.5603338073586069,1295.7693852456875,128.1291322404004
31,1,13.225806451612904,7.137857623013364,100,97.0,0.0034009990434690192,80,0.8,1424.0206458523319,1538.7223113016255,77.75489996643272,0.0,19,2.1475273138380437,0,0,0,0.1,0.0,A-n32-k5,random_search,102,0.47826011264683554,0.20883677348176585,0.5452532255145606,1312.338368946273,111.68227690605886
31,1,13.225806451612904,7.137857623013364,100,97.0,0.0034009990434690192,40,0.4,1442.288337298558,1618.487035426333,101.0545557416092,0.024693499235132903,1,2.3245885242366393,0,0,0,0.1,0.024693499235132903,A-n32-k5,random_search,103,0.17985358638472332,0.6216726340169261,0.8159891727884849,1347.019325946363,95.26901135219487
31,1,13.225806451612904,7.137857623013364,100,97.0,0.0034009990434690192,70,0.7,1462.986186478514,1585.3911585020685,82.74873813691717,0.004155947799381411,7,2.687905675284347,0,0,0,0.1,0.004155947799381411,A-n32-k5,random_search,104,0.1217735313269123,0.2768267428323364,0.7039435464670645,1279.1591070563352,183.8270794221787
31,1,13.225806451612904,7.137857623013364,100,97.0,0.0034009990434690192,10,0.1,1640.9987913711084,1786.5963142783944,82.8676167646439,0.09328762878075361,0,2.338436785846202,0,0,0,0.1,0.09328762878075361,A-n32-k5,random_search,105,0.7040900962411903,0.6969239588503547,0.8981310321680365,1354.328691906906,286.6700994642024
31,1,13.225806451612904,7.137857623013364,100,97.0,0.0034009990434690192,50,0.5,1416.3163482324994,1574.851654575797,96.27018642705264,0.0,19,2.5298170249915715,0,0,0,0.1,0.0,A-n32-k5,random_search,106,0.7945435993680688,0.22533130326390474,0.7583388459010882,1302.6490794837596,113.66726874873984
31,1,13.225806451612904,7.137857623013364,100,97.0,0.0034009990434690192,70,0.7,1465.3618610791866,1586.9096922709932,70.19803336274896,0.023244488649341574,4,1.9925041475712568,0,0,0,0.1,0.023244488649341574,A-n32-k5,random_search,107,0.22253484747970376,0.6650170529101257,0.5502498264098958,1374.8508396448624,90.51102143432422
31,1,13.225806451612904,7.137857623013364,100,97.0,0.0034009990434690192,90,0.9,1292.1434862644703,1517.2755028655483,90.70226021213291,0.02850601440586935,1,1.9776892736201952,0,0,0,0.1,0.02850601440586935,A-n32-k5,random_search,108,0.1606267026773277,0.5340078035319094,0.5426753384388734,1264.2870550039845,27.856431260485806
31,1,13.225806451612904,7.137857623013364,100,97.0,0.0034009990434690192,40,0.4,1358.7897886631038,1624.5749813559328,98.31138567003845,0.11566135054213168,0,2.1633746298814653,0,0,0,0.1,0.11566135054213168,A-n32-k5,random_search,109,0.16246754981863543,0.4785185229455274,0.7220391743712012,1201.9858267256686,156.80396193743513
31,1,13.225806451612904,7.137857623013364,100,97.0,0.0034009990434690192,90,0.9,1356.2302216782427,1545.138817904563,86.12212064863421,0.014203791506276372,4,2.397312091384644,0,0,0,0.1,0.014203791506276372,A-n32-k5,random_search,110,0.10488263855284866,0.5079796744374588,0.3431835641869631,1237.9692800375256,118.26094164071719
31,1,13.225806451612904,7.137857623013364,100,97.0,0.0034009990434690192,80,0.8,1400.642539342945,1594.0135596876275,86.56895867762564,0.0,19,2.2871422348590733,0,0,0,0.1,0.0,A-n32-k5,random_search,111,0.27700376846855834,0.5318796741758738,0.7427178768726261,1309.9520105076917,90.69052883525319
31,1,13.225806451612904,7.137857623013364,100,97.0,0.0034009990434690192,80,0.8,1389.1425359880097,1587.5044051250134,89.26364291240243,0.0,17,2.1579864858082156,0,0,0,0.1,0.0,A-n32-k5,random_search,112,0.17665155109808436,0.4708420071304065,0.9995398945539966,1361.9007414250038,27.241794563005897
31,1,13.225806451612904,7.137857623013364,100,97.0,0.0034009990434690192,70,0.7,1339.0058435859776,1555.954069976052,72.74945097776303,0.03461598741692515,1,2.4092233918047907,0,0,0,0.1,0.03461598741692515,A-n32-k5,random_search,113,0.27247394058696517,0.7201023915622391,0.6733181192637211,1280.7566301174297,58.24921346854785
31,1,13.225806451612904,7.137857623013364,100,97.0,0.0034009990434690192,10,0.1,1525.6550168701215,1766.154232819604,105.18200287317339,0.13407233950838054,0,2.4506540194631445,0,0,0,0.1,0.13407233950838054,A-n32-k5,random_search,114,0.7302136270356459,0.20474703430715024,0.7268325640991755,1256.0055032385744,269.64951363154705
31,1,13.225806451612904,7.137857623013364,100,97.0,0.0034009990434690192,80,0.8,1348.3390667406582,1525.9216268146279,97.32134213551421,0.022941525339205994,7,2.2100243839897917,0,0,0,0.1,0.022941525339205994,A-n32-k5,random_search,115,0.6651560660639487,0.6390139272858546,0.6620834564036544,1239.1094877139858,109.22957902667235
31,1,13.225806451612904,7.137857623013364,100,97.0,0.0034009990434690192,30,0.3,1401.2855465730204,1624.0838992676597,103.50383015750475,0.05925600194169276,3,2.234836520227761,0,0,0,0.1,0.05925600194169276,A-n32-k5,random_search,116,0.19852699883076674,0.5139741728409382,0.9329700594489534,1187.6678283718848,213.61771820113563
31,1,13.225806451612904,7.137857623013364,100,97.0,0.0034009990434690192,20,0.2,1604.9489030994607,1720.487723442678,65.28341863030167,0.04146864828979977,3,2.4157086150048395,0,0,0,0.1,0.04146864828979977,A-n32-k5,random_search,117,0.6965339185468169,0.7174340554062884,0.6673009173288004,1400.055562253323,204.8933408461378
31,1,13.225806451612904,7.137857623013364,100,97.0,0.0034009990434690192,60,0.6,1310.085788103072,1491.4797307789045,132.23875871611838,0.0,10,1.9972963401931496,0,0,0,0.1,0.0,A-n32-k5,random_search,118,0.2541585932167919,0.2208494678297961,0.3309665600037703,1126.0158915585746,184.0698965444974
31,1,13.225806451612904,7.137857623013364,100,97.0,0.0034009990434690192,10,0.1,1495.7257163686893,1778.833634004973,107.82870337977687,0.16842826113513926,3,2.547559873696487,0,0,0,0.1,0.16842826113513926,A-n32-k5,random_search,119,0.570736531570414,0.7423057330890623,0.5149769415818782,1236.2719914867155,259.4537248819738
31,1,13.225806451612904,7.137857623013364,100,97.0,0.0034009990434690192,60,0.6,1376.8112790379678,1555.7632346845903,85.36326971252659,0.006977460162099748,8,2.350513625055808,0,0,0,0.1,0.006977460162099748,A-n32-k5,random_search,120,0.5528333491684937,0.7404647217160989,0.9417870240223076,1271.969377129166,104.84190190880167
31,1,13.225806451612904,7.137857623013364,100,97.0,0.0034009990434690192,30,0.3,1554.2997434219917,1681.2673868222987,81.49503783320115,0.0,10,2.0818700152754226,0,0,0,0.1,0.0,A-n32-k5,random_search,121,0.5520399341557805,0.32542232290042084,0.6176362805828332,1370.7100875940157,183.589655827976
31,1,13.225806451612904,7.137857623013364,100,97.0,0.0034009990434690192,50,0.5,1473.7409875773942,1618.2917774583316,77.92474338924981,0.0,10,2.537786977326817,0,0,0,0.1,0.0,A-n32-k5,random_search,122,0.5906966045006378,0.2224086792036713,0.34418776994306144,1353.8246787814896,119.91630879590457
31,1,13.225806451612904,7.137857623013364,100,97.0,0.0034009990434690192,20,0.2,1602.5209678075341,1741.8814270571152,78.75444281544668,0.015061653190005155,8,2.3919853042169907,0,0,0,0.1,0.015061653190005155,A-n32-k5,random_search,123,0.11560059338027857,0.41544952116418116,0.7532224420588987,1414.5955176516468,187.92545015588735
31,1,13.225806451612904,7.137857623013364,100,97.0,0.0034009990434690192,10,0.1,1650.8531205048791,1796.9729691604887,71.31335702306725,0.08074071064444445,0,2.2334914247065885,0,0,0,0.1,0.08074071064444445,A-n32-k5,random_search,124,0.6708410004063113,0.7150778236323394,0.597720244050278,1267.5997290643102,383.253391440569
31,1,13.225806451612904,7.137857623013364,100,97.0,0.0034009990434690192,5,0.05,1711.3975330815726,1844.0052745612513,85.5116276510356,0.0,2,2.430978777693754,0,0,0,0.1,0.0,A-n32-k5,random_search,125,0.6633238822393637,0.7386767806041603,0.5977987943541163,1417.0236437179487,294.3738893636239
31,1,13.225806451612904,7.137857623013364,100,97.0,0.0034009990434690192,70,0.7,1472.5163681628073,1588.4106524309573,63.500071172401924,0.0,19,2.6177965989924865,0,0,0,0.1,0.0,A-n32-k5,random_search,126,0.683956445829307,0.5058462923413384,0.6482804480118611,1376.116001537658,96.40036662514945
31,1,13.225806451612904,7.137857623013364,100,97.0,0.0034009990434690192,20,0.2,1589.239218415772,1725.8962179130037,92.34436785628203,0.037502827078744465,3,2.1029740272152075,0,0,0,0.1,0.037502827078744465,A-n32-k5,random_search,127,0.48449447099903853,0.44346978182541846,0.6048743498923435,1375.438437083388,213.80078133238408
31,1,13.225806451612904,7.137857623013364,100,97.0,0.0034009990434690192,10,0.1,1674.5566457827208,1784.6020398490186,75.663976803995,0.016160971151211543,1,2.619381275262318,0,0,0,0.1,0.016160971151211543,A-n32-k5,random_search,128,0.1701765596317797,0.32001367779478723,0.5665000285571601,1352.8967747195034,321.65987106321745
31,1,13.225806451612904,7.137857623013364,100,97.0,0.0034009990434690192,20,0.2,1497.7905252182459,1719.7892430901236,81.6582895101921,0.033001941290468025,6,2.688356749673931,0,0,0,0.1,0.033001941290468025,A-n32-k5,random_search,129,0.5438670514547231,0.6450332372442289,0.9065522713685648,1371.7243485180923,126.06617670015362
31,1,13.225806451612904,7.137857623013364,100,97.0,0.0034009990434690192,90,0.9,1481.5907615088124,1565.9840925059416,60.25029671742153,0.0027998414414731406,7,2.1618884312203956,0,0,0,0.1,0.0027998414414731406,A-n32-k5,random_search,130,0.7775193375823473,0.6810759271449283,0.5649253341565827,1351.9184709307838,129.67229057802865
31,1,13.225806451612904,7.137857623013364,100,97.0,0.0034009990434690192,60,0.6,1445.0840050152651,1619.129234201726,73.3412909329379,0.00605790589588416,3,2.2413740378812976,0,0,0,0.1,0.00605790589588416,A-n32-k5,random_search,131,0.6381072152966358,0.3617700281590588,0.30946258318014025,1294.4393307727955,150.6446742424696
31,1,13.225806451612904,7.137857623013364,100,97.0,0.0034009990434690192,10,0.1,1560.7758224888937,1805.9200840421138,91.8741275764098,0.04727642784197039,1,2.47053152118123,0,0,0,0.1,0.04727642784197039,A-n32-k5,random_search,132,0.6728180977209943,0.7235204159465118,0.976336676211804,1432.56913778433,128.2066847045637
31,1,13.225806451612904,7.137857623013364,100,97.0,0.0034009990434690192,5,0.05,1618.9490068934506,1802.0708987113721,76.55515036678383,0.0,0,2.5142753547892314,0,0,0,0.1,0.0,A-n32-k5,random_search,133,0.3896129686452391,0.615336204128327,0.9964546568730406,1302.4458086525376,316.503198240913
31,1,13.225806451612904,7.137857623013364,100,97.0,0.0034009990434690192,5,0.05,1675.241719632989,1849.0993099069408,99.60004706734904,0.0,0,2.24930456650183,0,0,0,0.1,0.0,A-n32-k5,random_search,134,0.19837776129833512,0.6866463732429586,0.7217246083277714,1394.4496144740772,280.7921051589119
31,1,13.225806451612904,7.137857623013364,100,97.0,0.0034009990434690192,70,0.7,1474.8942152886495,1578.6867218536759,55.34073836481995,0.016143186443656206,4,1.9770905145006323,0,0,0,0.1,0.016143186443656206,A-n32-k5,random_search,135,0.16908038910446355,0.2781094173134385,0.6807469242588983,1332.105108597728,142.78910669092147
31,1,13.225806451612904,7.137857623013364,100,97.0,0.0034009990434690192,10,0.1,1610.6087895657195,1787.222678855685,75.5026192525766,0.0981138003366801,5,2.555906801642573,0,0,0,0.1,0.0981138003366801,A-n32-k5,random_search,136,0.5451417128113873,0.23505736720762738,0.47820975022279344,1344.2884704773378,266.32031908838167
31,1,13.225806451612904,7.137857623013364,100,97.0,0.0034009990434690192,70,0.7,1478.422674928423,1614.436466424395,76.10752822309645,0.0,19,2.330824855720924,0,0,0,0.1,0.0,A-n32-k5,random_search,137,0.48259792742598795,0.6603921584910699,0.9069461791291569,1353.3900917579758,125.0325831704472
31,1,13.225806451612904,7.137857623013364,100,97.0,0.0034009990434690192,80,0.8,1356.4504064347793,1543.4218121245988,99.64425718474534,0.020601367820950768,1,2.300936445663555,0,0,0,0.1,0.020601367820950768,A-n32-k5,random_search,138,0.8996964180832976,0.5827098635628554,0.6931362166952595,1318.9241561980202,37.5262502367591
31,1,13.225806451612904,7.137857623013364,100,97.0,0.0034009990434690192,90,0.9,1230.4139488300107,1457.1669409072617,111.11810688005635,0.008972114214447284,5,1.6510039092876285,0,0,0,0.1,0.008972114214447284,A-n32-k5,random_search,139,0.18287366087748477,0.5817162240173284,0.554920621389495,1154.0143860285723,76.39956280143838
31,1,13.225806451612904,7.137857623013364,100,97.0,0.0034009990434690192,5,0.05,1597.4145817660847,1802.9159713463437,87.11808019247732,0.0,3,2.458588948343817,0,0,0,0.1,0.0,A-n32-k5,random_search,140,0.6220621317428006,0.5894679444118356,0.6914194765723218,1439.2827909232706,158.1317908428141
31,1,13.225806451612904,7.137857623013364,100,97.0,0.0034009990434690192,30,0.3,1540.8511531559054,1676.2440567718647,68.23248707184196,0.0,19,2.4495899839376407,0,0,0,0.1,0.0,A-n32-k5,random_search,141,0.45253318867167314,0.24130725443864326,0.40429939025562794,1388.433141312197,152.41801184370843
31,1,13.225806451612904,7.137857623013364,100,97.0,0.0034009990434690192,40,0.4,1354.7003952241519,1538.4304753089414,103.48997060539867,0.019043290892241542,1,1.887089945955779,0,0,0,0.1,0.019043290892241542,A-n32-k5,random_search,142,0.24620770698391398,0.7055875604057582,0.7343921184710918,1201.3402960358812,153.36009918827062
31,1,13.225806451612904,7.137857623013364,100,97.0,0.0034009990434690192,90,0.9,1550.2512603474142,1647.581979565457,72.48304992228846,0.0,9,2.503250149682064,0,0,0,0.1,0.0,A-n32-k5,random_search,143,0.3514294900542472,0.40351277610482905,0.9067797000368458,1478.9565299920437,71.29473035537058
31,1,13.225806451612904,7.137857623013364,100,97.0,0.0034009990434690192,20,0.2,1525.9604319829118,1683.8526949621264,103.01880994082252,0.03448196932174175,4,1.8709207017226974,0,0,0,0.1,0.03448196932174175,A-n32-k5,random_search,144,0.12576475205608953,0.7781561499524483,0.44186879085383224,1260.5123129837077,265.4481189992041
31,1,13.225806451612904,7.137857623013364,100,97.0,0.0034009990434690192,20,0.2,1577.371476883971,1710.9826592368765,75.56644795567983,0.04191750395538798,1,2.566733964532472,0,0,0,0.1,0.04191750395538798,A-n32-k5,random_search,145,0.690719473676768,0.2519864100269647,0.4914992003093308,1294.1062090578382,283.2652678261327
31,1,13.225806451612904,7.137857623013364,100,97.0,0.0034009990434690192,60,0.6,1508.7849360957466,1604.1886490769757,62.512249028189075,0.01250383518986007,4,2.4889993103610797,0,0,0,0.1,0.01250383518986007,A-n32-k5,random_search,146,0.34725597056916185,0.3900459791873641,0.5338492178391133,1330.0705597266299,178.71437636911674
31,1,13.225806451612904,7.137857623013364,100,97.0,0.0034009990434690192,10,0.1,1669.723898738799,1804.0052075894423,67.63817854974175,0.07812161786123577,0,2.6389529941747085,0,0,0,0.1,0.07812161786123577,A-n32-k5,random_search,147,0.17022243679278243,0.6826781681116837,0.61371091724271,1419.6528099404045,250.0710887983946
31,1,13.225806451612904,7.137857623013364,100,97.0,0.0034009990434690192,80,0.8,1368.1354926494078,1525.7115553600506,85.70977026859477,0.0,19,1.9705926408943355,0,0,0,0.1,0.0,A-n32-k5,random_search,148,0.1337399538069952,0.7721237966268983,0.9723200643901544,1318.6420428795723,49.49344976983548
31,1,13.225806451612904,7.137857623013364,100,97.0,0.0034009990434690192,40,0.4,1542.5168148992832,1703.0311322806406,79.55881962058585,0.05646261842503001,1,2.311536177401374,0,0,0,0.1,0.05646261842503001,A-n32-k5,random_search,149,0.4432857152871623,0.38090493125321834,0.9483712428221429,1374.822481051481,167.69433384780223
31,1,13.225806451612904,7.137857623013364,100,97.0,0.0034009990434690192,30,0.3,1444.963406606326,1660.2522917192946,85.63232653037413,0.044718161011154174,5,2.138104588780867,0,0,0,0.1,0.044718161011154174,A-n32-k5,random_search,150,0.3510524424934357,0.6752963086504342,0.598572988672331,1383.6113576629234,61.35204894340268
31,1,13.225806451612904,7.137857623013364,100,97.0,0.0034009990434690192,40,0.4,1441.49529255407,1623.7280863978579,81.85978598021002,0.00047873933837246535,0,2.2101479544427693,0,0,0,0.1,0.00047873933837246535,A-n32-k5,random_search,151,0.8369886376258008,0.7358756921004863,0.9419211259139486,1337.0061985788336,104.4890939752363
31,1,13.225806451612904,7.137857623013364,100,97.0,0.0034009990434690192,20,0.2,1563.621549649397,1708.397338952651,79.91248047822117,0.05354499351517645,5,2.230910451211717,0,0,0,0.1,0.05354499351517645,A-n32-k5,random_search,152,0.2216896588646404,0.6891471089512489,0.5598169826568797,1389.0060144636104,174.61553518578648
31,1,13.225806451612904,7.137857623013364,100,97.0,0.0034009990434690192,80,0.8,1396.5718038622979,1597.9572468030206,94.6099257679172,0.0,14,2.6133953627765356,0,0,0,0.1,0.0,A-n32-k5,random_search,153,0.1003417814029139,0.7093642733716903,0.4405626954276609,1366.9338390582116,29.637964804086323
31,1,13.225806451612904,7.137857623013364,100,97.0,0.0034009990434690192,60,0.6,1418.2116484169828,1625.428059018433,79.59078102274013,0.0,17,2.3880617102691613,0,0,0,0.1,0.0,A-n32-k5,random_search,154,0.47022319673057644,0.6674736163745711,0.6851994111165611,1319.4716121821393,98.7400362348435
31,1,13.225806451612904,7.137857623013364,100,97.0,0.0034009990434690192,40,0.4,1383.595330650363,1591.6332617781452,112.03866005513296,0.055753769334173454,1,2.3867526829858043,0,0,0,0.1,0.055753769334173454,A-n32-k5,random_search,155,0.18040693954089246,0.5969916395442401,0.9633371302872122,1322.9064139079671,60.688916742395804
31,1,13.225806451612904,7.137857623013364,100,97.0,0.0034009990434690192,40,0.4,1458.7254316688845,1614.071935442041,88.19101639343364,0.0,9,2.43699485203518,0,0,0,0.1,0.0,A-n32-k5,random_search,156,0.2044162004395986,0.26641198561983864,0.9361402758708752,1386.4732782187377,72.2521534501468
31,1,13.225806451612904,7.137857623013364,100,97.0,0.0034009990434690192,30,0.3,1528.2681251511071,1680.0587521713162,71.15641295801781,0.0,13,2.2962659413320443,0,0,0,0.1,0.0,A-n32-k5,random_search,157,0.378427787912207,0.5518022501431162,0.8532641498964764,1293.5947304769275,234.6733946741797
31,1,13.225806451612904,7.137857623013364,100,97.0,0.0034009990434690192,20,0.2,1569.8637113603368,1682.0081969807238,70.99093600440538,0.03094994590753461,6,1.9603944870914574,0,0,0,0.1,0.03094994590753461,A-n32-k5,random_search,158,0.7484684911688896,0.7055558207839618,0.34327251234234074,1356.7457895927748,213.11792176756194
31,1,13.225806451612904,7.137857623013364,100,97.0,0.0034009990434690192,90,0.9,1378.7103667983604,1555.9145042682499,97.53071084062861,0.0,19,2.2914702155454583,0,0,0,0.1,0.0,A-n32-k5,random_search,159,0.6681635344214049,0.49084997261386715,0.9844663987919002,1309.5598479760663,69.15051882229409
31,1,13.225806451612904,7.137857623013364,100,97.0,0.0034009990434690192,90,0.9,1342.3775665798294,1562.0359582559283,101.17929652162874,0.02087870513079376,0,2.2276531654617244,0,0,0,0.1,0.02087870513079376,A-n32-k5,random_search,160,0.2684379146581264,0.3268680806247027,0.8571434445022623,1223.8781274794667,118.49943910036268
31,1,13.225806451612904,7.137857623013364,100,97.0,0.0034009990434690192,40,0.4,1561.1890411687339,1663.8519433100973,68.43219095645443,0.0,10,2.5595431754269553,0,0,0,0.1,0.0,A-n32-k5,random_search,161,0.16760409635511542,0.22128074725098995,0.8751907688133518,1378.0226445902633,183.16639657847054
31,1,13.225806451612904,7.137857623013364,100,97.0,0.0034009990434690192,5,0.05,1616.923282629499,1811.5916160767265,79.85024200999753,0.0,5,2.5819696278106252,0,0,0,0.1,0.0,A-n32-k5,random_search,162,0.7542729963514611,0.2127312383071479,0.9790131136944544,1378.266868204847,238.65641442465198
31,1,13.225806451612904,7.137857623013364,100,97.0,0.0034009990434690192,90,0.9,1390.300485763075,1575.0967263268083,83.00791293176032,4.366867091366485e-05,4,2.2424294452288773,0,0,0,0.1,4.366867091366485e-05,A-n32-k5,random_search,163,0.1952385008095477,0.3686394994837225,0.4814950637050569,1303.6839860810453,86.6164996820296
31,1,13.225806451612904,7.137857623013364,100,97.0,0.0034009990434690192,90,0.9,1434.538213535291,1548.3893769768893,76.65070856861227,0.0011633982613862728,3,2.308902172744933,0,0,0,0.1,0.0011633982613862728,A-n32-k5,random_search,164,0.19615570378700858,0.36468781002641715,0.6433670625472837,1336.9632633967215,97.57495013856965
31,1,13.225806451612904,7.137857623013364,100,97.0,0.0034009990434690192,40,0.4,1344.1330030874021,1657.5420689578048,110.39518184787104,0.0,19,2.6035447694208624,0,0,0,0.1,0.0,A-n32-k5,random_search,165,0.18933794757720587,0.5795984035528081,0.913020116571321,1278.950439716717,65.1825633706851
31,1,13.225806451612904,7.137857623013364,100,97.0,0.0034009990434690192,60,0.6,1422.778493266822,1574.9185375283967,84.94142597781824,0.0,19,2.022514386703913,0,0,0,0.1,0.0,A-n32-k5,random_search,166,0.4333096420971031,0.7052434080157746,0.656216186902165,1290.9429821347396,131.83551113208227
31,1,13.225806451612904,7.137857623013364,100,97.0,0.0034009990434690192,70,0.7,1477.2669994432893,1598.7521343032063,73.49216280815104,0.0,9,2.4021607266995355,0,0,0,0.1,0.0,A-n32-k5,random_search,167,0.43343963832714605,0.3187884860163329,0.798963947129318,1350.3148716463697,126.95212779691951
31,1,13.225806451612904,7.137857623013364,100,97.0,0.0034009990434690192,20,0.2,1378.9892962279744,1675.5279428295405,110.43926754276275,0.09949299966839868,3,2.418766623881707,0,0,0,0.1,0.09949299966839868,A-n32-k5,random_search,168,0.1796197111832319,0.3700314005081475,0.9850067884213141,1273.4108193791596,105.57847684881472
31,1,13.225806451612904,7.137857623013364,100,97.0,0.0034009990434690192,10,0.1,1586.7205687199864,1777.553397312938,82.68535768171785,0.05660455236435479,0,2.61737441641756,0,0,0,0.1,0.05660455236435479,A-n32-k5,random_search,169,0.18965150178011375,0.2424414491225944,0.7139331157555839,1364.951658753321,221.76890996666543
31,1,13.225806451612904,7.137857623013364,100,97.0,0.0034009990434690192,60,0.6,1461.4505424108336,1626.6127304657334,77.16609440552791,0.005891384731942452,5,2.4007199623946276,0,0,0,0.1,0.005891384731942452,A-n32-k5,random_search,170,0.6947792012466835,0.2376623346367449,0.45794340100384323,1332.866082247125,128.58446016370863
31,1,13.225806451612904,7.137857623013364,100,97.0,0.0034009990434690192,60,0.6,1412.3329208913367,1632.3036251740623,108.66403039342164,0.0,9,2.3590999842532185,0,0,0,0.1,0.0,A-n32-k5,random_search,171,0.10991122520810599,0.6207159566604687,0.9116063590285532,1235.5954328526482,176.73748803868853
31,1,13.225806451612904,7.137857623013364,100,97.0,0.0034009990434690192,5,0.05,1648.937964777626,1855.240763483061,77.72908495815976,0.0,1,2.6417678498284514,0,0,0,0.1,0.0,A-n32-k5,random_search,172,0.7580777080880567,0.5707430054799065,0.3888291796316994,1357.1303340057084,291.8076307719175
31,1,13.225806451612904,7.137857623013364,100,97.0,0.0034009990434690192,90,0.9,1408.1124799483148,1561.285015814186,71.69318659675393,0.02468105770770295,0,2.5749513938603004,0,0,0,0.1,0.02468105770770295,A-n32-k5,random_search,173,0.19462282073309556,0.6355743319707867,0.5335462197650898,1319.7510492242027,88.3614307241121
31,1,13.225806451612904,7.137857623013364,100,97.0,0.0034009990434690192,10,0.1,1695.2193614313135,1795.1167750836398,61.55204190796471,0.047180560282255125,4,2.536856873628491,0,0,0,0.1,0.047180560282255125,A-n32-k5,random_search,174,0.3074050085234471,0.44407084239803074,0.7279632836864686,1429.7743545332894,265.4450068980241
31,1,13.225806451612904,7.137857623013364,100,97.0,0.0034009990434690192,20,0.2,1513.326241822111,1697.5809387597103,87.09220294246757,0.0013850818234474828,1,2.46763882616477,0,0,0,0.1,0.0013850818234474828,A-n32-k5,random_search,175,0.5001037810648871,0.2947283252183426,0.5320130651707484,1369.1823957724969,144.143846049614
31,1,13.225806451612904,7.137857623013364,100,97.0,0.0034009990434690192,70,0.7,1388.0473774505538,1570.829525951632,91.71761064526504,0.0,15,2.430485808514279,0,0,0,0.1,0.0,A-n32-k5,random_search,176,0.18901825093461008,0.49245307594394955,0.7756032397714878,1145.2618435743557,242.7855338761981
31,1,13.225806451612904,7.137857623013364,100,97.0,0.0034009990434690192,60,0.6,1335.859399250236,1568.5034556101891,109.56036406543934,0.0,19,2.347762278691781,0,0,0,0.1,0.0,A-n32-k5,random_search,177,0.26970492275424085,0.5690115725045659,0.7357054752306054,1260.5411894227766,75.31820982745944
31,1,13.225806451612904,7.137857623013364,100,97.0,0.0034009990434690192,20,0.2,1555.3511097334817,1691.3443078740752,71.11825898994192,0.04032025991869436,2,2.15286303341365,0,0,0,0.1,0.04032025991869436,A-n32-k5,random_search,178,0.21854551731373537,0.42107733386692664,0.3874699803504326,1379.0286676122396,176.32244212124215
31,1,13.225806451612904,7.137857623013364,100,97.0,0.0034009990434690192,80,0.8,1409.1714349009148,1599.3124404080822,99.22568219530982,0.0,15,2.1775685037428665,0,0,0,0.1,0.0,A-n32-k5,random_search,179,0.6835107440598767,0.6707307044712365,0.5306536585801276,1312.8840440945464,96.28739080636842
31,1,13.225806451612904,7.137857623013364,100,97.0,0.0034009990434690192,50,0.5,1424.907846455485,1631.790055936694,82.53411875356754,0.0,16,2.1291291491131656,0,0,0,0.1,0.0,A-n32-k5,random_search,180,0.5841812719281833,0.6030178258576304,0.6402984761660915,1283.5701928527862,141.33765360269877
31,1,13.225806451612904,7.137857623013364,100,97.0,0.0034009990434690192,60,0.6,1379.3483021902543,1628.6582688547073,117.9519818067294,0.0,13,2.2788796517610477,0,0,0,0.1,0.0,A-n32-k5,random_search,181,0.39856922957780383,0.502420178139256,0.5807492627485822,1209.89759063168,169.4507115585743
31,1,13.225806451612904,7.137857623013364,100,97.0,0.0034009990434690192,40,0.4,1461.2369190003958,1639.54938592679,65.2327583005222,0.00432768102367428,3,2.1378606593056073,0,0,0,0.1,0.00432768102367428,A-n32-k5,random_search,182,0.7186078900789032,0.7442349884480777,0.8291331121177425,1348.4511217775712,112.78579722282461
31,1,13.225806451612904,7.137857623013364,100,97.0,0.0034009990434690192,40,0.4,1436.0088325718164,1602.312275484055,85.79004663581838,0.023993359257569576,2,2.160466611215727,0,0,0,0.1,0.023993359257569576,A-n32-k5,random_search,183,0.2945884913935026,0.7089912256295512,0.9284590062215554,1237.6874520298875,198.32138054192887
31,1,13.225806451612904,7.137857623013364,100,97.0,0.0034009990434690192,30,0.3,1591.2102191031115,1707.477260650297,66.1497327501399,0.0,9,2.499681869824801,0,0,0,0.1,0.0,A-n32-k5,random_search,184,0.6949036491046688,0.4761616086945176,0.8320838368787045,1319.8483549559048,271.3618641472067
31,1,13.225806451612904,7.137857623013364,100,97.0,0.0034009990434690192,10,0.1,1622.764908450213,1803.6463269427918,87.08290695864825,0.10074290746151998,0,2.7197845155603,0,0,0,0.1,0.10074290746151998,A-n32-k5,random_search,185,0.5193189908321394,0.560862000286358,0.5070996191844579,1414.521429564454,208.24347888575903
31,1,13.225806451612904,7.137857623013364,100,97.0,0.0034009990434690192,30,0.3,1501.5086369681235,1675.203627516726,76.83173631862148,0.037738893194418026,6,2.399796027531503,0,0,0,0.1,0.037738893194418026,A-n32-k5,random_search,186,0.52953499413735,0.44545114880689307,0.45866434140889034,1281.6917813292812,219.8168556388423
31,1,13.225806451612904,7.137857623013364,100,97.0,0.0034009990434690192,5,0.05,1701.0385197372143,1814.7280745794947,68.98440162720165,0.0,0,2.450360331384164,0,0,0,0.1,0.0,A-n32-k5,random_search,187,0.5183655392108574,0.7509595122193078,0.8707590120887239,1337.99127512944,363.04724460777425
31,1,13.225806451612904,7.137857623013364,100,97.0,0.0034009990434690192,70,0.7,1372.4524625516779,1567.0415826568146,93.39183032153304,0.0,19,2.1536363072537665,0,0,0,0.1,0.0,A-n32-k5,random_search,188,0.23106429498637696,0.46318698018471677,0.7156934637705501,1362.027055654442,10.425406897235916
31,1,13.225806451612904,7.137857623013364,100,97.0,0.0034009990434690192,10,0.1,1631.0844461098775,1790.344034580707,87.57735897549895,0.1016758564562035,2,2.6540937633458688,0,0,0,0.1,0.1016758564562035,A-n32-k5,random_search,189,0.10543606692703573,0.23069021777840515,0.7062467506767949,1412.510143463136,218.57430264674144
31,1,13.225806451612904,7.137857623013364,100,97.0,0.0034009990434690192,10,0.1,1614.7613794803485,1755.6921319763867,84.90203391100074,0.030794995959516645,3,2.332612299390785,0,0,0,0.1,0.030794995959516645,A-n32-k5,random_search,190,0.6136422475276302,0.34145682274255607,0.8776138234698743,1354.0498870782963,260.7114924020523
31,1,13.225806451612904,7.137857623013364,100,97.0,0.0034009990434690192,20,0.2,1556.9912674817415,1745.302467570862,102.21742856440123,0.0,9,2.3964851083592826,0,0,0,0.1,0.0,A-n32-k5,random_search,191,0.12786942215704908,0.7135312763049646,0.40425610888040847,1367.6912823033497,189.2999851783918
31,1,13.225806451612904,7.137857623013364,100,97.0,0.0034009990434690192,90,0.9,1398.0465040892984,1593.83199330811,85.96484252938617,0.0,9,2.2052079722988287,0,0,0,0.1,0.0,A-n32-k5,random_search,192,0.2163712504657987,0.7557294578765776,0.927485905430429,1362.5107086796222,35.53579540967621
31,1,13.225806451612904,7.137857623013364,100,97.0,0.0034009990434690192,20,0.2,1584.254513305451,1685.8272155898508,57.42396279324229,0.032839754021554056,7,2.1196708859993043,0,0,0,0.1,0.032839754021554056,A-n32-k5,random_search,193,0.820424762172774,0.4159862629757626,0.4397269629386014,1375.3027428360888,208.95177046936215
31,1,13.225806451612904,7.137857623013364,100,97.0,0.0034009990434690192,20,0.2,1485.7474455249069,1698.1224155845466,93.34353709976529,0.0,15,2.516777398403607,0,0,0,0.1,0.0,A-n32-k5,random_search,194,0.2704150238885088,0.6579707335564496,0.7829359773944349,1333.4586230033847,152.2888225215222
31,1,13.225806451612904,7.137857623013364,100,97.0,0.0034009990434690192,40,0.4,1441.8026128775778,1612.762821763782,87.71822415914933,0.0,12,2.1442196058559673,0,0,0,0.1,0.0,A-n32-k5,random_search,195,0.13946142983556797,0.6429548570884889,0.896647966626118,1302.2725810714005,139.53003180617725
31,1,13.225806451612904,7.137857623013364,100,97.0,0.0034009990434690192,30,0.3,1567.9141711499688,1683.5431621727507,58.36776900454658,0.0,10,2.65944427627889,0,0,0,0.1,0.0,A-n32-k5,random_search,196,0.3545487015884884,0.738400105198072,0.7250810873939653,1347.9179820336517,219.99618911631705
31,1,13.225806451612904,7.137857623013364,100,97.0,0.0034009990434690192,70,0.7,1471.2049614206874,1628.547989100508,79.55476073543124,0.05425526909631066,2,2.410313951267628,0,0,0,0.1,0.05425526909631066,A-n32-k5,random_search,197,0.13172590480037683,0.4381123956237689,0.9516784385249872,1383.4988284946337,87.70613292605367
31,1,13.225806451612904,7.137857623013364,100,97.0,0.0034009990434690192,90,0.9,1364.8634546753149,1526.6406329732258,82.17236229006231,0.008779199332426478,7,2.323158490999614,0,0,0,0.1,0.008779199332426478,A-n32-k5,random_search,198,0.18143033470611628,0.5147145779599906,0.7530632530115022,1268.7111097619704,96.15234491334445
31,1,13.225806451612904,7.137857623013364,100,97.0,0.0034009990434690192,90,0.9,1312.9522348968032,1514.6406122552748,86.54983534059284,0.004395840233608217,6,1.9822649334576405,0,0,0,0.1,0.004395840233608217,A-n32-k5,random_search,199,0.2946361797104208,0.7447722267398025,0.9350890609345566,1308.551449389909,4.400785506894181
31,1,13.225806451612904,7.137857623013364,100,97.0,0.0034009990434690192,90,0.9,1385.4915763648582,1549.111277323633,84.53683794731191,0.03325884034082366,1,2.369797700247564,0,0,0,0.1,0.03325884034082366,A-n32-k5,random_search,200,0.6012525125237129,0.6987184030719488,0.7319406723125182,1234.4028989773271,151.0886773875311
31,1,13.225806451612904,7.137857623013364,100,97.0,0.0034009990434690192,30,0.3,1474.8864114525309,1625.8267984965958,89.3831825979363,0.028185206030495086,2,1.9960935423982304,0,0,0,0.1,0.028185206030495086,A-n32-k5,random_search,201,0.16683887789424956,0.7620950660981247,0.4122974185251609,1284.5088418640867,190.3775695884442
31,1,13.225806451612904,7.137857623013364,100,97.0,0.0034009990434690192,80,0.8,1409.5564579184188,1522.4712191616468,74.77346517484705,0.0,13,2.325698868774384,0,0,0,0.1,0.0,A-n32-k5,random_search,202,0.3888327086350155,0.29508780964854725,0.36005405031959203,1269.1303638529296,140.42609406548922
31,1,13.225806451612904,7.137857623013364,100,97.0,0.0034009990434690192,80,0.8,1276.2143745111507,1478.0144524784057,106.56957672144853,0.0012889663006703676,6,2.002827917607116,0,0,0,0.1,0.0012889663006703676,A-n32-k5,random_search,203,0.23038639157386173,0.6532835051197956,0.3361491252465575,1259.6496898609025,16.564684650248182
31,1,13.225806451612904,7.137857623013364,100,97.0,0.0034009990434690192,80,0.8,1387.1579160715708,1575.465151851972,89.78133569403425,0.0,11,2.3329677241243316,0,0,0,0.1,0.0,A-n32-k5,random_search,204,0.1771895545401593,0.460202798676572,0.779848266479892,1357.0889094148688,30.06900665670196
31,1,13.225806451612904,7.137857623013364,100,97.0,0.0034009990434690192,40,0.4,1497.6309621061255,1633.267498329485,78.67975521503595,0.0,19,2.5239446241045203,0,0,0,0.1,0.0,A-n32-k5,random_search,205,0.1839699552819253,0.3702225651268275,0.47660584657123395,1352.9631976689466,144.6677644371789
31,1,13.225806451612904,7.137857623013364,100,97.0,0.0034009990434690192,5,0.05,1607.4854213179096,1840.4081067487,81.05773564185017,0.0,0,2.4154946793251018,0,0,0,0.1,0.0,A-n32-k5,random_search,206,0.6873017941196732,0.7770124428193024,0.8644664866746699,1379.3771158291768,228.10830548873287
31,1,13.225806451612904,7.137857623013364,100,97.0,0.0034009990434690192,50,0.5,1487.9840773884337,1616.7554369074592,79.42323173072906,0.007636547980534143,2,2.4533209217676193,0,0,0,0.1,0.007636547980534143,A-n32-k5,random_search,207,0.40377240401251413,0.4842819424083412,0.6512306312436512,1385.5651553925015,102.41892199593212
31,1,13.225806451612904,7.137857623013364,100,97.0,0.0034009990434690192,90,0.9,1435.0949382537533,1523.1660135892803,49.681820280565496,0.01622325303195009,1,2.2576748262226944,0,0,0,0.1,0.01622325303195009,A-n32-k5,random_search,208,0.27718442530333287,0.3375531365897753,0.9073172444332196,1386.0050590782073,49.089879175546
31,1,13.225806451612904,7.137857623013364,100,97.0,0.0034009990434690192,60,0.6,1396.8402891867572,1585.7838970289577,78.02201634041559,0.0,19,1.9792963033776032,0,0,0,0.1,0.0,A-n32-k5,random_search,209,0.2668008679157782,0.6018710330976675,0.7935403871723508,1229.3666348590768,167.47365432768038
31,1,13.225806451612904,7.137857623013364,100,97.0,0.0034009990434690192,60,0.6,1489.5589766212438,1591.7049514436123,85.05674229826315,0.0,19,1.9870088921745974,0,0,0,0.1,0.0,A-n32-k5,random_search,210,0.3309107224270463,0.6363268546627849,0.902961735246884,1387.8840786485753,101.67489797266853
31,1,13.225806451612904,7.137857623013364,100,97.0,0.0034009990434690192,40,0.4,1474.0588166296382,1608.3795304846312,74.12896927213582,0.0,14,1.9935248925184559,0,0,0,0.1,0.0,A-n32-k5,random_search,211,0.4675226138350945,0.6498955665573456,0.9577171669218274,1347.3948209821842,126.66399564745393
31,1,13.225806451612904,7.137857623013364,100,97.0,0.0034009990434690192,80,0.8,1384.5308640965995,1575.059247766886,89.87035136361885,0.00982675046516193,8,2.392800005493209,0,0,0,0.1,0.00982675046516193,A-n32-k5,random_search,212,0.6198490073682126,0.46914624175075487,0.5187121876229378,1294.9631691504446,89.56769494615492
31,1,13.225806451612904,7.137857623013364,100,97.0,0.0034009990434690192,20,0.2,1664.5121290888299,1746.9856491409312,57.71587480725954,0.01183536003094104,1,2.653829804810608,0,0,0,0.1,0.01183536003094104,A-n32-k5,random_search,213,0.8478181827734201,0.23432328987140214,0.7018950689163139,1344.8879319903233,319.62419709850656
31,1,13.225806451612904,7.137857623013364,100,97.0,0.0034009990434690192,20,0.2,1509.280733990853,1747.004155542715,94.77951631802387,0.0,9,2.441482893585813,0,0,0,0.1,0.0,A-n32-k5,random_search,214,0.44738239181530026,0.4433937279612665,0.8030987357010333,1333.277303234801,176.003430756052
31,1,13.225806451612904,7.137857623013364,100,97.0,0.0034009990434690192,60,0.6,1432.3834280253088,1571.3813728602247,74.64429557518162,0.018025768885425338,2,2.23613102056495,0,0,0,0.1,0.018025768885425338,A-n32-k5,random_search,215,0.25370148739242354,0.7294682653307987,0.30018240996891044,1295.0074766121793,137.37595141312954
31,1,13.225806451612904,7.137857623013364,100,97.0,0.0034009990434690192,90,0.9,1307.1433219933067,1550.3958494348776,94.59760912858906,0.0,19,1.9307287186460709,0,0,0,0.1,0.0,A-n32-k5,random_search,216,0.5652507800019043,0.5791617095332731,0.322001235492665,1269.0466285971402,38.09669339616653
31,1,13.225806451612904,7.137857623013364,100,97.0,0.0034009990434690192,90,0.9,1309.4944789274118,1546.3755351168388,102.64226576409507,0.0,12,2.368000235386644,0,0,0,0.1,0.0,A-n32-k5,random_search,217,0.10576437454030625,0.7579064781438087,0.7724482984998273,1285.437503451185,24.056975476226853
31,1,13.225806451612904,7.137857623013364,100,97.0,0.0034009990434690192,70,0.7,1404.2749548102222,1574.5119894576517,85.03701427415012,0.0,18,2.4781669044976193,0,0,0,0.1,0.0,A-n32-k5,random_search,218,0.33468333203580236,0.740172855534041,0.9661124148825044,1305.3200892095624,98.95486560065979
31,1,13.225806451612904,7.137857623013364,100,97.0,0.0034009990434690192,60,0.6,1405.2570753324583,1578.7452809536596,101.24878118777646,0.010793627292715153,6,2.3316391850724942,0,0,0,0.1,0.010793627292715153,A-n32-k5,random_search,219,0.36701511543111676,0.3001938930923287,0.9517961240163464,1298.8145104980904,106.44256483436789
31,1,13.225806451612904,7.137857623013364,100,97.0,0.0034009990434690192,5,0.05,1757.7411441641884,1876.6783876663026,67.73888365671385,0.0,3,2.521410052458206,0,0,0,0.1,0.0,A-n32-k5,random_search,220,0.6574818126256526,0.798169763782308,0.8501610476917645,1428.5058055719187,329.2353385922697
31,1,13.225806451612904,7.137857623013364,100,97.0,0.0034009990434690192,10,0.1,1692.99295952256,1798.848021716176,63.64771341152182,0.08133705127813394,2,2.577268263262794,0,0,0,0.1,0.08133705127813394,A-n32-k5,random_search,221,0.6580057973256417,0.5332660983257442,0.6396802103026598,1394.292447331697,298.70051219086304
31,1,13.225806451612904,7.137857623013364,100,97.0,0.0034009990434690192,5,0.05,1664.8718365896564,1840.4535746898182,91.6003538239888,0.0,2,2.5952088947614964,0,0,0,0.1,0.0,A-n32-k5,random_search,222,0.8649467854605186,0.29425310749510136,0.3960197155900094,1430.4997392842831,234.37209730537325
31,1,13.225806451612904,7.137857623013364,100,97.0,0.0034009990434690192,90,0.9,1365.8263235851102,1536.132803562503,82.25071542477261,0.0362119317473555,5,1.9519258176648049,0,0,0,0.1,0.0362119317473555,A-n32-k5,random_search,223,0.41943831311787794,0.34694600929253505,0.7099983720134055,1299.5761509774259,66.25017260768436
31,1,13.225806451612904,7.137857623013364,100,97.0,0.0034009990434690192,5,0.05,1775.7175444780974,1872.2708442667506,47.77482795287591,0.0,4,2.7097133142626886,0,0,0,0.1,0.0,A-n32-k5,random_search,224,0.11676518765506137,0.3589021450188258,0.7074416310698173,1362.5960283045433,413.121516173554
31,1,13.225806451612904,7.137857623013364,100,97.0,0.0034009990434690192,60,0.6,1436.9110021485599,1608.0085881804011,84.9090883179978,0.0,12,2.663119070283851,0,0,0,0.1,0.0,A-n32-k5,random_search,225,0.7447122922885294,0.4717183320299238,0.7433554317077838,1340.6421376783019,96.268864470258
31,1,13.225806451612904,7.137857623013364,100,97.0,0.0034009990434690192,70,0.7,1397.3778983037184,1555.2535624414504,89.66403749970338,0.0,19,2.3393803463396874,0,0,0,0.1,0.0,A-n32-k5,random_search,226,0.14752202628458014,0.7714257745964086,0.970190689026619,1258.8744794285415,138.50341887517698
31,1,13.225806451612904,7.137857623013364,100,97.0,0.0034009990434690192,60,0.6,1423.1440703924427,1588.2768605683164,78.85728246314976,0.005575365451711816,6,2.1854327049053413,0,0,0,0.1,0.005575365451711816,A-n32-k5,random_search,227,0.16778231490202977,0.7770308938238402,0.9515407278336714,1330.7466071933015,92.39746319914116
31,1,13.225806451612904,7.137857623013364,100,97.0,0.0034009990434690192,20,0.2,1561.4572554625972,1693.3246212384147,78.72822942347513,0.014346593395113823,4,2.6560934216006338,0,0,0,0.1,0.014346593395113823,A-n32-k5,random_search,228,0.5720279386316025,0.7726143571343174,0.871089959787138,1360.5355497590922,200.92170570350504
31,1,13.225806451612904,7.137857623013364,100,97.0,0.0034009990434690192,60,0.6,1437.4352808622239,1614.463328055736,105.05604523180769,0.0,18,2.0738700841099487,0,0,0,0.1,0.0,A-n32-k5,random_search,229,0.2076803656681417,0.5840451676453949,0.6787903412621235,1283.4504273119921,153.98485355023172
31,1,13.225806451612904,7.137857623013364,100,97.0,0.0034009990434690192,10,0.1,1567.9504577202665,1761.5399959626852,89.65624608346742,0.12265258677838735,5,2.368285086538447,0,0,0,0.1,0.12265258677838735,A-n32-k5,random_search,230,0.24979529833057035,0.22732519247088726,0.7043902467518477,1370.7984761917799,197.15198152848666
31,1,13.225806451612904,7.137857623013364,100,97.0,0.0034009990434690192,60,0.6,1302.3920563839872,1546.6742797709326,92.81776700756922,0.08205861127563156,7,2.323252762832557,0,0,0,0.1,0.08205861127563156,A-n32-k5,random_search,231,0.19187288443938427,0.3774707928864316,0.6607006209829834,1266.6738652431814,35.71819114080586
31,1,13.225806451612904,7.137857623013364,100,97.0,0.0034009990434690192,60,0.6,1417.9356415125737,1576.4090670673927,90.0531151363469,0.0,9,2.58816300887556,0,0,0,0.1,0.0,A-n32-k5,random_search,232,0.452071418048704,0.624768375752186,0.4347546201575515,1336.6339476642686,81.30169384830515
31,1,13.225806451612904,7.137857623013364,100,97.0,0.0034009990434690192,5,0.05,1719.4952770411458,1837.0793211231667,84.3683927446898,0.0,1,2.3856105101050815,0,0,0,0.1,0.0,A-n32-k5,random_search,233,0.5939108209925529,0.7350121926558542,0.354496140145426,1336.662264086087,382.83301295505885
31,1,13.225806451612904,7.137857623013364,100,97.0,0.0034009990434690192,5,0.05,1606.8564647281923,1881.4875075582975,88.73448946734537,0.0,2,2.3225289862926957,0,0,0,0.1,0.0,A-n32-k5,random_search,234,0.7239601484891044,0.33554377786018197,0.3427418408363403,1388.8333212207287,218.0231435074636
31,1,13.225806451612904,7.137857623013364,100,97.0,0.0034009990434690192,90,0.9,1391.4709714684448,1566.8342916688384,83.21216923509999,0.0,19,2.362645847977318,0,0,0,0.1,0.0,A-n32-k5,random_search,235,0.860458831433429,0.5500035171862458,0.7527200608810052,1261.5339147520842,129.93705671636053
31,1,13.225806451612904,7.137857623013364,100,97.0,0.0034009990434690192,20,0.2,1608.671163647311,1726.6143179329435,79.68128587956484,0.004091685011582199,5,2.6230592845408736,0,0,0,0.1,0.004091685011582199,A-n32-k5,random_search,236,0.20515036060417283,0.41373823355509665,0.36055013926562035,1362.7939676813135,245.87719596599754
31,1,13.225806451612904,7.137857623013364,100,97.0,0.0034009990434690192,60,0.6,1425.576870447122,1598.5768662377152,91.74252301721606,0.006025560067835245,7,2.1977230833618746,0,0,0,0.1,0.006025560067835245,A-n32-k5,random_search,237,0.42870560722467976,0.42633944666577867,0.4198291744220062,1347.307843761965,78.26902668515709
31,1,13.225806451612904,7.137857623013364,100,97.0,0.0034009990434690192,90,0.9,1297.593782840482,1488.7738756679971,102.82892350196641,0.011631866819689508,8,2.1911800092420597,0,0,0,0.1,0.011631866819689508,A-n32-k5,random_search,238,0.2121014645158762,0.66228602603483,0.3947256274585791,1294.1193420099166,3.4744408305652996
31,1,13.225806451612904,7.137857623013364,100,97.0,0.0034009990434690192,10,0.1,1498.4760547880232,1748.2039527573947,100.7658047729211,0.1471560957230931,2,2.0259758909459946,0,0,0,0.1,0.1471560957230931,A-n32-k5,random_search,239,0.6110065259390423,0.33398793491689405,0.6779859306917225,1321.8644921344587,176.61156265356453
31,1,13.225806451612904,7.137857623013364,100,97.0,0.0034009990434690192,90,0.9,1285.5635713904742,1469.4272459390013,100.57035969779145,0.0010867231176628497,2,1.701484725250541,0,0,0,0.1,0.0010867231176628497,A-n32-k5,random_search,240,0.153356063643069,0.7383680756862041,0.7779505889929978,1180.6592415633438,104.90432982713037
31,1,13.225806451612904,7.137857623013364,100,97.0,0.0034009990434690192,50,0.5,1406.953032748206,1599.003034677899,95.34408651240919,0.0,15,2.3542542407535163,0,0,0,0.1,0.0,A-n32-k5,random_search,241,0.14314446939429015,0.36542590474069786,0.4245052258367452,1233.1691907814147,173.78384196679121
31,1,13.225806451612904,7.137857623013364,100,97.0,0.0034009990434690192,70,0.7,1398.0855563690761,1553.8910612097982,84.22885335378942,0.005972394379736272,4,2.13637163692575,0,0,0,0.1,0.005972394379736272,A-n32-k5,random_search,242,0.3218344264743498,0.7450656349793932,0.8996264928723559,1293.2754644669421,104.81009190213399
31,1,13.225806451612904,7.137857623013364,100,97.0,0.0034009990434690192,5,0.05,1657.1411083981732,1871.2474755068445,84.82590963982136,0.0,0,2.53354995233379,0,0,0,0.1,0.0,A-n32-k5,random_search,243,0.8915237260560807,0.5830440846893921,0.3754562725759053,1419.1700010445943,237.97110735357887
31,1,13.225806451612904,7.137857623013364,100,97.0,0.0034009990434690192,40,0.4,1561.2517963077496,1668.8716370625723,59.69798888005112,0.0032356026574484314,2,2.616699779738319,0,0,0,0.1,0.0032356026574484314,A-n32-k5,random_search,244,0.7024760635859228,0.7417870859357132,0.9689825085234882,1369.5687378724297,191.68305843531994
31,1,13.225806451612904,7.137857623013364,100,97.0,0.0034009990434690192,60,0.6,1517.813753403323,1608.848674855583,58.68767801693395,0.006752180053015514,0,2.304957005007297,0,0,0,0.1,0.006752180053015514,A-n32-k5,random_search,245,0.30825883572835666,0.6136452350693113,0.39473963290563246,1310.7417595010304,207.07199390229266
31,1,13.225806451612904,7.137857623013364,100,97.0,0.0034009990434690192,40,0.4,1560.4966117932208,1663.8201609218388,64.43984620788707,0.0,15,2.325730297468701,0,0,0,0.1,0.0,A-n32-k5,random_search,246,0.44667700916052944,0.6108242266804396,0.36540024519928876,1430.024564177421,130.47204761579974
31,1,13.225806451612904,7.137857623013364,100,97.0,0.0034009990434690192,90,0.9,1390.7219505575392,1575.4181381301355,98.56698448983249,0.022498909580206502,3,2.461756673338209,0,0,0,0.1,0.022498909580206502,A-n32-k5,random_search,247,0.5582943629971628,0.4745504819744308,0.6976110749554658,1376.291419809197,14.430530748342335
31,1,13.225806451612904,7.137857623013364,100,97.0,0.0034009990434690192,30,0.3,1419.0789366634276,1622.3699602592235,101.95242099375508,0.05334192356611974,0,2.319304143389609,0,0,0,0.1,0.05334192356611974,A-n32-k5,random_search,248,0.4108870558754818,0.6731763068678289,0.38942867617153226,1269.1378718426945,149.94106482073312
31,1,13.225806451612904,7.137857623013364,100,97.0,0.0034009990434690192,90,0.9,1234.7313311748821,1535.1259756500608,115.92710110777615,0.0,19,2.68129275081368,0,0,0,0.1,0.0,A-n32-k5,random_search,249,0.506289014094733,0.398951810931796,0.6096386069210988,1208.121122966028,26.610208208854147
31,1,13.225806451612904,7.137857623013364,100,97.0,0.0034009990434690192,10,0.1,1693.6409662990122,1810.815802853249,57.73763179115143,0.08287515471172664,5,2.4615851509549853,0,0,0,0.1,0.08287515471172664,A-n32-k5,random_search,250,0.8637329718522576,0.5710155608265874,0.7571507477023749,1401.2802026146217,292.3607636843906
31,1,13.225806451612904,7.137857623013364,100,97.0,0.0034009990434690192,5,0.05,1546.294242686472,1784.5393740496438,120.21485944255063,0.0,2,2.076029995044295,0,0,0,0.1,0.0,A-n32-k5,random_search,251,0.5904392304905722,0.5212113681117516,0.5888941530227298,1372.1305836867198,174.16365899975222
31,1,13.225806451612904,7.137857623013364,100,97.0,0.0034009990434690192,80,0.8,1277.7514552809146,1547.3960703325192,107.58748307285896,0.0,16,2.055143247614761,0,0,0,0.1,0.0,A-n32-k5,random_search,252,0.46441395781551875,0.5280993894771102,0.6610744776550893,1243.4526949360325,34.29876034488211
31,1,13.225806451612904,7.137857623013364,100,97.0,0.0034009990434690192,70,0.7,1381.035673209287,1545.977844551278,103.19291088458992,0.015986021683827335,6,1.856460755622316,0,0,0,0.1,0.015986021683827335,A-n32-k5,random_search,253,0.32272950084848856,0.40830767353618425,0.856511376047256,1260.2640302605737,120.7716429487134
31,1,13.225806451612904,7.137857623013364,100,97.0,0.0034009990434690192,40,0.4,1532.2614734713525,1661.3415873472154,73.41477664627575,0.0,19,2.4588803500579997,0,0,0,0.1,0.0,A-n32-k5,random_search,254,0.6768736853589514,0.7309793368356814,0.5147801349570179,1300.1506899458066,232.1107835255459
31,1,13.225806451612904,7.137857623013364,100,97.0,0.0034009990434690192,10,0.1,1665.3732176278609,1779.3709774175647,47.49040746633273,0.036636765240928765,2,2.209067798648069,0,0,0,0.1,0.036636765240928765,A-n32-k5,random_search,255,0.3858921080302309,0.5991732150835064,0.697205483991888,1394.7071923635144,270.66602526434644
31,1,13.225806451612904,7.137857623013364,100,97.0,0.0034009990434690192,70,0.7,1435.644853770454,1559.4812115717439,80.15338020465292,0.0002821335346095575,5,2.0278189020511737,0,0,0,0.1,0.0002821335346095575,A-n32-k5,random_search,256,0.25864940261891556,0.26016060528957513,0.9861921270868794,1305.0940067384256,130.5508470320283
31,1,13.225806451612904,7.137857623013364,100,97.0,0.0034009990434690192,60,0.6,1373.1501165663988,1632.4793916695203,107.85929777862658,0.0,9,2.455594890073083,0,0,0,0.1,0.0,A-n32-k5,random_search,257,0.16876226596201693,0.6148538895705475,0.7813650681895412,1319.0326727036374,54.11744386276132
31,1,13.225806451612904,7.137857623013364,100,97.0,0.0034009990434690192,90,0.9,1444.826724023546,1593.1370080288382,82.79591398279679,0.0,19,2.368051593552247,0,0,0,0.1,0.0,A-n32-k5,random_search,258,0.7359557523381461,0.6155538349671692,0.3108061708142145,1382.3637852924073,62.46293873113859
31,1,13.225806451612904,7.137857623013364,100,97.0,0.0034009990434690192,50,0.5,1405.3777848374095,1618.2906045566574,103.67768309546429,0.006479585032572749,7,2.6036934847641016,0,0,0,0.1,0.006479585032572749,A-n32-k5,random_search,259,0.2855698414729332,0.5854347311038808,0.8838824980341033,1311.7026628765907,93.67512196081884
31,1,13.225806451612904,7.137857623013364,100,97.0,0.0034009990434690192,10,0.1,1550.0981400946914,1760.272571783708,86.11335428752116,0.05527424264970657,4,2.4416441896592525,0,0,0,0.1,0.05527424264970657,A-n32-k5,random_search,260,0.2645596073065003,0.5024778405865189,0.9844213250230578,1384.3936881071902,165.70445198750122
31,1,13.225806451612904,7.137857623013364,100,97.0,0.0034009990434690192,5,0.05,1592.2760837008987,1854.8396943343782,88.04758703526822,0.0,0,2.675999916772746,0,0,0,0.1,0.0,A-n32-k5,random_search,261,0.40766113815565963,0.5214199940221452,0.7584699613412799,1338.2527758904296,254.02330781046908
31,1,13.225806451612904,7.137857623013364,100,97.0,0.0034009990434690192,80,0.8,1362.0609904420783,1567.4777489247701,82.65731009165782,0.0,12,2.1358012900773296,0,0,0,0.1,0.0,A-n32-k5,random_search,262,0.5161413475904686,0.5870944096391084,0.8488699135189024,1247.7518115833077,114.30917885877057
31,1,13.225806451612904,7.137857623013364,100,97.0,0.0034009990434690192,40,0.4,1539.9609161261476,1660.9615501621615,85.97468945982894,0.0011362881581104003,5,2.6776525149327437,0,0,0,0.1,0.0011362881581104003,A-n32-k5,random_search,263,0.4912991564556325,0.25922142399978265,0.38677664832841807,1281.4551094892042,258.50580663694336
31,1,13.225806451612904,7.137857623013364,100,97.0,0.0034009990434690192,70,0.7,1504.4345229381024,1619.6801222258803,62.94305301058518,0.014614027254462689,0,2.2405622972989403,0,0,0,0.1,0.014614027254462689,A-n32-k5,random_search,264,0.5933606265654908,0.6984520845958504,0.5801065711308502,1383.483957291214,120.95056564688844
31,1,13.225806451612904,7.137857623013364,100,97.0,0.0034009990434690192,30,0.3,1467.5756464630915,1680.7499708846317,80.95572554527723,0.05116894172597449,2,2.529844765228287,0,0,0,0.1,0.05116894172597449,A-n32-k5,random_search,265,0.18197758347953494,0.7384618479938445,0.5795066623669843,1307.0304984651823,160.54514799790923
31,1,13.225806451612904,7.137857623013364,100,97.0,0.0034009990434690192,40,0.4,1322.2040763555892,1609.62948764921,106.82802733422892,0.02155936702684662,4,2.331000068021163,0,0,0,0.1,0.02155936702684662,A-n32-k5,random_search,266,0.5372049697635873,0.2853218689447903,0.3938921139653342,1297.0718590449183,25.132217310670967
31,1,13.225806451612904,7.137857623013364,100,97.0,0.0034009990434690192,20,0.2,1498.0676616819142,1716.5948584538733,67.24255420626791,0.07070294723982783,7,2.517994287754186,0,0,0,0.1,0.07070294723982783,A-n32-k5,random_search,267,0.7808431491766497,0.6444041071993201,0.6496460559465735,1409.4346318624278,88.63302981948641
31,1,13.225806451612904,7.137857623013364,100,97.0,0.0034009990434690192,30,0.3,1456.37426269915,1611.7850782098647,95.91618831435397,0.0,11,2.118334531884845,0,0,0,0.1,0.0,A-n32-k5,random_search,268,0.2754519860079858,0.42471535155656115,0.7315782012786236,1270.3628432716534,186.01141942749655
31,1,13.225806451612904,7.137857623013364,100,97.0,0.0034009990434690192,70,0.7,1446.599963294843,1601.602560364247,80.25447945095762,0.0,13,2.6575885362849174,0,0,0,0.1,0.0,A-n32-k5,random_search,269,0.2003916174434493,0.3979920102554914,0.42465000750948195,1298.5002009119548,148.09976238288823
31,1,13.225806451612904,7.137857623013364,100,97.0,0.0034009990434690192,30,0.3,1492.8262345928706,1678.4402612390427,69.47019970649184,0.057906659095205995,0,2.622659799692662,0,0,0,0.1,0.057906659095205995,A-n32-k5,random_search,270,0.3346298017028462,0.29453138623151764,0.6321247674802145,1343.4458472963418,149.38038729652885
31,1,13.225806451612904,7.137857623013364,100,97.0,0.0034009990434690192,70,0.7,1407.559682584878,1562.6316506021462,85.69946106159638,0.0,19,2.1124255666412926,0,0,0,0.1,0.0,A-n32-k5,random_search,271,0.17865780778887175,0.7309353079432102,0.7439319508033493,1280.966960077959,126.59272250691902
31,1,13.225806451612904,7.137857623013364,100,97.0,0.0034009990434690192,20,0.2,1611.8454684906085,1749.2787919640577,71.73627710146455,0.024182971156398347,2,2.3782975421033283,0,0,0,0.1,0.024182971156398347,A-n32-k5,random_search,272,0.2709146944409816,0.43792079889806446,0.6828272465450962,1317.1267506860054,294.7187178046031
31,1,13.225806451612904,7.137857623013364,100,97.0,0.0034009990434690192,20,0.2,1470.6911438806019,1717.9917613849423,113.61334805244965,0.0661246082113261,2,2.428724141858158,0,0,0,0.1,0.0661246082113261,A-n32-k5,random_search,273,0.21465857732191784,0.4263995855276485,0.7605360547154725,1253.9189364975878,216.77220738301412
31,1,13.225806451612904,7.137857623013364,100,97.0,0.0034009990434690192,30,0.3,1495.2516353841122,1688.1740943622085,73.71745289256611,0.060702459406004806,4,2.609271953333967,0,0,0,0.1,0.060702459406004806,A-n32-k5,random_search,274,0.2633316129242296,0.7007599229319688,0.6652530780229908,1389.5100139628348,105.74162142127739
31,1,13.225806451612904,7.137857623013364,100,97.0,0.0034009990434690192,70,0.7,1414.587508865778,1550.3706045901533,80.37357048295867,0.0008900725739223623,4,2.1665851005975165,0,0,0,0.1,0.0008900725739223623,A-n32-k5,random_search,275,0.2674256681273305,0.7571117522160284,0.9318226257201807,1280.3042215795822,134.2832872861959
31,1,13.225806451612904,7.137857623013364,100,97.0,0.0034009990434690192,20,0.2,1558.62767467139,1718.82824155534,84.52136100826166,0.05981142817236077,3,2.6016740122384463,0,0,0,0.1,0.05981142817236077,A-n32-k5,random_search,276,0.8441464788938677,0.6309991946556814,0.8618340768944355,1345.160158232175,213.46751643921493
31,1,13.225806451612904,7.137857623013364,100,97.0,0.0034009990434690192,5,0.05,1578.1324641710742,1807.3674140656487,111.16981772157244,0.0,3,2.407608617426262,0,0,0,0.1,0.0,A-n32-k5,random_search,277,0.5535458890824131,0.7441767184870209,0.6360281663695837,1393.7920629456644,184.34040122540978
31,1,13.225806451612904,7.137857623013364,100,97.0,0.0034009990434690192,90,0.9,1462.4514976695898,1593.2118126249657,83.42704092231314,0.0,9,2.516050070423438,0,0,0,0.1,0.0,A-n32-k5,random_search,278,0.17479583784736388,0.5199053409040542,0.33912813216757554,1337.2355977888815,125.21589988070832
31,1,13.225806451612904,7.137857623013364,100,97.0,0.0034009990434690192,90,0.9,1404.6505625854604,1560.6282260231287,77.32721556397307,0.00017258715196110758,4,2.3192430438354275,0,0,0,0.1,0.00017258715196110758,A-n32-k5,random_search,279,0.5238687035474582,0.34554912885144157,0.6452100933769543,1326.8416729566998,77.80888962876065
31,1,13.225806451612904,7.137857623013364,100,97.0,0.0034009990434690192,5,0.05,1704.9186501024456,1894.5035773008483,78.75715605716506,0.0,4,2.537055900087368,0,0,0,0.1,0.0,A-n32-k5,random_search,280,0.7070056469182692,0.6833469542113819,0.3290061702619573,1371.4554289463088,333.4632211561368
31,1,13.225806451612904,7.137857623013364,100,97.0,0.0034009990434690192,50,0.5,1442.9877605350584,1637.1147627720236,98.16528187409638,0.0412453324372854,1,2.386837463197909,0,0,0,0.1,0.0412453324372854,A-n32-k5,random_search,281,0.8164671943399621,0.3851592629583034,0.8423925320611352,1369.1524963918425,73.83526414321591
31,1,13.225806451612904,7.137857623013364,100,97.0,0.0034009990434690192,70,0.7,1469.5252615536097,1615.5686981991892,92.4543230319656,0.0,19,2.162916372554234,0,0,0,0.1,0.0,A-n32-k5,random_search,282,0.15351196933687383,0.49260460235439046,0.4706497612000616,1301.3283310490665,168.19693050454316
31,1,13.225806451612904,7.137857623013364,100,97.0,0.0034009990434690192,90,0.9,1445.8354685335776,1578.2723952860279,57.32008446453719,0.011245158179533891,3,2.537065769327274,0,0,0,0.1,0.011245158179533891,A-n32-k5,random_search,283,0.1860645787281917,0.7747470267279226,0.6258102209261112,1337.7879326269438,108.04753590663381
31,1,13.225806451612904,7.137857623013364,100,97.0,0.0034009990434690192,80,0.8,1440.0802147456739,1553.6341658492165,80.57404233066032,0.0015811850620324748,6,2.307927962783295,0,0,0,0.1,0.0015811850620324748,A-n32-k5,random_search,284,0.5005906607283487,0.713425348293671,0.90478398502629,1296.0879317992649,143.99228294640898
31,1,13.225806451612904,7.137857623013364,100,97.0,0.0034009990434690192,70,0.7,1271.9430342029193,1530.7885465339532,97.68396575517319,0.0,19,1.946954544823814,0,0,0,0.1,0.0,A-n32-k5,random_search,285,0.42887123835075636,0.7341495058595462,0.46931409418527836,1187.0669270968149,84.87610710610443
31,1,13.225806451612904,7.137857623013364,100,97.0,0.0034009990434690192,40,0.4,1507.8947485357146,1639.7624706431611,67.4281843006073,0.0021978805554905955,5,2.5036383934026385,0,0,0,0.1,0.0021978805554905955,A-n32-k5,random_search,286,0.7213835296275768,0.7686550989547207,0.3918362057179985,1263.606270014683,244.2884785210315
31,1,13.225806451612904,7.137857623013364,100,97.0,0.0034009990434690192,90,0.9,1344.2957075183442,1531.147629468322,82.52832804046254,0.0,19,2.4140830821386667,0,0,0,0.1,0.0,A-n32-k5,random_search,287,0.5511570504775456,0.522601372580285,0.3571472074707777,1264.6018027075932,79.69390481075106
31,1,13.225806451612904,7.137857623013364,100,97.0,0.0034009990434690192,5,0.05,1606.3774555520918,1837.4606834553608,90.08722298751177,0.0,2,2.4143890321323656,0,0,0,0.1,0.0,A-n32-k5,random_search,288,0.599905455257908,0.3251798901484729,0.7945538002348689,1387.5087405692166,218.8687149828752
31,1,13.225806451612904,7.137857623013364,100,97.0,0.0034009990434690192,20,0.2,1548.5080036974762,1719.8915328968592,82.86416290824808,0.03661302441686322,0,2.3640058689009087,0,0,0,0.1,0.03661302441686322,A-n32-k5,random_search,289,0.14294496578634652,0.5869274511188551,0.588134012389512,1372.7429971799547,175.76500651752144
31,1,13.225806451612904,7.137857623013364,100,97.0,0.0034009990434690192,5,0.05,1729.1511544652376,1850.295629198345,54.59509679659548,0.0,3,2.314347356032337,0,0,0,0.1,0.0,A-n32-k5,random_search,290,0.5234685043470587,0.6904995752722807,0.32817104614993414,1377.7505907530538,351.40056371218384
31,1,13.225806451612904,7.137857623013364,100,97.0,0.0034009990434690192,70,0.7,1359.2385690790118,1519.7162233789345,83.6351637580911,0.013185794450867937,6,1.9600980000593244,0,0,0,0.1,0.013185794450867937,A-n32-k5,random_search,291,0.13522813020034852,0.49873428842047113,0.6781353265061558,1141.6207729008843,217.6177961781275
31,1,13.225806451612904,7.137857623013364,100,97.0,0.0034009990434690192,80,0.8,1390.0221689484995,1592.0038267037637,80.9719808436672,0.0,19,2.238025497545409,0,0,0,0.1,0.0,A-n32-k5,random_search,292,0.41484936117633997,0.7358101131996433,0.8041585110519174,1349.8805288751078,40.14164007339173
31,1,13.225806451612904,7.137857623013364,100,97.0,0.0034009990434690192,80,0.8,1412.7377257072153,1577.994051455132,102.2679981515608,0.0,17,2.0566446986975344,0,0,0,0.1,0.0,A-n32-k5,random_search,293,0.23693112083046686,0.5864164465313555,0.36648300134580436,1231.7773955517064,180.96033015550893
31,1,13.225806451612904,7.137857623013364,100,97.0,0.0034009990434690192,20,0.2,1456.5533809050376,1682.011465173946,101.61939539405492,0.04088515171770154,3,2.5412597066298774,0,0,0,0.1,0.04088515171770154,A-n32-k5,random_search,294,0.337523534634398,0.6699024431331828,0.30128243222351764,1326.0096066387732,130.54377426626434
31,1,13.225806451612904,7.137857623013364,100,97.0,0.0034009990434690192,70,0.7,1387.4412647606023,1551.3432063267894,89.01924443582597,0.000625365299711526,3,1.8619626851185695,0,0,0,0.1,0.000625365299711526,A-n32-k5,random_search,295,0.1098558895052702,0.3826140903142017,0.7058088179599189,1317.4166325314145,70.02463222918777
31,1,13.225806451612904,7.137857623013364,100,97.0,0.0034009990434690192,5,0.05,1718.7415516964525,1821.5731341150563,81.33306795393617,0.0,4,2.6280308162930095,0,0,0,0.1,0.0,A-n32-k5,random_search,296,0.3028422987557085,0.711905175829987,0.7839472324316012,1306.9382804414597,411.80327125499275
31,1,13.225806451612904,7.137857623013364,100,97.0,0.0034009990434690192,20,0.2,1492.731678607608,1673.11761069315,77.93978062717369,0.09463221111817656,5,1.8521010156110977,0,0,0,0.1,0.09463221111817656,A-n32-k5,random_search,297,0.5389034542901318,0.3363676370211098,0.6669925478996883,1342.9645822424673,149.7670963651408
31,1,13.225806451612904,7.137857623013364,100,97.0,0.0034009990434690192,70,0.7,1412.2615536288943,1564.9430657098837,76.56760347539038,0.0,19,2.154919579202,0,0,0,0.1,0.0,A-n32-k5,random_search,298,0.13870624687172786,0.6482129379336854,0.9758315831419795,1304.2575091212595,108.00404450763472
31,1,13.225806451612904,7.137857623013364,100,97.0,0.0034009990434690192,40,0.4,1446.2323250611546,1591.2328492512388,91.49517622768451,0.03850053885738813,5,2.1104464302962205,0,0,0,0.1,0.03850053885738813,A-n32-k5,random_search,299,0.18835893237778256,0.7663497994896005,0.469492960501554,1345.5829599567353,100.6493651044193
50,1,15.54,7.980501237391045,160,63.0,0.012849584278155708,50,0.5,1167.0777906932829,1263.161150921267,74.61592936413228,0.011561421412267472,2,3.924781626478191,0,0,0,0.1,0.011561421412267472,E-n51-k5,random_search,0,0.7618085071994475,0.3373699645163648,0.44182366770854936,1158.0490059460903,9.028784747192503
50,1,15.54,7.980501237391045,160,63.0,0.012849584278155708,60,0.6,1211.126829568378,1337.9124398577715,42.9581927242465,0.036632685287225734,5,3.6711503506080434,0,0,0,0.1,0.036632685287225734,E-n51-k5,random_search,1,0.6765344966555686,0.23372523065416337,0.6737000006283185,1171.191343566304,39.93548600207396
50,1,15.54,7.980501237391045,160,63.0,0.012849584278155708,20,0.2,1314.0480889533474,1367.3221288712125,22.718773554011253,0.0,18,2.888241825012111,0,0,0,0.1,0.0,E-n51-k5,random_search,2,0.8611615247711231,0.27095525406307797,0.7830208306359547,1225.9219978697922,88.12609108355514
50,1,15.54,7.980501237391045,160,63.0,0.012849584278155708,50,0.5,1248.2102924126623,1329.7813421202684,46.02705152904847,0.02428599943435832,6,3.9125339460266106,0,0,0,0.1,0.02428599943435832,E-n51-k5,random_search,3,0.7854830130508724,0.7857173106629312,0.6718569863244617,1195.840756099117,52.36953631354527
50,1,15.54,7.980501237391045,160,63.0,0.012849584278155708,70,0.7,1268.0726040783652,1341.5346421466966,27.920607338960917,0.0,19,4.09287721202996,0,0,0,0.1,0.0,E-n51-k5,random_search,4,0.1465372155174471,0.4561994584852357,0.4855513043512686,1218.2108831107228,49.86172096764244
50,1,15.54,7.980501237391045,160,63.0,0.012849584278155708,20,0.2,1206.6775797682023,1347.8892530062408,60.84075006376635,0.0731588313499721,1,3.1486985371469376,0,0,0,0.1,0.0731588313499721,E-n51-k5,random_search,5,0.6834051889997439,0.6740012334429013,0.6565605208439167,1117.654470990138,89.0231087780644
50,1,15.54,7.980501237391045,160,63.0,0.012849584278155708,90,0.9,1236.6001277030755,1322.3164142476696,29.833681094866296,0.0,19,3.2996142281052214,0,0,0,0.1,0.0,E-n51-k5,random_search,6,0.6123645483624751,0.2140895315250594,0.8494272220157184,1185.5560625566059,51.04406514646962
50,1,15.54,7.980501237391045,160,63.0,0.012849584278155708,90,0.9,1219.937490639051,1254.8611795999375,46.10081294156387,0.0,15,3.171183694445397,0,0,0,0.1,0.0,E-n51-k5,random_search,7,0.36046899906656005,0.7091598445751781,0.8267674352456407,1160.949419467755,58.98807117129604
50,1,15.54,7.980501237391045,160,63.0,0.012849584278155708,50,0.5,1256.531834845041,1348.7789852362168,31.727463114485897,0.0,18,4.062969174361224,0,0,0,0.1,0.0,E-n51-k5,random_search,8,0.3179958540718901,0.21280393013432106,0.8571958105857111,1188.8794345164567,67.65240032858424
50,1,15.54,7.980501237391045,160,63.0,0.012849584278155708,5,0.05,1351.7540921757914,1420.7844276647702,54.46837293902821,0.0,4,3.2500587670659846,0,0,0,0.1,0.0,E-n51-k5,random_search,9,0.5991167843847601,0.3490544808967626,0.3307923220085506,1249.4803067925911,102.27378538320022
50,1,15.54,7.980501237391045,160,63.0,0.012849584278155708,20,0.2,1308.3157278750632,1371.3228713156752,23.248933278505238,0.013700665965916223,7,2.7916708663365997,0,0,0,0.1,0.013700665965916223,E-n51-k5,random_search,10,0.4016248199487523,0.6583352668428926,0.8965199994776036,1186.397741857831,121.91798601723212
50,1,15.54,7.980501237391045,160,63.0,0.012849584278155708,80,0.8,1298.8979622784223,1342.1717514404604,19.624384330021,0.0,19,4.00224823941756,0,0,0,0.1,0.0,E-n51-k5,random_search,11,0.37395118586025655,0.4235742555286394,0.807614991632335,1250.7087348922516,48.189227386170614
50,1,15.54,7.980501237391045,160,63.0,0.012849584278155708,5,0.05,1328.0135254076956,1389.607892118162,32.50506095935811,0.0,1,2.849184967593391,0,0,0,0.1,0.0,E-n51-k5,random_search,12,0.8920426645709786,0.21764780520054508,0.32551047368855446,1229.4736840096748,98.53984139802083
50,1,15.54,7.980501237391045,160,63.0,0.012849584278155708,50,0.5,1225.8593846247877,1312.7294854408908,47.62430570177097,0.05943051455690927,1,3.9324057581364413,0,0,0,0.1,0.05943051455690927,E-n51-k5,random_search,13,0.7431456566259355,0.7197647291024731,0.5344925827403736,1203.6194195461442,22.239965078643536
50,1,15.54,7.980501237391045,160,63.0,0.012849584278155708,80,0.8,1180.6337780736376,1286.203889586642,66.98541285751477,0.007360280642370082,7,3.7882684478339965,0,0,0,0.1,0.007360280642370082,E-n51-k5,random_search,14,0.7725506814736112,0.6711213230926456,0.6864046236353554,1116.3794670633156,64.254311010322
50,1,15.54,7.980501237391045,160,63.0,0.012849584278155708,90,0.9,1227.295082541527,1283.2105485087973,46.840288500937866,0.0,12,3.7786520415209175,0,0,0,0.1,0.0,E-n51-k5,random_search,15,0.41389061580006814,0.4931432141610524,0.7844943208994092,1151.1296889111811,76.16539363034599
50,1,15.54,7.980501237391045,160,63.0,0.012849584278155708,10,0.1,1328.0135254076956,1379.9071631407928,21.27215669059484,0.037827697176724726,3,3.0984681876441744,0,0,0,0.1,0.037827697176724726,E-n51-k5,random_search,16,0.4243809894391647,0.3685518788211558,0.7477465147517124,1213.4951616133599,114.51836379433576
50,1,15.54,7.980501237391045,160,63.0,0.012849584278155708,60,0.6,1197.9527643968916,1318.972799372798,70.29578079339883,0.0,10,3.6461800475037145,0,0,0,0.1,0.0,E-n51-k5,random_search,17,0.6065669509379684,0.22530646856766073,0.8287755880674428,1173.3766760496685,24.57608834722305
50,1,15.54,7.980501237391045,160,63.0,0.012849584278155708,40,0.4,1263.8810277494379,1352.1078032133387,31.337212604428334,0.0,10,4.2504181300106785,0,0,0,0.1,0.0,E-n51-k5,random_search,18,0.3786714408697196,0.312460018143144,0.3454615497960286,1224.3672844718742,39.51374327756366
50,1,15.54,7.980501237391045,160,63.0,0.012849584278155708,30,0.3,1242.7845996607512,1320.0712880550122,49.2960299430542,0.015200223691740298,2,3.8529559989592808,0,0,0,0.1,0.015200223691740298,E-n51-k5,random_search,19,0.8612695280010114,0.36622943357356963,0.7064607788597934,1204.112860612533,38.671739048218114
50,1,15.54,7.980501237391045,160,63.0,0.012849584278155708,20,0.2,1328.0135254076956,1369.79050240595,16.688613947376265,0.0,19,3.7434224634428297,0,0,0,0.1,0.0,E-n51-k5,random_search,20,0.6980656145257521,0.37688862024950887,0.998006016735441,1226.232791939592,101.78073346810356
50,1,15.54,7.980501237391045,160,63.0,0.012849584278155708,30,0.3,1229.7653720311644,1301.4486930470111,62.18520284631604,0.0012578304266376635,7,3.952168128304966,0,0,0,0.1,0.0012578304266376635,E-n51-k5,random_search,21,0.8411083816275873,0.26029192685084174,0.8318753342552827,1176.9515828247588,52.813789206405545
50,1,15.54,7.980501237391045,160,63.0,0.012849584278155708,5,0.05,1301.3516793521414,1371.7143991935532,42.20535550531147,0.0,0,3.3122662757752175,0,0,0,0.1,0.0,E-n51-k5,random_search,22,0.6837777623910775,0.43000379357355745,0.5611135097759619,1176.6311767338186,124.72050261832283
50,1,15.54,7.980501237391045,160,63.0,0.012849584278155708,80,0.8,1272.2426531861777,1326.3401988121118,36.197771323564275,0.0,19,4.0811508686187485,0,0,0,0.1,0.0,E-n51-k5,random_search,23,0.47096663093745006,0.6791347197047761,0.4289196089812262,1199.263838307363,72.97881487881477
50,1,15.54,7.980501237391045,160,63.0,0.012849584278155708,30,0.3,1269.5573731428517,1323.5899174038573,37.30965318117031,0.038927703888742275,2,3.849833971956319,0,0,0,0.1,0.038927703888742275,E-n51-k5,random_search,24,0.7992355606075273,0.7382346074062529,0.3924819076891132,1226.788862282334,42.76851086051761
50,1,15.54,7.980501237391045,160,63.0,0.012849584278155708,80,0.8,1221.0750359516358,1291.8837557348425,58.94791637634266,0.0028859160447360127,4,3.9594011874665207,0,0,0,0.1,0.0028859160447360127,E-n51-k5,random_search,25,0.8414899836460218,0.7586579069984196,0.8009968273163284,1196.6784259336494,24.396610017986404
50,1,15.54,7.980501237391045,160,63.0,0.012849584278155708,80,0.8,1254.9054360800558,1324.013078942549,32.01100081674641,0.026100412061974578,2,3.4623208350569334,0,0,0,0.1,0.026100412061974578,E-n51-k5,random_search,26,0.6687122778111244,0.6533486833180342,0.47878309095030247,1208.1284194582001,46.77701662185564
50,1,15.54,7.980501237391045,160,63.0,0.012849584278155708,90,0.9,1273.9087132617412,1328.1687342689247,26.899053135724284,0.0,9,4.223166151018123,0,0,0,0.1,0.0,E-n51-k5,random_search,27,0.8742415346057312,0.5855544216394808,0.9327116849345054,1219.6734061159684,54.23530714577282
50,1,15.54,7.980501237391045,160,63.0,0.012849584278155708,5,0.05,1358.1680437919065,1392.6990573868147,20.297480629959118,0.0,1,2.991581610290297,0,0,0,0.1,0.0,E-n51-k5,random_search,28,0.5854703253513843,0.5685911753320377,0.6528924978694545,1253.8367606971785,104.33128309472795
50,1,15.54,7.980501237391045,160,63.0,0.012849584278155708,20,0.2,1310.538996093088,1364.6813598908684,23.729963978974958,0.0,19,2.8074590368970695,0,0,0,0.1,0.0,E-n51-k5,random_search,29,0.4167236526337841,0.3959014423227508,0.7476688629939559,1221.518418974336,89.02057711875182
50,1,15.54,7.980501237391045,160,63.0,0.012849584278155708,60,0.6,1167.2176454662601,1298.0357741213497,75.19777754463206,0.001903147621851681,2,3.752129453183224,0,0,0,0.1,0.001903147621851681,E-n51-k5,random_search,30,0.20550494901159314,0.20719927989149986,0.30816915218081253,1103.5833250020767,63.634320464183475
50,1,15.54,7.980501237391045,160,63.0,0.012849584278155708,30,0.3,1214.6478835091893,1290.9310360559418,61.37183395304226,0.0,19,3.7634606861362165,0,0,0,0.1,0.0,E-n51-k5,random_search,31,0.5857293246939579,0.23460030559867795,0.9461494714963945,1122.9047549064458,91.74312860274358
50,1,15.54,7.980501237391045,160,63.0,0.012849584278155708,50,0.5,1225.2679876006612,1313.8530051721218,52.89345145379719,0.019693420417970696,6,4.008909604946408,0,0,0,0.1,0.019693420417970696,E-n51-k5,random_search,32,0.8929383539902978,0.6185255086539889,0.7555190717592684,1179.7360458425444,45.53194175811677
50,1,15.54,7.980501237391045,160,63.0,0.012849584278155708,20,0.2,1266.4476061975088,1335.6805526878193,51.06046519225213,0.002606406146374046,5,3.709816456679334,0,0,0,0.1,0.002606406146374046,E-n51-k5,random_search,33,0.7408787532956119,0.4011411054640668,0.40296266764403765,1193.1279186102367,73.31968758727203
50,1,15.54,7.980501237391045,160,63.0,0.012849584278155708,20,0.2,1330.0683627141511,1367.388476080301,22.06159073946478,0.0029307110842094206,8,3.4366252414105363,0,0,0,0.1,0.0029307110842094206,E-n51-k5,random_search,34,0.594880105030707,0.6126357117080686,0.6233090803397019,1205.0732062206287,124.99515649352247
50,1,15.54,7.980501237391045,160,63.0,0.012849584278155708,60,0.6,1256.6977785799436,1325.4080468029665,44.996200517104775,0.003508897590876791,6,3.884835690293126,0,0,0,0.1,0.003508897590876791,E-n51-k5,random_search,35,0.5949943934912963,0.6172610787617371,0.3601242837192862,1208.1045253185387,48.593253261404925
50,1,15.54,7.980501237391045,160,63.0,0.012849584278155708,10,0.1,1343.6023062673564,1381.5429451608632,14.823465999835813,0.028651112933523123,2,2.325334720354752,0,0,0,0.1,0.028651112933523123,E-n51-k5,random_search,36,0.7236879535476929,0.3384342020601486,0.901288247115942,1219.6164526932075,123.9858535741489
50,1,15.54,7.980501237391045,160,63.0,0.012849584278155708,30,0.3,1183.4008878992172,1321.9812805168626,56.20037759310492,0.0595880596294848,0,3.955155494311247,0,0,0,0.1,0.0595880596294848,E-n51-k5,random_search,37,0.12421786558320447,0.2523710713281922,0.983517973596433,1144.0784960770795,39.32239182213766
50,1,15.54,7.980501237391045,160,63.0,0.012849584278155708,10,0.1,1267.1045832535767,1351.4735068282994,42.64553093051195,0.08395466351984017,1,3.7331997973380573,0,0,0,0.1,0.08395466351984017,E-n51-k5,random_search,38,0.8065396357741464,0.37329855447734905,0.4969013851268108,1176.2330565793875,90.87152667418923
50,1,15.54,7.980501237391045,160,63.0,0.012849584278155708,60,0.6,1219.8312654520032,1297.8708378524475,56.94627055961458,0.002916904896866432,3,3.9582816091022797,0,0,0,0.1,0.002916904896866432,E-n51-k5,random_search,39,0.5904676879505633,0.798411068426822,0.6549047943227606,1145.6488563636467,74.18240908835651
50,1,15.54,7.980501237391045,160,63.0,0.012849584278155708,10,0.1,1328.0135254076956,1383.7057758506148,17.26292575246876,0.0399209245944005,0,2.656801910903088,0,0,0,0.1,0.0399209245944005,E-n51-k5,random_search,40,0.6586761505988408,0.7858537280863891,0.8343557119900702,1246.6415312309343,81.37199417676129
50,1,15.54,7.980501237391045,160,63.0,0.012849584278155708,70,0.7,1254.7156795211806,1330.5239068676678,30.97040366987643,0.0,19,3.423476932447625,0,0,0,0.1,0.0,E-n51-k5,random_search,41,0.6285742094821718,0.47772164580730075,0.8736237076663957,1176.485285293147,78.23039422803367
50,1,15.54,7.980501237391045,160,63.0,0.012849584278155708,30,0.3,1255.2005605664249,1323.0421504007877,45.78054790973399,0.013806879846184356,2,3.895989014122003,0,0,0,0.1,0.013806879846184356,E-n51-k5,random_search,42,0.877806378717857,0.6748665527872936,0.5313389267474233,1170.0344744448098,85.16608612161508
50,1,15.54,7.980501237391045,160,63.0,0.012849584278155708,70,0.7,1266.9670874168264,1347.6218359595348,33.06464173932405,0.0,19,4.274445327580548,0,0,0,0.1,0.0,E-n51-k5,random_search,43,0.5177238303228098,0.5494946776585341,0.7172591802244135,1176.1155851503975,90.85150226642895
50,1,15.54,7.980501237391045,160,63.0,0.012849584278155708,50,0.5,1240.7230220413628,1275.8134771995246,41.316502856425686,0.0,19,3.85804032041558,0,0,0,0.1,0.0,E-n51-k5,random_search,44,0.47998977422666345,0.5714263723562083,0.8551935687761443,1188.613565702998,52.10945633836491
50,1,15.54,7.980501237391045,160,63.0,0.012849584278155708,30,0.3,1278.0109717069738,1347.2517779620778,38.56319278516218,0.0035333819637310524,1,4.010958707667158,0,0,0,0.1,0.0035333819637310524,E-n51-k5,random_search,45,0.8438855618298349,0.6432954472473653,0.9084254622171295,1219.3290107952841,58.68196091168966
50,1,15.54,7.980501237391045,160,63.0,0.012849584278155708,40,0.4,1204.1434106215186,1320.5113983478057,65.50597889777573,0.04021952260786012,1,3.9083069970177253,0,0,0,0.1,0.04021952260786012,E-n51-k5,random_search,46,0.7219786281760012,0.6465445199249328,0.8847400931058194,1158.5881305246464,45.55528009687214
50,1,15.54,7.980501237391045,160,63.0,0.012849584278155708,10,0.1,1351.2416142318616,1379.2011855696007,8.313656374608684,0.0025602021920408126,7,2.192714869056193,0,0,0,0.1,0.0025602021920408126,E-n51-k5,random_search,47,0.5379926134494433,0.47278553129930173,0.8907237147328115,1240.9960044542333,110.24560977762826
50,1,15.54,7.980501237391045,160,63.0,0.012849584278155708,30,0.3,1318.530669504451,1356.9372808464489,25.262785146780697,0.0,9,3.3182255420388933,0,0,0,0.1,0.0,E-n51-k5,random_search,48,0.7253001205890354,0.20203573111688877,0.6596506716343933,1197.8491954605936,120.6814740438574
50,1,15.54,7.980501237391045,160,63.0,0.012849584278155708,50,0.5,1179.9436509590248,1245.025672561892,61.44694763340681,0.009369991939925491,5,3.8147122289412994,0,0,0,0.1,0.009369991939925491,E-n51-k5,random_search,49,0.5077508468598665,0.33769063562835894,0.6076262207804763,1148.1818751065698,31.761775852455003
50,1,15.54,7.980501237391045,160,63.0,0.012849584278155708,50,0.5,1328.0135254076956,1350.5065674181683,16.89834752192568,0.0,19,4.291956355880978,0,0,0,0.1,0.0,E-n51-k5,random_search,50,0.20871619382781628,0.3749515869420229,0.6532392184742097,1172.0817553195996,155.93177008809607
50,1,15.54,7.980501237391045,160,63.0,0.012849584278155708,60,0.6,1147.5243468896815,1271.789376170037,89.67850294938857,0.0013699767746294268,3,3.86861165774556,0,0,0,0.1,0.0013699767746294268,E-n51-k5,random_search,51,0.2255242130191218,0.37611883753041675,0.7616793355368259,1147.5243468896815,0.0
50,1,15.54,7.980501237391045,160,63.0,0.012849584278155708,50,0.5,1245.440211122322,1341.539065634557,34.712120955047766,0.0,19,3.583313560938676,0,0,0,0.1,0.0,E-n51-k5,random_search,52,0.1057848856580324,0.29275824711759985,0.4890451460114185,1176.8630020199619,68.57720910236003
50,1,15.54,7.980501237391045,160,63.0,0.012849584278155708,80,0.8,1184.4998858939964,1277.9217548073188,67.2214088350167,0.0,10,3.9984963387454657,0,0,0,0.1,0.0,E-n51-k5,random_search,53,0.5077092903638536,0.7987762633134019,0.852058581611844,1142.5041888346973,41.99569705929912
50,1,15.54,7.980501237391045,160,63.0,0.012849584278155708,10,0.1,1277.0467755039135,1372.9797556268109,31.94838100878798,0.07676701779140004,4,2.8122984095234544,0,0,0,0.1,0.07676701779140004,E-n51-k5,random_search,54,0.5921799253762282,0.6246520549505276,0.9432485974703793,1186.4497585747838,90.59701692912972
50,1,15.54,7.980501237391045,160,63.0,0.012849584278155708,60,0.6,1276.6958788716515,1326.0304131669982,34.605308195027625,0.0,16,3.8977615214993713,0,0,0,0.1,0.0,E-n51-k5,random_search,55,0.572713229818556,0.21105946465137537,0.7458195485388068,1238.3104128505142,38.38546602113729
50,1,15.54,7.980501237391045,160,63.0,0.012849584278155708,30,0.3,1264.6294651589092,1336.9731359013117,45.4332326325985,0.02208290605425034,0,3.599907456280891,0,0,0,0.1,0.02208290605425034,E-n51-k5,random_search,56,0.5079829084479542,0.659588519200681,0.6917805737883661,1215.4036315089188,49.22583364999036
50,1,15.54,7.980501237391045,160,63.0,0.012849584278155708,40,0.4,1253.6882625882708,1314.8264860882086,51.865436816931265,0.0,19,3.8556026576014246,0,0,0,0.1,0.0,E-n51-k5,random_search,57,0.8686405036091168,0.64652929583279,0.8495928783628757,1203.5348100342408,50.15345255403008
50,1,15.54,7.980501237391045,160,63.0,0.012849584278155708,80,0.8,1218.313956041747,1294.8554293098446,61.28870714539709,0.0017662126646567412,8,4.0309606498987725,0,0,0,0.1,0.0017662126646567412,E-n51-k5,random_search,58,0.7012953140027972,0.28258446472186066,0.830476847673091,1190.6964555996713,27.617500442075652
50,1,15.54,7.980501237391045,160,63.0,0.012849584278155708,50,0.5,1288.3134446168206,1343.3982854287256,26.22004379178162,0.0,19,4.032305594278625,0,0,0,0.1,0.0,E-n51-k5,random_search,59,0.4085046380529853,0.7377076406130196,0.8724462746706794,1245.724537464364,42.58890715245661
50,1,15.54,7.980501237391045,160,63.0,0.012849584278155708,30,0.3,1320.5325756276768,1356.4926370590895,21.58227460261561,0.0,19,3.5604255344280733,0,0,0,0.1,0.0,E-n51-k5,random_search,60,0.5527920835833793,0.7788174095637199,0.7881568376796078,1214.3678730972763,106.16470253040052
50,1,15.54,7.980501237391045,160,63.0,0.012849584278155708,10,0.1,1225.1343566531386,1327.945390964223,56.32228856147856,0.047001159648628624,0,3.6741180440435377,0,0,0,0.1,0.047001159648628624,E-n51-k5,random_search,61,0.871325017550588,0.581938243726346,0.5452303683574972,1131.9574028851964,93.17695376794222
50,1,15.54,7.980501237391045,160,63.0,0.012849584278155708,50,0.5,1240.3540984583979,1287.7770859326592,49.35908613641357,0.0,10,3.2608499495262997,0,0,0,0.1,0.0,E-n51-k5,random_search,62,0.7632297161679399,0.611722009080934,0.821703985125569,1172.4184180465295,67.93568041186836
50,1,15.54,7.980501237391045,160,63.0,0.012849584278155708,70,0.7,1261.5300407022235,1323.599005486584,46.26503849477297,0.0,19,3.917610093156377,0,0,0,0.1,0.0,E-n51-k5,random_search,63,0.6129747999535897,0.6855315956640543,0.583506507379327,1210.0589840584548,51.471056643768634
50,1,15.54,7.980501237391045,160,63.0,0.012849584278155708,40,0.4,1315.4925923648739,1359.9646342387648,21.681292167478446,0.00942831741037948,6,3.395151319975703,0,0,0,0.1,0.00942831741037948,E-n51-k5,random_search,64,0.6368509394512912,0.33865013763430657,0.6470277951268302,1196.3736419877218,119.11895037715203
50,1,15.54,7.980501237391045,160,63.0,0.012849584278155708,90,0.9,1240.7467351626465,1299.6505849055927,43.23490919179906,0.0,19,3.983747176433755,0,0,0,0.1,0.0,E-n51-k5,random_search,65,0.25390182250442117,0.7773953206906463,0.5887964012641391,1163.802504159354,76.94423100329254
50,1,15.54,7.980501237391045,160,63.0,0.012849584278155708,90,0.9,1158.3943271990313,1306.5088127131626,67.71948374579564,0.0,11,3.9361496322723144,0,0,0,0.1,0.0,E-n51-k5,random_search,66,0.7112645832112134,0.29209533122650055,0.7351516828915345,1109.184008697787,49.210318501244274
50,1,15.54,7.980501237391045,160,63.0,0.012849584278155708,10,0.1,1330.907084593404,1373.1855073023958,20.32726723809355,0.022673556900169912,4,2.5506728856696066,0,0,0,0.1,0.022673556900169912,E-n51-k5,random_search,67,0.6110202370563921,0.5013673649544024,0.7085164751216175,1237.5706230028989,93.33646159050522
50,1,15.54,7.980501237391045,160,63.0,0.012849584278155708,90,0.9,1278.5445089832176,1328.5964493968436,23.10260135058777,0.0,19,4.343974404958988,0,0,0,0.1,0.0,E-n51-k5,random_search,68,0.29983360208503473,0.5239618968056903,0.5001505230182381,1193.6922267280045,84.85228225521314
50,1,15.54,7.980501237391045,160,63.0,0.012849584278155708,5,0.05,1351.6544562776173,1389.4118693503378,29.74889752349942,0.0,4,2.0543163711434547,0,0,0,0.1,0.0,E-n51-k5,random_search,69,0.887111273763123,0.6659320783956488,0.7914773431963948,1183.2229320091,168.43152426851725
50,1,15.54,7.980501237391045,160,63.0,0.012849584278155708,70,0.7,1213.1545195059941,1300.621584265355,61.223443375953785,0.006459554155956337,4,4.013338479664137,0,0,0,0.1,0.006459554155956337,E-n51-k5,random_search,70,0.8552484987931814,0.20015235717430646,0.8028399427648307,1187.8771436234501,25.277375882543993
50,1,15.54,7.980501237391045,160,63.0,0.012849584278155708,20,0.2,1278.6797178838299,1349.1575249292175,40.59241897487898,0.0014949703894092318,2,3.7788331415995753,0,0,0,0.1,0.0014949703894092318,E-n51-k5,random_search,71,0.7689464646672958,0.2630160027362146,0.8206354382345764,1201.919618115896,76.76009976793398
50,1,15.54,7.980501237391045,160,63.0,0.012849584278155708,10,0.1,1360.5034242944741,1383.1775995230364,18.808374439572724,0.016432555322211585,2,0.7509893796199224,0,0,0,0.1,0.016432555322211585,E-n51-k5,random_search,72,0.3462851855826412,0.5568415701718042,0.6574322337897858,1249.235376835665,111.26804745880918
50,1,15.54,7.980501237391045,160,63.0,0.012849584278155708,80,0.8,1274.5414329108282,1346.3938521077707,26.46232419651349,0.0,18,4.3187662243658425,0,0,0,0.1,0.0,E-n51-k5,random_search,73,0.2077388732186054,0.5420379583309052,0.6644296219655765,1135.8081720984355,138.7332608123927
50,1,15.54,7.980501237391045,160,63.0,0.012849584278155708,90,0.9,1167.1149110168024,1245.43388500984,66.18337230561859,0.01417275068905461,2,3.7233390835591464,0,0,0,0.1,0.01417275068905461,E-n51-k5,random_search,74,0.8315850668999468,0.5118671249196031,0.352006072920962,1152.3766888765288,14.738222140273592
50,1,15.54,7.980501237391045,160,63.0,0.012849584278155708,90,0.9,1182.1594209785385,1255.99977910199,69.7291010752485,0.0,19,3.9514427124711555,0,0,0,0.1,0.0,E-n51-k5,random_search,75,0.35684751498471035,0.5660829412447984,0.37065062141852734,1182.1594209785385,0.0
50,1,15.54,7.980501237391045,160,63.0,0.012849584278155708,70,0.7,1223.8553963158517,1341.4110324248966,35.664863350123305,0.0,16,4.132007619542663,0,0,0,0.1,0.0,E-n51-k5,random_search,76,0.28760687254107997,0.21087255306082922,0.9932926374740361,1170.293025225775,53.562371090076795
50,1,15.54,7.980501237391045,160,63.0,0.012849584278155708,80,0.8,1298.1054515094356,1341.3014978741287,23.444918002997895,0.0,19,3.8014339847791763,0,0,0,0.1,0.0,E-n51-k5,random_search,77,0.8496059422844094,0.5291350582312776,0.8175416116404202,1172.5484956409623,125.55695586847332
50,1,15.54,7.980501237391045,160,63.0,0.012849584278155708,50,0.5,1148.7898037122275,1253.6684243477216,66.04444596322821,0.008487323201248754,4,3.58445877671152,0,0,0,0.1,0.008487323201248754,E-n51-k5,random_search,78,0.8772237349379212,0.5298127236040908,0.7184125529099848,1104.866454500821,43.9233492114065
50,1,15.54,7.980501237391045,160,63.0,0.012849584278155708,70,0.7,1192.2300347945338,1294.015597429915,63.557398629909144,0.01866781262657423,0,4.019133598506749,0,0,0,0.1,0.01866781262657423,E-n51-k5,random_search,79,0.6905301718327657,0.6290953724857749,0.9859079546946408,1162.0506496418584,30.179385152675422
50,1,15.54,7.980501237391045,160,63.0,0.012849584278155708,80,0.8,1222.810830622568,1289.6934122834023,43.187142368588546,0.005785356819112021,0,3.433704220461367,0,0,0,0.1,0.005785356819112021,E-n51-k5,random_search,80,0.4203127841062314,0.2262450424458029,0.8269102411304032,1163.6093246306746,59.20150599189333
50,1,15.54,7.980501237391045,160,63.0,0.012849584278155708,40,0.4,1302.5238784011574,1360.4546497674385,22.48192013996218,0.01919381581502423,0,3.3543823379526,0,0,0,0.1,0.01919381581502423,E-n51-k5,random_search,81,0.8356722788753589,0.5557141053277549,0.3235794719430412,1176.7355708894547,125.78830751170267
50,1,15.54,7.980501237391045,160,63.0,0.012849584278155708,90,0.9,1179.1115327459938,1264.9510078984308,62.078788804162045,0.008598483901389654,8,3.363758125861195,0,0,0,0.1,0.008598483901389654,E-n51-k5,random_search,82,0.7644617014961208,0.5016359264213068,0.8980856178752794,1136.499715608224,42.611817137769776
50,1,15.54,7.980501237391045,160,63.0,0.012849584278155708,40,0.4,1264.8364237484438,1341.3876135084238,48.65942125032252,0.00882609360464559,1,3.439086321124168,0,0,0,0.1,0.00882609360464559,E-n51-k5,random_search,83,0.8920283812545504,0.6649708157063259,0.4001603154541185,1157.0817039022006,107.75471984624323
50,1,15.54,7.980501237391045,160,63.0,0.012849584278155708,10,0.1,1305.3140392245957,1372.7819435817964,23.55633689289741,0.05001628525644453,0,3.263272581839126,0,0,0,0.1,0.05001628525644453,E-n51-k5,random_search,84,0.6333025049778751,0.5255562701477445,0.7223094943288215,1210.593856720661,94.72018250393467
50,1,15.54,7.980501237391045,160,63.0,0.012849584278155708,60,0.6,1266.1997374854868,1339.2924464362977,34.52532410941514,0.005684794008166177,4,3.8736028644561715,0,0,0,0.1,0.005684794008166177,E-n51-k5,random_search,85,0.8676809521834138,0.39381861594481654,0.9115600197119025,1207.0762712706367,59.12346621485017
50,1,15.54,7.980501237391045,160,63.0,0.012849584278155708,50,0.5,1205.0693494871969,1319.7436153664423,61.32239546498352,0.028278924820249338,1,3.73447642064978,0,0,0,0.1,0.028278924820249338,E-n51-k5,random_search,86,0.5081022429202359,0.35953538950719705,0.7063801053359398,1169.2073386939273,35.86201079326952
50,1,15.54,7.980501237391045,160,63.0,0.012849584278155708,90,0.9,1187.8760557354917,1248.4057671115086,67.90900103922796,0.0,19,3.492634732545408,0,0,0,0.1,0.0,E-n51-k5,random_search,87,0.8811409187090405,0.3052569099723723,0.48655869996060597,1137.4298509857122,50.446204749779554
50,1,15.54,7.980501237391045,160,63.0,0.012849584278155708,70,0.7,1215.155585944466,1302.0792988950911,51.63378030964369,0.02052100721485432,1,4.093128229959639,0,0,0,0.1,0.02052100721485432,E-n51-k5,random_search,88,0.3784973180296568,0.2109469458792791,0.46995748860852304,1171.6215413890336,43.5340445554325
50,1,15.54,7.980501237391045,160,63.0,0.012849584278155708,30,0.3,1263.2790278388206,1356.0236548339049,37.236519408797726,0.02873004214627816,6,3.3068130393990103,0,0,0,0.1,0.02873004214627816,E-n51-k5,random_search,89,0.7194794578437258,0.3934504480881295,0.566927316150535,1213.721179530314,49.557848308506664
50,1,15.54,7.980501237391045,160,63.0,0.012849584278155708,20,0.2,1143.1192339936933,1318.3970000668953,88.00920701056646,0.07521868605522058,1,3.3472870456411474,0,0,0,0.1,0.07521868605522058,E-n51-k5,random_search,90,0.7287164167790275,0.4811624737508821,0.5099835588372446,1115.6113659535724,27.50786804012091
50,1,15.54,7.980501237391045,160,63.0,0.012849584278155708,70,0.7,1165.7303503782678,1214.606242601553,47.245075152213225,0.0,14,3.235456105794016,0,0,0,0.1,0.0,E-n51-k5,random_search,91,0.31644318588583153,0.583789585974938,0.612316209932459,1159.215213406319,6.5151369719487775
50,1,15.54,7.980501237391045,160,63.0,0.012849584278155708,20,0.2,1230.1656927352917,1322.566016961283,50.68997525449987,0.04003043660914266,2,3.987167766382311,0,0,0,0.1,0.04003043660914266,E-n51-k5,random_search,92,0.6770009660982135,0.7844637741127456,0.9090224504026909,1213.0676756062771,17.09801712901458
50,1,15.54,7.980501237391045,160,63.0,0.012849584278155708,30,0.3,1201.1326807160858,1284.2284211029814,64.35098914068463,0.0,11,3.7760499772855316,0,0,0,0.1,0.0,E-n51-k5,random_search,93,0.35534010475771816,0.30404873724610276,0.7498503427359084,1184.6208122899902,16.51186842609559
50,1,15.54,7.980501237391045,160,63.0,0.012849584278155708,50,0.5,1176.3809492111898,1257.9117454114275,71.14588904613325,0.008765657325093086,8,3.9156001962963134,0,0,0,0.1,0.008765657325093086,E-n51-k5,random_search,94,0.6198066240400351,0.5603925645113315,0.8784794998018421,1150.7788046757462,25.602144535443585
50,1,15.54,7.980501237391045,160,63.0,0.012849584278155708,50,0.5,1241.9939689313246,1297.4080576074007,60.993891185871355,0.0,18,3.7644648358142443,0,0,0,0.1,0.0,E-n51-k5,random_search,95,0.7638595231848021,0.5116799334807602,0.9016690196603792,1230.6218496036968,11.372119327627843
50,1,15.54,7.980501237391045,160,63.0,0.012849584278155708,80,0.8,1248.7867093426469,1291.5669078910375,36.42145173373032,0.0,19,3.8383141999820256,0,0,0,0.1,0.0,E-n51-k5,random_search,96,0.865369539378986,0.47988056251556466,0.5998190506259606,1235.5478130683543,13.238896274292529
50,1,15.54,7.980501237391045,160,63.0,0.012849584278155708,10,0.1,1289.6711738024135,1363.5401238161269,28.48402886518818,0.0676402879696883,3,3.4697558779805506,0,0,0,0.1,0.0676402879696883,E-n51-k5,random_search,97,0.6254810941700495,0.7833158627952317,0.4701793120140855,1161.7973870856977,127.87378671671581
50,1,15.54,7.980501237391045,160,63.0,0.012849584278155708,50,0.5,1192.2804091100104,1291.3178985584168,72.89468403303891,0.0,16,3.9292715885397613,0,0,0,0.1,0.0,E-n51-k5,random_search,98,0.5880297035471663,0.21556572679043884,0.7227951288975789,1157.6949765611869,34.58543254882352
50,1,15.54,7.980501237391045,160,63.0,0.012849584278155708,20,0.2,1223.5369611681315,1319.5879778109074,59.99648066051662,0.030908311104975474,2,3.7656895699866397,0,0,0,0.1,0.030908311104975474,E-n51-k5,random_search,99,0.774738733878593,0.6183685133813552,0.679693909127876,1177.2860188034497,46.250942364681805
50,1,15.54,7.980501237391045,160,63.0,0.012849584278155708,90,0.9,1241.0171121314092,1285.7600850867454,47.98698670939189,0.0,19,3.886635174087814,0,0,0,0.1,0.0,E-n51-k5,random_search,100,0.8478376090039784,0.21399669907019836,0.5480573333733048,1241.0171121314092,0.0
50,1,15.54,7.980501237391045,160,63.0,0.012849584278155708,90,0.9,1106.8700191274886,1213.908592993436,83.73781148292576,0.002328769725010435,3,3.682761185117354,0,0,0,0.1,0.002328769725010435,E-n51-k5,random_search,101,0.6033636711897147,0.6169107390427774,0.829481173730872,1106.8700191274886,0.0
50,1,15.54,7.980501237391045,160,63.0,0.012849584278155708,10,0.1,1307.1956469739266,1378.832291995955,34.82156213193454,0.03296342541870164,8,3.5337566331374104,0,0,0,0.1,0.03296342541870164,E-n51-k5,random_search,102,0.20672721198570293,0.2229150757236273,0.9194763298357711,1216.3455414732757,90.8501055006509
50,1,15.54,7.980501237391045,160,63.0,0.012849584278155708,40,0.4,1234.3617809310845,1294.8471906805748,58.253736261788646,0.0,18,3.911198685276195,0,0,0,0.1,0.0,E-n51-k5,random_search,103,0.7907864124170529,0.4040340007709259,0.6179438879877623,1169.7336538468521,64.62812708423235
50,1,15.54,7.980501237391045,160,63.0,0.012849584278155708,70,0.7,1235.5879965971187,1336.9194189788636,48.8598047492158,0.019093316638515493,6,3.5343389505286233,0,0,0,0.1,0.019093316638515493,E-n51-k5,random_search,104,0.7172912591577818,0.46231703076359176,0.6302090542405936,1174.9574084670878,60.6305881300309
50,1,15.54,7.980501237391045,160,63.0,0.012849584278155708,40,0.4,1259.1721436726266,1340.0599900043399,39.16192719760993,0.0,10,4.024744772232205,0,0,0,0.1,0.0,E-n51-k5,random_search,105,0.47730398857099443,0.3189068368873231,0.5054323943957362,1188.043502841997,71.12864083062959
50,1,15.54,7.980501237391045,160,63.0,0.012849584278155708,30,0.3,1276.2915932123813,1354.6406182322748,35.886767335741716,0.0,14,3.903855518384203,0,0,0,0.1,0.0,E-n51-k5,random_search,106,0.4446377506693906,0.5336407553210919,0.5743400932679207,1193.1258265568922,83.16576665548905
50,1,15.54,7.980501237391045,160,63.0,0.012849584278155708,80,0.8,1227.5010315848106,1324.7953927071133,42.980838628510355,0.029005412851811723,1,3.2156447317698555,0,0,0,0.1,0.029005412851811723,E-n51-k5,random_search,107,0.7673917588499897,0.6169435993696917,0.42538792573046513,1170.144059298604,57.356972286206656
50,1,15.54,7.980501237391045,160,63.0,0.012849584278155708,40,0.4,1240.1939356779098,1338.6805526968776,52.311369988199615,0.005315072940637691,6,3.295819378046953,0,0,0,0.1,0.005315072940637691,E-n51-k5,random_search,108,0.5848675625639926,0.33885247826229237,0.9946510492346412,1085.0794836544494,155.11445202346044
50,1,15.54,7.980501237391045,160,63.0,0.012849584278155708,80,0.8,1213.552610647065,1276.727426761047,56.48130470769579,0.0009264271051461734,2,3.964306970656599,0,0,0,0.1,0.0009264271051461734,E-n51-k5,random_search,109,0.6858924466338134,0.7454724409243876,0.7019366396662007,1200.412296388967,13.140314258097987
50,1,15.54,7.980501237391045,160,63.0,0.012849584278155708,20,0.2,1291.9535965716814,1356.5473362586479,24.383244985249398,0.027153284319857553,0,3.9117446347243936,0,0,0,0.1,0.027153284319857553,E-n51-k5,random_search,110,0.34468718954350586,0.3919220531985669,0.9530157264609609,1258.8156549837568,33.137941587924615
50,1,15.54,7.980501237391045,160,63.0,0.012849584278155708,5,0.05,1330.7134072279948,1384.4654144945011,20.73853580029017,0.0,0,2.0882301144767195,0,0,0,0.1,0.0,E-n51-k5,random_search,111,0.8843987199211084,0.750641933608512,0.854442103554502,1209.5549128236785,121.15849440431634
50,1,15.54,7.980501237391045,160,63.0,0.012849584278155708,40,0.4,1143.9028505604476,1335.6016841882347,71.06829510694304,0.006982124858296749,1,2.8766164775727776,0,0,0,0.1,0.006982124858296749,E-n51-k5,random_search,112,0.3089879356754094,0.5505230291658524,0.7306617047372748,1107.9858836989551,35.91696686149248
50,1,15.54,7.980501237391045,160,63.0,0.012849584278155708,5,0.05,1319.6269206078894,1393.04834798605,38.57646072249849,0.0,4,1.4484719635666938,0,0,0,0.1,0.0,E-n51-k5,random_search,113,0.5570720924639739,0.4651321246988512,0.9276153080186831,1252.8737450207009,66.75317558718848
50,1,15.54,7.980501237391045,160,63.0,0.012849584278155708,10,0.1,1372.7726013924612,1382.8426307689006,5.761579390258453,0.0075626304465550385,8,1.364196650286086,0,0,0,0.1,0.0075626304465550385,E-n51-k5,random_search,114,0.7749597332551237,0.5452041225901338,0.8396934583220075,1233.8569726260082,138.91562876645298
50,1,15.54,7.980501237391045,160,63.0,0.012849584278155708,50,0.5,1192.413189935872,1276.0711693184187,49.850422547117034,0.006244979664500837,4,3.906119819842624,0,0,0,0.1,0.006244979664500837,E-n51-k5,random_search,115,0.785876340764079,0.4679610628214393,0.8435609124901935,1153.2171821649304,39.196007770941605
50,1,15.54,7.980501237391045,160,63.0,0.012849584278155708,5,0.05,1293.9371767914697,1384.747926392013,43.456046200946375,0.0,2,3.091531950555706,0,0,0,0.1,0.0,E-n51-k5,random_search,116,0.66752603916865,0.3397218687178904,0.31726114266074784,1224.4855267834573,69.4516500080124
50,1,15.54,7.980501237391045,160,63.0,0.012849584278155708,50,0.5,1316.5552042780128,1352.5968858228305,18.128457558461264,0.008628165986610975,2,4.2172769733556965,0,0,0,0.1,0.008628165986610975,E-n51-k5,random_search,117,0.5889039084872835,0.48831210257696567,0.8908586235937084,1204.942062793651,111.61314148436168
50,1,15.54,7.980501237391045,160,63.0,0.012849584278155708,10,0.1,1276.0625745865927,1360.9802856109654,35.43429181970621,0.07747853969131782,1,2.8326560819948914,0,0,0,0.1,0.07747853969131782,E-n51-k5,random_search,118,0.28340610700492874,0.33632869459357106,0.6444830051762607,1177.6679094451492,98.39466514144351
50,1,15.54,7.980501237391045,160,63.0,0.012849584278155708,40,0.4,1224.5784934028263,1295.4010110447616,51.758567188338525,0.0,14,3.9697756619105116,0,0,0,0.1,0.0,E-n51-k5,random_search,119,0.6223365383963557,0.6237122911196608,0.4170961845109025,1184.2756190784844,40.30287432434193
50,1,15.54,7.980501237391045,160,63.0,0.012849584278155708,70,0.7,1179.6580281601337,1278.3545946018417,68.44332646389599,0.03016779192841495,4,4.040502392451329,0,0,0,0.1,0.03016779192841495,E-n51-k5,random_search,120,0.21276958473798377,0.6182922451601598,0.8101773079388979,1163.3445970080306,16.31343115210302
50,1,15.54,7.980501237391045,160,63.0,0.012849584278155708,30,0.3,1307.7607221147562,1363.9596143586668,24.314578027832077,0.00486843791688305,4,2.4418904034363833,0,0,0,0.1,0.00486843791688305,E-n51-k5,random_search,121,0.7641458853735893,0.7007685066841631,0.6300951493830063,1236.8041492771265,70.95657283762966
50,1,15.54,7.980501237391045,160,63.0,0.012849584278155708,40,0.4,1257.6487024987478,1341.6501969350572,38.637373393709495,0.0,17,3.839322295718374,0,0,0,0.1,0.0,E-n51-k5,random_search,122,0.38312002396770173,0.4461741099498058,0.5245138621283804,1192.4794580796004,65.16924441914739
50,1,15.54,7.980501237391045,160,63.0,0.012849584278155708,60,0.6,1221.6706145161545,1275.1896175797829,56.37406353200899,0.0,19,3.8837435474023345,0,0,0,0.1,0.0,E-n51-k5,random_search,123,0.39534894809773824,0.7943147786175879,0.4575467382985221,1158.3287471739372,63.341867342217256
50,1,15.54,7.980501237391045,160,63.0,0.012849584278155708,60,0.6,1189.5634069414264,1282.0280849860014,61.31362969990274,0.006674044841745846,8,3.674786864815914,0,0,0,0.1,0.006674044841745846,E-n51-k5,random_search,124,0.44574893118030023,0.2682103525438386,0.9856041108030946,1139.3954034103563,50.1680035310701
50,1,15.54,7.980501237391045,160,63.0,0.012849584278155708,40,0.4,1287.2439714265756,1350.3506035580435,27.527981140899215,0.0,19,3.974695461726044,0,0,0,0.1,0.0,E-n51-k5,random_search,125,0.26219004183576344,0.4552270012187889,0.4402038119284955,1203.7343015288623,83.50966989771337
50,1,15.54,7.980501237391045,160,63.0,0.012849584278155708,90,0.9,1154.6923713139752,1220.5427128896742,67.86208146069056,0.0,16,3.824840628538584,0,0,0,0.1,0.0,E-n51-k5,random_search,126,0.7001696075038033,0.746153745005776,0.37677080907956984,1142.0871249752593,12.605246338715915
50,1,15.54,7.980501237391045,160,63.0,0.012849584278155708,40,0.4,1213.1414474532291,1318.8904941042806,57.79464229778997,0.008619708405519072,2,3.941067522474952,0,0,0,0.1,0.008619708405519072,E-n51-k5,random_search,127,0.8625669365645551,0.5340756238172344,0.6139253900999373,1166.291777645291,46.8496698079382
50,1,15.54,7.980501237391045,160,63.0,0.012849584278155708,30,0.3,1325.9351075604916,1361.9234603689165,21.529243263866253,0.0,19,3.1907506771639214,0,0,0,0.1,0.0,E-n51-k5,random_search,128,0.14042184129576843,0.22945861776820994,0.6249892430737596,1212.151835468744,113.78327209174768
50,1,15.54,7.980501237391045,160,63.0,0.012849584278155708,10,0.1,1245.9786625146755,1366.7641387592716,33.194059255049304,0.0573364162046377,1,2.2952795485854245,0,0,0,0.1,0.0573364162046377,E-n51-k5,random_search,129,0.38427141624386785,0.5289764131201788,0.7197080051860127,1222.5972868481372,23.38137566653836
50,1,15.54,7.980501237391045,160,63.0,0.012849584278155708,70,0.7,1313.1995615227522,1350.1016662356494,23.970741759121125,0.0,19,4.200766354871636,0,0,0,0.1,0.0,E-n51-k5,random_search,130,0.8120808205008393,0.3578060088798938,0.4742778038222206,1235.3019556822978,77.89760584045439
50,1,15.54,7.980501237391045,160,63.0,0.012849584278155708,90,0.9,1216.996088904296,1281.6279261705517,44.68666631943824,0.0,19,2.8598491788703684,0,0,0,0.1,0.0,E-n51-k5,random_search,131,0.578134476764065,0.44953522163820714,0.7323617951718808,1201.6151794695793,15.380909434716614
50,1,15.54,7.980501237391045,160,63.0,0.012849584278155708,20,0.2,1328.1623014852205,1364.3888532226335,20.224089421402777,0.00708697494903772,0,3.389650264849587,0,0,0,0.1,0.00708697494903772,E-n51-k5,random_search,132,0.6819645920854348,0.44268229555456495,0.47285956725367106,1190.5500009039959,137.61230058122464
50,1,15.54,7.980501237391045,160,63.0,0.012849584278155708,20,0.2,1250.7612316590614,1349.0172180692982,43.432883887057926,0.018868420852968817,1,3.1927702230573436,0,0,0,0.1,0.018868420852968817,E-n51-k5,random_search,133,0.684186833821712,0.39166388086500153,0.7960864511132062,1209.6489336439356,41.112298015125816
50,1,15.54,7.980501237391045,160,63.0,0.012849584278155708,10,0.1,1328.0135254076956,1382.8706607209674,24.781027113856663,0.0399209245944005,5,3.4960096179769775,0,0,0,0.1,0.0399209245944005,E-n51-k5,random_search,134,0.1088155470551568,0.20193886851838727,0.8184986845717455,1223.6151632427816,104.39836216491403
50,1,15.54,7.980501237391045,160,63.0,0.012849584278155708,5,0.05,1314.5589873476779,1377.3294943180906,38.124550542561366,0.0,1,3.92054025258349,0,0,0,0.1,0.0,E-n51-k5,random_search,135,0.8139057687866557,0.6858809190421424,0.9857287278410471,1196.2522733144058,118.3067140332721
50,1,15.54,7.980501237391045,160,63.0,0.012849584278155708,90,0.9,1190.9895386746512,1253.9812775767275,68.09805894491654,0.0,19,3.78738368388617,0,0,0,0.1,0.0,E-n51-k5,random_search,136,0.41293657628812364,0.7129927520881771,0.6965173419857603,1190.9895386746512,0.0
50,1,15.54,7.980501237391045,160,63.0,0.012849584278155708,70,0.7,1242.4497456872941,1294.4713437677624,54.3128040597935,0.0,19,3.9736598283019697,0,0,0,0.1,0.0,E-n51-k5,random_search,137,0.677505759365333,0.49469322843140046,0.6875648716403557,1198.3819091611851,44.06783652610898
50,1,15.54,7.980501237391045,160,63.0,0.012849584278155708,20,0.2,1164.3593228015677,1302.515533896103,84.30893579428198,0.026274904868210797,2,3.7409857479256683,0,0,0,0.1,0.026274904868210797,E-n51-k5,random_search,138,0.5974814734610853,0.36164462995453744,0.7028714328323994,1105.990608821555,58.36871398001267
50,1,15.54,7.980501237391045,160,63.0,0.012849584278155708,5,0.05,1328.0135254076956,1395.668710010833,45.28607073552247,0.0,3,2.6808531065683363,0,0,0,0.1,0.0,E-n51-k5,random_search,139,0.6969652475404742,0.7749602333279149,0.5249899933931854,1221.1836986927851,106.8298267149105
50,1,15.54,7.980501237391045,160,63.0,0.012849584278155708,10,0.1,1266.23190502624,1365.5318277058689,33.948029102270574,0.04873592222566837,2,1.573989568853356,0,0,0,0.1,0.04873592222566837,E-n51-k5,random_search,140,0.27865897608505663,0.23626761131710872,0.5459680587989183,1183.063877072546,83.16802795369404
50,1,15.54,7.980501237391045,160,63.0,0.012849584278155708,80,0.8,1215.6295230084572,1305.4537971120137,54.765222203389364,0.0,19,3.7015106243080673,0,0,0,0.1,0.0,E-n51-k5,random_search,141,0.7222994688849756,0.7366200504970024,0.34779740339896575,1171.904584793934,43.72493821452326
50,1,15.54,7.980501237391045,160,63.0,0.012849584278155708,60,0.6,1174.8837746687252,1266.573752568893,69.66447353612118,0.0,12,3.7654385044875593,0,0,0,0.1,0.0,E-n51-k5,random_search,142,0.5737614374738599,0.6095271083766642,0.9201893304780304,1141.1003387420703,33.783435926654874
50,1,15.54,7.980501237391045,160,63.0,0.012849584278155708,80,0.8,1149.3259324008882,1248.4063711858544,89.28986370588507,0.0,19,3.9461041394035385,0,0,0,0.1,0.0,E-n51-k5,random_search,143,0.548871741111803,0.21904757670517863,0.5100650696327429,1122.9366479534801,26.389284447408045
50,1,15.54,7.980501237391045,160,63.0,0.012849584278155708,20,0.2,1303.627913228339,1363.4111775103393,25.032293690797257,0.018362472755590782,3,3.7538611307580845,0,0,0,0.1,0.018362472755590782,E-n51-k5,random_search,144,0.7567522445337592,0.3793563782800766,0.4453043113605561,1213.2772732749054,90.35063995343353
50,1,15.54,7.980501237391045,160,63.0,0.012849584278155708,5,0.05,1351.7540921757914,1383.3916826794707,18.255216402155124,0.0,4,2.197104397982649,0,0,0,0.1,0.0,E-n51-k5,random_search,145,0.19388440073377328,0.5161624172991455,0.6881018119059256,1225.8376348120464,125.91645736374494
50,1,15.54,7.980501237391045,160,63.0,0.012849584278155708,30,0.3,1232.4231226539932,1315.6864412429507,61.11004248169815,0.0003180822790562866,0,3.8649581923339875,0,0,0,0.1,0.0003180822790562866,E-n51-k5,random_search,146,0.8721724912642232,0.6823882181923521,0.3079755405532848,1208.7033988557077,23.719723798285486
50,1,15.54,7.980501237391045,160,63.0,0.012849584278155708,30,0.3,1266.399992478051,1344.7206798950544,49.310937978177506,0.04997727645799624,6,3.7065683628373316,0,0,0,0.1,0.04997727645799624,E-n51-k5,random_search,147,0.7871397195200263,0.6848861434782959,0.9310166931690851,1170.5407422198907,95.85925025816027
50,1,15.54,7.980501237391045,160,63.0,0.012849584278155708,40,0.4,1237.3093190334453,1333.7092022552656,52.394564531068575,0.01509062568599186,4,3.4172801479076287,0,0,0,0.1,0.01509062568599186,E-n51-k5,random_search,148,0.5652729017954232,0.44423437584385084,0.3869333844452971,1183.9289033121222,53.38041572132306
50,1,15.54,7.980501237391045,160,63.0,0.012849584278155708,30,0.3,1276.6193730476164,1331.9035830794041,40.59105108413475,0.0016225871054927534,6,3.8991462568490647,0,0,0,0.1,0.0016225871054927534,E-n51-k5,random_search,149,0.8201597064975643,0.5552897536336618,0.5352588604730459,1199.7536015762514,76.86577147136495
50,1,15.54,7.980501237391045,160,63.0,0.012849584278155708,80,0.8,1212.0662881574215,1297.2413662811784,52.389061753226315,0.01525242904698254,5,3.9805958777185797,0,0,0,0.1,0.01525242904698254,E-n51-k5,random_search,150,0.8858376206984679,0.6293689858830467,0.5226981324763356,1179.4802479664681,32.58604019095333
50,1,15.54,7.980501237391045,160,63.0,0.012849584278155708,80,0.8,1224.6220001131144,1271.7840988720473,51.37674837811008,0.004045165474436553,7,3.877584161077228,0,0,0,0.1,0.004045165474436553,E-n51-k5,random_search,151,0.8363535718939812,0.5589225727258291,0.8277261605691832,1177.9715542455908,46.65044586752356
50,1,15.54,7.980501237391045,160,63.0,0.012849584278155708,60,0.6,1122.175371942855,1267.5052446875516,89.29809544069292,0.027378463212926436,5,3.8401089500926555,0,0,0,0.1,0.027378463212926436,E-n51-k5,random_search,152,0.589448290035136,0.568847743903456,0.5795472299336328,1097.5294935069853,24.64587843586969
50,1,15.54,7.980501237391045,160,63.0,0.012849584278155708,70,0.7,1241.0341809686477,1303.0445849960342,50.52947215908554,0.0,19,4.042649591062951,0,0,0,0.1,0.0,E-n51-k5,random_search,153,0.5203721061141905,0.3039296782386044,0.85599324064182,1158.1138011750377,82.92037979360998
50,1,15.54,7.980501237391045,160,63.0,0.012849584278155708,5,0.05,1302.0726316160963,1380.782486279891,54.077171542867866,0.0,2,3.8124113427620094,0,0,0,0.1,0.0,E-n51-k5,random_search,154,0.4157387212960443,0.21664499921818653,0.8568022672214883,1153.5145301936052,148.55810142249106
50,1,15.54,7.980501237391045,160,63.0,0.012849584278155708,50,0.5,1237.3906028348617,1323.8085859644616,47.430990779127605,0.0,9,3.844233645940175,0,0,0,0.1,0.0,E-n51-k5,random_search,155,0.6378117196514886,0.3714074615824569,0.8065957090994884,1198.2397726168847,39.150830217977045
50,1,15.54,7.980501237391045,160,63.0,0.012849584278155708,10,0.1,1301.5887947579715,1371.490546815523,37.05326376737306,0.05902451840925924,1,3.820001565875541,0,0,0,0.1,0.05902451840925924,E-n51-k5,random_search,156,0.5290315901017231,0.7753983527236907,0.7814687785975116,1147.4253104654745,154.16348429249706
50,1,15.54,7.980501237391045,160,63.0,0.012849584278155708,30,0.3,1228.7698514248136,1322.9599390236679,62.967043822626174,0.0,9,3.9943347780605887,0,0,0,0.1,0.0,E-n51-k5,random_search,157,0.8594661765707546,0.5403594892207554,0.7388364205249857,1197.1745892249357,31.59526219987788
50,1,15.54,7.980501237391045,160,63.0,0.012849584278155708,60,0.6,1237.6152455546908,1321.3443197116915,45.63490303983364,0.0,16,4.006266834622437,0,0,0,0.1,0.0,E-n51-k5,random_search,158,0.7256413243705399,0.6309629444712539,0.34892592149302215,1155.2085313676046,82.40671418708621
50,1,15.54,7.980501237391045,160,63.0,0.012849584278155708,90,0.9,1258.4585150832204,1330.43116186257,35.9887441106022,0.012456768693213867,0,4.0126112531734615,0,0,0,0.1,0.012456768693213867,E-n51-k5,random_search,159,0.36721318711320683,0.41965196339623845,0.9305688005783384,1219.1892773524128,39.26923773080762
50,1,15.54,7.980501237391045,160,63.0,0.012849584278155708,5,0.05,1376.0813839825178,1402.5330534009781,30.700692453418153,0.0,3,2.547884856450581,0,0,0,0.1,0.0,E-n51-k5,random_search,160,0.6410589779584778,0.7703827446584022,0.6826254194875121,1226.136579613163,149.94480436935487
50,1,15.54,7.980501237391045,160,63.0,0.012849584278155708,80,0.8,1174.2586118404015,1266.6041855457595,75.61439142868268,0.0,13,3.9405009187108466,0,0,0,0.1,0.0,E-n51-k5,random_search,161,0.7525071411787434,0.3643100261663448,0.45535672092762514,1159.6193845615778,14.639227278823682
50,1,15.54,7.980501237391045,160,63.0,0.012849584278155708,50,0.5,1275.533232766549,1323.316809619895,31.94047463093277,0.0,19,3.8906315808987193,0,0,0,0.1,0.0,E-n51-k5,random_search,162,0.6079883980373488,0.2645863956467377,0.30180071166809164,1216.7239971633057,58.80923560324322
50,1,15.54,7.980501237391045,160,63.0,0.012849584278155708,50,0.5,1237.735787098142,1328.4739584176828,61.408933597323454,0.0,10,3.679252307559815,0,0,0,0.1,0.0,E-n51-k5,random_search,163,0.5080371094890055,0.3373084119433828,0.9961943475276043,1158.395052749864,79.34073434827815
50,1,15.54,7.980501237391045,160,63.0,0.012849584278155708,5,0.05,1243.9437619459407,1367.3773363827772,47.48239197066747,0.0,2,3.100083017040135,0,0,0,0.1,0.0,E-n51-k5,random_search,164,0.6154461106496093,0.6790206150019976,0.7569759530049052,1182.941387212031,61.00237473390962
50,1,15.54,7.980501237391045,160,63.0,0.012849584278155708,80,0.8,1268.3166265919072,1326.8288471527455,28.245243613918312,0.0,19,2.908447046298797,0,0,0,0.1,0.0,E-n51-k5,random_search,165,0.1404901494539182,0.38649492901416416,0.5300488105698185,1175.3770717475702,92.93955484433695
50,1,15.54,7.980501237391045,160,63.0,0.012849584278155708,50,0.5,1216.8117177128267,1310.75412895834,51.681127454493826,0.013110163049824023,7,3.8677621838581664,0,0,0,0.1,0.013110163049824023,E-n51-k5,random_search,166,0.6723526188715168,0.4407787166129096,0.8574464976924694,1166.4340509143437,50.377666798483006
50,1,15.54,7.980501237391045,160,63.0,0.012849584278155708,5,0.05,1328.0135254076956,1393.8697092143248,34.31668440331331,0.0,2,2.43714534886754,0,0,0,0.1,0.0,E-n51-k5,random_search,167,0.4922838812298751,0.3896511662640767,0.7056207269989467,1243.797828981945,84.2156964257506
50,1,15.54,7.980501237391045,160,63.0,0.012849584278155708,20,0.2,1300.4700631163857,1370.4235485463562,22.63040577386869,0.04207240881407633,6,1.476454240904256,0,0,0,0.1,0.04207240881407633,E-n51-k5,random_search,168,0.3685670455862817,0.48435354375294787,0.9597540327854592,1249.4860283905396,50.984034725846186
50,1,15.54,7.980501237391045,160,63.0,0.012849584278155708,30,0.3,1262.1623447136458,1370.0217469373692,26.773059216094207,0.024852707286232303,6,2.788406516152584,0,0,0,0.1,0.024852707286232303,E-n51-k5,random_search,169,0.5572715164437154,0.24444667299672998,0.7423551059300462,1214.995259873852,47.16708483979369
50,1,15.54,7.980501237391045,160,63.0,0.012849584278155708,60,0.6,1227.9847836227934,1267.8032370607725,40.09403853332442,0.007830248965507158,3,3.786240111958289,0,0,0,0.1,0.007830248965507158,E-n51-k5,random_search,170,0.5442613349292166,0.3924229223278637,0.7952080323214105,1170.8191172768018,57.16566634599167
50,1,15.54,7.980501237391045,160,63.0,0.012849584278155708,70,0.7,1218.8618991015478,1304.9025025999592,51.22851457561126,0.0,10,4.016507596081724,0,0,0,0.1,0.0,E-n51-k5,random_search,171,0.6166922202797424,0.4829048277450797,0.796971283168076,1163.8994681307677,54.96243097078013
50,1,15.54,7.980501237391045,160,63.0,0.012849584278155708,10,0.1,1269.8280116356966,1356.1986936410797,38.96389381131154,0.05333343558878068,0,3.290089504670558,0,0,0,0.1,0.05333343558878068,E-n51-k5,random_search,172,0.47933529994814006,0.40240894586870213,0.582253196300311,1218.5651964511455,51.26281518455107
50,1,15.54,7.980501237391045,160,63.0,0.012849584278155708,40,0.4,1280.5329732400915,1338.5941796086954,30.46493704344855,0.0,19,4.114651139762916,0,0,0,0.1,0.0,E-n51-k5,random_search,173,0.21976178299498672,0.7372106151081743,0.9316645040286995,1238.134056369569,42.3989168705225
50,1,15.54,7.980501237391045,160,63.0,0.012849584278155708,60,0.6,1245.5317079800411,1326.6722381423097,39.72577609718875,0.02632926378711453,0,4.0442635862214615,0,0,0,0.1,0.02632926378711453,E-n51-k5,random_search,174,0.4299498501150363,0.25085792034750887,0.9839273691631969,1177.868481827481,67.66322615256013
50,1,15.54,7.980501237391045,160,63.0,0.012849584278155708,40,0.4,1196.6041653916523,1324.1713694435064,68.35368055661955,0.002232386917214066,7,3.4670203957707546,0,0,0,0.1,0.002232386917214066,E-n51-k5,random_search,175,0.3789735378643968,0.48150068297514365,0.8333739470181925,1130.4306468863283,66.17351850532395
50,1,15.54,7.980501237391045,160,63.0,0.012849584278155708,90,0.9,1265.4529516746284,1319.9351290658349,37.73034525265427,0.0,19,3.9282931195871393,0,0,0,0.1,0.0,E-n51-k5,random_search,176,0.5970972988080502,0.23247923546550864,0.9984723419763175,1250.5299419517041,14.923009722924235
50,1,15.54,7.980501237391045,160,63.0,0.012849584278155708,80,0.8,1167.6191803093259,1264.899364921847,80.34808399521724,0.0,11,3.8495360849517146,0,0,0,0.1,0.0,E-n51-k5,random_search,177,0.6026970068933806,0.24814232103450345,0.7609770616166569,1152.347053594495,15.272126714830847
50,1,15.54,7.980501237391045,160,63.0,0.012849584278155708,10,0.1,1359.3576858652011,1388.1784943088087,24.504183424847604,0.03997736585242716,3,2.7505178352788957,0,0,0,0.1,0.03997736585242716,E-n51-k5,random_search,178,0.36956108112923014,0.6283631233856194,0.47885583035297985,1243.1702758640445,116.18741000115665
50,1,15.54,7.980501237391045,160,63.0,0.012849584278155708,5,0.05,1307.8074345120624,1384.3531371482031,27.667411758089294,0.0,0,3.4880259035675736,0,0,0,0.1,0.0,E-n51-k5,random_search,179,0.8134238338474947,0.4950530481621798,0.925982524434541,1166.431352613228,141.3760818988344
50,1,15.54,7.980501237391045,160,63.0,0.012849584278155708,30,0.3,1189.456947893288,1323.5362718668246,68.55537253160828,0.022115343260889094,2,3.5283027822302695,0,0,0,0.1,0.022115343260889094,E-n51-k5,random_search,180,0.7987045764339543,0.2300357324739521,0.5895451775602105,1174.0649552240611,15.391992669226966
50,1,15.54,7.980501237391045,160,63.0,0.012849584278155708,30,0.3,1191.0399116357323,1279.4790599872663,75.22225927976285,0.0016533313045689019,6,3.796350348702907,0,0,0,0.1,0.0016533313045689019,E-n51-k5,random_search,181,0.6181128098752542,0.6791534555677688,0.5467100661890808,1172.840658751497,18.19925288423542
50,1,15.54,7.980501237391045,160,63.0,0.012849584278155708,90,0.9,1217.5648442902739,1305.064403188667,54.60908897581121,0.0,14,3.870515894602768,0,0,0,0.1,0.0,E-n51-k5,random_search,182,0.5754632763356907,0.5744521985718255,0.7833896407903655,1154.399910972757,63.1649333175169
50,1,15.54,7.980501237391045,160,63.0,0.012849584278155708,70,0.7,1255.0848278772323,1308.2650318178694,46.79242228813399,0.0,16,3.865863442122547,0,0,0,0.1,0.0,E-n51-k5,random_search,183,0.13640249960135284,0.4537860335823882,0.5343096454671868,1155.8593321158946,99.2254957613377
50,1,15.54,7.980501237391045,160,63.0,0.012849584278155708,70,0.7,1232.3819205104662,1285.8802922195487,50.108728842913365,0.0,19,3.877752349416915,0,0,0,0.1,0.0,E-n51-k5,random_search,184,0.8341433612540283,0.22557173237294914,0.4388025325412821,1224.1702396502806,8.211680860185652
50,1,15.54,7.980501237391045,160,63.0,0.012849584278155708,80,0.8,1265.028644052147,1307.809722704063,38.08890975892953,0.0013786473173315744,8,3.65085894750091,0,0,0,0.1,0.0013786473173315744,E-n51-k5,random_search,185,0.7751419208625278,0.24374763271289698,0.7217431405139038,1214.5400815875391,50.48856246460787
50,1,15.54,7.980501237391045,160,63.0,0.012849584278155708,70,0.7,1184.6370257655556,1281.9102863157402,73.43471194808295,0.008226227596530158,0,3.9785086101617666,0,0,0,0.1,0.008226227596530158,E-n51-k5,random_search,186,0.6765554548312427,0.5560927536941191,0.339672687753584,1178.166867833254,6.470157932301618
50,1,15.54,7.980501237391045,160,63.0,0.012849584278155708,90,0.9,1185.4112889671867,1271.6925350579095,67.09799235536116,0.0,15,4.057403735225744,0,0,0,0.1,0.0,E-n51-k5,random_search,187,0.8497741508570477,0.5167851941226171,0.7353804117194609,1181.1397343813037,4.2715545858829955
50,1,15.54,7.980501237391045,160,63.0,0.012849584278155708,50,0.5,1226.1435561619762,1317.8524226770908,61.83605461843217,0.0020732683996330602,1,3.901554271385297,0,0,0,0.1,0.0020732683996330602,E-n51-k5,random_search,188,0.6797814330219005,0.24627706221038875,0.9346547811139101,1172.0155589839546,54.12799717802159
50,1,15.54,7.980501237391045,160,63.0,0.012849584278155708,90,0.9,1243.8560960930547,1344.5908364194302,36.44960397994917,0.009413297140020625,3,4.057582780045571,0,0,0,0.1,0.009413297140020625,E-n51-k5,random_search,189,0.6416925100418238,0.5054040485816287,0.75255724502411,1240.1091568728675,3.746939220187187
50,1,15.54,7.980501237391045,160,63.0,0.012849584278155708,40,0.4,1257.2827464743289,1341.0652410425614,44.23811708067479,0.01588467664310842,0,3.2890723010773852,0,0,0,0.1,0.01588467664310842,E-n51-k5,random_search,190,0.5975144134281145,0.5440068095949341,0.790351799660153,1166.402599813674,90.88014666065487
50,1,15.54,7.980501237391045,160,63.0,0.012849584278155708,90,0.9,1211.9634240064734,1327.245776580269,37.048119698257025,0.0220343366643559,7,4.343086008584906,0,0,0,0.1,0.0220343366643559,E-n51-k5,random_search,191,0.2336942231624497,0.2378704825956524,0.4716676812555862,1157.3892121719166,54.57421183455676
50,1,15.54,7.980501237391045,160,63.0,0.012849584278155708,30,0.3,1302.802556784162,1357.0555807804676,23.288207636260335,0.0,14,3.4216465185084344,0,0,0,0.1,0.0,E-n51-k5,random_search,192,0.8163500612362967,0.40702396168450317,0.49911623820839846,1231.2404741765724,71.56208260758967
50,1,15.54,7.980501237391045,160,63.0,0.012849584278155708,10,0.1,1287.9257183200214,1370.707162398689,30.601764246245796,0.011379251223379698,2,3.792030725140866,0,0,0,0.1,0.011379251223379698,E-n51-k5,random_search,193,0.4738121516583179,0.41275772548908896,0.9887880746647479,1240.2198248970747,47.7058934229467
50,1,15.54,7.980501237391045,160,63.0,0.012849584278155708,10,0.1,1352.0190467690695,1381.1990472138232,8.145912993633072,0.022566283009571707,3,1.7885894882200222,0,0,0,0.1,0.022566283009571707,E-n51-k5,random_search,194,0.7117943879659222,0.25833091260381563,0.5138776020641511,1207.5478875410813,144.4711592279882
50,1,15.54,7.980501237391045,160,63.0,0.012849584278155708,90,0.9,1270.6276755447304,1329.487856430816,33.7622091228255,0.0,19,3.792940503466153,0,0,0,0.1,0.0,E-n51-k5,random_search,195,0.3785952480568836,0.512902645605793,0.9540837544684315,1181.0252518409086,89.60242370382184
50,1,15.54,7.980501237391045,160,63.0,0.012849584278155708,50,0.5,1318.735332372663,1351.2471871713628,24.082429848671087,0.0,19,2.7714436073688242,0,0,0,0.1,0.0,E-n51-k5,random_search,196,0.6567272361401247,0.6229445484639315,0.4976400755259732,1202.904211271424,115.83112110123898
50,1,15.54,7.980501237391045,160,63.0,0.012849584278155708,80,0.8,1213.2240757519778,1303.8815078394791,50.30688699575463,0.0,19,4.063887587349064,0,0,0,0.1,0.0,E-n51-k5,random_search,197,0.23669463227510282,0.32565952060630354,0.9287031673028869,1155.1735239124773,58.050551839500486
50,1,15.54,7.980501237391045,160,63.0,0.012849584278155708,80,0.8,1168.215008958833,1270.2444560776873,64.69305859470809,0.016268556499513847,0,4.02913889942865,0,0,0,0.1,0.016268556499513847,E-n51-k5,random_search,198,0.7670294850268812,0.36406379582956405,0.9311564574035152,1144.7860132109145,23.428995747918634
50,1,15.54,7.980501237391045,160,63.0,0.012849584278155708,60,0.6,1257.8273296405926,1321.165084852132,43.39230857689344,0.021765749228409795,1,4.038118068277363,0,0,0,0.1,0.021765749228409795,E-n51-k5,random_search,199,0.6653848561490857,0.6462366402766269,0.9457226503443492,1195.5135491879232,62.313780452669334
50,1,15.54,7.980501237391045,160,63.0,0.012849584278155708,50,0.5,1277.6719794454616,1332.184141029847,34.15023748941085,0.0,18,4.061600491781307,0,0,0,0.1,0.0,E-n51-k5,random_search,200,0.7042375083231609,0.7672864785763882,0.36776318305540323,1198.9444729720258,78.72750647343582
50,1,15.54,7.980501237391045,160,63.0,0.012849584278155708,40,0.4,1168.4814810782884,1319.0332383125838,72.88973487389774,0.023698049051105733,0,3.5050129194943063,0,0,0,0.1,0.023698049051105733,E-n51-k5,random_search,201,0.8272006639535213,0.6120238896530452,0.9884542537134,1151.6806021584907,16.800878919797697
50,1,15.54,7.980501237391045,160,63.0,0.012849584278155708,70,0.7,1141.2010249823725,1252.3211375136448,84.13240059530823,0.00045713722499496817,4,4.0334655343636685,0,0,0,0.1,0.00045713722499496817,E-n51-k5,random_search,202,0.5295916429149632,0.7692973401789642,0.7993205225419715,1125.7060572208768,15.494967761495673
50,1,15.54,7.980501237391045,160,63.0,0.012849584278155708,80,0.8,1255.9010211608565,1329.5522833519726,28.397841009450058,0.0,19,4.3111518280483905,0,0,0,0.1,0.0,E-n51-k5,random_search,203,0.8898999562892149,0.2072021682166854,0.3805872445066341,1235.6198731862823,20.281147974574196
50,1,15.54,7.980501237391045,160,63.0,0.012849584278155708,60,0.6,1277.911820916887,1316.5473902344388,39.43870050556769,0.0,19,3.9530375598201193,0,0,0,0.1,0.0,E-n51-k5,random_search,204,0.89157971600324,0.538456558008676,0.6645642552585771,1147.266770374785,130.64505054210213
50,1,15.54,7.980501237391045,160,63.0,0.012849584278155708,60,0.6,1291.3809695076757,1339.6031173634567,31.25067009479025,0.0,19,3.7211562870935344,0,0,0,0.1,0.0,E-n51-k5,random_search,205,0.841409301131162,0.3820401042973328,0.314353348252527,1206.902072897915,84.47889660976057
50,1,15.54,7.980501237391045,160,63.0,0.012849584278155708,10,0.1,1321.2736578887564,1364.106048927141,24.66230613955658,0.026152848532492428,2,3.8319164179033525,0,0,0,0.1,0.026152848532492428,E-n51-k5,random_search,206,0.8292005312867381,0.4296556133009539,0.7821197358677424,1171.9936021626108,149.28005572614552
50,1,15.54,7.980501237391045,160,63.0,0.012849584278155708,70,0.7,1244.1798849205159,1288.1406688426182,33.41893506289997,0.01159843727412902,2,3.780292442847962,0,0,0,0.1,0.01159843727412902,E-n51-k5,random_search,207,0.33911932108336196,0.303576553499138,0.6090364265001751,1186.3143744810052,57.86551043951067
50,1,15.54,7.980501237391045,160,63.0,0.012849584278155708,50,0.5,1206.1789549310004,1286.3910398281864,53.186663403336865,0.002823154610819863,7,3.815169954592175,0,0,0,0.1,0.002823154610819863,E-n51-k5,random_search,208,0.6506200510951728,0.25826648556104653,0.3772967842653212,1184.6902916224385,21.488663308561854
50,1,15.54,7.980501237391045,160,63.0,0.012849584278155708,50,0.5,1234.8638349027551,1327.2866415489138,49.72624074264418,0.0,16,3.7948394640439407,0,0,0,0.1,0.0,E-n51-k5,random_search,209,0.7353237971060973,0.20045710425121846,0.6889686909292565,1234.8638349027551,0.0
50,1,15.54,7.980501237391045,160,63.0,0.012849584278155708,40,0.4,1215.7576863616857,1293.476659092205,43.61176293442191,0.010580700044959694,4,3.6772589393491346,0,0,0,0.1,0.010580700044959694,E-n51-k5,random_search,210,0.3633908626176727,0.20602124317274942,0.7129572458878839,1179.159314431353,36.59837193033263
50,1,15.54,7.980501237391045,160,63.0,0.012849584278155708,80,0.8,1178.3030847762927,1238.6563140126755,65.59682915558125,0.0,19,3.5200016827270937,0,0,0,0.1,0.0,E-n51-k5,random_search,211,0.7481573202611081,0.4422991101627223,0.77504935969639,1147.7711347798434,30.531949996449384
50,1,15.54,7.980501237391045,160,63.0,0.012849584278155708,5,0.05,1298.4529435830586,1389.4557080765355,56.278219575033575,0.0,0,4.035799329734831,0,0,0,0.1,0.0,E-n51-k5,random_search,212,0.5862532735047441,0.6574002437243753,0.6389339984009206,1105.783143611859,192.6697999711996
50,1,15.54,7.980501237391045,160,63.0,0.012849584278155708,90,0.9,1171.526408055134,1256.3932587897473,73.25314397684551,0.001123292049853393,7,3.848921998105711,0,0,0,0.1,0.001123292049853393,E-n51-k5,random_search,213,0.709450609993944,0.5468474896866677,0.8976799127554795,1130.8730903914882,40.653317663645794
50,1,15.54,7.980501237391045,160,63.0,0.012849584278155708,5,0.05,1351.3157097603007,1403.142891518105,30.39896087786563,0.0,2,3.985349250264823,0,0,0,0.1,0.0,E-n51-k5,random_search,214,0.811687571535009,0.2972534840188487,0.975839346549032,1215.9008170086695,135.4148927516312
50,1,15.54,7.980501237391045,160,63.0,0.012849584278155708,20,0.2,1328.0135254076956,1369.2957632117634,20.10737616077079,0.0,18,2.0876822974401965,0,0,0,0.1,0.0,E-n51-k5,random_search,215,0.4040267396167593,0.735445493192272,0.7535658161641554,1213.679483287173,114.33404212052255
50,1,15.54,7.980501237391045,160,63.0,0.012849584278155708,40,0.4,1300.3119988022002,1360.7604349447406,23.474622950018066,0.0,16,3.7665178262662566,0,0,0,0.1,0.0,E-n51-k5,random_search,216,0.12933372096142082,0.7326628878454859,0.5648643988411691,1218.767386879986,81.54461192221424
50,1,15.54,7.980501237391045,160,63.0,0.012849584278155708,60,0.6,1260.5728647418289,1330.6819423172415,37.19699353886887,0.0,19,3.8410595285704527,0,0,0,0.1,0.0,E-n51-k5,random_search,217,0.6147628121041221,0.7143170090806108,0.9456074458523862,1216.2571023174005,44.315762424428385
50,1,15.54,7.980501237391045,160,63.0,0.012849584278155708,60,0.6,1186.0891790910841,1317.0967948360665,64.73382499625015,0.01132528329438783,1,3.3234271973869647,0,0,0,0.1,0.01132528329438783,E-n51-k5,random_search,218,0.8631137474891725,0.35434313402395623,0.5723443656257973,1186.0891790910841,0.0
50,1,15.54,7.980501237391045,160,63.0,0.012849584278155708,80,0.8,1198.1814682865236,1256.5147384908626,57.62430271871054,0.0,10,3.9143975884005378,0,0,0,0.1,0.0,E-n51-k5,random_search,219,0.4186268594117942,0.2538985150569253,0.41469355974110894,1185.2959650410273,12.885503245496238
50,1,15.54,7.980501237391045,160,63.0,0.012849584278155708,30,0.3,1283.907295031306,1361.9540629681737,27.455602492962026,0.02517597585300699,0,3.934081099473971,0,0,0,0.1,0.02517597585300699,E-n51-k5,random_search,220,0.5704961693081445,0.48543428667077587,0.5275588786495955,1166.1652886313134,117.74200639999253
50,1,15.54,7.980501237391045,160,63.0,0.012849584278155708,80,0.8,1203.6408120290994,1328.5491767870626,55.957402546164595,0.0,19,3.764304659174472,0,0,0,0.1,0.0,E-n51-k5,random_search,221,0.60997714822436,0.22386541840888402,0.5738778503064652,1144.4249476262469,59.2158644028525
50,1,15.54,7.980501237391045,160,63.0,0.012849584278155708,5,0.05,1255.7396435554667,1366.5855695139185,60.049221149583005,0.0,2,3.728543726247682,0,0,0,0.1,0.0,E-n51-k5,random_search,222,0.44154814092620165,0.611976744880441,0.8577807887915985,1200.9932617963789,54.74638175908785
50,1,15.54,7.980501237391045,160,63.0,0.012849584278155708,40,0.4,1300.8932355115805,1347.8953843688,26.07212921302972,0.0,19,2.9693063358573006,0,0,0,0.1,0.0,E-n51-k5,random_search,223,0.22502939414567236,0.717269593691054,0.8576482846174462,1220.6011971451242,80.29203836645638
50,1,15.54,7.980501237391045,160,63.0,0.012849584278155708,30,0.3,1267.886130883209,1341.3425804904932,41.088032888688666,0.0,12,3.809090527043179,0,0,0,0.1,0.0,E-n51-k5,random_search,224,0.7365116195002039,0.32101363709069936,0.4572668169666277,1211.3307140663076,56.55541681690147
50,1,15.54,7.980501237391045,160,63.0,0.012849584278155708,10,0.1,1305.3261333948103,1370.0285909429047,28.565304966982634,0.044588927377693176,5,3.8729022293904056,0,0,0,0.1,0.044588927377693176,E-n51-k5,random_search,225,0.46279808951065016,0.2557930503801355,0.5031155088300204,1230.0483897729835,75.27774362182686
50,1,15.54,7.980501237391045,160,63.0,0.012849584278155708,60,0.6,1198.9983089283853,1285.1324115215484,68.55646056852655,0.007909558176152165,3,3.8445742926396926,0,0,0,0.1,0.007909558176152165,E-n51-k5,random_search,226,0.8869724010563893,0.46775980748615825,0.5014029143809129,1155.8944839765284,43.10382495185695
50,1,15.54,7.980501237391045,160,63.0,0.012849584278155708,40,0.4,1314.6971372609228,1350.7874161889629,24.93848986850195,0.0,19,4.2332594942436526,0,0,0,0.1,0.0,E-n51-k5,random_search,227,0.7384960267166953,0.2442045208122375,0.4705218424470497,1224.801688632113,89.89544862880985
50,1,15.54,7.980501237391045,160,63.0,0.012849584278155708,60,0.6,1276.069335047011,1344.2595297096238,30.173960264938813,0.0,11,4.095539113893466,0,0,0,0.1,0.0,E-n51-k5,random_search,228,0.15301319051898582,0.7881092904904885,0.39685482063419936,1188.4570307253425,87.61230432166849
50,1,15.54,7.980501237391045,160,63.0,0.012849584278155708,10,0.1,1284.20174339142,1357.6794101217627,35.40762801855202,0.07581842417357175,1,3.673304981267355,0,0,0,0.1,0.07581842417357175,E-n51-k5,random_search,229,0.16712108429190187,0.6229190790810354,0.9579223688092189,1202.7189239491508,81.48281944226915
50,1,15.54,7.980501237391045,160,63.0,0.012849584278155708,10,0.1,1302.7594912565878,1380.3606166409274,24.927444804564814,0.0581781706948209,2,2.586779004426499,0,0,0,0.1,0.0581781706948209,E-n51-k5,random_search,230,0.8802704498175784,0.4008441574402176,0.3364249378755919,1238.849902536296,63.90958872029182
50,1,15.54,7.980501237391045,160,63.0,0.012849584278155708,60,0.6,1230.771520977635,1277.4229551804997,42.94695795675993,0.0,19,3.9165461545054487,0,0,0,0.1,0.0,E-n51-k5,random_search,231,0.39133777144680015,0.7692776483368435,0.7543750824425595,1150.147387244788,80.62413373284699
50,1,15.54,7.980501237391045,160,63.0,0.012849584278155708,60,0.6,1297.0782756031647,1343.429639563435,28.615183755294414,0.011506567047158339,1,4.0052062358263845,0,0,0,0.1,0.011506567047158339,E-n51-k5,random_search,232,0.5506589355891114,0.34059266152396256,0.3080654223802037,1083.653177403366,213.42509819979864
50,1,15.54,7.980501237391045,160,63.0,0.012849584278155708,30,0.3,1165.2705883198225,1294.6451980980517,81.05646390481795,0.07483440598434443,0,4.04668972204017,0,0,0,0.1,0.07483440598434443,E-n51-k5,random_search,233,0.7987056704998293,0.4871277840779019,0.7667379149551846,1118.152592819534,47.117995500288544
50,1,15.54,7.980501237391045,160,63.0,0.012849584278155708,50,0.5,1225.5044868755886,1337.5048011844806,49.87120503629769,0.03674679900001695,3,3.9662196535473013,0,0,0,0.1,0.03674679900001695,E-n51-k5,random_search,234,0.747356086248114,0.6941938162025041,0.321320165822677,1165.055953243233,60.44853363235552
50,1,15.54,7.980501237391045,160,63.0,0.012849584278155708,5,0.05,1325.3556780159931,1394.7207360643788,42.990115005323574,0.0,1,3.8175183126988874,0,0,0,0.1,0.0,E-n51-k5,random_search,235,0.6821094562154439,0.5318314519184395,0.3118797706038802,1216.9955434328886,108.36013458310458
50,1,15.54,7.980501237391045,160,63.0,0.012849584278155708,40,0.4,1208.948098085343,1308.8861407968584,62.63296222023675,0.0,17,4.033598604428559,0,0,0,0.1,0.0,E-n51-k5,random_search,236,0.46092632621887464,0.6554612575864218,0.7390237815719198,1178.4408067656498,30.507291319693195
50,1,15.54,7.980501237391045,160,63.0,0.012849584278155708,60,0.6,1285.4492621273637,1336.2767206499054,27.828937301294385,0.014236355603809587,7,3.9225105510543417,0,0,0,0.1,0.014236355603809587,E-n51-k5,random_search,237,0.7649001201184076,0.6207521343993142,0.8397837202779621,1217.7172510003923,67.73201112697143
50,1,15.54,7.980501237391045,160,63.0,0.012849584278155708,90,0.9,1253.758137588216,1324.0686109835653,37.636733679673824,0.020543073638277985,3,3.78242894220666,0,0,0,0.1,0.020543073638277985,E-n51-k5,random_search,238,0.3648122200055016,0.6042139422282601,0.8233524278595472,1127.5684573384256,126.1896802497904
50,1,15.54,7.980501237391045,160,63.0,0.012849584278155708,90,0.9,1277.0864374127043,1333.4686509927583,29.048647600617368,0.0,19,2.1056033599972084,0,0,0,0.1,0.0,E-n51-k5,random_search,239,0.3950505248898665,0.5886661668593285,0.8413053134151247,1213.132129392017,63.95430802068722
50,1,15.54,7.980501237391045,160,63.0,0.012849584278155708,5,0.05,1294.5384879011892,1366.8940804654596,29.062602839659085,0.0,1,3.840026151673501,0,0,0,0.1,0.0,E-n51-k5,random_search,240,0.3994201073683509,0.7581049907684039,0.4923351453319093,1149.6241660874493,144.9143218137399
50,1,15.54,7.980501237391045,160,63.0,0.012849584278155708,30,0.3,1240.3129824746911,1326.2462174279133,50.95606143737647,0.0,9,3.979194337308035,0,0,0,0.1,0.0,E-n51-k5,random_search,241,0.2475146147633649,0.40047594889492655,0.5725714115725621,1200.8048345374502,39.50814793724089
50,1,15.54,7.980501237391045,160,63.0,0.012849584278155708,20,0.2,1289.5051489521447,1367.373259497733,24.604932631923784,0.0,14,3.071366936861178,0,0,0,0.1,0.0,E-n51-k5,random_search,242,0.5779103912215083,0.6594073008306165,0.3969812281556505,1231.6226930366715,57.8824559154732
50,1,15.54,7.980501237391045,160,63.0,0.012849584278155708,40,0.4,1190.6518110111133,1268.1611861288502,43.77753211220755,0.03340627539194457,4,3.5093681397015404,0,0,0,0.1,0.03340627539194457,E-n51-k5,random_search,243,0.7103333418489085,0.7816640115526581,0.9848708161527735,1153.6774235880364,36.974387423076905
50,1,15.54,7.980501237391045,160,63.0,0.012849584278155708,40,0.4,1156.6475904501735,1268.443347416826,92.76359153664517,0.0,17,3.802165769248201,0,0,0,0.1,0.0,E-n51-k5,random_search,244,0.7672546954119044,0.4344357234504392,0.4780858350055423,1150.4223347786658,6.225255671507739
50,1,15.54,7.980501237391045,160,63.0,0.012849584278155708,80,0.8,1247.026710386645,1340.205145005339,34.53347384566355,0.03001836462633408,6,4.125697546901541,0,0,0,0.1,0.03001836462633408,E-n51-k5,random_search,245,0.6296505254948912,0.6823016105550488,0.5375285410364465,1178.9303263962245,68.09638399042046
50,1,15.54,7.980501237391045,160,63.0,0.012849584278155708,80,0.8,1226.2687789485599,1338.1825862503104,48.5278915673493,0.0,12,2.6464504286981874,0,0,0,0.1,0.0,E-n51-k5,random_search,246,0.39301279549496015,0.3182698731497784,0.5532645188125007,1170.3938697181043,55.874909230455614
50,1,15.54,7.980501237391045,160,63.0,0.012849584278155708,30,0.3,1319.1039737102374,1362.3349516206024,21.89164152652716,0.0,19,4.030882460065933,0,0,0,0.1,0.0,E-n51-k5,random_search,247,0.7028681387348502,0.4565714041224417,0.6029371428794794,1174.809896823492,144.29407688674542
50,1,15.54,7.980501237391045,160,63.0,0.012849584278155708,50,0.5,1242.6991072019118,1350.3415304103353,38.9186741513998,0.0,16,3.504233253069511,0,0,0,0.1,0.0,E-n51-k5,random_search,248,0.742186449554308,0.6048043534840519,0.9326391103898537,1217.7427967805793,24.956310421332546
50,1,15.54,7.980501237391045,160,63.0,0.012849584278155708,60,0.6,1268.626558807701,1335.1744624325743,38.58567009881944,0.017237330649901267,6,3.442949158795064,0,0,0,0.1,0.017237330649901267,E-n51-k5,random_search,249,0.5477705564698255,0.7344995226523634,0.9458625779097789,1208.411939866998,60.214618940703076
50,1,15.54,7.980501237391045,160,63.0,0.012849584278155708,90,0.9,1260.3045340283045,1316.7808748967611,41.70817405090568,0.0,19,3.65272960697004,0,0,0,0.1,0.0,E-n51-k5,random_search,250,0.6520648640710772,0.3917542973232463,0.4161067637497485,1246.0982687293179,14.206265298986636
50,1,15.54,7.980501237391045,160,63.0,0.012849584278155708,30,0.3,1328.0135254076956,1361.4025802733738,18.165623450901368,0.0,19,3.141402199091419,0,0,0,0.1,0.0,E-n51-k5,random_search,251,0.5392978386074997,0.5678662633611533,0.9207114742116209,1218.5634752775436,109.45005013015202
50,1,15.54,7.980501237391045,160,63.0,0.012849584278155708,40,0.4,1305.8580485806658,1359.1585851216164,24.76924586543296,0.0,19,2.5104056452787664,0,0,0,0.1,0.0,E-n51-k5,random_search,252,0.8343071281624371,0.2010199210446769,0.7104926421956684,1235.6627210517604,70.19532752890541
50,1,15.54,7.980501237391045,160,63.0,0.012849584278155708,80,0.8,1133.0848295899814,1217.885684902933,87.82112076230302,0.0,19,3.8444785400258406,0,0,0,0.1,0.0,E-n51-k5,random_search,253,0.8119660172714553,0.469316474298151,0.7764257885465642,1133.0848295899814,0.0
50,1,15.54,7.980501237391045,160,63.0,0.012849584278155708,60,0.6,1208.6100940978752,1274.5913854121586,55.48859022521487,0.015470674727454723,4,3.862883568624678,0,0,0,0.1,0.015470674727454723,E-n51-k5,random_search,254,0.56203011392726,0.2648404120420216,0.7883839853600165,1130.7903692079153,77.81972488995984
50,1,15.54,7.980501237391045,160,63.0,0.012849584278155708,90,0.9,1147.2072270779206,1275.7411169088787,94.92892064562426,0.0,15,3.9727011321869696,0,0,0,0.1,0.0,E-n51-k5,random_search,255,0.7908210405448813,0.5660864712738511,0.32304185517946116,1141.3160451543815,5.891181923539079
50,1,15.54,7.980501237391045,160,63.0,0.012849584278155708,50,0.5,1243.547890238911,1327.882555763534,38.904358872664794,0.008938497125043675,8,4.145812477213828,0,0,0,0.1,0.008938497125043675,E-n51-k5,random_search,256,0.37708806778446935,0.5541057272761831,0.7496691534725028,1223.3278414728625,20.22004876604842
50,1,15.54,7.980501237391045,160,63.0,0.012849584278155708,10,0.1,1332.7599307432783,1382.4476652150768,26.20722212129773,0.030750277076473598,0,3.5308733854574657,0,0,0,0.1,0.030750277076473598,E-n51-k5,random_search,257,0.8982678012958557,0.3109650528758967,0.7741433648323299,1177.9897068737619,154.77022386951649
50,1,15.54,7.980501237391045,160,63.0,0.012849584278155708,90,0.9,1212.336117790714,1318.9474424475693,56.08236961035426,0.0,19,4.202400730297789,0,0,0,0.1,0.0,E-n51-k5,random_search,258,0.36593932865625667,0.44635362807092094,0.397520758556707,1176.8060545477915,35.53006324292255
50,1,15.54,7.980501237391045,160,63.0,0.012849584278155708,5,0.05,1325.0855516577208,1381.7716003395508,47.84312060656451,0.0,0,3.8865831903803554,0,0,0,0.1,0.0,E-n51-k5,random_search,259,0.813054905953341,0.7819750965274348,0.4715064771409527,1212.8054205778076,112.28013107991319
50,1,15.54,7.980501237391045,160,63.0,0.012849584278155708,70,0.7,1183.898804598304,1280.610718403748,69.30686462281727,0.0015829498630554918,0,3.9289939981882376,0,0,0,0.1,0.0015829498630554918,E-n51-k5,random_search,260,0.7797821701822433,0.5330345017766362,0.5376835186830965,1163.9157634586763,19.98304113962763
50,1,15.54,7.980501237391045,160,63.0,0.012849584278155708,30,0.3,1266.6039664684522,1333.6639494970032,49.590116398787885,0.013542314994185694,0,3.8143652940885397,0,0,0,0.1,0.013542314994185694,E-n51-k5,random_search,261,0.837824187614064,0.6254700384933815,0.4326435897507781,1191.4172162843972,75.18675018405497
50,1,15.54,7.980501237391045,160,63.0,0.012849584278155708,80,0.8,1219.768202755225,1295.291217592464,59.57440943698779,0.0,19,3.7969491921838627,0,0,0,0.1,0.0,E-n51-k5,random_search,262,0.5709757089725218,0.3828023900761247,0.4421476520425446,1217.2111581497502,2.5570446054748572
50,1,15.54,7.980501237391045,160,63.0,0.012849584278155708,10,0.1,1342.160551061581,1380.35359052576,14.36617896489267,0.029693420845633513,2,2.8911204605594687,0,0,0,0.1,0.029693420845633513,E-n51-k5,random_search,263,0.8949822970151967,0.4806260222466408,0.772829259436987,1246.501980578462,95.65857048311887
50,1,15.54,7.980501237391045,160,63.0,0.012849584278155708,50,0.5,1244.9281077095436,1326.7389267594172,41.07557627672192,0.029532102349955063,2,3.8564592057716602,0,0,0,0.1,0.029532102349955063,E-n51-k5,random_search,264,0.5275946505357959,0.6334674309972878,0.3502119131871909,1152.8429786122508,92.08512909729279
50,1,15.54,7.980501237391045,160,63.0,0.012849584278155708,30,0.3,1218.9818119048202,1288.5136522162,53.29572726185332,0.02238345183695342,0,3.5593399800541605,0,0,0,0.1,0.02238345183695342,E-n51-k5,random_search,265,0.47457523946517,0.7738962467557837,0.7128469677401579,1137.0467491183747,81.93506278644554
50,1,15.54,7.980501237391045,160,63.0,0.012849584278155708,30,0.3,1210.7242582189504,1320.1214327977923,64.84046564120442,0.003981573447976793,2,3.849330104771894,0,0,0,0.1,0.003981573447976793,E-n51-k5,random_search,266,0.1987564418514591,0.4549033127680837,0.8909658951545569,1165.1777060607533,45.54655215819707
50,1,15.54,7.980501237391045,160,63.0,0.012849584278155708,50,0.5,1205.8653634674151,1275.8436659523322,56.91108987784179,0.012205531732201631,6,3.8826216028257385,0,0,0,0.1,0.012205531732201631,E-n51-k5,random_search,267,0.8037398793147111,0.7957744264544024,0.978070903369372,1148.715672274293,57.14969119312218
50,1,15.54,7.980501237391045,160,63.0,0.012849584278155708,60,0.6,1129.8985311140054,1228.3037538386247,81.88480625615718,0.019195992059482914,6,3.806205920938455,0,0,0,0.1,0.019195992059482914,E-n51-k5,random_search,268,0.16657972861661258,0.6733327724477678,0.5840209810858064,1129.8985311140054,0.0
50,1,15.54,7.980501237391045,160,63.0,0.012849584278155708,40,0.4,1312.582144713972,1358.717648254964,22.57153627702336,0.0,16,3.7172904383152794,0,0,0,0.1,0.0,E-n51-k5,random_search,269,0.6101980600646917,0.21840446178341238,0.5342080228341677,1238.5219781026303,74.06016661134163
50,1,15.54,7.980501237391045,160,63.0,0.012849584278155708,90,0.9,1138.9652666903987,1273.481256679926,88.1878681405144,0.0,12,3.8201181691645174,0,0,0,0.1,0.0,E-n51-k5,random_search,270,0.28559535181846957,0.4372276251222468,0.7262737156587089,1095.2831764457712,43.68209024462749
50,1,15.54,7.980501237391045,160,63.0,0.012849584278155708,5,0.05,1313.076488985469,1385.0994689681186,37.62486455860608,0.0,3,1.4336972064270492,0,0,0,0.1,0.0,E-n51-k5,random_search,271,0.41585073466981726,0.4741940077829144,0.6326493716549855,1254.0342761457273,59.04221283974175
50,1,15.54,7.980501237391045,160,63.0,0.012849584278155708,80,0.8,1277.9813037288272,1331.5778214240759,26.496882905070784,0.0,19,4.109290112081591,0,0,0,0.1,0.0,E-n51-k5,random_search,272,0.5410077602652346,0.6006542284039749,0.607246798606917,1256.3046461439094,21.676657584917848
50,1,15.54,7.980501237391045,160,63.0,0.012849584278155708,10,0.1,1328.0135254076956,1377.915814847527,13.821347874295357,0.023780336796986407,1,1.5223637554073581,0,0,0,0.1,0.023780336796986407,E-n51-k5,random_search,273,0.11648276149484219,0.591154702015865,0.8097998900167078,1238.0396166202493,89.97390878744636
50,1,15.54,7.980501237391045,160,63.0,0.012849584278155708,20,0.2,1277.7442722567382,1357.5392785459637,37.92392439124665,0.02479146311378537,6,3.269308013156664,0,0,0,0.1,0.02479146311378537,E-n51-k5,random_search,274,0.49073488006368493,0.7332707923386135,0.753707505401205,1247.308034552047,30.436237704691166
50,1,15.54,7.980501237391045,160,63.0,0.012849584278155708,20,0.2,1262.896773627474,1350.0761373889923,42.40152590559547,0.0,13,3.6774259223624797,0,0,0,0.1,0.0,E-n51-k5,random_search,275,0.40857825665120007,0.46778528291920246,0.39280229804847056,1186.9248105615436,75.97196306593037
50,1,15.54,7.980501237391045,160,63.0,0.012849584278155708,30,0.3,1328.0135254076956,1358.3437645303898,21.87740558419487,0.0,19,3.356625017322074,0,0,0,0.1,0.0,E-n51-k5,random_search,276,0.8092638887027326,0.5681060063546493,0.9349667441982523,1228.1079974345762,99.90552797311943
50,1,15.54,7.980501237391045,160,63.0,0.012849584278155708,70,0.7,1197.368494514259,1281.6640795699093,60.255092884458016,0.01438767812422978,5,4.018685585358723,0,0,0,0.1,0.01438767812422978,E-n51-k5,random_search,277,0.23913201780867255,0.5867649760661404,0.6074025117365263,1134.098632625852,63.26986188840715
50,1,15.54,7.980501237391045,160,63.0,0.012849584278155708,70,0.7,1256.8351658012684,1298.8560667624365,35.36981626622045,0.002372347662411052,2,3.4314462992689667,0,0,0,0.1,0.002372347662411052,E-n51-k5,random_search,278,0.1380771273932555,0.40071566669085024,0.5913141668354863,1197.9061995106613,58.92896629060715
50,1,15.54,7.980501237391045,160,63.0,0.012849584278155708,80,0.8,1219.9009162715963,1321.9441667091298,37.15163023832751,0.04061698933372919,5,3.3741525890734057,0,0,0,0.1,0.04061698933372919,E-n51-k5,random_search,279,0.4332127936605784,0.4708774450520746,0.37601270260251635,1193.6292978687234,26.271618402872946
50,1,15.54,7.980501237391045,160,63.0,0.012849584278155708,90,0.9,1229.811110107997,1293.3761278664203,54.143126113936255,0.0,14,3.7598664185263697,0,0,0,0.1,0.0,E-n51-k5,random_search,280,0.43204244657902746,0.37292523546093803,0.913475322897692,1197.7100785221812,32.10103158581569
50,1,15.54,7.980501237391045,160,63.0,0.012849584278155708,60,0.6,1194.6775590599495,1262.8510879506775,62.532708774450185,0.0,9,3.438236614495268,0,0,0,0.1,0.0,E-n51-k5,random_search,281,0.7144284209282759,0.3137648311163898,0.3605288129890477,1158.5232947793056,36.15426428064393
50,1,15.54,7.980501237391045,160,63.0,0.012849584278155708,70,0.7,1232.7761403291652,1307.102550981063,37.99082211672218,0.0,19,2.979736673948352,0,0,0,0.1,0.0,E-n51-k5,random_search,282,0.2732536135429863,0.6110593027472369,0.795298550574321,1185.9582723002595,46.81786802890565
50,1,15.54,7.980501237391045,160,63.0,0.012849584278155708,80,0.8,1156.2107783324225,1278.0341662971337,79.51325395406998,0.0014645356082765304,5,3.8067242102011174,0,0,0,0.1,0.0014645356082765304,E-n51-k5,random_search,283,0.8047064815619527,0.41542708613400425,0.6194376612403711,1156.2107783324225,0.0
50,1,15.54,7.980501237391045,160,63.0,0.012849584278155708,20,0.2,1325.6942876321261,1357.5537959170815,22.914838658160097,0.012305587723624856,3,3.3698199710134817,0,0,0,0.1,0.012305587723624856,E-n51-k5,random_search,284,0.6038325542055821,0.3069451423912113,0.35569596209230986,1191.6829505336582,134.01133709846795
50,1,15.54,7.980501237391045,160,63.0,0.012849584278155708,60,0.6,1305.845983048972,1343.4499536454948,25.831745676217665,0.001273882017574574,3,2.836140776688329,0,0,0,0.1,0.001273882017574574,E-n51-k5,random_search,285,0.33274553334450074,0.4868086121334715,0.47854942178073845,1242.9973622163188,62.84862083265307
50,1,15.54,7.980501237391045,160,63.0,0.012849584278155708,80,0.8,1210.349291844762,1286.4192922649213,51.9241370803135,0.0,19,4.1418467889365465,0,0,0,0.1,0.0,E-n51-k5,random_search,286,0.26372131980786595,0.5791805453801231,0.36998916768388834,1162.550764563569,47.798527281193174
50,1,15.54,7.980501237391045,160,63.0,0.012849584278155708,40,0.4,1179.4612311289318,1261.2374717525188,77.70448947582918,0.0,18,3.804915948461385,0,0,0,0.1,0.0,E-n51-k5,random_search,287,0.8144760196375044,0.6370617338912851,0.4789506066856668,1145.28494857953,34.176282549401776
50,1,15.54,7.980501237391045,160,63.0,0.012849584278155708,70,0.7,1295.1045901038099,1343.3485904506933,21.94369940504376,0.0,19,3.600036318329685,0,0,0,0.1,0.0,E-n51-k5,random_search,288,0.43613981724379347,0.3564356983481829,0.8757303265426637,1214.9960128555554,80.1085772482545
50,1,15.54,7.980501237391045,160,63.0,0.012849584278155708,10,0.1,1276.8541702454813,1366.4028950509205,33.59881324146669,0.07690626055880864,1,3.4316310801608982,0,0,0,0.1,0.07690626055880864,E-n51-k5,random_search,289,0.665361887962505,0.6441220264019032,0.7928657674835051,1203.2170223373446,73.63714790813674
50,1,15.54,7.980501237391045,160,63.0,0.012849584278155708,5,0.05,1345.347469561143,1389.6270530829543,22.861981284975283,0.0,0,3.9110907469088882,0,0,0,0.1,0.0,E-n51-k5,random_search,290,0.8465888452631474,0.6762227829419378,0.8038547087499666,1184.4154078447898,160.93206171635325
50,1,15.54,7.980501237391045,160,63.0,0.012849584278155708,30,0.3,1273.9325064566644,1326.7518456292062,46.20390584139315,0.0,19,3.936730361615529,0,0,0,0.1,0.0,E-n51-k5,random_search,291,0.817008704877677,0.7555419753570092,0.988350315854325,1199.5057830597402,74.42672339692422
50,1,15.54,7.980501237391045,160,63.0,0.012849584278155708,40,0.4,1260.793931942651,1340.5365560027863,47.608606450535326,0.0,10,3.4838351639491125,0,0,0,0.1,0.0,E-n51-k5,random_search,292,0.6519651043227285,0.349924080645893,0.7214989421681197,1212.9762034398864,47.81772850276457
50,1,15.54,7.980501237391045,160,63.0,0.012849584278155708,40,0.4,1252.5293414151265,1308.3281047719777,47.3695350388676,0.0,19,3.895656233202709,0,0,0,0.1,0.0,E-n51-k5,random_search,293,0.38170804750162546,0.3893512246562766,0.47118124895534724,1219.0216640305953,33.507677384531235
50,1,15.54,7.980501237391045,160,63.0,0.012849584278155708,40,0.4,1321.1453501903168,1360.7657531317302,20.56523500384741,0.0031421045910540167,1,4.0835124617040455,0,0,0,0.1,0.0031421045910540167,E-n51-k5,random_search,294,0.8577712953468408,0.6559185986513683,0.6001699340277635,1216.4196772558605,104.72567293445627
50,1,15.54,7.980501237391045,160,63.0,0.012849584278155708,60,0.6,1218.4289656364144,1277.5619404251197,56.17054083244351,0.00425174588439507,0,3.8065917677734253,0,0,0,0.1,0.00425174588439507,E-n51-k5,random_search,295,0.6783151964528483,0.2553180083431503,0.6028153274967942,1126.630530086107,91.79843555030743
50,1,15.54,7.980501237391045,160,63.0,0.012849584278155708,20,0.2,1302.7500382869573,1362.8768796965292,24.40227052012895,0.0,12,2.5973469114441063,0,0,0,0.1,0.0,E-n51-k5,random_search,296,0.6702523927224321,0.5399985956841109,0.9412166920949918,1216.3890462175038,86.36099206945346
50,1,15.54,7.980501237391045,160,63.0,0.012849584278155708,5,0.05,1358.6464069937274,1407.7005525411355,48.904077348211764,0.0,2,2.8722487771555483,0,0,0,0.1,0.0,E-n51-k5,random_search,297,0.4141628427489997,0.2516010847289355,0.6020959176426882,1189.1205910503081,169.52581594341927
50,1,15.54,7.980501237391045,160,63.0,0.012849584278155708,30,0.3,1257.5952147134385,1354.651020992607,39.535188037417306,0.013318833604409268,8,3.110922229320422,0,0,0,0.1,0.013318833604409268,E-n51-k5,random_search,298,0.61820803778721,0.2886469576767899,0.3951483762411407,1191.6643202230293,65.93089449040917
50,1,15.54,7.980501237391045,160,63.0,0.012849584278155708,90,0.9,1158.368918780988,1232.7007784845232,68.1023177105635,0.005023960390945498,5,3.805364609438531,0,0,0,0.1,0.005023960390945498,E-n51-k5,random_search,299,0.12299797671263352,0.7276185367557209,0.46014333741694347,1120.344681132039,38.02423764894888
