n_customers,n_depots,avg_demand,demand_std,capacity,area_span,density,iteration,progress,best_fitness,avg_fitness,fitness_std,convergence_rate,stagnation_counter,population_diversity,dynamic_orders,avg_delay,load_imbalance,elite_ratio,improvement_rate,instance,algorithm,demo_id,alpha,beta,gamma,fitness_after,improvement
15,1,16.4,8.138795979750322,35,48.0,0.0069444444444444,5,0.05,452.9776839542237,483.5529621611093,13.579418389461544,0.0,2,1.95442080125178,0,0,0,0.1,0.0,P-n16-k8,random_search,0,0.7288514442215631,0.2768681796053275,0.615270156526897,410.92958652172695,42.048097432496775
15,1,16.4,8.138795979750322,35,48.0,0.0069444444444444,70,0.7,430.871814088557,447.58505444375726,8.065036385622298,0.0,19,1.813520865444567,0,0,0,0.1,0.0,P-n16-k8,random_search,1,0.7434887324903766,0.4804289609331749,0.8493344144765311,416.87437878138434,13.99743530717268
15,1,16.4,8.138795979750322,35,48.0,0.0069444444444444,20,0.2,436.84073580746445,462.9954717313857,11.081502039720988,0.008832214841841,1,2.0778847618551377,0,0,0,0.1,0.008832214841841,P-n16-k8,random_search,2,0.8836565444692742,0.6812155281641562,0.8456342785399302,422.3817897400416,14.458946067422858
15,1,16.4,8.138795979750322,35,48.0,0.0069444444444444,70,0.7,416.8743787813843,437.1738284869994,17.386016879114653,1.3635623044755166e-16,1,1.643458827279085,0,0,0,0.1,1.3635623044755166e-16,P-n16-k8,random_search,3,0.1936828527200884,0.2526254071464611,0.7605042995283695,416.8743787813843,0.0
15,1,16.4,8.138795979750322,35,48.0,0.0069444444444444,90,0.9,418.2483350718596,442.60378784397307,15.1202708468459,0.0,19,1.6027013789034936,0,0,0,0.1,0.0,P-n16-k8,random_search,4,0.8091223093789662,0.7526343183771151,0.6525430476281694,418.2483350718596,5.684341886080804e-14
15,1,16.4,8.138795979750322,35,48.0,0.0069444444444444,50,0.5,422.8939544448058,443.440938006093,13.62527240685757,0.0,11,1.6444251911938192,0,0,0,0.1,0.0,P-n16-k8,random_search,5,0.7822249037055301,0.4088188540457086,0.8973412698008416,410.92958652172695,11.964367923078782
15,1,16.4,8.138795979750322,35,48.0,0.0069444444444444,90,0.9,430.8718140885569,450.2798238095244,8.981126802944734,0.0,19,1.986789435036624,0,0,0,0.1,0.0,P-n16-k8,random_search,6,0.6692464332774223,0.2902724069344845,0.3331618140038372,416.8743787813843,13.997435307172625
15,1,16.4,8.138795979750322,35,48.0,0.0069444444444444,90,0.9,416.8743787813842,444.2850319976736,12.42149302555375,0.0,14,1.5604332873390143,0,0,0,0.1,0.0,P-n16-k8,random_search,7,0.3026043795201579,0.2961872149893548,0.896353210456359,410.929586521727,5.94479225965722
15,1,16.4,8.138795979750322,35,48.0,0.0069444444444444,10,0.1,456.2658659936672,476.9550835489334,9.93175165397713,0.021145333275134,2,1.9808124948082952,0,0,0,0.1,0.021145333275134,P-n16-k8,random_search,8,0.6303277713680762,0.211859867205615,0.5285827898702459,418.2483350718597,38.01753092180752
15,1,16.4,8.138795979750322,35,48.0,0.0069444444444444,90,0.9,410.9295865217269,437.2853607698801,14.129185845145582,0.0,13,1.286855896997609,0,0,0,0.1,0.0,P-n16-k8,random_search,9,0.6959932206237508,0.6588003371371999,0.8338130643738484,410.9295865217269,0.0
15,1,16.4,8.138795979750322,35,48.0,0.0069444444444444,50,0.5,422.1814173187507,451.9379420541046,11.87222300385742,0.0224224866479139,3,2.07443573345465,0,0,0,0.1,0.0224224866479139,P-n16-k8,random_search,10,0.4694543291597987,0.5952520458900206,0.6880793163658345,410.92958652172695,11.251830797023729
15,1,16.4,8.138795979750322,35,48.0,0.0069444444444444,5,0.05,449.67952985928,477.1640397156564,15.068584820853212,0.0,1,1.8793655157386648,0,0,0,0.1,0.0,P-n16-k8,random_search,11,0.7238958750978494,0.4676437357521357,0.9514791419812344,410.929586521727,38.74994333755302
15,1,16.4,8.138795979750322,35,48.0,0.0069444444444444,30,0.3,430.12005820355176,455.7397449728999,10.724093704437909,0.0,13,1.887046321848542,0,0,0,0.1,0.0,P-n16-k8,random_search,12,0.2018209586632314,0.5301438151449547,0.793519737566935,410.929586521727,19.19047168182476
15,1,16.4,8.138795979750322,35,48.0,0.0069444444444444,90,0.9,410.929586521727,435.0854062735883,16.356323249593306,0.0,19,1.0872241133393306,0,0,0,0.1,0.0,P-n16-k8,random_search,13,0.112644444352107,0.4863203799697548,0.6460201734742324,410.929586521727,0.0
15,1,16.4,8.138795979750322,35,48.0,0.0069444444444444,60,0.6,416.8743787813843,438.8304663398333,13.827196684237752,0.0032850251280474,7,1.3964930969800615,0,0,0,0.1,0.0032850251280474,P-n16-k8,random_search,14,0.5661154794516301,0.4370611025287345,0.8508239670150193,416.8743787813843,0.0
15,1,16.4,8.138795979750322,35,48.0,0.0069444444444444,50,0.5,416.8743787813843,445.6504077355604,15.170686053233707,0.0,9,1.6761610279291277,0,0,0,0.1,0.0,P-n16-k8,random_search,15,0.4527701054384294,0.6457437859148494,0.4659434538892642,410.92958652172695,5.9447922596573335
15,1,16.4,8.138795979750322,35,48.0,0.0069444444444444,30,0.3,424.15648897928105,451.5592312341875,12.25268110968116,0.0,11,1.8662610376718975,0,0,0,0.1,0.0,P-n16-k8,random_search,16,0.8615430320647264,0.2072311178095551,0.8341135077437236,416.8743787813844,7.282110197896657
15,1,16.4,8.138795979750322,35,48.0,0.0069444444444444,5,0.05,442.3991537419701,474.9357861221824,14.313549052418548,0.0,3,1.6343778343779638,0,0,0,0.1,0.0,P-n16-k8,random_search,17,0.3516652552286741,0.6643636631825938,0.8353296815528539,416.8743787813843,25.52477496058583
15,1,16.4,8.138795979750322,35,48.0,0.0069444444444444,70,0.7,422.89395444480584,448.23358695482375,10.68230484470624,0.0193380979281217,0,1.2597557552506633,0,0,0,0.1,0.0193380979281217,P-n16-k8,random_search,18,0.6744498693074004,0.465593609096155,0.4094039253726825,410.929586521727,11.96436792307884
15,1,16.4,8.138795979750322,35,48.0,0.0069444444444444,50,0.5,429.70053829017434,446.74546551006034,11.75450794782462,0.0020959169482097,7,1.6067557258134078,0,0,0,0.1,0.0020959169482097,P-n16-k8,random_search,19,0.1991407142028119,0.5331533719400336,0.7175115695521913,416.87437878138434,12.82615950879
15,1,16.4,8.138795979750322,35,48.0,0.0069444444444444,50,0.5,410.929586521727,441.45905810694256,16.70196862463431,0.0,9,1.378032851576999,0,0,0,0.1,0.0,P-n16-k8,random_search,20,0.8655772677046236,0.5525130683173246,0.7650414079039777,410.92958652172695,5.684341886080804e-14
15,1,16.4,8.138795979750322,35,48.0,0.0069444444444444,60,0.6,422.1814173187507,443.8372670885311,15.64123227847061,0.0,9,1.4781159536330886,0,0,0,0.1,0.0,P-n16-k8,random_search,21,0.4709757823972742,0.2185968730886807,0.7323686223875472,418.2483350718596,3.933082246891047
15,1,16.4,8.138795979750322,35,48.0,0.0069444444444444,10,0.1,443.9288748878922,471.2461888334481,13.921136607031949,0.061812091007599,3,2.082338569740297,0,0,0,0.1,0.061812091007599,P-n16-k8,random_search,22,0.691337857541378,0.3432711976152099,0.7699824669211223,418.24833507185974,25.68053981603248
15,1,16.4,8.138795979750322,35,48.0,0.0069444444444444,40,0.4,422.89395444480584,447.3145405514597,13.618483766574744,0.0,19,1.445505517809896,0,0,0,0.1,0.0,P-n16-k8,random_search,23,0.1193834832700679,0.7648201407621482,0.3758156848322957,410.9295865217269,11.964367923078951
15,1,16.4,8.138795979750322,35,48.0,0.0069444444444444,50,0.5,422.8939544448058,450.5447851849073,14.086237335661826,0.0,19,1.6227768288108548,0,0,0,0.1,0.0,P-n16-k8,random_search,24,0.6206498120352278,0.2769092439096824,0.9514159896138328,410.9295865217269,11.964367923078896
15,1,16.4,8.138795979750322,35,48.0,0.0069444444444444,60,0.6,424.9049139308224,453.3287441464022,11.55684766730358,0.0,11,1.7154834422115617,0,0,0,0.1,0.0,P-n16-k8,random_search,25,0.6585521957741729,0.3671636315800706,0.7962611633151325,424.9049139308224,0.0
15,1,16.4,8.138795979750322,35,48.0,0.0069444444444444,60,0.6,422.3817897400416,446.0357688054402,15.998604528269984,0.0,19,1.358693758399896,0,0,0,0.1,0.0,P-n16-k8,random_search,26,0.3830869114586671,0.2742723986702826,0.4302971278729671,410.92958652172695,11.45220321831465
15,1,16.4,8.138795979750322,35,48.0,0.0069444444444444,5,0.05,445.123448518576,474.19119902553047,13.43339841189705,0.0,0,1.8955102987731824,0,0,0,0.1,0.0,P-n16-k8,random_search,27,0.7050353773627605,0.4981877362760767,0.6354558290222843,410.9295865217269,34.19386199684908
15,1,16.4,8.138795979750322,35,48.0,0.0069444444444444,30,0.3,422.38178974004165,454.0567321796686,16.91167579715481,0.0310802302204748,4,1.762861746440593,0,0,0,0.1,0.0310802302204748,P-n16-k8,random_search,28,0.6183707007166307,0.2412964491897474,0.8840959265058095,422.3817897400416,5.684341886080804e-14
15,1,16.4,8.138795979750322,35,48.0,0.0069444444444444,50,0.5,435.8788033595424,452.6451540865668,8.599849886131484,0.0,19,1.6423385070428378,0,0,0,0.1,0.0,P-n16-k8,random_search,29,0.1589696552893215,0.6594434645090366,0.8544162699808411,410.92958652172695,24.94921683781547
15,1,16.4,8.138795979750322,35,48.0,0.0069444444444444,50,0.5,416.8743787813844,443.59110328054624,15.862413685741087,0.0,19,1.838207837693164,0,0,0,0.1,0.0,P-n16-k8,random_search,30,0.6141837846328764,0.3138608823264609,0.3744720781086854,416.8743787813843,1.1368683772161605e-13
15,1,16.4,8.138795979750322,35,48.0,0.0069444444444444,60,0.6,410.929586521727,441.3778223210573,14.447485659905809,0.0,19,1.6267439549543616,0,0,0,0.1,0.0,P-n16-k8,random_search,31,0.3040139701627414,0.6348417310707754,0.8570565033637187,410.929586521727,0.0
15,1,16.4,8.138795979750322,35,48.0,0.0069444444444444,30,0.3,410.92958652172695,445.600147186398,17.671464341831545,0.0142603924881013,5,1.721082904185359,0,0,0,0.1,0.0142603924881013,P-n16-k8,random_search,32,0.4500290854172036,0.6237464670099482,0.3570097368685725,410.92958652172695,0.0
15,1,16.4,8.138795979750322,35,48.0,0.0069444444444444,80,0.8,410.9295865217269,443.35232789085546,20.18059802829746,0.0,19,1.5805246920463767,0,0,0,0.1,0.0,P-n16-k8,random_search,33,0.4605547550939093,0.4216826277087517,0.4919416816053799,410.9295865217268,5.684341886080804e-14
15,1,16.4,8.138795979750322,35,48.0,0.0069444444444444,10,0.1,418.2483350718597,457.9115706024055,16.464017010308424,0.1027066341169477,1,1.7774687702314438,0,0,0,0.1,0.1027066341169477,P-n16-k8,random_search,34,0.2520487092865049,0.2369743990265672,0.6141644686405523,410.92958652172706,7.318748550132625
15,1,16.4,8.138795979750322,35,48.0,0.0069444444444444,60,0.6,416.8743787813842,437.0054616281388,19.217418367840075,0.0,19,1.590701687575384,0,0,0,0.1,0.0,P-n16-k8,random_search,35,0.167475915550649,0.2391663406871959,0.3524451873816281,410.929586521727,5.94479225965722
15,1,16.4,8.138795979750322,35,48.0,0.0069444444444444,70,0.7,418.2483350718596,448.5718935803563,16.11649673771174,0.0,19,1.7735207605378511,0,0,0,0.1,0.0,P-n16-k8,random_search,36,0.7492773956773304,0.2764560026435598,0.3872271778556784,418.2483350718596,0.0
15,1,16.4,8.138795979750322,35,48.0,0.0069444444444444,50,0.5,422.89395444480584,451.94025773258545,14.46682787063671,0.0,19,1.9394808083468624,0,0,0,0.1,0.0,P-n16-k8,random_search,37,0.2931912484974351,0.7186702291572713,0.4961406337169982,416.8743787813843,6.019575663421563
15,1,16.4,8.138795979750322,35,48.0,0.0069444444444444,50,0.5,428.1262095784079,448.5972368881978,13.535383139993774,0.0,19,1.764524242757337,0,0,0,0.1,0.0,P-n16-k8,random_search,38,0.4827947505131879,0.5149462279729482,0.8430080698155944,416.8743787813843,11.251830797023617
15,1,16.4,8.138795979750322,35,48.0,0.0069444444444444,5,0.05,459.8869736745983,478.8697304916335,15.752295087043231,0.0,3,1.9585497871590576,0,0,0,0.1,0.0,P-n16-k8,random_search,39,0.4928654611956643,0.2100955635516948,0.4919608756732595,422.8939544448058,36.99301922979254
15,1,16.4,8.138795979750322,35,48.0,0.0069444444444444,30,0.3,430.6030465133126,454.8713318026085,11.688955599840831,0.0106734833143844,3,1.431252878984543,0,0,0,0.1,0.0106734833143844,P-n16-k8,random_search,40,0.2439091717620222,0.7270297263121375,0.7971168583490874,418.2483350718596,12.354711441452991
15,1,16.4,8.138795979750322,35,48.0,0.0069444444444444,70,0.7,410.92958652172695,429.8848654734037,17.108223366691792,0.0,19,1.4612410094753523,0,0,0,0.1,0.0,P-n16-k8,random_search,41,0.1426807858761455,0.5571294131099898,0.9886743501621242,410.92958652172695,0.0
15,1,16.4,8.138795979750322,35,48.0,0.0069444444444444,70,0.7,416.87437878138434,443.4041250003664,10.920066022196933,0.0,19,1.7278439759589903,0,0,0,0.1,0.0,P-n16-k8,random_search,42,0.8488380162678586,0.2700222150073156,0.94847414391519,410.929586521727,5.9447922596573335
15,1,16.4,8.138795979750322,35,48.0,0.0069444444444444,10,0.1,446.1436147697742,472.5093130668457,14.100634737082128,0.0754337960797336,6,1.906775429595356,0,0,0,0.1,0.0754337960797336,P-n16-k8,random_search,43,0.3342774714037669,0.2736040817671905,0.3716592310105859,423.9144354364636,22.22917933331064
15,1,16.4,8.138795979750322,35,48.0,0.0069444444444444,70,0.7,410.92958652172695,445.1525903747781,16.301936768513624,0.0,19,1.7286249225104229,0,0,0,0.1,0.0,P-n16-k8,random_search,44,0.3683567407594088,0.2073540811190163,0.742560675961824,410.92958652172695,0.0
15,1,16.4,8.138795979750322,35,48.0,0.0069444444444444,70,0.7,422.38178974004165,446.1697715631952,13.287810505034564,0.0,19,1.5748042333769583,0,0,0,0.1,0.0,P-n16-k8,random_search,45,0.7716892716313715,0.6512990401186642,0.508512389850174,422.3817897400416,5.684341886080804e-14
15,1,16.4,8.138795979750322,35,48.0,0.0069444444444444,40,0.4,434.3141441130358,461.8701574595825,11.348285517009192,0.0,13,1.9968966427868189,0,0,0,0.1,0.0,P-n16-k8,random_search,46,0.2438173662359294,0.4524403226990059,0.3497906750779146,430.8718140885569,3.442330024478906
15,1,16.4,8.138795979750322,35,48.0,0.0069444444444444,50,0.5,422.38178974004165,455.73550778558047,12.135941538835946,0.0275456976238654,3,2.046057403440355,0,0,0,0.1,0.0275456976238654,P-n16-k8,random_search,47,0.5901937253602617,0.6008210264560566,0.939842406228516,422.38178974004154,1.1368683772161605e-13
15,1,16.4,8.138795979750322,35,48.0,0.0069444444444444,50,0.5,418.24833507185974,442.1607165051728,14.4181727614122,0.0,16,1.5515582548576716,0,0,0,0.1,0.0,P-n16-k8,random_search,48,0.664211639925629,0.6982081043681367,0.343786250394106,416.87437878138434,1.3739562904754052
15,1,16.4,8.138795979750322,35,48.0,0.0069444444444444,20,0.2,435.9306135699518,454.5671031919163,8.848893245614736,0.0256519736769387,0,1.721516144282992,0,0,0,0.1,0.0256519736769387,P-n16-k8,random_search,49,0.7080550166567124,0.6219436381436837,0.3070962983984897,410.92958652172695,25.001027048224785
15,1,16.4,8.138795979750322,35,48.0,0.0069444444444444,10,0.1,425.81419776609897,475.13360209059175,16.390429672577845,0.1035785787382195,3,1.9837982992583971,0,0,0,0.1,0.1035785787382195,P-n16-k8,random_search,50,0.1995540222636515,0.2123805728195284,0.9958633288369813,410.929586521727,14.884611244371968
15,1,16.4,8.138795979750322,35,48.0,0.0069444444444444,80,0.8,410.929586521727,443.07227383598064,14.331711418608965,0.0,19,1.4518707434213456,0,0,0,0.1,0.0,P-n16-k8,random_search,51,0.2243197329856585,0.5200328005009685,0.7869323864679005,410.9295865217269,1.1368683772161605e-13
15,1,16.4,8.138795979750322,35,48.0,0.0069444444444444,10,0.1,427.58258556060025,464.355819002188,19.829723407698857,0.1025999671001208,5,1.6247176484600494,0,0,0,0.1,0.1025999671001208,P-n16-k8,random_search,52,0.2681321299938493,0.5938502741964402,0.824945513050531,410.92958652172695,16.652999038873304
15,1,16.4,8.138795979750322,35,48.0,0.0069444444444444,5,0.05,455.9918334621981,480.871594395981,12.208362459018115,0.0,1,2.214562737501164,0,0,0,0.1,0.0,P-n16-k8,random_search,53,0.8287083224764781,0.7027878189404406,0.8689613239980944,422.3817897400415,33.610043722156604
15,1,16.4,8.138795979750322,35,48.0,0.0069444444444444,20,0.2,439.5960379205411,459.9149968006245,12.344539347857983,0.0013591450669555,5,1.9333934326349076,0,0,0,0.1,0.0013591450669555,P-n16-k8,random_search,54,0.2373100101030794,0.2737667938412728,0.7109457893441613,422.3817897400416,17.214248180499567
15,1,16.4,8.138795979750322,35,48.0,0.0069444444444444,5,0.05,454.1024270565858,476.90035160331934,15.437866256556427,0.0,4,1.5303715185273703,0,0,0,0.1,0.0,P-n16-k8,random_search,55,0.6355606348495548,0.5150568775137081,0.664643953462067,418.2483350718597,35.8540919847261
15,1,16.4,8.138795979750322,35,48.0,0.0069444444444444,70,0.7,431.2331839865964,451.42273126304246,7.458433156242653,0.0,19,2.000288644478008,0,0,0,0.1,0.0,P-n16-k8,random_search,56,0.4309282165549756,0.3460131523521662,0.3307801677560616,422.3817897400416,8.851394246554776
15,1,16.4,8.138795979750322,35,48.0,0.0069444444444444,40,0.4,432.91221566914857,449.4896216346845,8.209230621832598,0.0,19,1.820596644491098,0,0,0,0.1,0.0,P-n16-k8,random_search,57,0.7131596649787347,0.3901130514679544,0.7404385571807159,410.92958652172695,21.98262914742162
15,1,16.4,8.138795979750322,35,48.0,0.0069444444444444,50,0.5,410.92958652172706,453.4362780590677,16.057420804956088,0.0311840153368416,4,1.9598109304583775,0,0,0,0.1,0.0311840153368416,P-n16-k8,random_search,58,0.2023536380253928,0.3545914948086642,0.9348686562697937,410.929586521727,5.684341886080804e-14
15,1,16.4,8.138795979750322,35,48.0,0.0069444444444444,5,0.05,433.0675066134995,475.2832355078487,18.373626629017597,0.0,2,1.8214934036093795,0,0,0,0.1,0.0,P-n16-k8,random_search,59,0.8663358662149881,0.5506354684331681,0.7753793566004474,422.38178974004165,10.685716873457864
15,1,16.4,8.138795979750322,35,48.0,0.0069444444444444,90,0.9,425.3420020630574,445.4096838726388,11.171115177049629,0.0,19,2.101932671506054,0,0,0,0.1,0.0,P-n16-k8,random_search,60,0.3136730213099303,0.6973585888924796,0.4011159796634912,410.92958652172706,14.412415541330349
15,1,16.4,8.138795979750322,35,48.0,0.0069444444444444,30,0.3,442.50779079225265,461.5819989317544,9.050907659474332,0.0112739903722514,2,1.9540234979250897,0,0,0,0.1,0.0112739903722514,P-n16-k8,random_search,61,0.4119312261148348,0.3916482355421346,0.9999025937455212,410.9295865217269,31.57820427052576
15,1,16.4,8.138795979750322,35,48.0,0.0069444444444444,90,0.9,422.1814173187506,443.56575086164105,10.78571563958034,0.0,19,1.575031951240311,0,0,0,0.1,0.0,P-n16-k8,random_search,62,0.3827798974445987,0.4765141257758614,0.5711146237244518,410.92958652172695,11.251830797023672
15,1,16.4,8.138795979750322,35,48.0,0.0069444444444444,80,0.8,422.38178974004165,448.2108143907021,15.4783770542315,0.0,19,1.7447817898316098,0,0,0,0.1,0.0,P-n16-k8,random_search,63,0.3350242334120568,0.6108991236205841,0.8083459663967696,410.92958652172695,11.452203218314708
15,1,16.4,8.138795979750322,35,48.0,0.0069444444444444,70,0.7,416.8743787813842,433.8593344305915,16.09206465782296,0.0,9,1.2319440423912489,0,0,0,0.1,0.0,P-n16-k8,random_search,64,0.2886169383791669,0.3642132313751508,0.3316996575641456,416.8743787813842,0.0
15,1,16.4,8.138795979750322,35,48.0,0.0069444444444444,40,0.4,416.87437878138434,444.78956515247,17.65515658342048,0.0166072586035648,4,1.578660623337509,0,0,0,0.1,0.0166072586035648,P-n16-k8,random_search,65,0.5283952752274746,0.7464647838089586,0.3721971969111907,410.92958652172695,5.94479225965739
15,1,16.4,8.138795979750322,35,48.0,0.0069444444444444,5,0.05,442.91821928719577,475.3136452744563,15.91022704385392,0.0,4,1.516976313467383,0,0,0,0.1,0.0,P-n16-k8,random_search,66,0.4284969270274528,0.7041593282383289,0.6204480581494636,424.156488979281,18.761730307914775
15,1,16.4,8.138795979750322,35,48.0,0.0069444444444444,5,0.05,465.2871164497821,483.605454317692,11.902917128297709,0.0,2,2.0411224276287596,0,0,0,0.1,0.0,P-n16-k8,random_search,67,0.8877551478889759,0.4932122908201817,0.3061767480631403,416.87437878138434,48.41273766839777
15,1,16.4,8.138795979750322,35,48.0,0.0069444444444444,80,0.8,416.87437878138434,439.3234375144435,8.56267875717758,0.0324863099638548,0,1.4924594837740164,0,0,0,0.1,0.0324863099638548,P-n16-k8,random_search,68,0.3623710683246376,0.7525287118424984,0.4875768121197618,416.8743787813843,5.684341886080804e-14
15,1,16.4,8.138795979750322,35,48.0,0.0069444444444444,90,0.9,410.9295865217269,426.8538570822142,15.84038978635308,0.0,19,1.1829302785596765,0,0,0,0.1,0.0,P-n16-k8,random_search,69,0.5378015312380743,0.7512466527092929,0.9092362570262648,410.9295865217269,0.0
15,1,16.4,8.138795979750322,35,48.0,0.0069444444444444,60,0.6,422.1814173187506,450.1579245047813,14.016826678849345,0.010327800348992,6,1.9036327711193912,0,0,0,0.1,0.010327800348992,P-n16-k8,random_search,70,0.2377368862156973,0.6584818397252125,0.5154544053308955,410.92958652172695,11.251830797023672
15,1,16.4,8.138795979750322,35,48.0,0.0069444444444444,70,0.7,410.92958652172706,443.98255868640615,16.29552130962524,0.0174985718684891,4,1.526097542119518,0,0,0,0.1,0.0174985718684891,P-n16-k8,random_search,71,0.6421389861684322,0.64221314739532,0.5099765027477842,410.92958652172706,0.0
15,1,16.4,8.138795979750322,35,48.0,0.0069444444444444,5,0.05,464.586480416725,479.7771530176603,10.772728492956972,0.0,1,2.028079339839737,0,0,0,0.1,0.0,P-n16-k8,random_search,72,0.4140280055179366,0.3158199268697674,0.7168775176486266,410.929586521727,53.65689389499801
15,1,16.4,8.138795979750322,35,48.0,0.0069444444444444,70,0.7,416.87437878138434,446.46854653193503,11.345118039180216,0.0,19,1.647467572545556,0,0,0,0.1,0.0,P-n16-k8,random_search,73,0.5802089183750974,0.28139249482145,0.5861930631822188,416.87437878138434,0.0
15,1,16.4,8.138795979750322,35,48.0,0.0069444444444444,90,0.9,424.8631887835213,443.1458837846547,12.299684245850514,0.0,15,1.9168441089602464,0,0,0,0.1,0.0,P-n16-k8,random_search,74,0.6977822776262782,0.2041975650856238,0.5411424558496776,410.92958652172695,13.933602261794364
15,1,16.4,8.138795979750322,35,48.0,0.0069444444444444,20,0.2,432.60669962995024,464.2827922257867,14.838699742393612,0.0461233487208106,5,1.805025825573649,0,0,0,0.1,0.0461233487208106,P-n16-k8,random_search,75,0.7293565590894001,0.7017309855123421,0.9497622572716312,410.929586521727,21.67711310822324
15,1,16.4,8.138795979750322,35,48.0,0.0069444444444444,20,0.2,433.449214526472,448.45293504639983,13.199822231654707,0.0039457371589862,0,1.1450312164236605,0,0,0,0.1,0.0039457371589862,P-n16-k8,random_search,76,0.192770320133466,0.383073837856465,0.5524593076063704,410.929586521727,22.51962800474496
15,1,16.4,8.138795979750322,35,48.0,0.0069444444444444,20,0.2,433.8730132803248,461.72855188529695,13.822923994364736,0.0332620048681543,1,2.03456281444929,0,0,0,0.1,0.0332620048681543,P-n16-k8,random_search,77,0.5055990544014098,0.4082115734497081,0.8088192595581745,422.3817897400417,11.491223540283102
15,1,16.4,8.138795979750322,35,48.0,0.0069444444444444,90,0.9,410.9295865217269,432.18429724556734,15.009221696754974,0.0,19,1.6954898751784695,0,0,0,0.1,0.0,P-n16-k8,random_search,78,0.6318069352185747,0.597321580578965,0.6676153214415947,410.9295865217269,0.0
15,1,16.4,8.138795979750322,35,48.0,0.0069444444444444,60,0.6,418.2483350718596,443.63212082084794,12.691310739730032,0.0,9,1.4632070904165937,0,0,0,0.1,0.0,P-n16-k8,random_search,79,0.6158413222675997,0.2146144842704044,0.699853354133594,410.92958652172706,7.318748550132568
15,1,16.4,8.138795979750322,35,48.0,0.0069444444444444,80,0.8,436.31837347061247,450.068956820504,9.313277566891394,0.0,19,1.7035097344668797,0,0,0,0.1,0.0,P-n16-k8,random_search,80,0.1615745347002432,0.5538531433283638,0.316986891895143,410.92958652172695,25.388786948885524
15,1,16.4,8.138795979750322,35,48.0,0.0069444444444444,70,0.7,416.8743787813843,440.9204856626488,14.172875501051646,0.0,19,1.5678587915551183,0,0,0,0.1,0.0,P-n16-k8,random_search,81,0.1301517565720401,0.6420018016389724,0.5043604555660026,416.8743787813843,0.0
15,1,16.4,8.138795979750322,35,48.0,0.0069444444444444,60,0.6,418.2483350718597,442.08953567889023,15.51631299633468,0.0,19,1.980995351580772,0,0,0,0.1,0.0,P-n16-k8,random_search,82,0.3443534227941911,0.5385582270650203,0.589010270895604,416.87437878138434,1.3739562904753484
15,1,16.4,8.138795979750322,35,48.0,0.0069444444444444,10,0.1,442.698149541612,475.7997675984572,14.3427185310525,0.0784465657865182,0,1.9812084170320283,0,0,0,0.1,0.0784465657865182,P-n16-k8,random_search,83,0.7502538265570933,0.2421982747205684,0.7005906433094182,410.92958652172695,31.76856301988505
15,1,16.4,8.138795979750322,35,48.0,0.0069444444444444,30,0.3,424.156488979281,451.2675813237736,14.844122975875688,1.3401520508995742e-16,8,2.1887177220616336,0,0,0,0.1,1.3401520508995742e-16,P-n16-k8,random_search,84,0.1393324204313732,0.2267683830170395,0.3621683174098055,416.8743787813843,7.2821101978967135
15,1,16.4,8.138795979750322,35,48.0,0.0069444444444444,5,0.05,424.15648897928094,475.29551500716786,17.60503372134455,0.0,0,1.7514341201128591,0,0,0,0.1,0.0,P-n16-k8,random_search,85,0.8281284253568149,0.3894876632696507,0.7841083886314062,410.92958652172695,13.22690245755399
15,1,16.4,8.138795979750322,35,48.0,0.0069444444444444,70,0.7,422.8939544448058,439.63473897541934,11.075147880579271,0.0,19,1.589120426664831,0,0,0,0.1,0.0,P-n16-k8,random_search,86,0.2881379886791343,0.2117316497215607,0.3779608266624908,410.92958652172695,11.96436792307884
15,1,16.4,8.138795979750322,35,48.0,0.0069444444444444,60,0.6,424.193127331517,445.96371173458135,11.746566707880747,0.0,10,1.511340220734256,0,0,0,0.1,0.0,P-n16-k8,random_search,87,0.3025780996265868,0.4700203735422596,0.9650617276084884,410.92958652172695,13.263540809790072
15,1,16.4,8.138795979750322,35,48.0,0.0069444444444444,80,0.8,424.15648897928094,451.9318207457219,13.831190908920576,0.0027871996605697,4,1.815939726852716,0,0,0,0.1,0.0027871996605697,P-n16-k8,random_search,88,0.7666995155774953,0.6716728458939523,0.9839331604335152,416.8743787813843,7.282110197896657
15,1,16.4,8.138795979750322,35,48.0,0.0069444444444444,40,0.4,439.6158778653371,453.2632391410072,9.712019817115056,0.0,19,1.8003086919045446,0,0,0,0.1,0.0,P-n16-k8,random_search,89,0.3120010689125297,0.413028027634813,0.9700823509329756,418.2483350718597,21.36754279347747
15,1,16.4,8.138795979750322,35,48.0,0.0069444444444444,60,0.6,422.89395444480584,447.2090322839682,13.59913549404376,0.0,10,1.7307704709028433,0,0,0,0.1,0.0,P-n16-k8,random_search,90,0.46375070690086,0.2882366753508405,0.8726582473705471,410.92958652172695,11.964367923078896
15,1,16.4,8.138795979750322,35,48.0,0.0069444444444444,90,0.9,422.38178974004165,437.3910341207808,11.081997657905848,0.0,19,1.5402653017103771,0,0,0,0.1,0.0,P-n16-k8,random_search,91,0.422807702602604,0.2818065218466124,0.780349016025313,410.92958652172695,11.452203218314708
15,1,16.4,8.138795979750322,35,48.0,0.0069444444444444,10,0.1,438.1539242864536,460.7444534206321,13.915831675687748,0.0591063067878726,6,1.8637422417069904,0,0,0,0.1,0.0591063067878726,P-n16-k8,random_search,92,0.4832272414793545,0.3023248624142603,0.528816234050281,410.92958652172695,27.22433776472667
15,1,16.4,8.138795979750322,35,48.0,0.0069444444444444,70,0.7,418.24833507185974,446.15600214911535,10.740421020962604,0.0218447251528135,7,1.3479995929318085,0,0,0,0.1,0.0218447251528135,P-n16-k8,random_search,93,0.6539646564398847,0.3486364614424949,0.5459831055838537,410.92958652172695,7.318748550132796
15,1,16.4,8.138795979750322,35,48.0,0.0069444444444444,40,0.4,416.8743787813843,452.26819119372465,18.018443309645583,0.0,19,1.7363769582695698,0,0,0,0.1,0.0,P-n16-k8,random_search,94,0.4682158779310041,0.7295666593064827,0.514286306265771,410.92958652172695,5.9447922596573335
15,1,16.4,8.138795979750322,35,48.0,0.0069444444444444,5,0.05,466.9345392429807,478.981817718839,8.509798771572099,0.0,2,1.8638032579581296,0,0,0,0.1,0.0,P-n16-k8,random_search,95,0.599250480992536,0.27435904793181,0.7892757475496707,410.9295865217269,56.0049527212538
15,1,16.4,8.138795979750322,35,48.0,0.0069444444444444,10,0.1,442.9644705720283,463.886719028172,9.813125318335398,0.0470522410503125,1,1.7065177572532355,0,0,0,0.1,0.0470522410503125,P-n16-k8,random_search,96,0.6368544793447004,0.6067046244066826,0.6598206119196787,418.2483350718596,24.71613550016866
15,1,16.4,8.138795979750322,35,48.0,0.0069444444444444,40,0.4,422.1814173187506,452.7152271295425,14.026472230759738,0.0,18,1.6568075643910576,0,0,0,0.1,0.0,P-n16-k8,random_search,97,0.2599708423356694,0.3578063879536485,0.5147568765871274,410.92958652172706,11.251830797023558
15,1,16.4,8.138795979750322,35,48.0,0.0069444444444444,70,0.7,422.38178974004154,433.9337453283865,15.002130315308444,0.0,9,1.0544692550751071,0,0,0,0.1,0.0,P-n16-k8,random_search,98,0.5942750741207862,0.6876992118398919,0.5835512557346365,410.9295865217268,11.452203218314708
15,1,16.4,8.138795979750322,35,48.0,0.0069444444444444,80,0.8,418.2483350718597,442.6313101416148,12.96494062590376,0.0218302868357006,5,1.942671554358912,0,0,0,0.1,0.0218302868357006,P-n16-k8,random_search,99,0.7308153263122689,0.5576203276336466,0.3979639405412097,418.2483350718597,0.0
21,1,1071.428571428571,615.0051158462073,6000,82.0,0.0032718619869125,30,0.3,478.1682998841469,534.2192975209139,30.77332769795093,0.0432038588357418,0,2.4983816096162665,0,0,0,0.1,0.0432038588357418,E-n22-k4,random_search,0,0.2374039973926534,0.631554589531722,0.3492843777781452,472.0285668091672,6.139733074979688
21,1,1071.428571428571,615.0051158462073,6000,82.0,0.0032718619869125,50,0.5,457.2559750609098,520.2643880587212,36.33523000858987,0.0690705846713148,1,2.422330421787409,0,0,0,0.1,0.0690705846713148,E-n22-k4,random_search,1,0.4427339693095127,0.4059359617294099,0.9898775235096016,453.59887627219894,3.657098788710869
21,1,1071.428571428571,615.0051158462073,6000,82.0,0.0032718619869125,5,0.05,542.9351075903157,591.1049042280013,26.01146781146476,0.0,3,1.9273852072852171,0,0,0,0.1,0.0,E-n22-k4,random_search,2,0.4052884335633349,0.3126054902140815,0.7099430188014004,464.53456294310513,78.40054464721061
21,1,1071.428571428571,615.0051158462073,6000,82.0,0.0032718619869125,70,0.7,487.8224624324868,520.37889246808,31.52175815708225,0.0,19,2.590410121293614,0,0,0,0.1,0.0,E-n22-k4,random_search,3,0.2728788174141001,0.2193608794993132,0.7178017818166627,473.45194315668414,14.370519275802678
21,1,1071.428571428571,615.0051158462073,6000,82.0,0.0032718619869125,20,0.2,533.7340132525304,560.6439903109789,13.1166211598935,0.0,15,2.7422192964881567,0,0,0,0.1,0.0,E-n22-k4,random_search,4,0.4322379684991161,0.7369455691493401,0.3947593218514901,483.1539719762141,50.58004127631631
21,1,1071.428571428571,615.0051158462073,6000,82.0,0.0032718619869125,30,0.3,525.5864680004372,549.7933153543744,12.026407663123091,0.0,19,2.276048235940107,0,0,0,0.1,0.0,E-n22-k4,random_search,5,0.5105782358726308,0.2914700408451558,0.480877384884716,477.7763616003377,47.81010640009953
21,1,1071.428571428571,615.0051158462073,6000,82.0,0.0032718619869125,20,0.2,487.0724991135939,540.6545712526133,25.017188245723865,0.0471464015609547,3,2.548810105996072,0,0,0,0.1,0.0471464015609547,E-n22-k4,random_search,6,0.6944327569303897,0.2808245796963994,0.5616005082220676,469.824257804591,17.24824130900282
21,1,1071.428571428571,615.0051158462073,6000,82.0,0.0032718619869125,5,0.05,529.7431070312958,576.0550022913021,17.191667129475526,0.0,0,1.4219341291183123,0,0,0,0.1,0.0,E-n22-k4,random_search,7,0.1177543609505233,0.5045302964716654,0.5000385635400013,496.85939391150504,32.8837131197908
21,1,1071.428571428571,615.0051158462073,6000,82.0,0.0032718619869125,80,0.8,469.8253209747498,516.0896011477798,33.28973835580846,0.0,19,2.6822620583019092,0,0,0,0.1,0.0,E-n22-k4,random_search,8,0.882334491364503,0.2438716020918617,0.4046892137134383,455.0390519150413,14.786269059708443
21,1,1071.428571428571,615.0051158462073,6000,82.0,0.0032718619869125,20,0.2,497.034793430459,561.00477525376,19.67759700153011,0.0812245353416136,2,2.5622734573436547,0,0,0,0.1,0.0812245353416136,E-n22-k4,random_search,9,0.6032549521121406,0.3105456860368284,0.5121814388705014,492.9067694772847,4.128023953174306
21,1,1071.428571428571,615.0051158462073,6000,82.0,0.0032718619869125,5,0.05,560.9578146124753,588.1451066385156,15.887833047614125,0.0,4,2.1442706451178264,0,0,0,0.1,0.0,E-n22-k4,random_search,10,0.4608652917447217,0.4737799103490857,0.5231822768476486,481.047082309421,79.91073230305432
21,1,1071.428571428571,615.0051158462073,6000,82.0,0.0032718619869125,5,0.05,549.8467707921227,583.0568743236165,26.9522265588565,0.0,4,1.6813776696146174,0,0,0,0.1,0.0,E-n22-k4,random_search,11,0.6443499573509083,0.697354478471366,0.6489724925984692,459.1201460897634,90.72662470235927
21,1,1071.428571428571,615.0051158462073,6000,82.0,0.0032718619869125,20,0.2,521.7522481975806,562.9087081902723,16.672144455706235,0.0,13,1.808329594065747,0,0,0,0.1,0.0,E-n22-k4,random_search,12,0.8418524196072387,0.2710634511705478,0.6706666958473376,485.5885019574634,36.16374624011718
21,1,1071.428571428571,615.0051158462073,6000,82.0,0.0032718619869125,20,0.2,501.523381888431,555.2442453891894,23.997307131159445,0.0,14,2.3171599802036593,0,0,0,0.1,0.0,E-n22-k4,random_search,13,0.2610949415243984,0.5602789468371295,0.9858978501167376,480.8482334644328,20.675148423998166
21,1,1071.428571428571,615.0051158462073,6000,82.0,0.0032718619869125,30,0.3,511.2827495603517,555.3286908714633,20.49200228426735,0.0,16,2.668958298474672,0,0,0,0.1,0.0,E-n22-k4,random_search,14,0.6355793948027815,0.5096884049193211,0.9767781654271006,495.1479360391849,16.13481352116679
21,1,1071.428571428571,615.0051158462073,6000,82.0,0.0032718619869125,30,0.3,445.7369492045575,493.30345492941103,49.33051887520376,0.0019426672579849,1,2.2953206719400385,0,0,0,0.1,0.0019426672579849,E-n22-k4,random_search,15,0.7331053917158806,0.6848054691389993,0.3160516572409182,441.5688442025079,4.168105002049629
21,1,1071.428571428571,615.0051158462073,6000,82.0,0.0032718619869125,70,0.7,441.3512431180309,508.4979766348917,50.71009506256994,0.0,19,2.439430348342386,0,0,0,0.1,0.0,E-n22-k4,random_search,16,0.8270687392563691,0.5597686866237046,0.4871996027901411,441.3512431180309,0.0
21,1,1071.428571428571,615.0051158462073,6000,82.0,0.0032718619869125,90,0.9,517.6599829876382,533.3889659658447,16.17949397711886,0.0,19,2.520155266182313,0,0,0,0.1,0.0,E-n22-k4,random_search,17,0.3121026162361449,0.5696589038972681,0.689977264236548,478.04929346203915,39.610689525599014
21,1,1071.428571428571,615.0051158462073,6000,82.0,0.0032718619869125,90,0.9,473.4933229887912,537.3954252209702,21.27354694718867,0.0,19,1.6980392207151986,0,0,0,0.1,0.0,E-n22-k4,random_search,18,0.3880797043800265,0.7525773982267498,0.4529254247486913,466.6531314386772,6.840191550114014
21,1,1071.428571428571,615.0051158462073,6000,82.0,0.0032718619869125,5,0.05,529.3406774853764,580.9352605788295,25.252231108797503,0.0,4,1.8003826681537725,0,0,0,0.1,0.0,E-n22-k4,random_search,19,0.3711151553233467,0.6137587835618014,0.8636333284766748,467.02491640718824,62.31576107818819
21,1,1071.428571428571,615.0051158462073,6000,82.0,0.0032718619869125,80,0.8,517.830763364396,539.909532315651,11.910559467140365,0.0,19,2.6258398110454384,0,0,0,0.1,0.0,E-n22-k4,random_search,20,0.7138971006583975,0.5984213304612165,0.3914547288420156,495.51031924310655,22.320444121289484
21,1,1071.428571428571,615.0051158462073,6000,82.0,0.0032718619869125,60,0.6,473.9058380928189,536.5763154759952,19.382787179389535,0.0,19,2.320410984253306,0,0,0,0.1,0.0,E-n22-k4,random_search,21,0.3586316312336096,0.482490069370311,0.7596354322064269,473.9058380928189,0.0
21,1,1071.428571428571,615.0051158462073,6000,82.0,0.0032718619869125,10,0.1,525.5864680004372,569.3915171800851,19.013651086518237,0.0306942310077806,2,2.2946962493845566,0,0,0,0.1,0.0306942310077806,E-n22-k4,random_search,22,0.5463735150960639,0.6583450642939404,0.8457272760090491,475.58429709519334,50.00217090524387
21,1,1071.428571428571,615.0051158462073,6000,82.0,0.0032718619869125,60,0.6,510.16698110721694,548.7552636026735,14.526800922638891,0.0,19,2.246837834395875,0,0,0,0.1,0.0,E-n22-k4,random_search,23,0.6482144534377774,0.3657080571365128,0.8981113854568747,492.2435075307708,17.923473576446156
21,1,1071.428571428571,615.0051158462073,6000,82.0,0.0032718619869125,5,0.05,491.7950066455733,567.8959497022,38.831732630254265,0.0,1,2.4168240719301903,0,0,0,0.1,0.0,E-n22-k4,random_search,24,0.8014713543424387,0.3700334672824313,0.4644723743913153,461.09491910011656,30.700087545456768
21,1,1071.428571428571,615.0051158462073,6000,82.0,0.0032718619869125,60,0.6,519.2387648564277,545.3509357122102,11.119800990540352,0.0,19,2.71414170262349,0,0,0,0.1,0.0,E-n22-k4,random_search,25,0.6930077962776251,0.419959535846934,0.655150755156256,464.9776831829988,54.26108167342886
21,1,1071.428571428571,615.0051158462073,6000,82.0,0.0032718619869125,90,0.9,485.9281445417741,538.8693083049764,22.269097052865252,0.0,19,2.123799888701228,0,0,0,0.1,0.0,E-n22-k4,random_search,26,0.2474726508510492,0.5881051808332605,0.7762582040796647,466.0563697204111,19.871774821362976
21,1,1071.428571428571,615.0051158462073,6000,82.0,0.0032718619869125,60,0.6,524.3209541342517,545.163730245986,13.1817377946875,0.0,19,1.4450790174718362,0,0,0,0.1,0.0,E-n22-k4,random_search,27,0.4206791808443424,0.2031775279433012,0.5155582701209535,477.8151234860091,46.50583064824252
21,1,1071.428571428571,615.0051158462073,6000,82.0,0.0032718619869125,40,0.4,489.58853459076187,545.0542311727907,18.034716581198342,0.0004191098168733,4,2.631079802513579,0,0,0,0.1,0.0004191098168733,E-n22-k4,random_search,28,0.4148867886137677,0.7282471921896203,0.8052696596108209,489.58853459076187,0.0
21,1,1071.428571428571,615.0051158462073,6000,82.0,0.0032718619869125,50,0.5,479.4204328252657,538.0719432722764,25.819071425593293,0.0671881086883714,3,2.476179265049276,0,0,0,0.1,0.0671881086883714,E-n22-k4,random_search,29,0.7185494837407422,0.780518720192841,0.7091831766039789,474.3264058356124,5.094026989653344
21,1,1071.428571428571,615.0051158462073,6000,82.0,0.0032718619869125,40,0.4,485.5398840980315,528.1308005528783,27.361743256157578,0.0,17,2.484616491501944,0,0,0,0.1,0.0,E-n22-k4,random_search,30,0.6065598116919526,0.5212856316397252,0.4181753105872898,464.7104503746723,20.829433723359216
21,1,1071.428571428571,615.0051158462073,6000,82.0,0.0032718619869125,70,0.7,486.536903022058,539.4206984433663,19.54710279892434,0.0,10,2.1448617713927827,0,0,0,0.1,0.0,E-n22-k4,random_search,31,0.6494535935699131,0.2270145652582488,0.8018614343255084,458.96145929425023,27.57544372780779
21,1,1071.428571428571,615.0051158462073,6000,82.0,0.0032718619869125,80,0.8,512.254411981475,548.5742544001321,14.055152787135263,0.0,19,2.554874720703628,0,0,0,0.1,0.0,E-n22-k4,random_search,32,0.3251867594577111,0.2747489989379471,0.827064289009954,467.34307619560434,44.91133578587062
21,1,1071.428571428571,615.0051158462073,6000,82.0,0.0032718619869125,50,0.5,454.37249571908785,509.0193196748978,45.887756102282616,0.0,10,2.5867354652286996,0,0,0,0.1,0.0,E-n22-k4,random_search,33,0.8994287269647012,0.575494675584657,0.647938984829574,451.9843271206514,2.38816859843638
21,1,1071.428571428571,615.0051158462073,6000,82.0,0.0032718619869125,5,0.05,533.7733973478229,581.9402093854386,23.20135433417387,0.0,4,2.389800472083349,0,0,0,0.1,0.0,E-n22-k4,random_search,34,0.2385528920058132,0.6207658847458297,0.6222305865710915,484.97287255119056,48.80052479663232
21,1,1071.428571428571,615.0051158462073,6000,82.0,0.0032718619869125,10,0.1,524.360899659685,571.4775562340276,21.226112148481,0.0626581174914129,1,2.332051519020531,0,0,0,0.1,0.0626581174914129,E-n22-k4,random_search,35,0.4766933548845604,0.6359455875212254,0.7732224600876124,464.5097371352171,59.85116252446778
21,1,1071.428571428571,615.0051158462073,6000,82.0,0.0032718619869125,10,0.1,541.0630617060928,568.9358943465407,18.76075593441703,0.0602467998527327,2,1.9506672210161904,0,0,0,0.1,0.0602467998527327,E-n22-k4,random_search,36,0.460852511779357,0.2627652050100076,0.3881531030219366,483.7790939588936,57.28396774719914
21,1,1071.428571428571,615.0051158462073,6000,82.0,0.0032718619869125,60,0.6,498.5074452034839,543.0925111868952,17.899140912948372,0.0,19,2.0667992641121784,0,0,0,0.1,0.0,E-n22-k4,random_search,37,0.6640116005159014,0.3987928817952461,0.4663669571096307,444.35384464591095,54.15360055757293
21,1,1071.428571428571,615.0051158462073,6000,82.0,0.0032718619869125,30,0.3,494.98356005531946,533.449866657242,20.67257821386608,0.026733714168052,0,2.4861560860086804,0,0,0,0.1,0.026733714168052,E-n22-k4,random_search,38,0.2260899764077797,0.685285387562174,0.60223109835843,472.828601663079,22.154958392240474
21,1,1071.428571428571,615.0051158462073,6000,82.0,0.0032718619869125,5,0.05,533.6523042026178,579.9379898457817,20.30387097668881,0.0,2,1.8857866978601383,0,0,0,0.1,0.0,E-n22-k4,random_search,39,0.8465830835694194,0.7895653257696282,0.4007273780591015,493.642690563557,40.009613639060774
21,1,1071.428571428571,615.0051158462073,6000,82.0,0.0032718619869125,60,0.6,523.9149767082807,547.3494087764645,15.778847324425282,0.0,19,2.396129400489802,0,0,0,0.1,0.0,E-n22-k4,random_search,40,0.1818774783646273,0.4040865013288522,0.6712425698947506,481.9285465267957,41.98643018148505
21,1,1071.428571428571,615.0051158462073,6000,82.0,0.0032718619869125,90,0.9,441.5688442025079,481.85087094012334,48.67684429961444,0.0,19,2.4675128460378093,0,0,0,0.1,0.0,E-n22-k4,random_search,41,0.3546819576627518,0.5994075188924779,0.7789565501318816,441.5688442025079,0.0
21,1,1071.428571428571,615.0051158462073,6000,82.0,0.0032718619869125,20,0.2,515.7147854062191,555.6352173187336,18.16428820107817,0.0,12,2.7646494414092504,0,0,0,0.1,0.0,E-n22-k4,random_search,42,0.8253480434439066,0.7321046969918379,0.3483746837792454,485.10528855372206,30.609496852497045
21,1,1071.428571428571,615.0051158462073,6000,82.0,0.0032718619869125,70,0.7,533.7733973478229,549.116277872103,10.111277045182852,0.0,19,2.4316451648365147,0,0,0,0.1,0.0,E-n22-k4,random_search,43,0.3205370547730587,0.2154991560747006,0.4851977353661058,472.62491641407007,61.14848093375281
21,1,1071.428571428571,615.0051158462073,6000,82.0,0.0032718619869125,30,0.3,492.4684321373049,525.9779565407155,30.700109706647947,0.0,19,2.569631398260492,0,0,0,0.1,0.0,E-n22-k4,random_search,44,0.8037367122085863,0.7675996068173812,0.3287234610268611,459.6720084035529,32.796423733751965
21,1,1071.428571428571,615.0051158462073,6000,82.0,0.0032718619869125,50,0.5,454.21644257039225,503.68070533027895,45.37882058789145,0.0,19,2.375986783201329,0,0,0,0.1,0.0,E-n22-k4,random_search,45,0.7936613821790509,0.4419948019089132,0.9597867039702754,434.87504856259864,19.34139400779361
21,1,1071.428571428571,615.0051158462073,6000,82.0,0.0032718619869125,50,0.5,447.9860960246707,515.3567438757995,50.50983814206464,0.0,19,2.360465583947002,0,0,0,0.1,0.0,E-n22-k4,random_search,46,0.8285405208822499,0.4047168093998915,0.3355639303333853,447.9860960246707,0.0
21,1,1071.428571428571,615.0051158462073,6000,82.0,0.0032718619869125,50,0.5,496.10777098253413,520.9576961348924,29.671979255323357,0.0,19,2.189107741149676,0,0,0,0.1,0.0,E-n22-k4,random_search,47,0.7619482441955311,0.4556831432441649,0.8167268129495153,492.2435075307708,3.8642634517633496
21,1,1071.428571428571,615.0051158462073,6000,82.0,0.0032718619869125,5,0.05,536.8863209002981,586.0274607966409,35.29098529547393,0.0,2,1.8147995810901285,0,0,0,0.1,0.0,E-n22-k4,random_search,48,0.7184509882022546,0.203404465015765,0.7400270748361639,492.2435075307708,44.64281336952729
21,1,1071.428571428571,615.0051158462073,6000,82.0,0.0032718619869125,60,0.6,490.1745196973654,515.0171166266073,30.9989230236762,0.0,19,2.405604551265305,0,0,0,0.1,0.0,E-n22-k4,random_search,49,0.2835078634506118,0.6022830021052874,0.9569944369993596,490.1745196973654,0.0
21,1,1071.428571428571,615.0051158462073,6000,82.0,0.0032718619869125,10,0.1,548.4918677603723,580.1619461474688,13.339086085030484,0.0,9,2.4244180789501386,0,0,0,0.1,0.0,E-n22-k4,random_search,50,0.323269102770388,0.684001598594139,0.8934042384080063,481.2289959821841,67.26287177818824
21,1,1071.428571428571,615.0051158462073,6000,82.0,0.0032718619869125,80,0.8,501.2572447476329,517.0249786641813,25.202315276312707,0.0008814640066623,3,1.8499245004153917,0,0,0,0.1,0.0008814640066623,E-n22-k4,random_search,51,0.6967053814531383,0.6436571861307094,0.7262455905727216,432.7347385803517,68.52250616728122
21,1,1071.428571428571,615.0051158462073,6000,82.0,0.0032718619869125,40,0.4,494.62957426704367,545.9390274242166,18.45744789669885,0.0,19,2.5171333555973248,0,0,0,0.1,0.0,E-n22-k4,random_search,52,0.2665921415829583,0.6333608217362624,0.5615548040703462,470.0134396556792,24.61613461136443
21,1,1071.428571428571,615.0051158462073,6000,82.0,0.0032718619869125,5,0.05,519.9295279580283,573.0613887678817,30.586381108095686,0.0,1,1.9753719393407452,0,0,0,0.1,0.0,E-n22-k4,random_search,53,0.6234402726424674,0.3878569839492116,0.5783563769382724,488.4431395008257,31.486388457202622
21,1,1071.428571428571,615.0051158462073,6000,82.0,0.0032718619869125,30,0.3,505.37359690078694,554.6548247718413,20.491194874152168,0.069959383038117,0,2.6833076020030697,0,0,0,0.1,0.069959383038117,E-n22-k4,random_search,54,0.8947046935102098,0.3074912842864731,0.3506351516591723,486.0199288662589,19.353668034528027
21,1,1071.428571428571,615.0051158462073,6000,82.0,0.0032718619869125,20,0.2,519.2387648564277,557.2237350109028,17.800395215980057,0.0070862128992233,1,2.3887113460399507,0,0,0,0.1,0.0070862128992233,E-n22-k4,random_search,55,0.8561562087194996,0.3614066975349638,0.3726216537494528,475.40680483704045,43.831960019387225
21,1,1071.428571428571,615.0051158462073,6000,82.0,0.0032718619869125,20,0.2,536.8669603910477,568.1349010464278,15.578415335570982,0.0265638103861725,4,2.670866061551968,0,0,0,0.1,0.0265638103861725,E-n22-k4,random_search,56,0.8183839218712612,0.7721480612045513,0.3701845879886762,479.5376518791121,57.32930851193561
21,1,1071.428571428571,615.0051158462073,6000,82.0,0.0032718619869125,90,0.9,468.2313698439563,496.92946121756734,33.716026107246385,0.0,19,2.34045191734263,0,0,0,0.1,0.0,E-n22-k4,random_search,57,0.4471811927809019,0.7571538735336647,0.3576378648297255,468.2313698439563,0.0
21,1,1071.428571428571,615.0051158462073,6000,82.0,0.0032718619869125,30,0.3,452.7421896877474,504.7426420349443,46.32971222107942,0.0,12,2.4519160448540664,0,0,0,0.1,0.0,E-n22-k4,random_search,58,0.5386754285007177,0.2333521764964027,0.7991226036449267,449.4884142168699,3.2537754708774855
21,1,1071.428571428571,615.0051158462073,6000,82.0,0.0032718619869125,70,0.7,470.898292627672,517.2885273166542,30.790901093728596,0.0,14,2.66690754352394,0,0,0,0.1,0.0,E-n22-k4,random_search,59,0.209790818890082,0.5650236909273014,0.8186175833503455,468.6035706513757,2.294721976296273
21,1,1071.428571428571,615.0051158462073,6000,82.0,0.0032718619869125,60,0.6,507.4388598807972,540.3055746384146,13.183095369066251,0.0,19,2.7306337693485885,0,0,0,0.1,0.0,E-n22-k4,random_search,60,0.6179668597184614,0.4609401883488193,0.8493542026800507,492.2435075307708,15.195352350026385
21,1,1071.428571428571,615.0051158462073,6000,82.0,0.0032718619869125,40,0.4,525.716052466066,551.3734565367547,12.53862984202238,0.0051600705267301,7,2.2842661038979504,0,0,0,0.1,0.0051600705267301,E-n22-k4,random_search,61,0.1824978857080416,0.7801768291372881,0.4701013681468963,488.7436081720041,36.97244429406192
21,1,1071.428571428571,615.0051158462073,6000,82.0,0.0032718619869125,50,0.5,443.41969913701973,501.2161446058647,51.241020442345274,0.0,19,2.4987516282345243,0,0,0,0.1,0.0,E-n22-k4,random_search,62,0.5503290089909284,0.3008911475248057,0.9130050041978636,440.5503162578605,2.869382879159218
21,1,1071.428571428571,615.0051158462073,6000,82.0,0.0032718619869125,90,0.9,497.23710655917466,517.833686228157,19.282541622138428,0.0,19,2.42576849450865,0,0,0,0.1,0.0,E-n22-k4,random_search,63,0.688726250695976,0.5699583736079543,0.4532991499209525,493.79967125977737,3.4374352993972934
21,1,1071.428571428571,615.0051158462073,6000,82.0,0.0032718619869125,80,0.8,473.0238013341737,499.5674906928296,31.434223856202877,0.0,19,1.7867830568138576,0,0,0,0.1,0.0,E-n22-k4,random_search,64,0.1777061735156183,0.3037084736303219,0.8929362326806598,470.4758620860857,2.547939248087971
21,1,1071.428571428571,615.0051158462073,6000,82.0,0.0032718619869125,50,0.5,512.4574672204102,547.7840182330103,14.836882352070113,0.0249797161444681,8,2.8366920617894973,0,0,0,0.1,0.0249797161444681,E-n22-k4,random_search,65,0.4876986883796829,0.7957111472401956,0.8055368916633889,456.878666705677,55.57880051473319
21,1,1071.428571428571,615.0051158462073,6000,82.0,0.0032718619869125,5,0.05,520.5767835241136,577.3364516325125,18.66039240239589,0.0,2,2.0682965999380714,0,0,0,0.1,0.0,E-n22-k4,random_search,66,0.5467001297265964,0.7817289033612131,0.4149193870827661,489.8715178895121,30.70526563460146
21,1,1071.428571428571,615.0051158462073,6000,82.0,0.0032718619869125,20,0.2,494.7955733939361,554.50935311794,20.419557056142107,0.0,15,2.699886585379359,0,0,0,0.1,0.0,E-n22-k4,random_search,67,0.699820493124174,0.7289351556814547,0.9301627269373952,489.8926803492381,4.902893044697976
21,1,1071.428571428571,615.0051158462073,6000,82.0,0.0032718619869125,10,0.1,552.4146997185013,577.5888662741104,12.536810979818314,0.0405305432754779,6,2.2870314949457144,0,0,0,0.1,0.0405305432754779,E-n22-k4,random_search,68,0.5757303471914165,0.5144748034471116,0.4121369428580751,486.5685619856192,65.84613773288208
21,1,1071.428571428571,615.0051158462073,6000,82.0,0.0032718619869125,70,0.7,496.0884024353851,541.8272746759544,19.382233942737333,0.0,11,2.36509213235523,0,0,0,0.1,0.0,E-n22-k4,random_search,69,0.7227141054887077,0.3432275680168791,0.8688061620786747,479.1934713047447,16.894931130640373
21,1,1071.428571428571,615.0051158462073,6000,82.0,0.0032718619869125,5,0.05,533.7340132525304,575.2946430782382,19.557620739111957,0.0,1,2.3764370332957485,0,0,0,0.1,0.0,E-n22-k4,random_search,70,0.4007718469513989,0.2798785010005012,0.6331500142118324,470.9324997656018,62.80151348692863
21,1,1071.428571428571,615.0051158462073,6000,82.0,0.0032718619869125,90,0.9,455.875553490674,507.7115971261512,40.844165872982714,0.0,19,2.639901296805498,0,0,0,0.1,0.0,E-n22-k4,random_search,71,0.4600463775700091,0.3565511776113942,0.3462050330818462,455.875553490674,0.0
21,1,1071.428571428571,615.0051158462073,6000,82.0,0.0032718619869125,5,0.05,547.2334691647081,584.1113392860061,22.344214380223363,0.0,2,2.599742361087917,0,0,0,0.1,0.0,E-n22-k4,random_search,72,0.669530834206247,0.2968140848070204,0.6524074270918387,468.3194191200544,78.91405004465378
21,1,1071.428571428571,615.0051158462073,6000,82.0,0.0032718619869125,40,0.4,525.5864680004372,553.0644362348659,13.81314595310275,0.0,9,2.122987077716754,0,0,0,0.1,0.0,E-n22-k4,random_search,73,0.4022893012366498,0.6946507939589537,0.7775559857344263,497.8801591306455,27.706308869791656
21,1,1071.428571428571,615.0051158462073,6000,82.0,0.0032718619869125,90,0.9,494.4704298807098,538.2495129615294,17.453494267185377,0.0,13,2.739203427889257,0,0,0,0.1,0.0,E-n22-k4,random_search,74,0.4332431372471211,0.4975530223693316,0.5630367283551709,464.9969184591118,29.473511421597948
21,1,1071.428571428571,615.0051158462073,6000,82.0,0.0032718619869125,40,0.4,508.4535369952304,553.8196265104149,17.305880081343595,0.0,11,2.568335922719466,0,0,0,0.1,0.0,E-n22-k4,random_search,75,0.8879845926093345,0.4613625959854271,0.927741906879763,492.2435075307708,16.21002946445958
21,1,1071.428571428571,615.0051158462073,6000,82.0,0.0032718619869125,40,0.4,460.32897914098,517.2627449999645,45.75699276188958,0.0,13,2.601469539752157,0,0,0,0.1,0.0,E-n22-k4,random_search,76,0.4214199102101803,0.3456682322838099,0.8011766117649715,448.2952366941516,12.033742446828455
21,1,1071.428571428571,615.0051158462073,6000,82.0,0.0032718619869125,70,0.7,488.61850116965,548.7912967670833,16.432204734149856,0.0,19,2.6182895902620285,0,0,0,0.1,0.0,E-n22-k4,random_search,77,0.1597094349930103,0.2971142084548588,0.8648432860426345,481.46005060113293,7.1584505685170825
21,1,1071.428571428571,615.0051158462073,6000,82.0,0.0032718619869125,50,0.5,506.4764024176263,548.2147924878628,17.11674229434797,0.0,19,2.7213076709093844,0,0,0,0.1,0.0,E-n22-k4,random_search,78,0.3038629354529921,0.5576882309600122,0.7413322094159818,476.8060847758304,29.67031764179586
21,1,1071.428571428571,615.0051158462073,6000,82.0,0.0032718619869125,50,0.5,521.1106162080547,550.470572580459,10.94781512304163,0.0251763204053682,0,2.31736413748718,0,0,0,0.1,0.0251763204053682,E-n22-k4,random_search,79,0.5815170124747544,0.379859714665443,0.4134513942822746,464.59086292997983,56.51975327807486
21,1,1071.428571428571,615.0051158462073,6000,82.0,0.0032718619869125,60,0.6,508.997274944941,546.0513291705942,17.114836998899246,0.0,19,2.638876575239414,0,0,0,0.1,0.0,E-n22-k4,random_search,80,0.4564927164524174,0.5160825679527752,0.842922833424774,472.28120263939235,36.71607230554872
21,1,1071.428571428571,615.0051158462073,6000,82.0,0.0032718619869125,10,0.1,547.2969447240135,571.7548736788253,17.620389792328524,0.0197141452821749,1,2.2146486690591587,0,0,0,0.1,0.0197141452821749,E-n22-k4,random_search,81,0.6903188576517173,0.6528482207413984,0.3171007398354036,473.6801699503953,73.61677477361826
21,1,1071.428571428571,615.0051158462073,6000,82.0,0.0032718619869125,30,0.3,528.753165309106,557.8446208391454,13.04808391817724,0.0205266536582053,3,2.5892906750776077,0,0,0,0.1,0.0205266536582053,E-n22-k4,random_search,82,0.2551502412127701,0.6957456349016942,0.9865411025943932,492.185060818072,36.56810449103392
21,1,1071.428571428571,615.0051158462073,6000,82.0,0.0032718619869125,50,0.5,495.7822709550437,549.4175862209156,19.75280796059696,0.0,19,1.8633892973719208,0,0,0,0.1,0.0,E-n22-k4,random_search,83,0.4646058748247433,0.3482221378607654,0.9467861339249586,495.7822709550437,0.0
21,1,1071.428571428571,615.0051158462073,6000,82.0,0.0032718619869125,5,0.05,525.5864680004372,588.4275152425008,28.014353628939347,0.0,3,2.0531897992012245,0,0,0,0.1,0.0,E-n22-k4,random_search,84,0.7059894611704358,0.4417746212680614,0.9012540939543374,469.1837555719428,56.4027124284944
21,1,1071.428571428571,615.0051158462073,6000,82.0,0.0032718619869125,90,0.9,488.4024105941715,535.0283806229525,18.50298869942785,0.0,19,2.6336958206775765,0,0,0,0.1,0.0,E-n22-k4,random_search,85,0.3701187993275916,0.7021501155129752,0.362744501354859,478.9145384483217,9.487872145849847
21,1,1071.428571428571,615.0051158462073,6000,82.0,0.0032718619869125,5,0.05,528.2455837107708,578.565581869338,27.973007131495656,0.0,2,2.284980126706487,0,0,0,0.1,0.0,E-n22-k4,random_search,86,0.2635047835856812,0.2526981031896879,0.8131171103968577,458.6749574618692,69.57062624890159
21,1,1071.428571428571,615.0051158462073,6000,82.0,0.0032718619869125,80,0.8,449.3686652954206,490.5000735779119,41.86484302130459,0.0,19,2.556661403422025,0,0,0,0.1,0.0,E-n22-k4,random_search,87,0.7441206330868881,0.4634769168694669,0.7855630159403568,449.3686652954206,0.0
21,1,1071.428571428571,615.0051158462073,6000,82.0,0.0032718619869125,50,0.5,439.3977129121423,520.3967160948026,54.57076237493032,0.0096831608317496,3,2.2709230044725848,0,0,0,0.1,0.0096831608317496,E-n22-k4,random_search,88,0.2803582678169081,0.5377034339960661,0.5508507002279457,415.5310626145808,23.86665029756148
21,1,1071.428571428571,615.0051158462073,6000,82.0,0.0032718619869125,80,0.8,457.2559750609098,497.49198936987824,43.8276714891922,0.0,19,2.4079696323986237,0,0,0,0.1,0.0,E-n22-k4,random_search,89,0.3985248900895385,0.6069648859174691,0.7307198240221859,457.2559750609098,0.0
21,1,1071.428571428571,615.0051158462073,6000,82.0,0.0032718619869125,50,0.5,486.1057849420285,521.7056548590589,23.674190052967667,0.0,19,2.6650013151989356,0,0,0,0.1,0.0,E-n22-k4,random_search,90,0.8326891841944996,0.6051104304340486,0.8457522710366467,468.299118207305,17.80666673472342
21,1,1071.428571428571,615.0051158462073,6000,82.0,0.0032718619869125,30,0.3,516.5056844983852,552.5484918603731,23.913536675255017,0.004299754379408,8,2.5642867787877623,0,0,0,0.1,0.004299754379408,E-n22-k4,random_search,91,0.6582962736561827,0.3979278328182515,0.3982770629244237,473.34116910151334,43.16451539687188
21,1,1071.428571428571,615.0051158462073,6000,82.0,0.0032718619869125,10,0.1,500.19892176744173,562.5833426529994,22.07988517568465,0.1115017996086636,0,2.5083267977460015,0,0,0,0.1,0.1115017996086636,E-n22-k4,random_search,92,0.836463631276111,0.6675060747227655,0.9064462484671943,464.38407655218367,35.81484521525806
21,1,1071.428571428571,615.0051158462073,6000,82.0,0.0032718619869125,70,0.7,490.2036869189654,519.0292082488547,26.53635368925858,0.0054529298351617,1,2.441605781374495,0,0,0,0.1,0.0054529298351617,E-n22-k4,random_search,93,0.2389722947559897,0.3044229392689708,0.3305248131571412,467.78850848563474,22.415178433330652
21,1,1071.428571428571,615.0051158462073,6000,82.0,0.0032718619869125,70,0.7,478.33388857101176,508.3239386067909,28.4670517994694,0.0,19,2.231422609050851,0,0,0,0.1,0.0,E-n22-k4,random_search,94,0.7638775872186656,0.3855668761668444,0.3044759513775807,467.3408971681237,10.992991402888038
21,1,1071.428571428571,615.0051158462073,6000,82.0,0.0032718619869125,30,0.3,481.80493225598104,543.5871877955958,35.08324347099372,0.0448693412016674,2,2.603086392835358,0,0,0,0.1,0.0448693412016674,E-n22-k4,random_search,95,0.7111967852234028,0.7571773128711288,0.4554705395467169,466.0445155107084,15.760416745272664
21,1,1071.428571428571,615.0051158462073,6000,82.0,0.0032718619869125,80,0.8,493.78825892857,540.4494218691354,17.6722140441921,0.0,19,2.6334631241179123,0,0,0,0.1,0.0,E-n22-k4,random_search,96,0.8577594522005588,0.3809260357773681,0.3467257331416521,484.8487006140439,8.939558314526153
21,1,1071.428571428571,615.0051158462073,6000,82.0,0.0032718619869125,50,0.5,449.36054933060825,530.4661881477311,40.47902970482144,0.0556935726534131,3,2.5483376941373,0,0,0,0.1,0.0556935726534131,E-n22-k4,random_search,97,0.1878241338033629,0.7143290142924055,0.8920984938768439,446.49232017774005,2.868229152868196
21,1,1071.428571428571,615.0051158462073,6000,82.0,0.0032718619869125,60,0.6,501.90652351632025,524.83103556024,26.3429529115199,0.0,19,2.2635603381494436,0,0,0,0.1,0.0,E-n22-k4,random_search,98,0.6793978586329183,0.2456507187854591,0.4926783251766326,493.18099875458967,8.725524761730583
21,1,1071.428571428571,615.0051158462073,6000,82.0,0.0032718619869125,90,0.9,488.7467439136442,522.099160250181,25.262572994600145,0.0,19,2.5956236410765228,0,0,0,0.1,0.0,E-n22-k4,random_search,99,0.6507187337836077,0.3339543739288487,0.6383274392875686,482.2186020022393,6.528141911404873
31,1,13.225806451612904,7.137857623013364,100,97.0,0.003400999043469,40,0.4,1475.644820461264,1635.464026002224,76.32681736815266,0.0390151794813584,0,2.2548410536371386,0,0,0,0.1,0.0390151794813584,A-n32-k5,random_search,0,0.2769627248232487,0.3230263660539797,0.9217315079451764,1324.2119969134585,151.43282354780558
31,1,13.225806451612904,7.137857623013364,100,97.0,0.003400999043469,30,0.3,1478.4654216713143,1691.3333991341467,96.9446424524884,0.0563520122112721,6,2.608522403720935,0,0,0,0.1,0.0563520122112721,A-n32-k5,random_search,1,0.5699008095531206,0.7539048745008818,0.770380491819582,1387.6965409656807,90.7688807056336
31,1,13.225806451612904,7.137857623013364,100,97.0,0.003400999043469,90,0.9,1456.78629187256,1552.7178179899654,60.81447665163467,0.0,19,2.1436728913259597,0,0,0,0.1,0.0,A-n32-k5,random_search,2,0.2276209383117905,0.4004167748424851,0.8585508681907137,1337.7842071172602,119.00208475529983
31,1,13.225806451612904,7.137857623013364,100,97.0,0.003400999043469,5,0.05,1602.3046668105128,1825.9926318271705,93.40854796308642,0.0,0,2.3969181144922422,0,0,0,0.1,0.0,A-n32-k5,random_search,3,0.4725265895953987,0.386242565063947,0.815409658239415,1362.8561606876533,239.4485061228595
31,1,13.225806451612904,7.137857623013364,100,97.0,0.003400999043469,50,0.5,1379.5416366091083,1650.648247040382,94.6356072232792,0.0422956852552939,2,2.2518306571079827,0,0,0,0.1,0.0422956852552939,A-n32-k5,random_search,4,0.6939815855089461,0.2268181198741179,0.5865129831535261,1339.283234535534,40.25840207357464
31,1,13.225806451612904,7.137857623013364,100,97.0,0.003400999043469,70,0.7,1365.9508022044688,1540.2201912627822,94.785808759737,0.0036126672849263,4,1.977863705373164,0,0,0,0.1,0.0036126672849263,A-n32-k5,random_search,5,0.42229206637328,0.714340447859608,0.7734484230444953,1313.8036943542402,52.14710785022862
31,1,13.225806451612904,7.137857623013364,100,97.0,0.003400999043469,30,0.3,1495.5566024898335,1679.3333370612422,97.8405558373392,0.0,9,1.8069224848190524,0,0,0,0.1,0.0,A-n32-k5,random_search,6,0.2706072973415224,0.2564902100245643,0.767876438154564,1397.615338723144,97.94126376668942
31,1,13.225806451612904,7.137857623013364,100,97.0,0.003400999043469,10,0.1,1648.0594862109876,1786.5259518298749,75.13059384228576,0.0829436869875322,6,2.398656212134745,0,0,0,0.1,0.0829436869875322,A-n32-k5,random_search,7,0.852807463669392,0.3687083782854726,0.8684454762252476,1349.2022549026003,298.8572313083873
31,1,13.225806451612904,7.137857623013364,100,97.0,0.003400999043469,80,0.8,1420.4166486305498,1592.7847949677102,106.08826578657488,0.0042553836995719,3,2.439416891037854,0,0,0,0.1,0.0042553836995719,A-n32-k5,random_search,8,0.7062027073453714,0.5694409067842697,0.5951796227241657,1365.4739141623745,54.94273446817533
31,1,13.225806451612904,7.137857623013364,100,97.0,0.003400999043469,70,0.7,1353.8757739924708,1519.004510959094,68.09677410720504,0.0235001789841098,2,1.794808282719376,0,0,0,0.1,0.0235001789841098,A-n32-k5,random_search,9,0.5318986557179995,0.3457563160453692,0.8475690086934984,1296.306140968618,57.56963302385293
31,1,13.225806451612904,7.137857623013364,100,97.0,0.003400999043469,60,0.6,1455.8393181321626,1631.4046035067013,69.49056176526977,0.0391218174654855,3,2.5420700616144747,0,0,0,0.1,0.0391218174654855,A-n32-k5,random_search,10,0.8309920453182307,0.725733782572793,0.8336711207311671,1314.281244944595,141.55807318756752
31,1,13.225806451612904,7.137857623013364,100,97.0,0.003400999043469,70,0.7,1424.642941232406,1587.740608135484,97.12032875366458,0.0,19,2.3755591554230397,0,0,0,0.1,0.0,A-n32-k5,random_search,11,0.1616356207846682,0.5679822403410308,0.311471805312664,1337.3639948494445,87.27894638296152
31,1,13.225806451612904,7.137857623013364,100,97.0,0.003400999043469,40,0.4,1478.279985963916,1670.2248952915695,78.58625730153462,0.0501349585493685,2,2.3837714162796075,0,0,0,0.1,0.0501349585493685,A-n32-k5,random_search,12,0.3343531176719938,0.3557275629446886,0.774826174298321,1410.4712507794636,67.80873518445242
31,1,13.225806451612904,7.137857623013364,100,97.0,0.003400999043469,40,0.4,1465.2537368592507,1653.5102373257214,92.85651247905784,0.0206150234560379,0,2.3577481487246192,0,0,0,0.1,0.0206150234560379,A-n32-k5,random_search,13,0.4056829237883391,0.6761885906650621,0.4541918770957708,1397.0237648538105,68.22997200544023
31,1,13.225806451612904,7.137857623013364,100,97.0,0.003400999043469,70,0.7,1414.271346392041,1616.1363437065522,95.1973313970952,0.0,19,2.237726096782657,0,0,0,0.1,0.0,A-n32-k5,random_search,14,0.7059022899296404,0.5928065419515803,0.8937545820114461,1399.7850275680053,14.48631882403606
31,1,13.225806451612904,7.137857623013364,100,97.0,0.003400999043469,5,0.05,1654.4912985469457,1832.411695936306,59.90852072237381,0.0,0,2.4460029622822836,0,0,0,0.1,0.0,A-n32-k5,random_search,15,0.5039753736690037,0.7792085501968156,0.9339924120658823,1470.7622552789117,183.72904326803385
31,1,13.225806451612904,7.137857623013364,100,97.0,0.003400999043469,90,0.9,1383.5052699098176,1560.103278563122,88.92983738217737,0.0006412246347982,0,2.5766649882980075,0,0,0,0.1,0.0006412246347982,A-n32-k5,random_search,16,0.2854235072897628,0.7260844737488763,0.569173937880636,1343.201844156762,40.303425753055535
31,1,13.225806451612904,7.137857623013364,100,97.0,0.003400999043469,20,0.2,1569.7236515291609,1700.5002983722366,75.62624485164932,0.0367583495320836,0,2.598726627666067,0,0,0,0.1,0.0367583495320836,A-n32-k5,random_search,17,0.4420603825163788,0.5935852738352336,0.6347502404187348,1412.8125407932716,156.91111073588922
31,1,13.225806451612904,7.137857623013364,100,97.0,0.003400999043469,20,0.2,1492.686058054704,1693.7486371266343,71.50399656691431,0.098921206652252,1,2.54163874505248,0,0,0,0.1,0.098921206652252,A-n32-k5,random_search,18,0.7171278695437562,0.5035114004006647,0.6773782073300165,1377.254138127212,115.43191992749212
31,1,13.225806451612904,7.137857623013364,100,97.0,0.003400999043469,10,0.1,1558.5034444642338,1794.9840746077734,85.88467347106989,0.1442999964512867,0,2.7904492554188085,0,0,0,0.1,0.1442999964512867,A-n32-k5,random_search,19,0.6459750627910472,0.4853831004660998,0.903646602592773,1439.326909240496,119.1765352237378
31,1,13.225806451612904,7.137857623013364,100,97.0,0.003400999043469,70,0.7,1398.674328588021,1632.2941879939906,93.4657677733632,0.0,19,2.4495307659219314,0,0,0,0.1,0.0,A-n32-k5,random_search,20,0.1094223451456319,0.7438791507524631,0.7844384553310405,1332.9953526580375,65.67897592998315
31,1,13.225806451612904,7.137857623013364,100,97.0,0.003400999043469,70,0.7,1487.3055675622686,1633.599279351581,69.1851185869073,0.0,19,2.838808640144987,0,0,0,0.1,0.0,A-n32-k5,random_search,21,0.1000377678633771,0.5270919467027784,0.7618587509231975,1400.7067773381627,86.59879022410587
31,1,13.225806451612904,7.137857623013364,100,97.0,0.003400999043469,90,0.9,1422.419066627183,1571.2284959711576,106.36844861216936,0.0100997708201294,7,2.335641873791325,0,0,0,0.1,0.0100997708201294,A-n32-k5,random_search,22,0.7137648214940622,0.380321754379751,0.3155045332867656,1385.1545286422552,37.26453798492776
31,1,13.225806451612904,7.137857623013364,100,97.0,0.003400999043469,80,0.8,1460.7798816856596,1606.9236236015622,84.35389313620215,0.0,19,2.588131863364853,0,0,0,0.1,0.0,A-n32-k5,random_search,23,0.8527284230048406,0.3615715439169462,0.8515605684083998,1430.6337565537108,30.146125131948793
31,1,13.225806451612904,7.137857623013364,100,97.0,0.003400999043469,90,0.9,1443.8844387603476,1594.327309571578,88.28821003780077,0.0,11,2.4420566264910257,0,0,0,0.1,0.0,A-n32-k5,random_search,24,0.8295394492384505,0.3216577254123839,0.977882821508182,1432.9361041237175,10.94833463663008
31,1,13.225806451612904,7.137857623013364,100,97.0,0.003400999043469,60,0.6,1394.5606469893653,1584.95181097067,95.8735636453673,0.0331375364776064,5,2.15983238568289,0,0,0,0.1,0.0331375364776064,A-n32-k5,random_search,25,0.4237864651002537,0.2041393026761547,0.7506300684461449,1322.863058448604,71.69758854076144
31,1,13.225806451612904,7.137857623013364,100,97.0,0.003400999043469,40,0.4,1400.8974197283403,1674.93382775519,108.98334907752914,0.0,10,2.338964585621981,0,0,0,0.1,0.0,A-n32-k5,random_search,26,0.1168741633607057,0.755194585367954,0.3551745827741505,1262.3002868427857,138.59713288555486
31,1,13.225806451612904,7.137857623013364,100,97.0,0.003400999043469,50,0.5,1417.8311889091226,1607.1989631969486,77.60522673320887,0.0,9,2.370710223551745,0,0,0,0.1,0.0,A-n32-k5,random_search,27,0.2859545455530863,0.4822123363144754,0.5604794061914022,1301.7184880905354,116.1127008185872
31,1,13.225806451612904,7.137857623013364,100,97.0,0.003400999043469,5,0.05,1595.3696089639575,1831.5598409457543,92.88743922675413,0.0,2,2.4126908889048706,0,0,0,0.1,0.0,A-n32-k5,random_search,28,0.2642853112194864,0.4620486130540225,0.7221433624547091,1427.1545470170222,168.2150619469353
31,1,13.225806451612904,7.137857623013364,100,97.0,0.003400999043469,40,0.4,1520.5245757365997,1684.8794037487503,69.76690608677649,0.0,12,2.60783007264591,0,0,0,0.1,0.0,A-n32-k5,random_search,29,0.4112890116343579,0.7239505595808411,0.8859706187303373,1433.5596300473214,86.96494568927824
31,1,13.225806451612904,7.137857623013364,100,97.0,0.003400999043469,40,0.4,1527.2448072886782,1677.0056230813277,75.75521182378102,0.0166194031005677,4,2.538973473608535,0,0,0,0.1,0.0166194031005677,A-n32-k5,random_search,30,0.5146122084715271,0.201186398608915,0.462558784672939,1361.01034625949,166.2344610291882
31,1,13.225806451612904,7.137857623013364,100,97.0,0.003400999043469,70,0.7,1462.0449057268029,1594.472970120302,57.80965309352968,0.0,11,2.420947162747719,0,0,0,0.1,0.0,A-n32-k5,random_search,31,0.2267648655187578,0.6277489160378735,0.6166012613493077,1329.1734137561589,132.87149197064377
31,1,13.225806451612904,7.137857623013364,100,97.0,0.003400999043469,20,0.2,1549.1007823189032,1747.4099024020495,80.28248797095135,0.0595255308738599,0,2.199241297513888,0,0,0,0.1,0.0595255308738599,A-n32-k5,random_search,32,0.2158631053713035,0.3267469555203569,0.7394290136025095,1436.6099274075843,112.49085491131882
31,1,13.225806451612904,7.137857623013364,100,97.0,0.003400999043469,5,0.05,1787.1311180251453,1882.8213981830552,70.80066489910385,0.0,1,2.526483167797324,0,0,0,0.1,0.0,A-n32-k5,random_search,33,0.7929800457779257,0.5975736428405748,0.4078385133189643,1474.2539848529498,312.8771331721955
31,1,13.225806451612904,7.137857623013364,100,97.0,0.003400999043469,40,0.4,1473.4037049360636,1634.491635668804,85.03252360423987,0.0154762867698686,1,2.1031875532446582,0,0,0,0.1,0.0154762867698686,A-n32-k5,random_search,34,0.2833425207653814,0.3181093633230898,0.5103771250611527,1368.8792169002809,104.52448803578272
31,1,13.225806451612904,7.137857623013364,100,97.0,0.003400999043469,90,0.9,1297.1809822537232,1546.8016858267056,98.1074694176056,0.0250291803966959,1,2.31525114373671,0,0,0,0.1,0.0250291803966959,A-n32-k5,random_search,35,0.3340888630677144,0.2183763241015609,0.8384303408574221,1277.9960415400208,19.184940713702417
31,1,13.225806451612904,7.137857623013364,100,97.0,0.003400999043469,70,0.7,1461.6706656545791,1605.827315074452,91.32410720108366,0.0,10,2.3037995674643525,0,0,0,0.1,0.0,A-n32-k5,random_search,36,0.7350575618488386,0.633772806063567,0.5145065157517346,1270.029125847548,191.641539807031
31,1,13.225806451612904,7.137857623013364,100,97.0,0.003400999043469,90,0.9,1282.6393500330746,1518.733607874325,104.68478702749864,0.0182974232706932,2,2.455868749646421,0,0,0,0.1,0.0182974232706932,A-n32-k5,random_search,37,0.161964017061941,0.5679129880283156,0.5600853563121833,1243.5213897291458,39.11796030392884
31,1,13.225806451612904,7.137857623013364,100,97.0,0.003400999043469,90,0.9,1396.20435146418,1570.217550124627,91.24526418145206,0.0062624860122184,6,2.5440017496641176,0,0,0,0.1,0.0062624860122184,A-n32-k5,random_search,38,0.8560552926896529,0.4566006965821496,0.8870563582865993,1346.4044703144907,49.79988114968933
31,1,13.225806451612904,7.137857623013364,100,97.0,0.003400999043469,20,0.2,1653.056513800758,1763.2471630755408,66.3324281458394,0.0002414412694369,7,2.6126863728397227,0,0,0,0.1,0.0002414412694369,A-n32-k5,random_search,39,0.7882190310718854,0.4752411139331264,0.3078215222400748,1468.2597408713536,184.79677292940437
31,1,13.225806451612904,7.137857623013364,100,97.0,0.003400999043469,20,0.2,1626.666584582344,1741.1434283675303,64.02325476158003,0.0,16,2.8200168796449856,0,0,0,0.1,0.0,A-n32-k5,random_search,40,0.3984095023088247,0.4020530193102288,0.6456658461457263,1382.3460773906374,244.3205071917066
31,1,13.225806451612904,7.137857623013364,100,97.0,0.003400999043469,5,0.05,1584.6069738187934,1779.4298693105916,93.88848811999956,0.0,1,2.4449768117053106,0,0,0,0.1,0.0,A-n32-k5,random_search,41,0.7672335437363194,0.5515550541504031,0.3267810077085844,1412.241191390264,172.36578242852943
31,1,13.225806451612904,7.137857623013364,100,97.0,0.003400999043469,50,0.5,1351.989301447515,1551.224438402865,107.36951632153628,0.0124993739068425,4,1.9910626112175136,0,0,0,0.1,0.0124993739068425,A-n32-k5,random_search,42,0.8210906198080491,0.3670605950188512,0.4380889227321771,1193.9011039146112,158.08819753290345
31,1,13.225806451612904,7.137857623013364,100,97.0,0.003400999043469,80,0.8,1269.8671749376283,1509.4229562781034,127.7172179751234,0.0106974827407468,7,2.230075868841185,0,0,0,0.1,0.0106974827407468,A-n32-k5,random_search,43,0.3414483689644186,0.3113276509695987,0.5538125447987486,1222.0772075810912,47.78996735653732
31,1,13.225806451612904,7.137857623013364,100,97.0,0.003400999043469,50,0.5,1432.1404638140875,1630.2024823421364,82.21976272870286,0.0671302624233146,6,2.5175443716247536,0,0,0,0.1,0.0671302624233146,A-n32-k5,random_search,44,0.5937588325047097,0.4613638897625669,0.4209104515057277,1356.0827401120457,76.05772370204181
31,1,13.225806451612904,7.137857623013364,100,97.0,0.003400999043469,60,0.6,1348.001914628947,1586.2920714767752,107.8629367559252,0.0,17,2.3578644913852376,0,0,0,0.1,0.0,A-n32-k5,random_search,45,0.1004732145371215,0.6603366700163154,0.4129290259706122,1312.1093905798432,35.89252404910371
31,1,13.225806451612904,7.137857623013364,100,97.0,0.003400999043469,20,0.2,1436.9062891516296,1711.4310912263795,97.2558349643251,0.1156809271454658,6,2.658184029981012,0,0,0,0.1,0.1156809271454658,A-n32-k5,random_search,46,0.3125373491555072,0.4215832445193078,0.935101810222546,1365.5706674329288,71.33562171870085
31,1,13.225806451612904,7.137857623013364,100,97.0,0.003400999043469,50,0.5,1434.248796711534,1600.2581826406954,81.35147464860778,0.0389775908337905,1,2.13383298313149,0,0,0,0.1,0.0389775908337905,A-n32-k5,random_search,47,0.2902314393653514,0.4500394938814647,0.570166643850156,1299.4081297025464,134.84066700898757
31,1,13.225806451612904,7.137857623013364,100,97.0,0.003400999043469,60,0.6,1414.9470234111384,1590.0798173554613,79.80751214112706,0.0,19,2.1525538205465184,0,0,0,0.1,0.0,A-n32-k5,random_search,48,0.4042655528948952,0.7665714715432568,0.8153228371948984,1310.8406866709954,104.10633674014298
31,1,13.225806451612904,7.137857623013364,100,97.0,0.003400999043469,30,0.3,1459.207285490428,1603.0414063069886,106.573518692723,0.0124208682666756,4,1.976699040971989,0,0,0,0.1,0.0124208682666756,A-n32-k5,random_search,49,0.388542025852562,0.7077244787367709,0.8240273844982078,1293.3628596606711,165.8444258297568
31,1,13.225806451612904,7.137857623013364,100,97.0,0.003400999043469,5,0.05,1631.8510960328294,1847.3389519198604,82.88209020790617,0.0,4,2.4156256382549226,0,0,0,0.1,0.0,A-n32-k5,random_search,50,0.1191616003970583,0.4235311730292078,0.7725542263642847,1439.8266610577175,192.02443497511192
31,1,13.225806451612904,7.137857623013364,100,97.0,0.003400999043469,10,0.1,1593.4693626870012,1770.797891943471,96.27490995728512,0.1085032781022085,3,2.5944919196884264,0,0,0,0.1,0.1085032781022085,A-n32-k5,random_search,51,0.4248419006784024,0.6184972461117515,0.6807239332130239,1380.7493167209022,212.72004596609895
31,1,13.225806451612904,7.137857623013364,100,97.0,0.003400999043469,30,0.3,1621.6124226366464,1721.0055865124257,52.72696129788292,0.0345257922616776,6,2.471700201265747,0,0,0,0.1,0.0345257922616776,A-n32-k5,random_search,52,0.4761210197090693,0.343543760745605,0.5999393943657823,1427.487788083227,194.12463455341936
31,1,13.225806451612904,7.137857623013364,100,97.0,0.003400999043469,50,0.5,1371.3814698923045,1551.015598364878,88.64896558065607,0.0116791691921128,8,1.757066408194308,0,0,0,0.1,0.0116791691921128,A-n32-k5,random_search,53,0.4760183821155176,0.6315221029081077,0.918583514709666,1348.7902567051844,22.591213187120047
31,1,13.225806451612904,7.137857623013364,100,97.0,0.003400999043469,10,0.1,1605.5597246701946,1793.0873941607322,81.7100843400869,0.0,10,2.5294182834559886,0,0,0,0.1,0.0,A-n32-k5,random_search,54,0.3304873077612678,0.215246520038732,0.6094358565494598,1404.3058488279953,201.25387584219925
31,1,13.225806451612904,7.137857623013364,100,97.0,0.003400999043469,60,0.6,1440.9258054459938,1600.227953427174,93.5667599465834,0.0,17,2.6536161205924635,0,0,0,0.1,0.0,A-n32-k5,random_search,55,0.8234396240204115,0.5760121801216296,0.9772666659588072,1283.0670478984532,157.85875754754056
31,1,13.225806451612904,7.137857623013364,100,97.0,0.003400999043469,20,0.2,1679.847871577586,1752.8139731520605,60.065336171308864,0.0048782819599021,1,2.1190248380220305,0,0,0,0.1,0.0048782819599021,A-n32-k5,random_search,56,0.2803749891053474,0.3819893304070645,0.7955566783292561,1451.272694931043,228.57517664654347
31,1,13.225806451612904,7.137857623013364,100,97.0,0.003400999043469,70,0.7,1482.1678033899425,1607.4635713476337,80.77679068150073,0.0174404781271011,4,2.3844094832677665,0,0,0,0.1,0.0174404781271011,A-n32-k5,random_search,57,0.2645032532380774,0.7409056396218612,0.4561058553799566,1401.3223893900772,80.84541399986506
31,1,13.225806451612904,7.137857623013364,100,97.0,0.003400999043469,70,0.7,1446.409648153179,1592.668205788147,78.10759530929164,0.0,19,2.1131388032758154,0,0,0,0.1,0.0,A-n32-k5,random_search,58,0.2443392009411202,0.2379106587029067,0.8709445198414507,1379.7699525039336,66.63969564924537
31,1,13.225806451612904,7.137857623013364,100,97.0,0.003400999043469,30,0.3,1440.627453297165,1636.7621100696228,77.07294025283755,0.0520459317821427,2,2.223305464248654,0,0,0,0.1,0.0520459317821427,A-n32-k5,random_search,59,0.3290834860045718,0.5825555466904396,0.871598021252723,1321.2308823239002,119.39657097326472
31,1,13.225806451612904,7.137857623013364,100,97.0,0.003400999043469,70,0.7,1372.5171232921152,1565.6292495657822,83.78803331984956,0.0034229314679648,8,2.1380300473141833,0,0,0,0.1,0.0034229314679648,A-n32-k5,random_search,60,0.2936293125930083,0.2394228949492356,0.4036061129880896,1283.8620285351135,88.6550947570015
31,1,13.225806451612904,7.137857623013364,100,97.0,0.003400999043469,40,0.4,1465.0597847620963,1613.5325657192448,80.12158933446098,0.0148358417959874,3,2.4163723041089673,0,0,0,0.1,0.0148358417959874,A-n32-k5,random_search,61,0.1480946109158937,0.318602610908701,0.4636770268954371,1362.9000576609426,102.15972710115376
31,1,13.225806451612904,7.137857623013364,100,97.0,0.003400999043469,10,0.1,1678.885380356244,1806.947413112913,67.9488391288749,0.0470048424205694,1,2.6312800481904044,0,0,0,0.1,0.0470048424205694,A-n32-k5,random_search,62,0.1666707511347127,0.4859815847776972,0.5391514653221421,1440.5286361839758,238.35674417226824
31,1,13.225806451612904,7.137857623013364,100,97.0,0.003400999043469,10,0.1,1613.4627295075304,1797.1380669371451,83.12423926399481,0.1270241858632734,4,2.7371618186045685,0,0,0,0.1,0.1270241858632734,A-n32-k5,random_search,63,0.5517540892437188,0.2846275419633073,0.7622036951531614,1499.8083049678355,113.65442453969467
31,1,13.225806451612904,7.137857623013364,100,97.0,0.003400999043469,50,0.5,1447.7097634024594,1584.8278197821696,82.02972591071939,0.0,18,2.1878119220532284,0,0,0,0.1,0.0,A-n32-k5,random_search,64,0.5154066023520234,0.4052511127805938,0.4706544341113054,1365.4661246585326,82.2436387439268
31,1,13.225806451612904,7.137857623013364,100,97.0,0.003400999043469,70,0.7,1413.2428711011955,1598.1581766755753,86.2119393948683,0.0363378605795265,3,2.3041748513219327,0,0,0,0.1,0.0363378605795265,A-n32-k5,random_search,65,0.613102943351826,0.7726072683791487,0.420882391359722,1390.9718095714811,22.27106152971419
31,1,13.225806451612904,7.137857623013364,100,97.0,0.003400999043469,70,0.7,1480.2747468618682,1599.5499765939717,54.24034328223995,0.0,19,2.652298433026725,0,0,0,0.1,0.0,A-n32-k5,random_search,66,0.5356600554954704,0.7142571427579931,0.5725004351321288,1398.5094266129638,81.76532024890435
31,1,13.225806451612904,7.137857623013364,100,97.0,0.003400999043469,90,0.9,1418.1669644576211,1593.8573418615829,93.57546709025264,0.0,10,2.7270209369641676,0,0,0,0.1,0.0,A-n32-k5,random_search,67,0.1034287157339064,0.6154218031968499,0.9698176964133812,1318.2170649243585,99.94989953326262
31,1,13.225806451612904,7.137857623013364,100,97.0,0.003400999043469,80,0.8,1388.8782871059698,1527.4359905412643,83.82993436912187,0.0,11,1.7601501255612293,0,0,0,0.1,0.0,A-n32-k5,random_search,68,0.4725452195932663,0.3392121720350554,0.3900592899032042,1286.115293670602,102.76299343536766
31,1,13.225806451612904,7.137857623013364,100,97.0,0.003400999043469,10,0.1,1676.7831001722152,1793.9101096144125,70.64757412365333,0.0458366756377109,4,2.2224561660198807,0,0,0,0.1,0.0458366756377109,A-n32-k5,random_search,69,0.4089990470132336,0.2183996414598598,0.4152565867574824,1381.7912685716594,294.99183160055577
31,1,13.225806451612904,7.137857623013364,100,97.0,0.003400999043469,80,0.8,1358.1844916301302,1520.7176265082728,71.84116503994541,0.0,15,2.163435285849538,0,0,0,0.1,0.0,A-n32-k5,random_search,70,0.2196246764805574,0.5807935112652253,0.8085061637984541,1303.9466389918143,54.23785263831587
31,1,13.225806451612904,7.137857623013364,100,97.0,0.003400999043469,60,0.6,1465.5471089046616,1603.896226782401,67.17160184289567,0.0,10,2.531392262248768,0,0,0,0.1,0.0,A-n32-k5,random_search,71,0.5601391081381223,0.5685154074881547,0.4532578130687108,1417.537501068884,48.009607835777615
31,1,13.225806451612904,7.137857623013364,100,97.0,0.003400999043469,5,0.05,1581.656167995359,1829.4500343391232,108.29687850869875,0.0,0,2.2211150629577783,0,0,0,0.1,0.0,A-n32-k5,random_search,72,0.5803056829819385,0.4459230403081328,0.6666884298454128,1402.4727148111904,179.18345318416868
31,1,13.225806451612904,7.137857623013364,100,97.0,0.003400999043469,70,0.7,1340.958366135128,1569.1072007887956,123.97244261198172,0.0,19,2.3512244702959157,0,0,0,0.1,0.0,A-n32-k5,random_search,73,0.1777921742480095,0.3121634678836688,0.8306576341072485,1336.132497818052,4.825868317075901
31,1,13.225806451612904,7.137857623013364,100,97.0,0.003400999043469,40,0.4,1304.8276222455363,1582.0682904117086,137.16166150544584,0.0406398930648437,8,2.380679104695935,0,0,0,0.1,0.0406398930648437,A-n32-k5,random_search,74,0.1333858049375706,0.4624824189948568,0.8414921345638489,1181.322444233185,123.50517801235128
31,1,13.225806451612904,7.137857623013364,100,97.0,0.003400999043469,60,0.6,1460.645502390194,1600.7948023585104,67.66012848051783,0.0,11,2.5679845709717197,0,0,0,0.1,0.0,A-n32-k5,random_search,75,0.2870542305684007,0.5585983321998355,0.7416617281129491,1344.2385980237684,116.40690436642558
31,1,13.225806451612904,7.137857623013364,100,97.0,0.003400999043469,30,0.3,1545.5823222503882,1669.3559673834866,69.82897876907764,0.0,9,2.2094991252348724,0,0,0,0.1,0.0,A-n32-k5,random_search,76,0.649812868464153,0.2101624571364877,0.4638877163102715,1452.0642852594024,93.51803699098582
31,1,13.225806451612904,7.137857623013364,100,97.0,0.003400999043469,30,0.3,1447.5776732236604,1654.9583091364543,87.93567078417938,0.0466177108330318,8,2.108231443779363,0,0,0,0.1,0.0466177108330318,A-n32-k5,random_search,77,0.2548429482964341,0.3924647516543634,0.4148570282872752,1332.8115983408852,114.76607488277524
31,1,13.225806451612904,7.137857623013364,100,97.0,0.003400999043469,10,0.1,1577.601232245058,1774.4492200485934,81.75211410812369,0.1451142012707536,0,2.0090721960411675,0,0,0,0.1,0.1451142012707536,A-n32-k5,random_search,78,0.7339249387584091,0.4248309243830926,0.4504053502407598,1402.728341141135,174.87289110392317
31,1,13.225806451612904,7.137857623013364,100,97.0,0.003400999043469,40,0.4,1416.2234727595965,1612.769076368348,97.98277032058684,0.0,9,2.37155436224296,0,0,0,0.1,0.0,A-n32-k5,random_search,79,0.7167704938835884,0.5998763469843489,0.4400044563900804,1380.5765096125715,35.646963147024735
31,1,13.225806451612904,7.137857623013364,100,97.0,0.003400999043469,5,0.05,1445.7064320127974,1798.1515200677957,115.88992604936244,0.0,1,2.400144334829881,0,0,0,0.1,0.0,A-n32-k5,random_search,80,0.8961963905993201,0.524872235172875,0.3470040146195898,1314.0217177432726,131.68471426952487
31,1,13.225806451612904,7.137857623013364,100,97.0,0.003400999043469,5,0.05,1698.7378285862671,1825.7151415018511,67.87178671394311,0.0,0,2.556731670850216,0,0,0,0.1,0.0,A-n32-k5,random_search,81,0.8782738218578,0.3956099574251095,0.5960227426258324,1406.650570884546,292.087257701721
31,1,13.225806451612904,7.137857623013364,100,97.0,0.003400999043469,5,0.05,1644.7772866999728,1878.973196060991,96.2078394034273,0.0,5,2.6123833698516985,0,0,0,0.1,0.0,A-n32-k5,random_search,82,0.8418009389149361,0.7306652479664966,0.3907530115825275,1461.602075923122,183.17521077685092
31,1,13.225806451612904,7.137857623013364,100,97.0,0.003400999043469,30,0.3,1513.9783329688355,1659.9926856087568,81.18904922156472,0.0238519519337018,1,2.6191877472939673,0,0,0,0.1,0.0238519519337018,A-n32-k5,random_search,83,0.5467298918535616,0.621431908029618,0.3774522902061229,1371.6812581773072,142.2970747915283
31,1,13.225806451612904,7.137857623013364,100,97.0,0.003400999043469,40,0.4,1285.2321558099811,1675.2571508708018,114.61839164400348,0.0413264187665694,2,2.496942887385975,0,0,0,0.1,0.0413264187665694,A-n32-k5,random_search,84,0.288095939392619,0.7333894046219762,0.4159877667665483,1254.044247654552,31.187908155429113
31,1,13.225806451612904,7.137857623013364,100,97.0,0.003400999043469,50,0.5,1372.9486436110378,1551.982944133856,83.09279313925366,0.0,9,2.3508949503067385,0,0,0,0.1,0.0,A-n32-k5,random_search,85,0.1828316749632788,0.3622562377796563,0.4181886707646249,1348.3963966978056,24.55224691323224
31,1,13.225806451612904,7.137857623013364,100,97.0,0.003400999043469,40,0.4,1288.9063314798973,1466.3422025885825,122.18077508372086,0.0,14,1.8051682593153784,0,0,0,0.1,0.0,A-n32-k5,random_search,86,0.4417061486748024,0.4839386766419652,0.370784293078056,1146.709076156806,142.1972553230912
31,1,13.225806451612904,7.137857623013364,100,97.0,0.003400999043469,80,0.8,1322.2489277989737,1554.3078684376446,115.85560101791847,0.0588237113625998,3,2.122428031051165,0,0,0,0.1,0.0588237113625998,A-n32-k5,random_search,87,0.2268867440470239,0.2630928832852296,0.3963777581454003,1193.369118865533,128.8798089334407
31,1,13.225806451612904,7.137857623013364,100,97.0,0.003400999043469,60,0.6,1441.3561972771142,1574.4980665861617,67.82508082928416,0.0267497628847798,6,2.283563800636905,0,0,0,0.1,0.0267497628847798,A-n32-k5,random_search,88,0.3270677026017055,0.6110231441748644,0.321396358281838,1371.5772675183011,69.77892975881309
31,1,13.225806451612904,7.137857623013364,100,97.0,0.003400999043469,70,0.7,1356.8409120473598,1587.2393233754472,99.56149321812606,0.0,17,2.503945487571191,0,0,0,0.1,0.0,A-n32-k5,random_search,89,0.1736237980699426,0.2576519112908438,0.4357931610792169,1306.201262250779,50.63964979658067
31,1,13.225806451612904,7.137857623013364,100,97.0,0.003400999043469,5,0.05,1612.7380060881123,1844.700090808384,94.99735049198544,0.0,1,2.575117068326753,0,0,0,0.1,0.0,A-n32-k5,random_search,90,0.8875271125905242,0.3487805961144999,0.3669481362934111,1453.7932038141528,158.94480227395957
31,1,13.225806451612904,7.137857623013364,100,97.0,0.003400999043469,70,0.7,1391.6847164194928,1537.2257693982558,83.60215480603372,0.0,19,2.2354984559694646,0,0,0,0.1,0.0,A-n32-k5,random_search,91,0.3153981399721927,0.5755544236720009,0.7096287230992122,1350.558318682405,41.12639773708793
31,1,13.225806451612904,7.137857623013364,100,97.0,0.003400999043469,10,0.1,1450.5529232040824,1793.7800669324777,107.18502752979572,0.2147202792462742,4,2.3502855773719036,0,0,0,0.1,0.2147202792462742,A-n32-k5,random_search,92,0.1825798351658989,0.7667875275678735,0.4325557502766985,1387.8848972549106,62.668025949171806
31,1,13.225806451612904,7.137857623013364,100,97.0,0.003400999043469,60,0.6,1427.871593628145,1555.1918794401,81.90536170576637,0.0,10,1.5146193768628593,0,0,0,0.1,0.0,A-n32-k5,random_search,93,0.6767892928382098,0.4290074881502088,0.9983615433427058,1314.3994798676167,113.4721137605286
31,1,13.225806451612904,7.137857623013364,100,97.0,0.003400999043469,90,0.9,1284.1054499211095,1518.9052740708512,111.50268656078086,0.0097148775990825,1,1.9766236572572544,0,0,0,0.1,0.0097148775990825,A-n32-k5,random_search,94,0.2007330891621058,0.775532233293861,0.9957375250758984,1235.591131678692,48.51431824241763
31,1,13.225806451612904,7.137857623013364,100,97.0,0.003400999043469,40,0.4,1385.928839681697,1662.5428847039668,104.83603980976508,0.0341352740130673,0,2.597976471323773,0,0,0,0.1,0.0341352740130673,A-n32-k5,random_search,95,0.1720881958308903,0.2025478672877664,0.944043459137724,1270.420690880124,115.50814880157282
31,1,13.225806451612904,7.137857623013364,100,97.0,0.003400999043469,5,0.05,1717.1684868156697,1843.8090452808804,75.77895935749333,0.0,0,2.6844060025612912,0,0,0,0.1,0.0,A-n32-k5,random_search,96,0.1609771659267178,0.4752413813848012,0.8540621453350212,1441.1574545004764,276.01103231519323
31,1,13.225806451612904,7.137857623013364,100,97.0,0.003400999043469,50,0.5,1544.1809419970828,1630.8758460456306,54.87666613048205,0.0,19,2.3759398374703924,0,0,0,0.1,0.0,A-n32-k5,random_search,97,0.3615054134687977,0.7664114751984523,0.3078121131791883,1429.55882072526,114.6221212718226
31,1,13.225806451612904,7.137857623013364,100,97.0,0.003400999043469,20,0.2,1366.738051969999,1737.486277533897,99.12555590910029,0.1642369109784096,2,2.582047433611412,0,0,0,0.1,0.1642369109784096,A-n32-k5,random_search,98,0.3941515377173891,0.3078285627160436,0.3229824747947793,1268.4514879046744,98.28656406532492
31,1,13.225806451612904,7.137857623013364,100,97.0,0.003400999043469,70,0.7,1479.191832891072,1616.977594493024,81.69875185591641,0.0,15,2.564071072717112,0,0,0,0.1,0.0,A-n32-k5,random_search,99,0.6906054431118069,0.5928901713749426,0.5490548480897205,1432.465809347932,46.726023543139945
50,1,15.54,7.980501237391045,160,63.0,0.0128495842781557,30,0.3,1328.0135254076956,1362.9088336052748,21.83963749013954,0.0,19,2.23959429759941,0,0,0,0.1,0.0,E-n51-k5,random_search,0,0.8050134314077346,0.7993305427993946,0.918941414545288,1208.2512211065934,119.76230430110218
50,1,15.54,7.980501237391045,160,63.0,0.0128495842781557,10,0.1,1273.307902967932,1354.213316295079,38.97877265287243,0.0794700123157233,3,3.5208194911444397,0,0,0,0.1,0.0794700123157233,E-n51-k5,random_search,1,0.8774651901644314,0.7540296741865884,0.879407399041664,1185.7105595373357,87.59734343059631
50,1,15.54,7.980501237391045,160,63.0,0.0128495842781557,10,0.1,1359.1349116104209,1382.6963231640832,7.630645756198083,0.0174219130111577,2,2.778797677022004,0,0,0,0.1,0.0174219130111577,E-n51-k5,random_search,2,0.4779896944530997,0.2476444580527719,0.8651563621334901,1236.31710155283,122.8178100575908
50,1,15.54,7.980501237391045,160,63.0,0.0128495842781557,60,0.6,1288.9452184956729,1350.2550423829189,29.15533110243211,0.0,15,3.62490892044823,0,0,0,0.1,0.0,E-n51-k5,random_search,3,0.13097395335358,0.5952800476532799,0.9787727762778224,1258.50417017726,30.441048318412868
50,1,15.54,7.980501237391045,160,63.0,0.0128495842781557,90,0.9,1253.813563874956,1302.49563993303,47.93475841717404,0.0,19,3.9803130965866504,0,0,0,0.1,0.0,E-n51-k5,random_search,4,0.6779664258315826,0.4580721088118636,0.5256015590611424,1172.5997523919575,81.21381148299838
50,1,15.54,7.980501237391045,160,63.0,0.0128495842781557,90,0.9,1283.111578620078,1332.80031257343,28.643609523286223,0.0,19,4.03983044999347,0,0,0,0.1,0.0,E-n51-k5,random_search,5,0.1329943822577491,0.5542686722903456,0.6520801864268024,1205.316230748789,77.7953478712891
50,1,15.54,7.980501237391045,160,63.0,0.0128495842781557,90,0.9,1254.5198259603155,1333.3608293625196,42.39878276460987,0.0,19,3.5408146956050692,0,0,0,0.1,0.0,E-n51-k5,random_search,6,0.4126021848267667,0.3656581542682006,0.7581612088215253,1213.294988439906,41.224837520409665
50,1,15.54,7.980501237391045,160,63.0,0.0128495842781557,40,0.4,1195.9285351630847,1304.2608402941355,73.73491152345359,0.0,14,4.04256841869599,0,0,0,0.1,0.0,E-n51-k5,random_search,7,0.3372219061828483,0.319824030323196,0.4520758126071431,1190.3527443325904,5.57579083049427
50,1,15.54,7.980501237391045,160,63.0,0.0128495842781557,10,0.1,1356.2192036323609,1380.259958809758,9.368901499514054,0.0195298058647858,1,3.206587908236468,0,0,0,0.1,0.0195298058647858,E-n51-k5,random_search,8,0.2519751731254724,0.3596678957934757,0.580397321832144,1248.2569470616472,107.96225657071363
50,1,15.54,7.980501237391045,160,63.0,0.0128495842781557,80,0.8,1257.7713661498815,1322.0319752250878,44.731445837315555,0.0,19,3.993168829045465,0,0,0,0.1,0.0,E-n51-k5,random_search,9,0.8292675271536761,0.724370038660435,0.356920085614805,1183.8252880506473,73.94607809923423
50,1,15.54,7.980501237391045,160,63.0,0.0128495842781557,10,0.1,1318.735332372663,1370.0718979901324,27.33398743519332,0.0271805493370807,0,3.7238206455873177,0,0,0,0.1,0.0271805493370807,E-n51-k5,random_search,10,0.1106216077449938,0.5868737978817113,0.8410198486554437,1244.4725584621951,74.26277391046779
50,1,15.54,7.980501237391045,160,63.0,0.0128495842781557,40,0.4,1317.141275854579,1364.4799096724375,22.946598966810985,0.0,19,2.9270619284423245,0,0,0,0.1,0.0,E-n51-k5,random_search,11,0.5262490122782834,0.4227414312629691,0.8167117872260807,1254.0570481086472,63.084227745931685
50,1,15.54,7.980501237391045,160,63.0,0.0128495842781557,60,0.6,1207.141274836145,1284.7888060058162,59.301027079828366,0.0024145416991442,2,3.880666128504804,0,0,0,0.1,0.0024145416991442,E-n51-k5,random_search,12,0.6751450442251454,0.5790660521288863,0.7360937876997842,1111.937418565894,95.20385627025098
50,1,15.54,7.980501237391045,160,63.0,0.0128495842781557,90,0.9,1169.7030819779463,1271.0015352725302,69.69089348564181,0.0,19,3.9933505716863578,0,0,0,0.1,0.0,E-n51-k5,random_search,13,0.6675204838491733,0.6029924447723598,0.849634486697435,1169.7030819779463,0.0
50,1,15.54,7.980501237391045,160,63.0,0.0128495842781557,10,0.1,1286.1436797154652,1378.9017254338112,26.620555546807704,0.068564883055197,4,2.2140065838195193,0,0,0,0.1,0.068564883055197,E-n51-k5,random_search,14,0.2326086585375795,0.3783395405604611,0.7388617428656788,1262.122849517885,24.020830197580153
50,1,15.54,7.980501237391045,160,63.0,0.0128495842781557,50,0.5,1274.0050654352144,1329.264425933929,33.733681884272194,0.0,19,3.8832011289576855,0,0,0,0.1,0.0,E-n51-k5,random_search,15,0.8346023573570973,0.3553010032381487,0.785200838979863,1163.6027420612213,110.40232337399311
50,1,15.54,7.980501237391045,160,63.0,0.0128495842781557,70,0.7,1295.9759353677523,1347.43119178526,22.791074560063965,0.0,19,4.335403866734728,0,0,0,0.1,0.0,E-n51-k5,random_search,16,0.540090736767939,0.7716121367177373,0.9096348357582318,1258.7014904064813,37.274444961271
50,1,15.54,7.980501237391045,160,63.0,0.0128495842781557,80,0.8,1229.3059119076993,1288.721725967153,51.04793678483892,0.0076209269638716,4,3.794634113305115,0,0,0,0.1,0.0076209269638716,E-n51-k5,random_search,17,0.7827686645366732,0.4249293540303429,0.7121137834185782,1183.9865426067645,45.31936930093502
50,1,15.54,7.980501237391045,160,63.0,0.0128495842781557,5,0.05,1334.4350000716786,1385.5347483264486,32.953437227975655,0.0,2,3.3674722000797583,0,0,0,0.1,0.0,E-n51-k5,random_search,18,0.701185867939109,0.576536298939529,0.6391035464386867,1251.0741741175864,83.3608259540922
50,1,15.54,7.980501237391045,160,63.0,0.0128495842781557,80,0.8,1304.6419349576804,1337.032499378107,20.747485184776355,0.0027426365205653,3,3.9265929650777305,0,0,0,0.1,0.0027426365205653,E-n51-k5,random_search,19,0.8577486057242918,0.5124232034033303,0.5226538679362852,1247.5895000781336,57.05243487954681
50,1,15.54,7.980501237391045,160,63.0,0.0128495842781557,10,0.1,1316.1413342073051,1380.0908049742588,19.395208878112193,0.0,9,2.9690333726873948,0,0,0,0.1,0.0,E-n51-k5,random_search,20,0.4715457578452066,0.4902532789101532,0.897533539223925,1217.929347497793,98.21198670951208
50,1,15.54,7.980501237391045,160,63.0,0.0128495842781557,90,0.9,1149.3109705652355,1245.4571475930402,68.38764925532777,0.0,19,3.77604708392238,0,0,0,0.1,0.0,E-n51-k5,random_search,21,0.6823471901735831,0.5754153290051369,0.4725640813098919,1149.3109705652355,0.0
50,1,15.54,7.980501237391045,160,63.0,0.0128495842781557,90,0.9,1189.0636384856648,1248.9323761009623,58.51941267027899,0.0,19,3.907257424613967,0,0,0,0.1,0.0,E-n51-k5,random_search,22,0.4962185312441469,0.4978129926267648,0.3680398266196201,1179.6720857690357,9.39155271662912
50,1,15.54,7.980501237391045,160,63.0,0.0128495842781557,40,0.4,1285.0276250940112,1348.8150745999253,22.843249660923483,0.007443109280817,8,4.147431236033806,0,0,0,0.1,0.007443109280817,E-n51-k5,random_search,23,0.4901515374704303,0.7593389614558466,0.6393077479028638,1252.206208626142,32.82141646786931
50,1,15.54,7.980501237391045,160,63.0,0.0128495842781557,5,0.05,1364.0868439133856,1404.8621237298428,38.45267605833475,0.0,0,4.154752019441271,0,0,0,0.1,0.0,E-n51-k5,random_search,24,0.2293693860116306,0.5164099945303406,0.7321307402866393,1236.535625739023,127.55121817436223
50,1,15.54,7.980501237391045,160,63.0,0.0128495842781557,50,0.5,1223.2442000812116,1345.6124512303172,40.907426899052915,0.0,10,4.221515129186176,0,0,0,0.1,0.0,E-n51-k5,random_search,25,0.1430955639943676,0.2576140612837376,0.3576887217844952,1207.2918454124897,15.952354668722135
50,1,15.54,7.980501237391045,160,63.0,0.0128495842781557,50,0.5,1307.476986107013,1341.93257872779,23.363982084015152,0.0,19,3.543731376951769,0,0,0,0.1,0.0,E-n51-k5,random_search,26,0.6984321972529284,0.2940380202168562,0.3853469952566372,1242.5258825877277,64.95110351928543
50,1,15.54,7.980501237391045,160,63.0,0.0128495842781557,60,0.6,1211.0242137528978,1309.2903130897869,60.770150703281345,0.0,19,3.8511590840699808,0,0,0,0.1,0.0,E-n51-k5,random_search,27,0.6276297467552977,0.7984408762025561,0.6104940356179396,1210.2265294436986,0.7976843091992123
50,1,15.54,7.980501237391045,160,63.0,0.0128495842781557,60,0.6,1174.0555884920188,1286.4506935811637,70.9549154886497,0.0233059522835689,3,4.020427816343875,0,0,0,0.1,0.0233059522835689,E-n51-k5,random_search,28,0.644941093152422,0.6972051073199046,0.7798019815437129,1165.616954774151,8.438633717867788
50,1,15.54,7.980501237391045,160,63.0,0.0128495842781557,60,0.6,1227.031096662305,1317.0015597309923,46.23223686821571,0.0,19,3.63644052811065,0,0,0,0.1,0.0,E-n51-k5,random_search,29,0.4994508916013985,0.718544635780985,0.9583222397536422,1187.6158747835275,39.415221878777174
50,1,15.54,7.980501237391045,160,63.0,0.0128495842781557,40,0.4,1307.665657165893,1359.8854859430216,20.254352369863327,0.0153220338893418,0,3.778218335614897,0,0,0,0.1,0.0153220338893418,E-n51-k5,random_search,30,0.3726832664970497,0.288667490570314,0.5255617289806849,1209.3651533112788,98.30050385461412
50,1,15.54,7.980501237391045,160,63.0,0.0128495842781557,30,0.3,1211.6844215354772,1285.7020115690689,68.0625373056309,0.0065896291305458,1,3.815732241538027,0,0,0,0.1,0.0065896291305458,E-n51-k5,random_search,31,0.8392571952690105,0.5834745444703181,0.809514401276048,1169.599943850033,42.0844776854442
50,1,15.54,7.980501237391045,160,63.0,0.0128495842781557,20,0.2,1338.169533587587,1370.5424999633349,14.980484118240536,0.0,16,3.134010813427167,0,0,0,0.1,0.0,E-n51-k5,random_search,32,0.8384129440620324,0.5695422608923988,0.6404798197114463,1235.52860456517,102.64092902241714
50,1,15.54,7.980501237391045,160,63.0,0.0128495842781557,30,0.3,1250.1097764369515,1339.1727498881082,48.537373069998026,0.0147112612977276,7,3.8025065251705903,0,0,0,0.1,0.0147112612977276,E-n51-k5,random_search,33,0.7672806855207185,0.5412101360720661,0.4545242382452206,1117.947394372511,132.1623820644404
50,1,15.54,7.980501237391045,160,63.0,0.0128495842781557,20,0.2,1241.7299767860566,1353.8940537420724,45.23543974370094,0.0863044058938578,1,3.435407078447438,0,0,0,0.1,0.0863044058938578,E-n51-k5,random_search,34,0.7259201913543455,0.7440178988515098,0.7913015363198073,1204.613078698798,37.116898087258505
50,1,15.54,7.980501237391045,160,63.0,0.0128495842781557,80,0.8,1248.2343220238122,1303.02229548192,53.42372736212756,0.0108967980535058,8,3.941562715591014,0,0,0,0.1,0.0108967980535058,E-n51-k5,random_search,35,0.5816615839123002,0.692834225791622,0.8851729317588124,1199.131015545522,49.10330647829005
50,1,15.54,7.980501237391045,160,63.0,0.0128495842781557,50,0.5,1226.0235767297895,1312.484337155713,59.39839030348572,0.0063095340102048,0,3.73672144784561,0,0,0,0.1,0.0063095340102048,E-n51-k5,random_search,36,0.756517515830166,0.4063347987721805,0.5015558571762312,1144.7942203247987,81.22935640499077
50,1,15.54,7.980501237391045,160,63.0,0.0128495842781557,40,0.4,1195.895885758303,1304.593871710987,63.5389891682575,0.0513491685013993,3,3.8946335490445265,0,0,0,0.1,0.0513491685013993,E-n51-k5,random_search,37,0.8047664313314339,0.6208272011810072,0.5539524182148723,1184.907586823658,10.988298934644943
50,1,15.54,7.980501237391045,160,63.0,0.0128495842781557,20,0.2,1325.1845036766465,1362.9952723511192,22.948123017145615,0.0,12,3.5569164710363292,0,0,0,0.1,0.0,E-n51-k5,random_search,38,0.6837845107261507,0.5983910454737011,0.7897647182183704,1234.3649475605612,90.8195561160851
50,1,15.54,7.980501237391045,160,63.0,0.0128495842781557,70,0.7,1150.2729019048215,1263.136046502644,74.84008532631127,0.0045333447707924,1,3.9605151223599457,0,0,0,0.1,0.0045333447707924,E-n51-k5,random_search,39,0.8288303641618285,0.7466855869460416,0.9446172896919572,1141.1514885987726,9.121413306048908
50,1,15.54,7.980501237391045,160,63.0,0.0128495842781557,10,0.1,1294.1768701305991,1371.0060186475807,26.990691751876064,0.0643829229790007,1,3.0312642388968793,0,0,0,0.1,0.0643829229790007,E-n51-k5,random_search,40,0.3148862613901385,0.6455923080187431,0.7552889658240687,1255.1625782754106,39.0142918551885
50,1,15.54,7.980501237391045,160,63.0,0.0128495842781557,40,0.4,1169.6300545844356,1248.8299209107067,61.16241920750315,0.0110115772201198,6,3.8594093904582336,0,0,0,0.1,0.0110115772201198,E-n51-k5,random_search,41,0.4784022605570046,0.211005297545775,0.7792556948951593,1151.9390889165406,17.690965667894943
50,1,15.54,7.980501237391045,160,63.0,0.0128495842781557,5,0.05,1310.444127508868,1386.1322430417335,34.72987117160485,0.0,1,3.673487292138903,0,0,0,0.1,0.0,E-n51-k5,random_search,42,0.118513668103995,0.7754282775299928,0.8010489838959047,1220.2860057459056,90.15812176296232
50,1,15.54,7.980501237391045,160,63.0,0.0128495842781557,30,0.3,1227.1603523740844,1333.8954772804077,57.069673764396605,0.0383979851832133,0,3.619628413149598,0,0,0,0.1,0.0383979851832133,E-n51-k5,random_search,43,0.7483467625967833,0.7166736945216197,0.8493333243770689,1207.1293865577927,20.030965816291655
50,1,15.54,7.980501237391045,160,63.0,0.0128495842781557,10,0.1,1351.7540921757914,1383.2720900445115,9.7648366185251,0.0227578302762765,3,1.5713373209500403,0,0,0,0.1,0.0227578302762765,E-n51-k5,random_search,44,0.5817159695687507,0.7607946464626378,0.4677327271032665,1234.6208379770069,117.1332541987847
50,1,15.54,7.980501237391045,160,63.0,0.0128495842781557,80,0.8,1249.4822866979648,1337.6019642696983,30.742834549506643,0.0,19,4.227484630911132,0,0,0,0.1,0.0,E-n51-k5,random_search,45,0.752757723368655,0.6158474938395293,0.4910887339142483,1249.4822866979648,0.0
50,1,15.54,7.980501237391045,160,63.0,0.0128495842781557,90,0.9,1186.374458675231,1239.5351795396305,61.19445584457633,0.0,19,3.389189507023997,0,0,0,0.1,0.0,E-n51-k5,random_search,46,0.856830390558362,0.6945977785285006,0.7603701620184693,1181.6048693113537,4.769589363877458
50,1,15.54,7.980501237391045,160,63.0,0.0128495842781557,50,0.5,1137.5964672150906,1220.8664768530516,64.75849034974497,0.0723405703223549,0,3.4615196015551946,0,0,0,0.1,0.0723405703223549,E-n51-k5,random_search,47,0.2441950504757954,0.5038029789448859,0.5239186098657985,1124.4091986265687,13.187268588521874
50,1,15.54,7.980501237391045,160,63.0,0.0128495842781557,80,0.8,1194.223882028821,1293.6387559418902,64.0961569082827,0.0147610117375705,7,3.882019934459848,0,0,0,0.1,0.0147610117375705,E-n51-k5,random_search,48,0.5173090424882234,0.2585852517539171,0.8100954872685109,1147.5607926719197,46.66308935690131
50,1,15.54,7.980501237391045,160,63.0,0.0128495842781557,20,0.2,1247.2431339243706,1311.5601023177671,47.47494211601253,0.0119989413251691,0,3.9266181479417983,0,0,0,0.1,0.0119989413251691,E-n51-k5,random_search,49,0.5807690494009318,0.7775718755794567,0.7552630190565561,1200.1143451448731,47.12878877949743
50,1,15.54,7.980501237391045,160,63.0,0.0128495842781557,40,0.4,1297.8634534162168,1342.117052953597,28.70475161327003,0.0018420740900458,7,3.625169934690713,0,0,0,0.1,0.0018420740900458,E-n51-k5,random_search,50,0.6614324138904658,0.5258633180166354,0.4433133574474354,1181.6513766810824,116.21207673513436
50,1,15.54,7.980501237391045,160,63.0,0.0128495842781557,30,0.3,1324.245620405777,1361.0438189188535,21.47072982404179,0.0,19,3.4865182603304268,0,0,0,0.1,0.0,E-n51-k5,random_search,51,0.676331441759678,0.4194107095582526,0.7242001852342785,1269.6457901579645,54.59983024781218
50,1,15.54,7.980501237391045,160,63.0,0.0128495842781557,90,0.9,1215.1230747198008,1277.9140298234815,41.23287575522309,0.0,9,2.8995162774118555,0,0,0,0.1,0.0,E-n51-k5,random_search,52,0.1084007181178047,0.7567605570269031,0.6162128868913007,1167.008651751701,48.11442296809946
50,1,15.54,7.980501237391045,160,63.0,0.0128495842781557,90,0.9,1232.6017903171448,1275.9169734320249,48.54195044006549,0.0,19,3.842903404125776,0,0,0,0.1,0.0,E-n51-k5,random_search,53,0.8523166687306976,0.6423665145882718,0.9339178600044852,1223.3276922615648,9.274098055579998
50,1,15.54,7.980501237391045,160,63.0,0.0128495842781557,90,0.9,1207.9979053363634,1304.093380249102,50.846873966530566,0.0,19,3.985031188410552,0,0,0,0.1,0.0,E-n51-k5,random_search,54,0.1974255286721582,0.6184094150277386,0.3376834678641522,1205.8018060722857,2.196099264077702
50,1,15.54,7.980501237391045,160,63.0,0.0128495842781557,5,0.05,1329.2571874918958,1399.2649086331903,41.906232891809346,0.0,0,3.9053095075017095,0,0,0,0.1,0.0,E-n51-k5,random_search,55,0.3765269441308326,0.4178859444693781,0.7058663223820208,1238.441383800739,90.81580369115682
50,1,15.54,7.980501237391045,160,63.0,0.0128495842781557,20,0.2,1222.8613168315828,1342.105808089312,51.36542221745386,0.0642955794547357,2,3.732135208276699,0,0,0,0.1,0.0642955794547357,E-n51-k5,random_search,56,0.5336987790549531,0.6182420841373156,0.4224573426834762,1175.9589586580175,46.90235817356529
50,1,15.54,7.980501237391045,160,63.0,0.0128495842781557,60,0.6,1211.2390401086768,1321.6287808013951,61.38619018339469,0.0,16,3.794296128525132,0,0,0,0.1,0.0,E-n51-k5,random_search,57,0.532086305953636,0.2673673090667414,0.3932489907483989,1173.8038068561316,37.43523325254523
50,1,15.54,7.980501237391045,160,63.0,0.0128495842781557,80,0.8,1191.9584352357483,1254.8423467493135,58.45483695943606,0.0,12,3.5444610800523946,0,0,0,0.1,0.0,E-n51-k5,random_search,58,0.755996876454383,0.6839700076104938,0.3512261827425469,1188.244545655311,3.7138895804373537
50,1,15.54,7.980501237391045,160,63.0,0.0128495842781557,50,0.5,1278.0064563229903,1332.3275768570843,38.31295668868923,0.0022486542597025,8,3.797111090072892,0,0,0,0.1,0.0022486542597025,E-n51-k5,random_search,59,0.8476942670703381,0.6563893850853433,0.6170919382116425,1209.6740488840724,68.33240743891793
50,1,15.54,7.980501237391045,160,63.0,0.0128495842781557,10,0.1,1297.181853660436,1369.062663418622,31.752523179545324,0.0268392304716036,7,3.4124721134169236,0,0,0,0.1,0.0268392304716036,E-n51-k5,random_search,60,0.1521782316685214,0.2128607231467676,0.6336087413941143,1218.0081302346894,79.17372342574663
50,1,15.54,7.980501237391045,160,63.0,0.0128495842781557,10,0.1,1300.527223936198,1366.0541256148576,28.30922208685267,0.0549052991529127,7,2.7771534447640587,0,0,0,0.1,0.0549052991529127,E-n51-k5,random_search,61,0.8943012778420126,0.7139475521459062,0.6891003137442256,1205.2816762939217,95.2455476422765
50,1,15.54,7.980501237391045,160,63.0,0.0128495842781557,10,0.1,1325.030552758522,1372.326938194703,19.154672387871244,0.0420774460214691,2,2.4603717768437376,0,0,0,0.1,0.0420774460214691,E-n51-k5,random_search,62,0.8960495612860337,0.6103538410489088,0.8063976270189461,1255.9543405913823,69.0762121671396
50,1,15.54,7.980501237391045,160,63.0,0.0128495842781557,30,0.3,1211.5625189244677,1303.6619676341468,58.51555753304096,0.0180927292447539,8,3.927278325787289,0,0,0,0.1,0.0180927292447539,E-n51-k5,random_search,63,0.7587304129189713,0.7833301371208778,0.8210260976736088,1198.3894620367862,13.173056887681469
50,1,15.54,7.980501237391045,160,63.0,0.0128495842781557,60,0.6,1229.2119742843809,1291.9411701396532,55.590944110922706,0.0,10,3.9195078608542224,0,0,0,0.1,0.0,E-n51-k5,random_search,64,0.8918320590072585,0.3921232240704607,0.685821709136812,1154.1657962913723,75.04617799300854
50,1,15.54,7.980501237391045,160,63.0,0.0128495842781557,60,0.6,1282.9470137113854,1348.9036049573192,27.89804349779716,0.0028108270065981,1,3.9670326696877503,0,0,0,0.1,0.0028108270065981,E-n51-k5,random_search,65,0.8652195741604654,0.2153281857717344,0.4588735648656252,1252.7769747781222,30.170038933263186
50,1,15.54,7.980501237391045,160,63.0,0.0128495842781557,30,0.3,1316.2836294100905,1356.8548950890568,24.76075263004561,0.0,12,4.0914569169436055,0,0,0,0.1,0.0,E-n51-k5,random_search,66,0.7193935152678168,0.5301701169440292,0.8133646440801292,1260.4072904334334,55.876338976656825
50,1,15.54,7.980501237391045,160,63.0,0.0128495842781557,70,0.7,1199.387659054626,1301.778418544009,53.581756501875354,0.0226945665666795,5,3.959832603374746,0,0,0,0.1,0.0226945665666795,E-n51-k5,random_search,67,0.5412260964873331,0.3004463398811662,0.722790088062649,1173.635374490535,25.75228456409104
50,1,15.54,7.980501237391045,160,63.0,0.0128495842781557,70,0.7,1194.5378736419668,1312.716013933626,76.84858365609007,0.0038139283999557,4,3.522584146368277,0,0,0,0.1,0.0038139283999557,E-n51-k5,random_search,68,0.4061141993507069,0.2670765408100629,0.947074131277068,1149.9696333524737,44.56824028949336
50,1,15.54,7.980501237391045,160,63.0,0.0128495842781557,40,0.4,1285.8894124041826,1357.6460656761055,30.993363312263416,0.0,19,2.900205606135339,0,0,0,0.1,0.0,E-n51-k5,random_search,69,0.1369139108600684,0.656469700248965,0.4391822531285008,1238.1728555983786,47.716556805803975
50,1,15.54,7.980501237391045,160,63.0,0.0128495842781557,30,0.3,1248.2660683878646,1339.914935452368,46.66112291961354,0.0327295733508297,0,3.666150731423424,0,0,0,0.1,0.0327295733508297,E-n51-k5,random_search,70,0.1885582343094616,0.6105136444176723,0.699467166707725,1198.425428815296,49.840639572568534
50,1,15.54,7.980501237391045,160,63.0,0.0128495842781557,20,0.2,1328.0135254076956,1371.3023553860062,19.877438192350397,0.0,9,3.7151639741194824,0,0,0,0.1,0.0,E-n51-k5,random_search,71,0.4149484298286217,0.2959432015399028,0.8095273016593969,1256.499788138373,71.51373726932229
50,1,15.54,7.980501237391045,160,63.0,0.0128495842781557,10,0.1,1328.0135254076956,1376.694505553432,17.05751977312603,0.0399209245944005,5,2.293389371268882,0,0,0,0.1,0.0399209245944005,E-n51-k5,random_search,72,0.8048076755898261,0.4028195703562759,0.5542323391886872,1276.020679541698,51.99284586599765
50,1,15.54,7.980501237391045,160,63.0,0.0128495842781557,10,0.1,1309.1885157244487,1366.2405564324313,30.284463086657052,0.0700523560732186,5,3.7415501393936785,0,0,0,0.1,0.0700523560732186,E-n51-k5,random_search,73,0.7580852981216821,0.3095122381943135,0.6129412734562603,1157.349921329876,151.83859439457274
50,1,15.54,7.980501237391045,160,63.0,0.0128495842781557,20,0.2,1305.0186012524382,1373.3825586404237,19.558629422825856,0.0,9,3.568426376792917,0,0,0,0.1,0.0,E-n51-k5,random_search,74,0.8139179417356684,0.6606360133577619,0.841787199599791,1228.6483736695227,76.3702275829155
50,1,15.54,7.980501237391045,160,63.0,0.0128495842781557,50,0.5,1269.6475763064698,1345.85667634084,27.946736535841197,0.0,19,4.008463930664407,0,0,0,0.1,0.0,E-n51-k5,random_search,75,0.6260740977585919,0.2456416295294138,0.3663083708099164,1214.5825101575472,55.0650661489226
50,1,15.54,7.980501237391045,160,63.0,0.0128495842781557,50,0.5,1200.953714866533,1296.008818040992,67.69727617334074,0.0,16,3.908013122227499,0,0,0,0.1,0.0,E-n51-k5,random_search,76,0.4236707439580999,0.6686807788187161,0.5502191784723871,1184.348321096297,16.60539377023565
50,1,15.54,7.980501237391045,160,63.0,0.0128495842781557,30,0.3,1246.7997496977302,1328.7039463570973,44.141761113460454,0.0225094124496419,2,4.04319936164392,0,0,0,0.1,0.0225094124496419,E-n51-k5,random_search,77,0.644470978749583,0.3669252897700708,0.8096758909727317,1217.258517194635,29.541232503095216
50,1,15.54,7.980501237391045,160,63.0,0.0128495842781557,30,0.3,1295.0869955982184,1350.445566377706,30.49390382151605,0.019349974318592,0,3.6008075775217305,0,0,0,0.1,0.019349974318592,E-n51-k5,random_search,78,0.6277616959427207,0.56440447234681,0.7900216039111234,1222.5272841905423,72.5597114076761
50,1,15.54,7.980501237391045,160,63.0,0.0128495842781557,50,0.5,1226.4023614878845,1285.2797401878156,51.59117687407952,0.0202399245524786,4,3.9768332603634033,0,0,0,0.1,0.0202399245524786,E-n51-k5,random_search,79,0.4675402843376884,0.4236548266401784,0.3651324653047286,1215.662094471301,10.740267016583402
50,1,15.54,7.980501237391045,160,63.0,0.0128495842781557,40,0.4,1231.7346273499402,1327.1519546026343,55.64625727229346,0.0052340975427157,7,3.434982971358164,0,0,0,0.1,0.0052340975427157,E-n51-k5,random_search,80,0.6765829909686009,0.474313208437056,0.7320989303609977,1181.1163282759037,50.61829907403671
50,1,15.54,7.980501237391045,160,63.0,0.0128495842781557,50,0.5,1254.305060051507,1320.752340158772,52.065651483208704,0.0,19,3.9270399395859426,0,0,0,0.1,0.0,E-n51-k5,random_search,81,0.7249564598785273,0.5592256675222442,0.6139130338359178,1233.9233275969043,20.3817324546028
50,1,15.54,7.980501237391045,160,63.0,0.0128495842781557,20,0.2,1275.6359522879266,1358.1224628637806,36.07840192890931,0.005341330389024,8,4.032232787302151,0,0,0,0.1,0.005341330389024,E-n51-k5,random_search,82,0.7623491743056453,0.6808045252101669,0.4891635935791848,1266.1985105759331,9.437441711993417
50,1,15.54,7.980501237391045,160,63.0,0.0128495842781557,50,0.5,1321.367975309718,1364.244656295001,16.984929620542236,0.0057859444859883,6,3.461249774509091,0,0,0,0.1,0.0057859444859883,E-n51-k5,random_search,83,0.3240673778421949,0.3433894069137603,0.6854288395663379,1244.8729927552167,76.49498255450135
50,1,15.54,7.980501237391045,160,63.0,0.0128495842781557,80,0.8,1211.096259232554,1274.4118124309268,57.85532928729786,0.0,19,3.848686159680865,0,0,0,0.1,0.0,E-n51-k5,random_search,84,0.4036239221386525,0.7993103529383236,0.6508889588356634,1211.096259232554,0.0
50,1,15.54,7.980501237391045,160,63.0,0.0128495842781557,80,0.8,1181.6482021508364,1255.8115009435587,70.26054481045453,0.0,11,3.6744422828652943,0,0,0,0.1,0.0,E-n51-k5,random_search,85,0.3707285599869646,0.6376398733335766,0.8945142437409015,1181.6482021508364,0.0
50,1,15.54,7.980501237391045,160,63.0,0.0128495842781557,70,0.7,1158.030726302774,1278.0073713477243,86.3603723392285,0.0,10,3.8041896686074983,0,0,0,0.1,0.0,E-n51-k5,random_search,86,0.1859568672559361,0.213882838652942,0.9400572613766828,1122.366254456109,35.664471846665265
50,1,15.54,7.980501237391045,160,63.0,0.0128495842781557,20,0.2,1284.1765963897951,1356.3440063309615,32.79526719734913,0.0542261945352871,0,3.9221493536686265,0,0,0,0.1,0.0542261945352871,E-n51-k5,random_search,87,0.6253287505820554,0.3294196874248131,0.5326527953689313,1198.212541924294,85.96405446550102
50,1,15.54,7.980501237391045,160,63.0,0.0128495842781557,30,0.3,1326.3455421301855,1368.4585447758886,22.202820698759115,0.0,19,1.8265570945536151,0,0,0,0.1,0.0,E-n51-k5,random_search,88,0.170438679093653,0.3122517212459281,0.8489493072174039,1294.6161251295057,31.729417000680087
50,1,15.54,7.980501237391045,160,63.0,0.0128495842781557,70,0.7,1302.4653312541611,1347.280211366274,22.768425525259794,0.0,19,3.5093969681120174,0,0,0,0.1,0.0,E-n51-k5,random_search,89,0.3009810973972763,0.4988678115080074,0.6003158368621764,1257.3307285230403,45.134602731120594
50,1,15.54,7.980501237391045,160,63.0,0.0128495842781557,5,0.05,1337.1441834156665,1375.8938196211209,20.642908543843667,0.0,0,3.961132090740254,0,0,0,0.1,0.0,E-n51-k5,random_search,90,0.2245670883600182,0.2249220191867869,0.6769679023019792,1238.716824777655,98.4273586380118
50,1,15.54,7.980501237391045,160,63.0,0.0128495842781557,50,0.5,1217.2916177425068,1319.159892685751,55.38856502529256,0.0097403394012519,5,3.896825566843459,0,0,0,0.1,0.0097403394012519,E-n51-k5,random_search,91,0.216090309862623,0.6156073081601656,0.5054529421960676,1150.5300831802354,66.76153456227144
50,1,15.54,7.980501237391045,160,63.0,0.0128495842781557,70,0.7,1150.814788453636,1238.0416059774911,53.75055112734754,0.0205560572703929,2,3.749065884897408,0,0,0,0.1,0.0205560572703929,E-n51-k5,random_search,92,0.547102785195354,0.7137432159472366,0.4925728913868114,1132.063049585892,18.751738867743825
50,1,15.54,7.980501237391045,160,63.0,0.0128495842781557,20,0.2,1280.875450842511,1363.219327720323,30.98920707971332,0.0,11,3.8809716046015894,0,0,0,0.1,0.0,E-n51-k5,random_search,93,0.2421926550641415,0.2165719449316727,0.5640358665577572,1232.2986293703805,48.57682147213063
50,1,15.54,7.980501237391045,160,63.0,0.0128495842781557,30,0.3,1293.9371767914697,1339.6695033054812,33.11742335663012,0.0,9,3.9527012189187185,0,0,0,0.1,0.0,E-n51-k5,random_search,94,0.158353989221531,0.6246334974437495,0.3711604940999969,1268.6315217840918,25.305655007377936
50,1,15.54,7.980501237391045,160,63.0,0.0128495842781557,5,0.05,1328.0135254076956,1407.1643853440778,46.52563995336652,0.0,0,4.097494230086748,0,0,0,0.1,0.0,E-n51-k5,random_search,95,0.5222952859561539,0.5492321932981252,0.8209636861616434,1257.022197197451,70.99132821024455
50,1,15.54,7.980501237391045,160,63.0,0.0128495842781557,80,0.8,1193.2659606833363,1278.204126863417,65.66493432110701,0.0094203972584024,0,3.785831568091892,0,0,0,0.1,0.0094203972584024,E-n51-k5,random_search,96,0.68333913954517,0.7593835698527138,0.4309309588862162,1172.0634411312917,21.202519552045032
50,1,15.54,7.980501237391045,160,63.0,0.0128495842781557,60,0.6,1291.509245508488,1349.5491433660611,23.749078140619567,0.0,19,3.924540222815584,0,0,0,0.1,0.0,E-n51-k5,random_search,97,0.7148822337930126,0.6169803274001303,0.4698231731965285,1246.3598131566112,45.14943235187684
50,1,15.54,7.980501237391045,160,63.0,0.0128495842781557,30,0.3,1258.6037250053596,1348.4522383046378,41.72745095093184,0.0089068646798341,7,3.4855902918849377,0,0,0,0.1,0.0089068646798341,E-n51-k5,random_search,98,0.5827503969912763,0.7269914506733937,0.93752973909364,1194.5700700863993,64.03365491896034
50,1,15.54,7.980501237391045,160,63.0,0.0128495842781557,30,0.3,1316.2041944534756,1365.1821654051982,25.10977426514212,0.0088924779215586,4,4.116172354223394,0,0,0,0.1,0.0088924779215586,E-n51-k5,random_search,99,0.6915112368741613,0.3216272939822728,0.6689584540472242,1222.7175866031623,93.48660785031302
15,1,16.4,8.138795979750322,35,48.0,0.0069444444444444,5,0.05,454.8083290834319,481.0013005050716,13.971216769607082,0.0,0,2.0628946422904684,0,0,0,0.1,0.0,P-n16-k8,random_search,0,0.7119709168829188,0.3041789817052415,0.5189195793755368,410.92958652172695,43.87874256170494
15,1,16.4,8.138795979750322,35,48.0,0.0069444444444444,60,0.6,410.92958652172695,433.08037240944685,18.30356075816565,0.0,9,1.31615817718846,0,0,0,0.1,0.0,P-n16-k8,random_search,1,0.2752100218168075,0.5251279057602096,0.4711898865832457,410.92958652172695,0.0
15,1,16.4,8.138795979750322,35,48.0,0.0069444444444444,5,0.05,461.4689778147699,485.5891158235951,10.571669239510424,0.0,3,1.8407954393773207,0,0,0,0.1,0.0,P-n16-k8,random_search,2,0.631129724704608,0.332073652899669,0.6617630889867325,422.1814173187507,39.28756049601924
15,1,16.4,8.138795979750322,35,48.0,0.0069444444444444,30,0.3,428.8387467044632,457.8799650838855,13.66592643890698,0.0341466242679575,4,1.9058542282811064,0,0,0,0.1,0.0341466242679575,P-n16-k8,random_search,3,0.1371450875072952,0.4097428763783134,0.7733863517593131,410.929586521727,17.909160182736173
15,1,16.4,8.138795979750322,35,48.0,0.0069444444444444,50,0.5,431.37956997272664,456.74713968627054,12.843376403953206,0.0,19,1.7726521878426496,0,0,0,0.1,0.0,P-n16-k8,random_search,4,0.4415011650312602,0.4145221454503689,0.8565877205598131,410.929586521727,20.44998345099964
15,1,16.4,8.138795979750322,35,48.0,0.0069444444444444,50,0.5,422.3817897400416,443.866117176888,19.58932868583948,0.0,15,1.7375817951624568,0,0,0,0.1,0.0,P-n16-k8,random_search,5,0.3581262324155631,0.2242906592363353,0.7514024979121046,410.92958652172695,11.45220321831465
15,1,16.4,8.138795979750322,35,48.0,0.0069444444444444,80,0.8,422.8939544448059,447.2814578551482,12.2014064986754,0.0,19,1.84684888193351,0,0,0,0.1,0.0,P-n16-k8,random_search,6,0.363530605887866,0.5041639785034604,0.7742316323523423,416.87437878138434,6.019575663421563
15,1,16.4,8.138795979750322,35,48.0,0.0069444444444444,40,0.4,410.92958652172695,452.36651348610286,15.85008265789406,0.0484765390528435,8,1.55884713963325,0,0,0,0.1,0.0484765390528435,P-n16-k8,random_search,7,0.108614654664912,0.5389952623068567,0.7223068927346117,410.9295865217269,5.684341886080804e-14
15,1,16.4,8.138795979750322,35,48.0,0.0069444444444444,50,0.5,418.2483350718597,449.45469403407407,15.839722113146564,0.0,19,1.6388168806617105,0,0,0,0.1,0.0,P-n16-k8,random_search,8,0.1045339491478194,0.347099373475877,0.7333163018383462,410.9295865217269,7.318748550132796
15,1,16.4,8.138795979750322,35,48.0,0.0069444444444444,60,0.6,433.3053357230024,458.0310282095717,12.941984788146014,0.0077616181278642,8,1.7158132555197312,0,0,0,0.1,0.0077616181278642,P-n16-k8,random_search,9,0.1904596690481163,0.7196103284583004,0.899716927509628,416.87437878138434,16.430956941618035
15,1,16.4,8.138795979750322,35,48.0,0.0069444444444444,5,0.05,441.26548393646306,477.98400709183215,17.4445698768144,0.0,5,1.7547900123117943,0,0,0,0.1,0.0,P-n16-k8,random_search,10,0.2391644727563809,0.383453630611682,0.3014249832955199,410.9295865217269,30.335897414736166
15,1,16.4,8.138795979750322,35,48.0,0.0069444444444444,50,0.5,428.8387467044632,449.6740795322938,8.115057176811733,0.0,19,1.872831871905506,0,0,0,0.1,0.0,P-n16-k8,random_search,11,0.8998826681352056,0.5782172425118263,0.6286427437872983,410.9295865217269,17.909160182736287
15,1,16.4,8.138795979750322,35,48.0,0.0069444444444444,50,0.5,410.92958652172695,450.6885533495637,13.459263985335031,0.0,19,1.92453666893088,0,0,0,0.1,0.0,P-n16-k8,random_search,12,0.2966705754177877,0.4611472338716448,0.6773902943012557,410.92958652172695,0.0
15,1,16.4,8.138795979750322,35,48.0,0.0069444444444444,60,0.6,439.10742945978086,455.24072765786434,7.936021021529869,0.0,18,1.7923243954755466,0,0,0,0.1,0.0,P-n16-k8,random_search,13,0.7436284311614875,0.605867200982882,0.890378235169438,410.929586521727,28.177842938053857
15,1,16.4,8.138795979750322,35,48.0,0.0069444444444444,90,0.9,410.929586521727,440.9192432830338,17.360635859904267,0.0,19,1.742321284759559,0,0,0,0.1,0.0,P-n16-k8,random_search,14,0.2610886992128672,0.6511544548259794,0.6041188964224258,410.92958652172695,5.684341886080804e-14
15,1,16.4,8.138795979750322,35,48.0,0.0069444444444444,50,0.5,430.6030465133125,452.25733550372826,12.28803305895758,0.0,19,1.869842903486853,0,0,0,0.1,0.0,P-n16-k8,random_search,15,0.1185890656784948,0.2248947302081772,0.678083610155866,410.929586521727,19.673459991585503
15,1,16.4,8.138795979750322,35,48.0,0.0069444444444444,10,0.1,450.8542636690179,473.3567447384281,11.074993713760255,0.0388388055181561,3,1.8952352245455488,0,0,0,0.1,0.0388388055181561,P-n16-k8,random_search,16,0.600167565119013,0.5711565697753878,0.8872194331791861,410.92958652172695,39.924677147290936
15,1,16.4,8.138795979750322,35,48.0,0.0069444444444444,90,0.9,422.8939544448058,441.983095249353,13.20038327047703,1.3441530261509927e-16,3,1.708221247594443,0,0,0,0.1,1.3441530261509927e-16,P-n16-k8,random_search,17,0.711900949352583,0.2024346242350155,0.503218041333666,410.9295865217269,11.96436792307884
15,1,16.4,8.138795979750322,35,48.0,0.0069444444444444,40,0.4,429.13898647518374,455.35044374793335,11.888987514617122,0.0,12,1.6797020115884072,0,0,0,0.1,0.0,P-n16-k8,random_search,18,0.3400413257164141,0.2497031846072119,0.5982066054149016,418.2483350718596,10.890651403324114
15,1,16.4,8.138795979750322,35,48.0,0.0069444444444444,20,0.2,434.7584359222016,462.69228121867945,11.665167712425877,0.0374138232661817,1,2.014561466752419,0,0,0,0.1,0.0374138232661817,P-n16-k8,random_search,19,0.7992206600959535,0.2767684895322513,0.5240771741959813,424.15648897928105,10.601946942920506
15,1,16.4,8.138795979750322,35,48.0,0.0069444444444444,60,0.6,436.3183734706125,457.5670303334893,9.98360606567886,0.0,19,1.8320589200936337,0,0,0,0.1,0.0,P-n16-k8,random_search,20,0.37381682656128,0.7037641382350619,0.9370738811851972,424.15648897928105,12.161884491331476
15,1,16.4,8.138795979750322,35,48.0,0.0069444444444444,40,0.4,416.87437878138434,441.9338843318566,15.686014827890627,0.0172533407039649,6,1.5516775022043632,0,0,0,0.1,0.0172533407039649,P-n16-k8,random_search,21,0.7014304634789538,0.4057344306360962,0.3692290341001478,410.92958652172706,5.944792259657277
15,1,16.4,8.138795979750322,35,48.0,0.0069444444444444,20,0.2,416.8743787813843,460.7656880166113,17.641745139446012,0.0357579954243689,2,1.8728297771145392,0,0,0,0.1,0.0357579954243689,P-n16-k8,random_search,22,0.3377668377049106,0.7516789184608823,0.4592759860951033,410.929586521727,5.944792259657277
15,1,16.4,8.138795979750322,35,48.0,0.0069444444444444,60,0.6,424.19312733151696,448.67373046552984,10.995811920930963,0.0,19,1.986030283655708,0,0,0,0.1,0.0,P-n16-k8,random_search,23,0.3615599113677902,0.5398102984908795,0.5956698424151396,410.92958652172706,13.263540809789902
15,1,16.4,8.138795979750322,35,48.0,0.0069444444444444,20,0.2,445.6816741535906,463.4755884937861,12.3547206034088,0.0,10,1.9702118918170408,0,0,0,0.1,0.0,P-n16-k8,random_search,24,0.8987048987713468,0.5213422762380806,0.7998397225391289,410.92958652172695,34.752087631863674
15,1,16.4,8.138795979750322,35,48.0,0.0069444444444444,40,0.4,423.9144354364636,449.3928648247913,14.83422130077416,0.0,17,1.726057690538006,0,0,0,0.1,0.0,P-n16-k8,random_search,25,0.2058911094862081,0.2168850406218339,0.7865476309086333,410.92958652172695,12.98484891473663
15,1,16.4,8.138795979750322,35,48.0,0.0069444444444444,30,0.3,436.5523581947163,456.3961207483427,11.967529943576231,0.008802468194065,4,1.7385017398501024,0,0,0,0.1,0.008802468194065,P-n16-k8,random_search,26,0.4060900844733459,0.4079459588094632,0.4317836846735637,410.929586521727,25.622771672989305
15,1,16.4,8.138795979750322,35,48.0,0.0069444444444444,30,0.3,445.06804871851114,462.52248930202813,9.621903411444372,0.0049902914576636,3,1.6807403940727894,0,0,0,0.1,0.0049902914576636,P-n16-k8,random_search,27,0.5005734989504328,0.3780178178203509,0.5559004500104866,410.9295865217269,34.138462196784246
15,1,16.4,8.138795979750322,35,48.0,0.0069444444444444,20,0.2,438.1539242864536,458.2893458007704,10.431099278833086,0.0068676548587701,2,1.7501023163875693,0,0,0,0.1,0.0068676548587701,P-n16-k8,random_search,28,0.7469628314043991,0.5311272506246882,0.4119267286866887,418.24833507185974,19.90558921459387
15,1,16.4,8.138795979750322,35,48.0,0.0069444444444444,30,0.3,416.87437878138434,444.94372478500543,15.306606611589228,0.0,11,1.4881437395376125,0,0,0,0.1,0.0,P-n16-k8,random_search,29,0.8323578223874216,0.3379754101259853,0.7907848472278043,410.92958652172695,5.94479225965739
15,1,16.4,8.138795979750322,35,48.0,0.0069444444444444,80,0.8,425.3420020630573,446.59280050831,11.220066722919826,0.0,19,1.610418994239024,0,0,0,0.1,0.0,P-n16-k8,random_search,30,0.573215582501167,0.5567977841562417,0.9402842078777542,416.8743787813842,8.46762328167307
15,1,16.4,8.138795979750322,35,48.0,0.0069444444444444,40,0.4,431.5156678074911,454.79696901594,13.729631932943672,0.0157473762600831,6,1.842221438423864,0,0,0,0.1,0.0157473762600831,P-n16-k8,random_search,31,0.5380733954537833,0.3522850319704286,0.8340052617138385,410.92958652172695,20.58608128576418
15,1,16.4,8.138795979750322,35,48.0,0.0069444444444444,30,0.3,445.62182400076273,455.89028433978353,7.364827072450107,0.0093982815130224,2,1.7581819829864538,0,0,0,0.1,0.0093982815130224,P-n16-k8,random_search,32,0.5701703143081905,0.7680541343002709,0.6962375933039455,418.24833507185974,27.373488928902987
15,1,16.4,8.138795979750322,35,48.0,0.0069444444444444,50,0.5,410.929586521727,439.506000104538,17.02154699884565,0.0,19,1.3209053797172834,0,0,0,0.1,0.0,P-n16-k8,random_search,33,0.1528376695315986,0.406613085426439,0.3500560085079476,410.92958652172695,5.684341886080804e-14
15,1,16.4,8.138795979750322,35,48.0,0.0069444444444444,10,0.1,437.1506777302534,468.8605104012119,14.278830864005725,0.0935020791643048,0,1.9773839012544625,0,0,0,0.1,0.0935020791643048,P-n16-k8,random_search,34,0.8653466858890896,0.6416801580041034,0.6069787998121059,410.9295865217269,26.221091208526506
15,1,16.4,8.138795979750322,35,48.0,0.0069444444444444,20,0.2,445.1248440773484,471.07520396545226,13.787959821220442,0.0096769726270045,7,2.0657868417828467,0,0,0,0.1,0.0096769726270045,P-n16-k8,random_search,35,0.4297270442031761,0.7928217960275439,0.4723922172677899,410.929586521727,34.19525755562137
15,1,16.4,8.138795979750322,35,48.0,0.0069444444444444,40,0.4,424.1931273315169,453.15313208370054,13.691231691191414,0.0079270258975552,4,1.8373621195078915,0,0,0,0.1,0.0079270258975552,P-n16-k8,random_search,36,0.8207599882596078,0.6680775072496496,0.6231713077362269,416.8743787813842,7.318748550132682
15,1,16.4,8.138795979750322,35,48.0,0.0069444444444444,90,0.9,423.9144354364635,446.992422375892,14.940454676819622,0.0,19,1.979124710111116,0,0,0,0.1,0.0,P-n16-k8,random_search,37,0.1887058233177371,0.5389799697968243,0.9199666953469388,410.929586521727,12.984848914736515
15,1,16.4,8.138795979750322,35,48.0,0.0069444444444444,50,0.5,416.8743787813843,447.26763628919326,14.511116285094811,0.017168451708517,4,1.8076545230665757,0,0,0,0.1,0.017168451708517,P-n16-k8,random_search,38,0.2351622362498234,0.2022349285359552,0.373944674758833,416.8743787813843,0.0
15,1,16.4,8.138795979750322,35,48.0,0.0069444444444444,80,0.8,416.8743787813843,430.7575730097424,13.03320994514779,0.0,19,1.1858023134697415,0,0,0,0.1,0.0,P-n16-k8,random_search,39,0.386012313407174,0.7141855732208067,0.4240936242121556,410.92958652172695,5.9447922596573335
15,1,16.4,8.138795979750322,35,48.0,0.0069444444444444,40,0.4,418.2483350718596,446.49578629827727,16.944878799280072,0.0,19,1.6027018454847544,0,0,0,0.1,0.0,P-n16-k8,random_search,40,0.1837014888660385,0.4656239817076463,0.877567069043341,410.92958652172695,7.318748550132682
15,1,16.4,8.138795979750322,35,48.0,0.0069444444444444,5,0.05,424.156488979281,476.801084651496,16.113257283658136,0.0,1,2.088934972460782,0,0,0,0.1,0.0,P-n16-k8,random_search,41,0.8668595236635438,0.329285657615713,0.9696074138379478,410.92958652172695,13.226902457554049
15,1,16.4,8.138795979750322,35,48.0,0.0069444444444444,30,0.3,437.4292563243575,456.3067821139401,9.810690619972322,0.0,19,1.7504366639908315,0,0,0,0.1,0.0,P-n16-k8,random_search,42,0.4328264891105411,0.450125833718482,0.7355343085529649,410.92958652172695,26.499669802630535
15,1,16.4,8.138795979750322,35,48.0,0.0069444444444444,50,0.5,410.92958652172695,445.1192228346592,14.708701954936767,0.0,16,1.666622304379615,0,0,0,0.1,0.0,P-n16-k8,random_search,43,0.828611276084345,0.210774672809211,0.6906395443825168,410.92958652172695,0.0
15,1,16.4,8.138795979750322,35,48.0,0.0069444444444444,5,0.05,453.5247812700004,478.0971740005887,14.981685245707473,0.0,3,2.0030254013571467,0,0,0,0.1,0.0,P-n16-k8,random_search,44,0.5174779711668692,0.4735313486182841,0.6594755704951223,410.929586521727,42.5951947482734
15,1,16.4,8.138795979750322,35,48.0,0.0069444444444444,80,0.8,418.2483350718597,446.73250574072273,10.888879769743465,0.0,19,1.762816462415121,0,0,0,0.1,0.0,P-n16-k8,random_search,45,0.1948028091916097,0.739935285322928,0.8515194867644125,410.92958652172695,7.318748550132739
15,1,16.4,8.138795979750322,35,48.0,0.0069444444444444,40,0.4,424.15648897928094,456.27911208635777,12.616380422400292,0.0170542563740505,3,1.860570031580711,0,0,0,0.1,0.0170542563740505,P-n16-k8,random_search,46,0.8608259557105857,0.2968369591335166,0.6335614228977572,410.9295865217269,13.226902457554049
15,1,16.4,8.138795979750322,35,48.0,0.0069444444444444,10,0.1,434.5361287602035,470.8478774689541,13.748558314726788,0.0631128801453735,3,1.9159553061410628,0,0,0,0.1,0.0631128801453735,P-n16-k8,random_search,47,0.2296018440286208,0.2135266357630471,0.849896844333375,410.929586521727,23.606542238476493
15,1,16.4,8.138795979750322,35,48.0,0.0069444444444444,70,0.7,432.3337676674405,446.0941927754291,8.53080406870369,0.0022422249980848,6,1.6882304525637988,0,0,0,0.1,0.0022422249980848,P-n16-k8,random_search,48,0.244740901093833,0.6253314012498482,0.8853668389388625,416.8743787813843,15.45938888605616
15,1,16.4,8.138795979750322,35,48.0,0.0069444444444444,10,0.1,434.5361287602035,467.2307557928922,14.8039605290166,0.0512184841097363,8,1.9506871318852823,0,0,0,0.1,0.0512184841097363,P-n16-k8,random_search,49,0.5243679815246004,0.2771121746665734,0.6582510705845273,410.92958652172695,23.60654223847655
15,1,16.4,8.138795979750322,35,48.0,0.0069444444444444,90,0.9,430.8718140885569,447.395394236865,7.817286556935576,0.0099616787154358,2,1.789929343235729,0,0,0,0.1,0.0099616787154358,P-n16-k8,random_search,50,0.4679542819899385,0.4052906360391228,0.9784174142851574,410.9295865217269,19.942227566830013
15,1,16.4,8.138795979750322,35,48.0,0.0069444444444444,80,0.8,424.19312733151696,441.7394863253452,11.77739568803104,0.0,19,1.72116575427411,0,0,0,0.1,0.0,P-n16-k8,random_search,51,0.5461054804866902,0.4990849609787544,0.4779430493544959,416.8743787813842,7.318748550132739
15,1,16.4,8.138795979750322,35,48.0,0.0069444444444444,30,0.3,438.41962662780594,463.2733560459463,10.204205892586849,0.0159561007801963,8,1.7817728922057232,0,0,0,0.1,0.0159561007801963,P-n16-k8,random_search,52,0.1759927404228456,0.487026310829896,0.7287160666227782,416.87437878138434,21.545247846421603
15,1,16.4,8.138795979750322,35,48.0,0.0069444444444444,40,0.4,416.8743787813844,448.9619476258087,15.638835902749255,0.0332970785607603,6,1.6271701701821997,0,0,0,0.1,0.0332970785607603,P-n16-k8,random_search,53,0.2479618113955682,0.3763180807059934,0.4804525083950493,416.8743787813842,1.7053025658242404e-13
15,1,16.4,8.138795979750322,35,48.0,0.0069444444444444,60,0.6,410.9295865217269,431.92916076846967,12.772312343934598,0.0,19,1.3622303386392869,0,0,0,0.1,0.0,P-n16-k8,random_search,54,0.687010885037257,0.6985363525111314,0.3936415665056758,410.9295865217269,0.0
15,1,16.4,8.138795979750322,35,48.0,0.0069444444444444,90,0.9,410.929586521727,430.3667284570768,17.13743750330243,0.0,19,1.4443503895955587,0,0,0,0.1,0.0,P-n16-k8,random_search,55,0.77016266133132,0.3084821162389493,0.3565336987891883,410.92958652172695,5.684341886080804e-14
15,1,16.4,8.138795979750322,35,48.0,0.0069444444444444,60,0.6,429.32742968188273,453.9180349846997,13.258369220516265,0.0,19,1.6357299080676646,0,0,0,0.1,0.0,P-n16-k8,random_search,56,0.3373826025328881,0.5937372086262231,0.598527990131521,410.92958652172706,18.397843160155674
15,1,16.4,8.138795979750322,35,48.0,0.0069444444444444,80,0.8,430.60304651331256,448.1100439364176,10.77557678642261,0.0,16,1.5488921514401113,0,0,0,0.1,0.0,P-n16-k8,random_search,57,0.1572756287312615,0.5715648429698357,0.3681147284134229,410.929586521727,19.67345999158556
15,1,16.4,8.138795979750322,35,48.0,0.0069444444444444,20,0.2,439.6525162175731,458.85296440008585,11.395398698221138,0.0144476837939436,6,1.5897118160825263,0,0,0,0.1,0.0144476837939436,P-n16-k8,random_search,58,0.3161162135852996,0.3834123240642424,0.7469690399180057,410.92958652172695,28.722929695846176
15,1,16.4,8.138795979750322,35,48.0,0.0069444444444444,60,0.6,429.3274296818828,454.4544297683309,9.274347520460676,0.0,19,1.7457920504312845,0,0,0,0.1,0.0,P-n16-k8,random_search,59,0.561984884760793,0.6027101307714945,0.7699440140886238,416.87437878138434,12.453050900498454
15,1,16.4,8.138795979750322,35,48.0,0.0069444444444444,20,0.2,410.92958652172695,460.1913348350361,15.082794374899915,0.0859739382989495,4,1.558337948093904,0,0,0,0.1,0.0859739382989495,P-n16-k8,random_search,60,0.4162066612251842,0.554133669653458,0.6918630738168785,410.9295865217269,5.684341886080804e-14
15,1,16.4,8.138795979750322,35,48.0,0.0069444444444444,60,0.6,418.2483350718598,451.2995661159261,15.638886925374027,0.0,9,1.8444232258586537,0,0,0,0.1,0.0,P-n16-k8,random_search,61,0.4004749170082781,0.6036993164235338,0.8603884037838576,410.929586521727,7.318748550132796
15,1,16.4,8.138795979750322,35,48.0,0.0069444444444444,5,0.05,452.9601339129588,482.0484591939033,12.9903092247169,0.0,2,1.7328922416228263,0,0,0,0.1,0.0,P-n16-k8,random_search,62,0.2120966220095989,0.7749124482325755,0.3443125272759861,410.92958652172706,42.03054739123172
15,1,16.4,8.138795979750322,35,48.0,0.0069444444444444,10,0.1,457.6602178355532,471.39308179710633,9.1056732687694,0.0455155727648969,4,1.8833573315734031,0,0,0,0.1,0.0455155727648969,P-n16-k8,random_search,63,0.755880774927247,0.2765617925424812,0.5177293087429143,410.92958652172695,46.73063131382628
15,1,16.4,8.138795979750322,35,48.0,0.0069444444444444,30,0.3,422.38178974004165,452.8044764573489,12.054329331543498,0.0348348626598697,2,1.7710599007607457,0,0,0,0.1,0.0348348626598697,P-n16-k8,random_search,64,0.340616408022377,0.525293956696836,0.5563492165889904,416.87437878138434,5.507410958657317
15,1,16.4,8.138795979750322,35,48.0,0.0069444444444444,90,0.9,429.13898647518374,446.5773986941419,9.40363305788695,0.0,19,1.8729347696018124,0,0,0,0.1,0.0,P-n16-k8,random_search,65,0.1170540600338266,0.3801751877856115,0.6637904956109038,410.92958652172695,18.209399953456796
15,1,16.4,8.138795979750322,35,48.0,0.0069444444444444,5,0.05,440.1943258670453,486.4434745366225,14.21739067888274,0.0,3,1.9790314763396024,0,0,0,0.1,0.0,P-n16-k8,random_search,66,0.641639356644127,0.4593038653630079,0.8483623286774751,410.929586521727,29.264739345318276
15,1,16.4,8.138795979750322,35,48.0,0.0069444444444444,90,0.9,430.8718140885569,445.90351997651334,9.645813490603892,0.0,19,1.6026965356920666,0,0,0,0.1,0.0,P-n16-k8,random_search,67,0.2311305636381352,0.2072974706861208,0.8577753323856008,418.2483350718596,12.623479016697274
15,1,16.4,8.138795979750322,35,48.0,0.0069444444444444,10,0.1,452.88200952885626,473.49700982440584,11.069170630740754,0.0465359020204671,1,1.922598676265228,0,0,0,0.1,0.0465359020204671,P-n16-k8,random_search,68,0.2824540230221435,0.446447365746035,0.7872522623813416,410.92958652172695,41.95242300712931
15,1,16.4,8.138795979750322,35,48.0,0.0069444444444444,80,0.8,418.2483350718596,439.1447724355946,15.184522218861852,0.0,19,1.2848003381474062,0,0,0,0.1,0.0,P-n16-k8,random_search,69,0.2366482245399427,0.4147613786456522,0.7995530321274804,410.929586521727,7.318748550132625
15,1,16.4,8.138795979750322,35,48.0,0.0069444444444444,5,0.05,449.1370387454653,479.3545175990711,14.019368372362424,0.0,1,1.9058483316615544,0,0,0,0.1,0.0,P-n16-k8,random_search,70,0.2506158787191961,0.6314414724224068,0.8258325363532077,416.8743787813842,32.26265996408108
15,1,16.4,8.138795979750322,35,48.0,0.0069444444444444,40,0.4,430.1200582035517,452.25391178848304,13.996027250704229,0.0064497081961074,0,1.9676527077938848,0,0,0,0.1,0.0064497081961074,P-n16-k8,random_search,71,0.4636967545566539,0.517206846111208,0.5326503689621882,410.929586521727,19.190471681824647
15,1,16.4,8.138795979750322,35,48.0,0.0069444444444444,20,0.2,433.251725386884,459.7507810685992,13.931091713615317,0.0033761653058005,5,1.5054759628125338,0,0,0,0.1,0.0033761653058005,P-n16-k8,random_search,72,0.3413194163182085,0.4285353650553749,0.8068736017270002,410.92958652172695,22.322138865157054
15,1,16.4,8.138795979750322,35,48.0,0.0069444444444444,20,0.2,424.156488979281,461.610313651126,19.29698233496739,0.0092723138885496,4,1.8862490922830024,0,0,0,0.1,0.0092723138885496,P-n16-k8,random_search,73,0.4984653367103818,0.4455330539653092,0.5042091187620275,410.92958652172695,13.226902457554049
15,1,16.4,8.138795979750322,35,48.0,0.0069444444444444,80,0.8,418.2483350718597,438.35184483302345,13.471175594134952,0.0,19,1.3856626304306647,0,0,0,0.1,0.0,P-n16-k8,random_search,74,0.2025610016754551,0.7563725780433137,0.4280839942299698,418.2483350718596,5.684341886080804e-14
15,1,16.4,8.138795979750322,35,48.0,0.0069444444444444,60,0.6,422.3817897400417,443.66522834995794,14.509165058102392,0.0,10,1.4083175363995597,0,0,0,0.1,0.0,P-n16-k8,random_search,75,0.6016981632821957,0.3466716472753025,0.5725276496170568,410.929586521727,11.452203218314708
15,1,16.4,8.138795979750322,35,48.0,0.0069444444444444,30,0.3,422.3817897400416,447.1018517066415,15.02114658661778,0.0041840671670725,6,1.5339901163577545,0,0,0,0.1,0.0041840671670725,P-n16-k8,random_search,76,0.11422309420498,0.559626818263861,0.9663677280062696,410.92958652172695,11.45220321831465
15,1,16.4,8.138795979750322,35,48.0,0.0069444444444444,40,0.4,416.8743787813843,449.29806240525033,16.700540336227256,0.0,10,1.5590430321159847,0,0,0,0.1,0.0,P-n16-k8,random_search,77,0.765392449204611,0.7593673122197493,0.5270262233286128,410.9295865217269,5.94479225965739
15,1,16.4,8.138795979750322,35,48.0,0.0069444444444444,5,0.05,443.62042244836465,476.4776997413406,11.785784970340323,0.0,2,1.9434932588870215,0,0,0,0.1,0.0,P-n16-k8,random_search,78,0.8228476512820164,0.5428882941038768,0.4504648344481385,410.92958652172695,32.6908359266377
15,1,16.4,8.138795979750322,35,48.0,0.0069444444444444,90,0.9,424.9049139308223,448.9073147415837,9.26551941687368,0.0,19,1.7216159059472678,0,0,0,0.1,0.0,P-n16-k8,random_search,79,0.6697416681977112,0.6152569212920274,0.4763237021031414,410.92958652172695,13.975327409095373
15,1,16.4,8.138795979750322,35,48.0,0.0069444444444444,10,0.1,446.8094789641989,471.75761306295647,13.80728600721166,0.0341344554815885,5,1.9922977621218632,0,0,0,0.1,0.0341344554815885,P-n16-k8,random_search,80,0.3342865662965048,0.4595297357998466,0.4686243319934259,410.929586521727,35.879892442471885
15,1,16.4,8.138795979750322,35,48.0,0.0069444444444444,5,0.05,467.930483312211,483.8870502830586,6.756025260331041,0.0,1,2.142591973693631,0,0,0,0.1,0.0,P-n16-k8,random_search,81,0.2125113628541984,0.4215829341949753,0.3623499251504216,416.87437878138434,51.05610453082664
15,1,16.4,8.138795979750322,35,48.0,0.0069444444444444,70,0.7,410.929586521727,437.7261106656762,14.254489393644633,0.0,19,1.3654137916477582,0,0,0,0.1,0.0,P-n16-k8,random_search,82,0.3096618128718472,0.5487259544446473,0.4940742180317026,410.9295865217269,1.1368683772161605e-13
15,1,16.4,8.138795979750322,35,48.0,0.0069444444444444,5,0.05,450.3839945508847,478.3256108571469,11.706576952228003,0.0,0,2.0433025650815524,0,0,0,0.1,0.0,P-n16-k8,random_search,83,0.4446100857304885,0.4788790636750283,0.7288425366031094,410.92958652172695,39.454408029157776
15,1,16.4,8.138795979750322,35,48.0,0.0069444444444444,30,0.3,446.7890494138423,462.1812278806301,10.573095812662972,0.0,9,1.7335013868784943,0,0,0,0.1,0.0,P-n16-k8,random_search,84,0.6358166842909327,0.3854488511339765,0.6668001187728791,416.87437878138434,29.914670632457955
15,1,16.4,8.138795979750322,35,48.0,0.0069444444444444,20,0.2,430.6030465133127,451.32495716987785,12.993448681268186,0.0281935256004302,7,1.4110628544826875,0,0,0,0.1,0.0281935256004302,P-n16-k8,random_search,85,0.1982141877122943,0.490568034789431,0.4516609802071302,416.8743787813843,13.728667731928397
15,1,16.4,8.138795979750322,35,48.0,0.0069444444444444,10,0.1,448.1374631035735,473.59590067479775,11.771402887347632,0.05079789971521,3,2.0512246786994415,0,0,0,0.1,0.05079789971521,P-n16-k8,random_search,86,0.5751314863571402,0.2189259143462625,0.634508212469865,416.8743787813842,31.26308432218929
15,1,16.4,8.138795979750322,35,48.0,0.0069444444444444,50,0.5,433.25172538688406,452.0467522634306,9.05461803266414,0.0,10,1.5383467809349614,0,0,0,0.1,0.0,P-n16-k8,random_search,87,0.3078410450129246,0.6206144649424385,0.46030888092876,410.92958652172695,22.322138865157115
15,1,16.4,8.138795979750322,35,48.0,0.0069444444444444,10,0.1,431.2331839865964,471.3429785797578,15.966304250249992,0.0753869643079658,0,1.89208377322234,0,0,0,0.1,0.0753869643079658,P-n16-k8,random_search,88,0.4821857516050677,0.7558378446002938,0.5079883661453946,418.2483350718597,12.984848914736688
15,1,16.4,8.138795979750322,35,48.0,0.0069444444444444,50,0.5,410.9295865217269,445.8644893398632,16.390255636779404,0.0,19,1.7388714902101643,0,0,0,0.1,0.0,P-n16-k8,random_search,89,0.7909947573031156,0.4887622172983552,0.3320404640704469,410.9295865217268,5.684341886080804e-14
15,1,16.4,8.138795979750322,35,48.0,0.0069444444444444,10,0.1,456.08238911651347,471.8217879652263,9.972708478670448,0.0273284108155989,5,1.861419488688926,0,0,0,0.1,0.0273284108155989,P-n16-k8,random_search,90,0.2783824458138848,0.505186065554817,0.7253248297029593,418.2483350718596,37.83405404465384
15,1,16.4,8.138795979750322,35,48.0,0.0069444444444444,90,0.9,422.1814173187507,434.28304251076463,10.95868621118326,0.0004743869791692,2,1.6044809566750498,0,0,0,0.1,0.0004743869791692,P-n16-k8,random_search,91,0.336178849357956,0.6616366792592747,0.4076975871663882,410.92958652172695,11.251830797023729
15,1,16.4,8.138795979750322,35,48.0,0.0069444444444444,90,0.9,432.6066996299501,445.1007654406104,9.306280657664727,0.0,19,1.884163601671645,0,0,0,0.1,0.0,P-n16-k8,random_search,92,0.53018051676369,0.2819392423831675,0.8617912505795482,410.929586521727,21.677113108223125
15,1,16.4,8.138795979750322,35,48.0,0.0069444444444444,80,0.8,430.8718140885569,450.0704531091382,9.13639684264167,0.0,16,1.8818025710131936,0,0,0,0.1,0.0,P-n16-k8,random_search,93,0.6802973542545835,0.2996964629662811,0.8942103092503941,410.92958652172706,19.942227566829843
15,1,16.4,8.138795979750322,35,48.0,0.0069444444444444,90,0.9,410.92958652172695,442.9276228735197,15.371034954675084,0.0,19,1.8382702138365692,0,0,0,0.1,0.0,P-n16-k8,random_search,94,0.2411821529219291,0.4596352952439463,0.6219459272884237,410.92958652172695,0.0
15,1,16.4,8.138795979750322,35,48.0,0.0069444444444444,5,0.05,446.1436147697742,480.7307594658212,14.45233732070072,0.0,0,1.9919371482180104,0,0,0,0.1,0.0,P-n16-k8,random_search,95,0.8674269895526359,0.4691425966826309,0.587194497914523,423.9144354364635,22.229179333310697
15,1,16.4,8.138795979750322,35,48.0,0.0069444444444444,40,0.4,430.871814088557,455.12087435279216,11.861275671634024,0.0072368758107569,7,1.7818850680636908,0,0,0,0.1,0.0072368758107569,P-n16-k8,random_search,96,0.8731277725199684,0.7310019959627927,0.9566076789756696,416.8743787813843,13.997435307172736
15,1,16.4,8.138795979750322,35,48.0,0.0069444444444444,20,0.2,439.817805539982,462.914914876514,11.003107096064232,0.0137897816972818,3,1.9682931620497928,0,0,0,0.1,0.0137897816972818,P-n16-k8,random_search,97,0.546429685580144,0.2074845400650499,0.9827622852172389,410.92958652172695,28.88821901825503
15,1,16.4,8.138795979750322,35,48.0,0.0069444444444444,60,0.6,422.89395444480584,444.6522582154274,10.908066066468978,0.0,18,1.6723947364936895,0,0,0,0.1,0.0,P-n16-k8,random_search,98,0.7920009790065893,0.2211686410327279,0.4866866326380283,418.2483350718597,4.6456193729461575
15,1,16.4,8.138795979750322,35,48.0,0.0069444444444444,80,0.8,410.92958652172695,444.3688120502192,12.809918024426471,0.0,19,1.894476731570235,0,0,0,0.1,0.0,P-n16-k8,random_search,99,0.8884502160316541,0.2687036625548917,0.9744502441589707,410.9295865217269,5.684341886080804e-14
15,1,16.4,8.138795979750322,35,48.0,0.0069444444444444,10,0.1,438.9586885370385,472.7654203300114,11.162649558741174,0.0,9,1.7786041147833338,0,0,0,0.1,0.0,P-n16-k8,random_search,100,0.2539425414395896,0.4041346427399613,0.967992676970403,410.929586521727,28.02910201531148
15,1,16.4,8.138795979750322,35,48.0,0.0069444444444444,50,0.5,435.2256805943561,454.3687051267543,11.493978702536928,0.0,9,1.8959882092857976,0,0,0,0.1,0.0,P-n16-k8,random_search,101,0.7738561052909895,0.3375092369222029,0.3112254042230787,416.8743787813843,18.351301812971823
15,1,16.4,8.138795979750322,35,48.0,0.0069444444444444,90,0.9,425.3420020630574,448.873329505954,11.578044041587455,0.0,18,1.6723290379548712,0,0,0,0.1,0.0,P-n16-k8,random_search,102,0.1743774805400885,0.2792107961954389,0.6428399504797724,410.92958652172695,14.41241554133046
15,1,16.4,8.138795979750322,35,48.0,0.0069444444444444,60,0.6,416.87437878138434,447.9359823806323,11.081711125280991,0.0,19,1.5817391514660455,0,0,0,0.1,0.0,P-n16-k8,random_search,103,0.3538318112122612,0.2730153938852422,0.8334969083842336,410.929586521727,5.9447922596573335
15,1,16.4,8.138795979750322,35,48.0,0.0069444444444444,70,0.7,410.929586521727,439.22588219604984,13.62929762911035,0.0,11,1.616377327398163,0,0,0,0.1,0.0,P-n16-k8,random_search,104,0.1915902630717961,0.7194197007035226,0.5495851882407711,410.929586521727,0.0
15,1,16.4,8.138795979750322,35,48.0,0.0069444444444444,70,0.7,416.8743787813844,451.9657150650802,12.479514222002564,0.0,18,1.852675185509676,0,0,0,0.1,0.0,P-n16-k8,random_search,105,0.7993616219536707,0.2865510894169829,0.7717477962993216,410.92958652172706,5.9447922596573335
15,1,16.4,8.138795979750322,35,48.0,0.0069444444444444,40,0.4,437.8852696097495,454.3087696355662,10.66623777528804,0.0,19,1.7882578083663858,0,0,0,0.1,0.0,P-n16-k8,random_search,106,0.7127563082058301,0.5393701618180995,0.8813638009958558,418.2483350718596,19.63693453788989
15,1,16.4,8.138795979750322,35,48.0,0.0069444444444444,30,0.3,418.2483350718598,454.1126746083194,13.75470074287743,0.0166775605437253,7,1.858957608206957,0,0,0,0.1,0.0166775605437253,P-n16-k8,random_search,107,0.2162178608369217,0.7045950259633655,0.8565217562322014,410.92958652172695,7.318748550132852
15,1,16.4,8.138795979750322,35,48.0,0.0069444444444444,10,0.1,437.80969458449147,465.17228712250505,13.546886552340576,0.0416231139452646,0,2.115881248099856,0,0,0,0.1,0.0416231139452646,P-n16-k8,random_search,108,0.2062249646650708,0.5094804288415937,0.3520993153942642,410.9295865217269,26.880108062764577
15,1,16.4,8.138795979750322,35,48.0,0.0069444444444444,60,0.6,416.8743787813844,448.48947231027466,11.83006811602459,0.0,14,1.679359746266909,0,0,0,0.1,0.0,P-n16-k8,random_search,109,0.6414012674905643,0.5078133390004007,0.9510030972570191,410.92958652172695,5.944792259657447
15,1,16.4,8.138795979750322,35,48.0,0.0069444444444444,70,0.7,418.2483350718596,440.3031607310718,16.495004720454926,0.0,19,1.51264806749794,0,0,0,0.1,0.0,P-n16-k8,random_search,110,0.5948253431317422,0.7215248187665337,0.8821891811318481,418.2483350718596,5.684341886080804e-14
15,1,16.4,8.138795979750322,35,48.0,0.0069444444444444,5,0.05,452.7830824765196,477.9716979493355,11.313973272474191,0.0,4,1.770831245839569,0,0,0,0.1,0.0,P-n16-k8,random_search,111,0.8649232203063303,0.4135561137343889,0.8814662123276622,410.929586521727,41.853495954792606
15,1,16.4,8.138795979750322,35,48.0,0.0069444444444444,40,0.4,435.8788033595426,459.871947389266,11.3078573472157,0.0045712043987717,5,1.76778867392432,0,0,0,0.1,0.0045712043987717,P-n16-k8,random_search,112,0.773126495319375,0.635065720022536,0.7370270723510879,410.929586521727,24.949216837815527
15,1,16.4,8.138795979750322,35,48.0,0.0069444444444444,40,0.4,437.6264469146435,455.44952174698744,10.304438147741234,0.0,15,1.8137221783308204,0,0,0,0.1,0.0,P-n16-k8,random_search,113,0.3153083382448234,0.2506132738399395,0.6627449954005948,422.8939544448058,14.732492469837725
15,1,16.4,8.138795979750322,35,48.0,0.0069444444444444,5,0.05,456.02699486215926,483.2300729017153,16.55231855883612,0.0,4,1.917466274256325,0,0,0,0.1,0.0,P-n16-k8,random_search,114,0.6880995051119511,0.390045042657998,0.7340851701208895,410.929586521727,45.09740834043225
15,1,16.4,8.138795979750322,35,48.0,0.0069444444444444,80,0.8,410.929586521727,442.5671310027202,12.935152486009049,0.0,19,1.7318942855960835,0,0,0,0.1,0.0,P-n16-k8,random_search,115,0.8410524369539807,0.3126117958987655,0.8637174518309729,410.929586521727,0.0
15,1,16.4,8.138795979750322,35,48.0,0.0069444444444444,50,0.5,441.6821411233356,456.8189147103082,8.085526264264736,0.0012720389746314,6,1.7933317968335674,0,0,0,0.1,0.0012720389746314,P-n16-k8,random_search,116,0.4836767391212692,0.4575559692611253,0.4388512776059693,410.929586521727,30.752554601608608
15,1,16.4,8.138795979750322,35,48.0,0.0069444444444444,40,0.4,418.2483350718597,444.03486072083814,12.40441336683832,0.0,15,1.4703076399021224,0,0,0,0.1,0.0,P-n16-k8,random_search,117,0.1856647241510246,0.391977234585977,0.5194620402921843,410.929586521727,7.318748550132682
15,1,16.4,8.138795979750322,35,48.0,0.0069444444444444,90,0.9,424.9049139308224,442.2712394036713,10.709210293320805,0.0,19,1.7861340107196793,0,0,0,0.1,0.0,P-n16-k8,random_search,118,0.8495920132065677,0.4240813170277865,0.3664084435466806,410.92958652172695,13.975327409095428
15,1,16.4,8.138795979750322,35,48.0,0.0069444444444444,60,0.6,410.92958652172695,434.4152837867276,15.366942135934512,0.0,13,1.262762802340243,0,0,0,0.1,0.0,P-n16-k8,random_search,119,0.7664853803058682,0.200181671982819,0.7775434916677605,410.92958652172695,0.0
15,1,16.4,8.138795979750322,35,48.0,0.0069444444444444,40,0.4,432.6066996299501,456.3451199768869,12.035291730870714,0.0,19,1.6827367272640794,0,0,0,0.1,0.0,P-n16-k8,random_search,120,0.4107196129035956,0.3529559334108175,0.7280651054964596,416.87437878138434,15.732320848565791
15,1,16.4,8.138795979750322,35,48.0,0.0069444444444444,90,0.9,424.156488979281,444.25206529442494,9.82385573427051,0.0,18,1.503236752759868,0,0,0,0.1,0.0,P-n16-k8,random_search,121,0.4158110247683558,0.414023346657596,0.4491006840196375,410.92958652172695,13.226902457554049
15,1,16.4,8.138795979750322,35,48.0,0.0069444444444444,70,0.7,410.92958652172706,442.71612600728366,14.680860178317245,0.0,16,1.743946626921292,0,0,0,0.1,0.0,P-n16-k8,random_search,122,0.5644413821780118,0.3828572429966332,0.9506301499222264,410.92958652172695,1.1368683772161605e-13
15,1,16.4,8.138795979750322,35,48.0,0.0069444444444444,5,0.05,451.0842799920479,485.1800133841586,12.28824415110807,0.0,2,1.982160046567292,0,0,0,0.1,0.0,P-n16-k8,random_search,123,0.845793127158043,0.7532624129656564,0.8973232722076043,410.929586521727,40.15469347032092
15,1,16.4,8.138795979750322,35,48.0,0.0069444444444444,90,0.9,429.7068497349121,446.4374483781543,11.231627761898396,0.0,19,1.991922955925856,0,0,0,0.1,0.0,P-n16-k8,random_search,124,0.5306074296992146,0.3861118375788229,0.6679673579289345,410.9295865217269,18.777263213185226
15,1,16.4,8.138795979750322,35,48.0,0.0069444444444444,30,0.3,444.7113665222542,461.92655689657096,10.087552957562036,0.0076451911821679,5,1.9745336875200343,0,0,0,0.1,0.0076451911821679,P-n16-k8,random_search,125,0.628689823873828,0.2506808095638425,0.9369822072124756,416.87437878138434,27.83698774086986
15,1,16.4,8.138795979750322,35,48.0,0.0069444444444444,70,0.7,418.2483350718596,445.0491599336357,11.741521097723645,0.0,19,1.631726722427747,0,0,0,0.1,0.0,P-n16-k8,random_search,126,0.6259219203159433,0.2098000994617454,0.363344161511178,410.929586521727,7.318748550132625
15,1,16.4,8.138795979750322,35,48.0,0.0069444444444444,10,0.1,448.602880948568,475.8396174350888,12.273013795295617,0.0545050367864846,7,2.0598853864000217,0,0,0,0.1,0.0545050367864846,P-n16-k8,random_search,127,0.1742051779162143,0.5959716915519622,0.7074945194937872,422.1814173187507,26.421463629817367
15,1,16.4,8.138795979750322,35,48.0,0.0069444444444444,60,0.6,422.38178974004165,444.8065076978237,12.599542249322484,0.0,17,1.6511335557355773,0,0,0,0.1,0.0,P-n16-k8,random_search,128,0.1865295447699657,0.5704058823076558,0.6280517631680894,410.92958652172695,11.452203218314708
15,1,16.4,8.138795979750322,35,48.0,0.0069444444444444,60,0.6,433.251725386884,456.4655716961115,10.520509700594776,0.0,19,2.0491279898547328,0,0,0,0.1,0.0,P-n16-k8,random_search,129,0.2051785400639114,0.7080479281826706,0.5382725381308513,416.87437878138434,16.377346605499667
15,1,16.4,8.138795979750322,35,48.0,0.0069444444444444,50,0.5,424.9049139308224,451.0448226749845,12.51124676808041,0.0,19,1.596046067508371,0,0,0,0.1,0.0,P-n16-k8,random_search,130,0.6590566265576288,0.7526256207105029,0.8634170898292586,410.92958652172695,13.975327409095428
15,1,16.4,8.138795979750322,35,48.0,0.0069444444444444,20,0.2,430.1200582035517,463.8320053293249,14.179412625533407,0.0319111791187693,1,1.8391647444754309,0,0,0,0.1,0.0319111791187693,P-n16-k8,random_search,131,0.6332582997974886,0.6695619332045106,0.3078443885557625,410.92958652172706,19.190471681824647
15,1,16.4,8.138795979750322,35,48.0,0.0069444444444444,10,0.1,447.24140124814994,467.5798401136088,12.42379988488081,0.0496530555121064,3,1.9995140213872056,0,0,0,0.1,0.0496530555121064,P-n16-k8,random_search,132,0.6280454075733595,0.3542685034538065,0.4211951797059493,410.9295865217269,36.31181472642305
15,1,16.4,8.138795979750322,35,48.0,0.0069444444444444,20,0.2,439.5462029569292,458.8948543663164,10.61825341811485,0.0,11,1.7860823011008875,0,0,0,0.1,0.0,P-n16-k8,random_search,133,0.4324038604847284,0.6370443746920674,0.9618798050855693,410.92958652172695,28.616616435202275
15,1,16.4,8.138795979750322,35,48.0,0.0069444444444444,90,0.9,424.193127331517,443.38417064232334,11.81078888779203,0.0,19,1.6737418103331652,0,0,0,0.1,0.0,P-n16-k8,random_search,134,0.4333805237489975,0.4296074273893812,0.6873236320800743,416.8743787813842,7.318748550132796
15,1,16.4,8.138795979750322,35,48.0,0.0069444444444444,30,0.3,422.1814173187505,456.95661755684944,14.60172399650037,0.0370380528671839,3,1.9203628162931008,0,0,0,0.1,0.0370380528671839,P-n16-k8,random_search,135,0.5477776903429343,0.5555687141481525,0.3758783958788611,410.92958652172695,11.251830797023558
15,1,16.4,8.138795979750322,35,48.0,0.0069444444444444,80,0.8,423.9144354364636,442.7137306022256,13.515046364190049,0.011470650937819,5,1.6036875243383877,0,0,0,0.1,0.011470650937819,P-n16-k8,random_search,136,0.6547807894492085,0.5176688161729626,0.9838377640552384,410.92958652172695,12.984848914736688
15,1,16.4,8.138795979750322,35,48.0,0.0069444444444444,70,0.7,428.8387467044632,444.2659218779209,11.595649475444024,0.0,19,1.5358238774113264,0,0,0,0.1,0.0,P-n16-k8,random_search,137,0.5130661166627629,0.2525240222008454,0.5629170950490594,416.87437878138434,11.964367923078896
15,1,16.4,8.138795979750322,35,48.0,0.0069444444444444,20,0.2,448.1374631035736,469.4973563059478,12.52527471525835,0.0,18,1.8481707867258128,0,0,0,0.1,0.0,P-n16-k8,random_search,138,0.2122659158456959,0.5204611160647785,0.801092835627941,410.92958652172695,37.20787658184662
15,1,16.4,8.138795979750322,35,48.0,0.0069444444444444,20,0.2,432.2380109331257,461.072105233573,11.279271273654317,0.0465221317904698,2,1.6942882861285589,0,0,0,0.1,0.0465221317904698,P-n16-k8,random_search,139,0.1495035882748025,0.4348044493997709,0.497994088657575,410.929586521727,21.308424411398676
15,1,16.4,8.138795979750322,35,48.0,0.0069444444444444,5,0.05,453.5247812700004,478.4657861088428,11.651142621029958,0.0,2,1.9556691942553943,0,0,0,0.1,0.0,P-n16-k8,random_search,140,0.1275934233074799,0.2613068215616958,0.8708578827695548,410.92958652172706,42.59519474827334
15,1,16.4,8.138795979750322,35,48.0,0.0069444444444444,30,0.3,438.1702989910776,461.77870686579024,9.567878795790522,0.0,10,1.698694753192918,0,0,0,0.1,0.0,P-n16-k8,random_search,141,0.2177533782652825,0.7771158323131986,0.7403787272253943,410.92958652172695,27.240712469350683
15,1,16.4,8.138795979750322,35,48.0,0.0069444444444444,50,0.5,432.1819373336541,453.17760574325894,10.657760852724673,0.0,18,1.8520390584824584,0,0,0,0.1,0.0,P-n16-k8,random_search,142,0.7962779797559221,0.7960616399793699,0.8129452445710792,410.92958652172695,21.25235081192716
15,1,16.4,8.138795979750322,35,48.0,0.0069444444444444,30,0.3,433.3053357230024,459.75852717061406,10.254216422437764,0.0283828020050803,6,1.7778150283709684,0,0,0,0.1,0.0283828020050803,P-n16-k8,random_search,143,0.4953570237296038,0.2889003959370875,0.8152256560077926,418.2483350718597,15.057000651142744
15,1,16.4,8.138795979750322,35,48.0,0.0069444444444444,70,0.7,430.6030465133126,449.91547582811984,13.041430345341825,0.0,19,1.7783927089481533,0,0,0,0.1,0.0,P-n16-k8,random_search,144,0.648559366877824,0.7117027481974454,0.9653857631444592,410.92958652172695,19.673459991585673
15,1,16.4,8.138795979750322,35,48.0,0.0069444444444444,70,0.7,410.92958652172706,442.2911939545598,15.778646650704014,0.0,19,1.5914030938437866,0,0,0,0.1,0.0,P-n16-k8,random_search,145,0.3630474476366764,0.3202135866480232,0.3583213195609296,410.9295865217269,1.7053025658242404e-13
15,1,16.4,8.138795979750322,35,48.0,0.0069444444444444,5,0.05,449.50969902775074,479.2766060639842,16.38433088871351,0.0,4,1.981755166459152,0,0,0,0.1,0.0,P-n16-k8,random_search,146,0.691319308093606,0.3955600797118174,0.9056575222982256,418.2483350718598,31.261363955890943
15,1,16.4,8.138795979750322,35,48.0,0.0069444444444444,70,0.7,410.92958652172695,436.8534257090891,9.794592747726435,0.0,19,1.6493690443171105,0,0,0,0.1,0.0,P-n16-k8,random_search,147,0.1293929422082505,0.3610569840185836,0.456853074412166,410.9295865217269,5.684341886080804e-14
15,1,16.4,8.138795979750322,35,48.0,0.0069444444444444,10,0.1,438.1702989910777,475.1208270712637,17.86960144550542,0.0584824040088316,0,1.931604745861176,0,0,0,0.1,0.0584824040088316,P-n16-k8,random_search,148,0.3136545382578053,0.2216348079992434,0.5835281736707855,410.92958652172695,27.24071246935074
15,1,16.4,8.138795979750322,35,48.0,0.0069444444444444,50,0.5,435.2486658862588,454.7016111455767,9.44936297983014,0.0190990442823422,1,2.0356570810604246,0,0,0,0.1,0.0190990442823422,P-n16-k8,random_search,149,0.5854461367635841,0.7580869774804779,0.7078616446399301,410.929586521727,24.319079364531778
15,1,16.4,8.138795979750322,35,48.0,0.0069444444444444,80,0.8,424.8631887835214,445.4210081747083,12.84265975268227,0.0011257136074344,0,1.5780686638173296,0,0,0,0.1,0.0011257136074344,P-n16-k8,random_search,150,0.5771012642435638,0.6793899947188439,0.7220759408943938,410.929586521727,13.93360226179442
15,1,16.4,8.138795979750322,35,48.0,0.0069444444444444,70,0.7,418.2483350718596,450.868993795186,13.9389168770962,0.0,19,1.8781713079916753,0,0,0,0.1,0.0,P-n16-k8,random_search,151,0.699688420331959,0.627531631385313,0.7450891086846502,410.929586521727,7.318748550132625
15,1,16.4,8.138795979750322,35,48.0,0.0069444444444444,10,0.1,451.2157370998745,473.0176279779208,8.757501076792103,0.0592309566251127,1,1.9560679069280575,0,0,0,0.1,0.0592309566251127,P-n16-k8,random_search,152,0.8719769747844198,0.6735629043708403,0.4270468433111497,418.2483350718597,32.96740202801476
15,1,16.4,8.138795979750322,35,48.0,0.0069444444444444,40,0.4,424.9049139308223,446.0978021792457,11.045170395976706,0.021498403587979,2,1.5191066903579682,0,0,0,0.1,0.021498403587979,P-n16-k8,random_search,153,0.7004893624231742,0.2420869007813249,0.90724379597239,410.9295865217269,13.975327409095428
15,1,16.4,8.138795979750322,35,48.0,0.0069444444444444,80,0.8,418.2483350718597,440.82065255510634,12.52009367914582,1.3590829680416562e-16,2,1.541535428253496,0,0,0,0.1,1.3590829680416562e-16,P-n16-k8,random_search,154,0.8704666697482891,0.7317416275014774,0.7071091931672114,418.2483350718596,5.684341886080804e-14
15,1,16.4,8.138795979750322,35,48.0,0.0069444444444444,10,0.1,440.2587400829845,470.39748971722366,16.34779322613507,0.0644824539344457,3,1.6636854009023956,0,0,0,0.1,0.0644824539344457,P-n16-k8,random_search,155,0.3408319858084413,0.662760457683891,0.4933482713562893,410.92958652172695,29.3291535612575
15,1,16.4,8.138795979750322,35,48.0,0.0069444444444444,10,0.1,456.82413772183895,475.4394504501517,11.908813295221822,0.0122189359989215,0,2.110719001402508,0,0,0,0.1,0.0122189359989215,P-n16-k8,random_search,156,0.4282322032204633,0.7186309523102621,0.4582896332742597,410.92958652172695,45.894551200112005
15,1,16.4,8.138795979750322,35,48.0,0.0069444444444444,5,0.05,443.2810170789305,477.03419209485776,15.857288575364535,0.0,2,1.8652456078894009,0,0,0,0.1,0.0,P-n16-k8,random_search,157,0.5726935571215932,0.7425876353084464,0.7986158810518449,410.9295865217269,32.35143055720363
15,1,16.4,8.138795979750322,35,48.0,0.0069444444444444,70,0.7,430.6030465133126,449.2345574932362,15.434410360678395,0.0,19,1.7379052228243417,0,0,0,0.1,0.0,P-n16-k8,random_search,158,0.4311281587486451,0.2185175508862501,0.4813862611026836,410.92958652172695,19.673459991585673
15,1,16.4,8.138795979750322,35,48.0,0.0069444444444444,40,0.4,427.58258556060025,449.4615885799223,12.707431294134183,0.005899452012419,5,1.7427126691787165,0,0,0,0.1,0.005899452012419,P-n16-k8,random_search,159,0.8928953297562616,0.2731560042454157,0.9948083862445404,410.92958652172695,16.652999038873304
15,1,16.4,8.138795979750322,35,48.0,0.0069444444444444,10,0.1,443.6795851518879,471.0935451920333,13.507235284279686,0.0630098363309694,2,1.8286754835087573,0,0,0,0.1,0.0630098363309694,P-n16-k8,random_search,160,0.2487310369992033,0.7743682290086191,0.5508735894949646,410.92958652172695,32.749998630160974
15,1,16.4,8.138795979750322,35,48.0,0.0069444444444444,30,0.3,444.3148606788598,458.7613966363278,7.875335439965005,0.0,11,1.432354087957495,0,0,0,0.1,0.0,P-n16-k8,random_search,161,0.4040858570160568,0.3088739661823745,0.3124035649509626,422.38178974004154,21.933070938818275
15,1,16.4,8.138795979750322,35,48.0,0.0069444444444444,20,0.2,453.5247812700005,466.19267121224664,8.931140289419362,0.0,17,1.859633926009948,0,0,0,0.1,0.0,P-n16-k8,random_search,162,0.3419949757456096,0.7986028857036711,0.7507331725289328,422.8939544448059,30.630826825194617
15,1,16.4,8.138795979750322,35,48.0,0.0069444444444444,20,0.2,447.190048517435,460.3219009824519,8.58957551682006,0.0,14,1.7587743387061814,0,0,0,0.1,0.0,P-n16-k8,random_search,163,0.5768534527876209,0.6622621317798584,0.5514268134887745,416.8743787813843,30.31566973605072
15,1,16.4,8.138795979750322,35,48.0,0.0069444444444444,5,0.05,447.66456197328984,476.6820145193216,15.359746988574388,0.0,0,2.0548894691036095,0,0,0,0.1,0.0,P-n16-k8,random_search,164,0.6933127275946649,0.2066791299549895,0.970443310032452,410.92958652172695,36.73497545156289
15,1,16.4,8.138795979750322,35,48.0,0.0069444444444444,60,0.6,410.929586521727,443.77546741079385,12.601042203632456,0.0,19,1.2097540949245391,0,0,0,0.1,0.0,P-n16-k8,random_search,165,0.2212545642467267,0.5693482795082426,0.7864000322998499,410.9295865217269,1.1368683772161605e-13
15,1,16.4,8.138795979750322,35,48.0,0.0069444444444444,30,0.3,430.6030465133126,457.8298428033104,12.294675038166943,1.3200886366473356e-16,3,1.8874099765150931,0,0,0,0.1,1.3200886366473356e-16,P-n16-k8,random_search,166,0.3289827126812697,0.4936326615857309,0.4667401763616184,418.2483350718598,12.35471144145282
15,1,16.4,8.138795979750322,35,48.0,0.0069444444444444,10,0.1,445.5915485446867,464.6514535549288,11.612487075120368,0.0711925331579828,4,1.448889697882311,0,0,0,0.1,0.0711925331579828,P-n16-k8,random_search,167,0.1964494876745132,0.6733987508181618,0.6371886150626542,416.8743787813844,28.71716976330231
15,1,16.4,8.138795979750322,35,48.0,0.0069444444444444,70,0.7,416.87437878138434,439.1663244634553,13.231025870894994,0.0,19,1.4157354587498554,0,0,0,0.1,0.0,P-n16-k8,random_search,168,0.2354429905436717,0.6649834705580556,0.4594023112400629,416.8743787813843,5.684341886080804e-14
15,1,16.4,8.138795979750322,35,48.0,0.0069444444444444,60,0.6,428.8387467044632,448.7616381004667,10.927667563414548,0.0,16,1.5066599187267589,0,0,0,0.1,0.0,P-n16-k8,random_search,169,0.6400343425318422,0.5669012904549939,0.9243052013908132,416.8743787813842,11.96436792307901
15,1,16.4,8.138795979750322,35,48.0,0.0069444444444444,20,0.2,424.15648897928094,456.9985193203556,14.406123710934558,0.0696344934633846,4,1.6985347750382516,0,0,0,0.1,0.0696344934633846,P-n16-k8,random_search,170,0.6943269677975252,0.7294791572539452,0.4088761076001152,410.9295865217268,13.226902457554104
15,1,16.4,8.138795979750322,35,48.0,0.0069444444444444,80,0.8,418.2483350718598,444.48590010291457,12.021238951618276,0.0,19,1.7190373523977156,0,0,0,0.1,0.0,P-n16-k8,random_search,171,0.4111945695883842,0.3278281898445365,0.680473879210874,418.2483350718597,1.1368683772161605e-13
15,1,16.4,8.138795979750322,35,48.0,0.0069444444444444,60,0.6,416.87437878138434,447.5916974862624,17.630280484603,0.0,19,1.8617636662791912,0,0,0,0.1,0.0,P-n16-k8,random_search,172,0.2042977085216795,0.2671736012402476,0.6969526654387295,410.929586521727,5.9447922596573335
15,1,16.4,8.138795979750322,35,48.0,0.0069444444444444,60,0.6,418.2483350718597,440.2342806186633,17.826373789997344,0.0093160951324404,0,1.6509380172811616,0,0,0,0.1,0.0093160951324404,P-n16-k8,random_search,173,0.1498083493170324,0.3021222801879397,0.7266930568644718,410.92958652172695,7.318748550132739
15,1,16.4,8.138795979750322,35,48.0,0.0069444444444444,90,0.9,418.2483350718596,434.4798656573901,13.715575348087182,0.0,19,1.596801551302216,0,0,0,0.1,0.0,P-n16-k8,random_search,174,0.6664170923549627,0.7204583363021142,0.4626576494379996,410.92958652172695,7.318748550132682
15,1,16.4,8.138795979750322,35,48.0,0.0069444444444444,90,0.9,418.2483350718597,439.913207075655,13.963265301811836,0.0,19,1.6611094459385276,0,0,0,0.1,0.0,P-n16-k8,random_search,175,0.3757807525103137,0.7233855004079808,0.4102012447352925,410.9295865217269,7.318748550132796
15,1,16.4,8.138795979750322,35,48.0,0.0069444444444444,70,0.7,416.8743787813843,440.5127418998474,11.907118488853444,0.0,19,1.3627275298328665,0,0,0,0.1,0.0,P-n16-k8,random_search,176,0.24300178337005,0.3704617503781388,0.640977630637334,410.9295865217269,5.94479225965739
15,1,16.4,8.138795979750322,35,48.0,0.0069444444444444,50,0.5,410.9295865217269,438.6894359677815,18.820141260017618,0.0,19,1.3382112398675317,0,0,0,0.1,0.0,P-n16-k8,random_search,177,0.7576218519494696,0.4790628179121581,0.3170631205811891,410.9295865217269,0.0
15,1,16.4,8.138795979750322,35,48.0,0.0069444444444444,20,0.2,445.73837517793856,465.0004678831559,12.77573985380737,0.0150365383323707,1,1.9475537151108384,0,0,0,0.1,0.0150365383323707,P-n16-k8,random_search,178,0.7182615093821005,0.5901468845878531,0.9292030810838864,422.38178974004154,23.356585437897024
15,1,16.4,8.138795979750322,35,48.0,0.0069444444444444,5,0.05,442.2395706267309,476.057792202125,18.76792104972379,0.0,1,1.9902265192665431,0,0,0,0.1,0.0,P-n16-k8,random_search,179,0.1664851682593708,0.7042356569623085,0.5165809018349502,410.9295865217269,31.30998410500399
15,1,16.4,8.138795979750322,35,48.0,0.0069444444444444,90,0.9,427.961080257004,446.5271663913633,10.47249835649797,0.0,19,1.7602556141230117,0,0,0,0.1,0.0,P-n16-k8,random_search,180,0.7335591577447655,0.4839088194434224,0.3830177141674487,425.34200206305735,2.619078193946621
15,1,16.4,8.138795979750322,35,48.0,0.0069444444444444,10,0.1,441.9409501186908,469.1272334464088,12.259951268778485,0.0600289672196282,0,1.8152364596990065,0,0,0,0.1,0.0600289672196282,P-n16-k8,random_search,181,0.2528756703550863,0.4001569502522386,0.967186484756304,418.2483350718597,23.69261504683112
15,1,16.4,8.138795979750322,35,48.0,0.0069444444444444,50,0.5,431.23318398659626,450.73618445990286,12.334780724416222,0.0087280944815886,0,1.8142275350940371,0,0,0,0.1,0.0087280944815886,P-n16-k8,random_search,182,0.6494788059905255,0.5847084004432528,0.9469398274296824,410.929586521727,20.303597464869256
15,1,16.4,8.138795979750322,35,48.0,0.0069444444444444,10,0.1,444.84975123957065,474.9290407587865,12.810359784769911,0.0663600556264671,0,2.1562473377537956,0,0,0,0.1,0.0663600556264671,P-n16-k8,random_search,183,0.2148172647167349,0.3346319170418967,0.785067751949376,423.9144354364636,20.935315803107073
15,1,16.4,8.138795979750322,35,48.0,0.0069444444444444,70,0.7,410.92958652172695,439.7650572929971,18.608109049939728,0.0,19,1.6940872432698018,0,0,0,0.1,0.0,P-n16-k8,random_search,184,0.3880689356787234,0.5078023691410611,0.7510104312606455,410.92958652172695,0.0
15,1,16.4,8.138795979750322,35,48.0,0.0069444444444444,50,0.5,418.2483350718596,435.12396056228135,14.47328993144299,0.0,19,1.5200604773635655,0,0,0,0.1,0.0,P-n16-k8,random_search,185,0.8599555631350443,0.5267902395736122,0.3872897293543445,410.92958652172695,7.318748550132682
15,1,16.4,8.138795979750322,35,48.0,0.0069444444444444,40,0.4,427.58889700533814,455.0012958960293,13.286605991207862,0.0049288316694978,3,1.8418776106773784,0,0,0,0.1,0.0049288316694978,P-n16-k8,random_search,186,0.1566561267188365,0.665689915571487,0.6470730500360833,410.9295865217269,16.65931048361125
15,1,16.4,8.138795979750322,35,48.0,0.0069444444444444,70,0.7,410.929586521727,439.4962367588681,14.935112950489652,0.0,19,1.583958808029961,0,0,0,0.1,0.0,P-n16-k8,random_search,187,0.2501800285353487,0.2254536294934807,0.9395410059980256,410.92958652172695,5.684341886080804e-14
15,1,16.4,8.138795979750322,35,48.0,0.0069444444444444,40,0.4,433.2517253868839,454.0592000683501,12.548918074281536,0.0,15,1.387729466987039,0,0,0,0.1,0.0,P-n16-k8,random_search,188,0.3989248659911498,0.6197090560408542,0.4688376094939013,410.9295865217269,22.322138865157
15,1,16.4,8.138795979750322,35,48.0,0.0069444444444444,40,0.4,437.39914563614815,457.5407683296065,13.550395715182256,0.0,19,1.5575910589305442,0,0,0,0.1,0.0,P-n16-k8,random_search,189,0.104625899291963,0.7479122118677646,0.563680809208571,410.92958652172695,26.4695591144212
15,1,16.4,8.138795979750322,35,48.0,0.0069444444444444,70,0.7,418.2483350718597,445.5500955490148,12.163790686942296,0.0,12,1.723255398616344,0,0,0,0.1,0.0,P-n16-k8,random_search,190,0.8811632629224054,0.5924689129423611,0.5376557342654024,410.929586521727,7.318748550132682
15,1,16.4,8.138795979750322,35,48.0,0.0069444444444444,20,0.2,447.6502724561815,468.2889191041628,11.791141404500626,0.0,18,1.7709415202554968,0,0,0,0.1,0.0,P-n16-k8,random_search,191,0.6439307386718436,0.4825167173676716,0.5814965308696374,410.92958652172706,36.72068593445442
15,1,16.4,8.138795979750322,35,48.0,0.0069444444444444,50,0.5,428.8387467044631,447.45976832962526,12.967563856372236,0.0,19,1.5565087547769454,0,0,0,0.1,0.0,P-n16-k8,random_search,192,0.2020660813980588,0.2476664449938704,0.7977343184105455,410.92958652172695,17.909160182736173
15,1,16.4,8.138795979750322,35,48.0,0.0069444444444444,30,0.3,430.60304651331256,457.276005195379,12.766792752972306,0.0366272463408834,2,1.6214942139143151,0,0,0,0.1,0.0366272463408834,P-n16-k8,random_search,193,0.3657218529188396,0.6473812954833218,0.3890808561717344,416.87437878138434,13.728667731928226
15,1,16.4,8.138795979750322,35,48.0,0.0069444444444444,60,0.6,422.8939544448059,447.53940879777144,10.561323654954826,0.0,19,1.624930992136543,0,0,0,0.1,0.0,P-n16-k8,random_search,194,0.1396436891971814,0.3185441111015308,0.6624269834567091,410.92958652172695,11.96436792307901
15,1,16.4,8.138795979750322,35,48.0,0.0069444444444444,50,0.5,418.2483350718597,444.8855130466213,18.620896516512605,0.0,19,1.5230634032098935,0,0,0,0.1,0.0,P-n16-k8,random_search,195,0.4670142924805215,0.7166500481925029,0.8360170609679425,418.2483350718596,5.684341886080804e-14
15,1,16.4,8.138795979750322,35,48.0,0.0069444444444444,40,0.4,433.25172538688395,455.7668647565964,13.23943566887921,0.0175670667354378,1,1.9284900379002023,0,0,0,0.1,0.0175670667354378,P-n16-k8,random_search,196,0.8217374648626597,0.7146421373378578,0.5510344931073032,410.92958652172695,22.322138865157
15,1,16.4,8.138795979750322,35,48.0,0.0069444444444444,10,0.1,435.1662662334873,477.11836769836754,13.011881747504532,0.0722467116444866,4,1.8260457952507951,0,0,0,0.1,0.0722467116444866,P-n16-k8,random_search,197,0.6180041432270758,0.656241520779578,0.9058761322257264,410.929586521727,24.236679711760303
15,1,16.4,8.138795979750322,35,48.0,0.0069444444444444,40,0.4,416.8743787813843,441.1543326971593,17.088292724866285,2.7271246089510326e-16,1,1.616854959084819,0,0,0,0.1,2.7271246089510326e-16,P-n16-k8,random_search,198,0.3236064696218375,0.5337592299412967,0.3196932156226323,416.8743787813843,0.0
15,1,16.4,8.138795979750322,35,48.0,0.0069444444444444,50,0.5,424.1931273315171,447.0442143678706,11.94651844131412,0.0108330215229981,4,1.8352469003639544,0,0,0,0.1,0.0108330215229981,P-n16-k8,random_search,199,0.5349528888213806,0.6179635498149303,0.8917730307620304,410.9295865217269,13.263540809790186
15,1,16.4,8.138795979750322,35,48.0,0.0069444444444444,30,0.3,433.1329463162315,461.7728115640069,10.792705198939418,0.0360753813179073,0,1.6882637074525717,0,0,0,0.1,0.0360753813179073,P-n16-k8,random_search,200,0.5155461118092016,0.6289571098858333,0.7037317841667018,410.92958652172695,22.203359794504536
15,1,16.4,8.138795979750322,35,48.0,0.0069444444444444,70,0.7,424.156488979281,448.95623484303235,11.151518384441658,0.0,19,1.727431986349136,0,0,0,0.1,0.0,P-n16-k8,random_search,201,0.1621894401823382,0.3690837733946542,0.3933046554276244,410.929586521727,13.22690245755399
15,1,16.4,8.138795979750322,35,48.0,0.0069444444444444,60,0.6,424.156488979281,448.5741957399424,12.966019609944007,0.0,19,1.7576507916432234,0,0,0,0.1,0.0,P-n16-k8,random_search,202,0.214377376126905,0.73010105378819,0.6415255516855984,416.87437878138434,7.282110197896657
15,1,16.4,8.138795979750322,35,48.0,0.0069444444444444,30,0.3,432.18702412871903,455.3424817527183,13.324930544884026,0.0,9,1.778810014587631,0,0,0,0.1,0.0,P-n16-k8,random_search,203,0.2601197685076438,0.7254591564483943,0.5960819920702847,410.9295865217269,21.25743760699214
15,1,16.4,8.138795979750322,35,48.0,0.0069444444444444,30,0.3,424.15648897928105,453.77061129606545,14.027311441147033,0.0351656745455133,4,1.8756431287016813,0,0,0,0.1,0.0351656745455133,P-n16-k8,random_search,204,0.8041038685395817,0.6518062632512402,0.360058444231781,410.92958652172695,13.226902457554104
15,1,16.4,8.138795979750322,35,48.0,0.0069444444444444,40,0.4,422.1814173187507,449.5866322646234,12.431793855163583,0.0175129449781924,7,1.8074435716368145,0,0,0,0.1,0.0175129449781924,P-n16-k8,random_search,205,0.3833602352370379,0.2339793306158941,0.7946591235130028,410.92958652172695,11.251830797023729
15,1,16.4,8.138795979750322,35,48.0,0.0069444444444444,30,0.3,446.91478647067385,463.5646480682911,10.326437754746523,0.0,14,1.9898062883120908,0,0,0,0.1,0.0,P-n16-k8,random_search,206,0.6895273348285478,0.6513086579795966,0.3027532109930286,410.929586521727,35.98519994894684
15,1,16.4,8.138795979750322,35,48.0,0.0069444444444444,50,0.5,422.3817897400416,450.7630981577325,15.38606079713606,0.0,19,1.891675845438507,0,0,0,0.1,0.0,P-n16-k8,random_search,207,0.4325127390307831,0.2394752374724676,0.5803181645618841,410.92958652172706,11.452203218314535
15,1,16.4,8.138795979750322,35,48.0,0.0069444444444444,50,0.5,422.89395444480584,452.5577507271104,10.577139254038128,2.6883060523019845e-16,5,1.8465174284492925,0,0,0,0.1,2.6883060523019845e-16,P-n16-k8,random_search,208,0.6485797536948762,0.6835512554837967,0.9890330218149253,418.2483350718596,4.645619372946214
15,1,16.4,8.138795979750322,35,48.0,0.0069444444444444,60,0.6,425.3420020630573,453.24639286585887,15.993009804605927,2.672833559116391e-16,3,2.042186054615746,0,0,0,0.1,2.672833559116391e-16,P-n16-k8,random_search,209,0.4449101603668005,0.7216983883684147,0.4115038945136128,410.92958652172695,14.412415541330349
15,1,16.4,8.138795979750322,35,48.0,0.0069444444444444,70,0.7,416.87437878138434,431.6790133203059,11.86189698422004,0.0,15,1.2866830998384022,0,0,0,0.1,0.0,P-n16-k8,random_search,210,0.2531154996871544,0.2150348700125271,0.90296482392211,410.92958652172695,5.94479225965739
15,1,16.4,8.138795979750322,35,48.0,0.0069444444444444,5,0.05,454.71621663076826,483.0166817092244,13.748530031605103,0.0,1,1.7838919846219914,0,0,0,0.1,0.0,P-n16-k8,random_search,211,0.8939362925405553,0.3563830819638512,0.7532593296302115,410.92958652172695,43.78663010904131
15,1,16.4,8.138795979750322,35,48.0,0.0069444444444444,50,0.5,433.0675066134995,450.737506388904,12.630721566555131,0.0,16,1.629717103170646,0,0,0,0.1,0.0,P-n16-k8,random_search,212,0.1427361905168191,0.7205385009633269,0.989127274503933,410.92958652172695,22.13792009177257
15,1,16.4,8.138795979750322,35,48.0,0.0069444444444444,30,0.3,437.0732886484893,462.172566431667,12.82804513681307,0.0358609292046719,2,2.084664310022928,0,0,0,0.1,0.0358609292046719,P-n16-k8,random_search,213,0.1849680110255706,0.4896326251109536,0.3549287824515251,410.92958652172706,26.143702126762264
15,1,16.4,8.138795979750322,35,48.0,0.0069444444444444,5,0.05,457.6602178355532,481.3438048584718,9.781657004610317,0.0,2,2.0164224246351785,0,0,0,0.1,0.0,P-n16-k8,random_search,214,0.7152118041428824,0.2945078802722417,0.3020379105169828,422.18141731875056,35.47880051680261
15,1,16.4,8.138795979750322,35,48.0,0.0069444444444444,90,0.9,422.1814173187507,447.0750036819706,10.351092002146544,0.0,19,1.7352077495140208,0,0,0,0.1,0.0,P-n16-k8,random_search,215,0.6416247531704169,0.7574400555184908,0.8468629775626071,410.92958652172695,11.251830797023729
15,1,16.4,8.138795979750322,35,48.0,0.0069444444444444,10,0.1,438.5514918896076,463.5236081525346,13.317099757348569,0.0353051467272251,0,1.962939611190052,0,0,0,0.1,0.0353051467272251,P-n16-k8,random_search,216,0.7618132924907467,0.7599982099526541,0.3043315107714222,410.92958652172706,27.621905367880515
15,1,16.4,8.138795979750322,35,48.0,0.0069444444444444,5,0.05,449.4221297881014,477.9688525434919,14.522022415280851,0.0,1,1.7080824546904323,0,0,0,0.1,0.0,P-n16-k8,random_search,217,0.3291721679160162,0.5750791740879518,0.5691522183291411,410.929586521727,38.49254326637441
15,1,16.4,8.138795979750322,35,48.0,0.0069444444444444,60,0.6,436.69479395208555,456.30745574873106,9.571489898219186,0.0,19,1.6176333767884892,0,0,0,0.1,0.0,P-n16-k8,random_search,218,0.283221004787706,0.2310634507840256,0.7001271611111599,416.8743787813843,19.820415170701267
15,1,16.4,8.138795979750322,35,48.0,0.0069444444444444,50,0.5,422.8939544448059,446.5104816428566,10.58082504260291,0.0224516753750006,7,1.5663886430586131,0,0,0,0.1,0.0224516753750006,P-n16-k8,random_search,219,0.7350289010980572,0.6955494158246461,0.9456969904817604,410.9295865217269,11.96436792307901
15,1,16.4,8.138795979750322,35,48.0,0.0069444444444444,5,0.05,440.94592917174066,479.50959190473475,17.395217289683956,0.0,1,1.9927492043766737,0,0,0,0.1,0.0,P-n16-k8,random_search,220,0.1881344906683393,0.701206008246726,0.8917949356203241,410.92958652172695,30.016342650013712
15,1,16.4,8.138795979750322,35,48.0,0.0069444444444444,50,0.5,422.8939544448059,453.47617656456504,11.13394806971495,0.0277139319805908,4,1.539800556036391,0,0,0,0.1,0.0277139319805908,P-n16-k8,random_search,221,0.6685005053881895,0.3098036223903706,0.8198376065765676,410.929586521727,11.964367923078896
15,1,16.4,8.138795979750322,35,48.0,0.0069444444444444,60,0.6,422.1814173187506,443.1964521563158,10.137246341615024,0.0,18,1.7870167833045418,0,0,0,0.1,0.0,P-n16-k8,random_search,222,0.4587476308334594,0.2035729980786658,0.4220864826111292,410.92958652172695,11.251830797023672
15,1,16.4,8.138795979750322,35,48.0,0.0069444444444444,30,0.3,422.1814173187506,457.304141805325,13.88553519056227,0.0,13,1.7714245054507574,0,0,0,0.1,0.0,P-n16-k8,random_search,223,0.7523175153156471,0.3406168612369941,0.7909318897724742,410.929586521727,11.251830797023617
15,1,16.4,8.138795979750322,35,48.0,0.0069444444444444,90,0.9,428.83343406913815,448.9245632642801,10.893764076711465,0.0,14,1.9215057345173336,0,0,0,0.1,0.0,P-n16-k8,random_search,224,0.3266479038073899,0.3416960808707243,0.3603989996713385,416.8743787813843,11.95905528775387
15,1,16.4,8.138795979750322,35,48.0,0.0069444444444444,20,0.2,410.92958652172695,460.7335459122202,16.709604403132534,0.0424324065800194,6,2.057493688231731,0,0,0,0.1,0.0424324065800194,P-n16-k8,random_search,225,0.187198621206976,0.4865457285243109,0.5800181831285671,410.92958652172695,0.0
15,1,16.4,8.138795979750322,35,48.0,0.0069444444444444,70,0.7,410.929586521727,444.1134542419833,17.503577480045884,0.0,19,1.5763683457883124,0,0,0,0.1,0.0,P-n16-k8,random_search,226,0.494311519310158,0.2827621323682302,0.696528679327943,410.92958652172695,5.684341886080804e-14
15,1,16.4,8.138795979750322,35,48.0,0.0069444444444444,50,0.5,425.34200206305735,451.135937070134,9.29683039549212,0.0,17,1.7349814131970989,0,0,0,0.1,0.0,P-n16-k8,random_search,227,0.2600440375411658,0.4320683136057804,0.58037898638473,410.92958652172706,14.41241554133029
15,1,16.4,8.138795979750322,35,48.0,0.0069444444444444,60,0.6,422.89395444480584,438.7734505164917,13.710809897551718,0.0,19,1.7013394245920497,0,0,0,0.1,0.0,P-n16-k8,random_search,228,0.504633821704103,0.7362706242878838,0.8405145731052726,410.9295865217269,11.964367923078951
15,1,16.4,8.138795979750322,35,48.0,0.0069444444444444,90,0.9,418.2483350718596,442.5651316148116,14.308729725348758,0.0,19,1.543823348671859,0,0,0,0.1,0.0,P-n16-k8,random_search,229,0.4196604311028195,0.367488595421282,0.8263169682095282,410.9295865217269,7.318748550132739
15,1,16.4,8.138795979750322,35,48.0,0.0069444444444444,5,0.05,455.2748538015834,480.2197268665842,15.980365019056585,0.0,2,2.0552064464129765,0,0,0,0.1,0.0,P-n16-k8,random_search,230,0.3669158849932937,0.7573471820205218,0.3477707726684396,422.38178974004165,32.893064061541736
15,1,16.4,8.138795979750322,35,48.0,0.0069444444444444,70,0.7,416.8743787813843,443.0965039350991,14.37911101430281,0.0,19,1.3050886885018351,0,0,0,0.1,0.0,P-n16-k8,random_search,231,0.7147046503725837,0.6280271433837863,0.868874402074397,410.929586521727,5.944792259657277
15,1,16.4,8.138795979750322,35,48.0,0.0069444444444444,20,0.2,442.2557001516659,463.7935165899891,9.402744474398954,0.0266886418582714,4,2.0131019032837965,0,0,0,0.1,0.0266886418582714,P-n16-k8,random_search,232,0.7102301018028461,0.5791708392452393,0.3944203614051787,410.929586521727,31.32611362993896
15,1,16.4,8.138795979750322,35,48.0,0.0069444444444444,50,0.5,424.86318878352137,445.42836918783206,13.497076289969517,0.0,19,1.6862302123846895,0,0,0,0.1,0.0,P-n16-k8,random_search,233,0.7278894377180676,0.7236495452588461,0.7894347539007136,410.92958652172695,13.93360226179442
15,1,16.4,8.138795979750322,35,48.0,0.0069444444444444,20,0.2,435.27222194154007,457.4236955261358,13.165125758538451,0.0318553771266877,1,1.7965147635132093,0,0,0,0.1,0.0318553771266877,P-n16-k8,random_search,234,0.3585045654870666,0.30940730620682,0.5235136082207184,416.8743787813843,18.397843160155787
15,1,16.4,8.138795979750322,35,48.0,0.0069444444444444,5,0.05,446.4297920561406,475.319309937609,15.23833425660388,0.0,1,1.9498494766331276,0,0,0,0.1,0.0,P-n16-k8,random_search,235,0.3797921850335816,0.5053893674130476,0.9129136406303162,410.92958652172695,35.50020553441368
15,1,16.4,8.138795979750322,35,48.0,0.0069444444444444,30,0.3,435.2486658862588,451.1257303795176,11.440496176067464,0.0,19,1.543540285131091,0,0,0,0.1,0.0,P-n16-k8,random_search,236,0.3082097161660758,0.2146282144158332,0.6862124903355326,410.929586521727,24.319079364531778
15,1,16.4,8.138795979750322,35,48.0,0.0069444444444444,90,0.9,436.2999013502742,450.93982222248377,10.035633538878322,0.0,19,1.604824577058791,0,0,0,0.1,0.0,P-n16-k8,random_search,237,0.1686175867033757,0.3167549451537823,0.620704302957388,410.9295865217269,25.370314828547293
15,1,16.4,8.138795979750322,35,48.0,0.0069444444444444,60,0.6,422.89395444480584,444.9604465957398,11.864605931876838,0.0,19,1.4505281587502128,0,0,0,0.1,0.0,P-n16-k8,random_search,238,0.3889867057727376,0.7774066014974212,0.852892870417697,410.92958652172695,11.964367923078896
15,1,16.4,8.138795979750322,35,48.0,0.0069444444444444,70,0.7,418.2483350718597,441.69347686053254,18.053077429242364,0.0,19,1.8138408548873608,0,0,0,0.1,0.0,P-n16-k8,random_search,239,0.7191629662404633,0.623311902528495,0.5977099801115509,418.2483350718596,5.684341886080804e-14
15,1,16.4,8.138795979750322,35,48.0,0.0069444444444444,40,0.4,438.50334504428474,459.9204510342162,9.236277356757112,0.0,13,1.8327381669423992,0,0,0,0.1,0.0,P-n16-k8,random_search,240,0.1227242767108439,0.4109391240123812,0.6046121743887891,416.87437878138434,21.62896626290041
15,1,16.4,8.138795979750322,35,48.0,0.0069444444444444,50,0.5,422.89395444480584,453.4065586273507,10.14786035057783,0.0409982402421721,7,1.8958717505487857,0,0,0,0.1,0.0409982402421721,P-n16-k8,random_search,241,0.285974608041794,0.7240322292044341,0.4329253593123943,418.2483350718596,4.645619372946214
15,1,16.4,8.138795979750322,35,48.0,0.0069444444444444,60,0.6,428.83343406913826,445.9804526337028,11.559631347980105,0.0,15,1.672718477848349,0,0,0,0.1,0.0,P-n16-k8,random_search,242,0.3698874604528597,0.7666203497726072,0.3189338993066195,410.92958652172695,17.903847547411317
15,1,16.4,8.138795979750322,35,48.0,0.0069444444444444,60,0.6,442.0405461200984,456.50996805370175,10.805136342835992,0.0,19,1.7415903602392422,0,0,0,0.1,0.0,P-n16-k8,random_search,243,0.3218923555930884,0.5486036373366623,0.5343719148019119,418.2483350718596,23.792211048238755
15,1,16.4,8.138795979750322,35,48.0,0.0069444444444444,80,0.8,422.38178974004165,447.3383273531046,10.80674193381941,0.0,19,1.6803555543928927,0,0,0,0.1,0.0,P-n16-k8,random_search,244,0.419026653822903,0.2457747424773425,0.3337304630188001,410.92958652172695,11.452203218314708
15,1,16.4,8.138795979750322,35,48.0,0.0069444444444444,80,0.8,416.87437878138434,440.086091490656,14.870356000984092,0.0,19,1.295334359158924,0,0,0,0.1,0.0,P-n16-k8,random_search,245,0.5810600097005174,0.7255316164692505,0.3809491035226697,416.8743787813842,1.1368683772161605e-13
15,1,16.4,8.138795979750322,35,48.0,0.0069444444444444,40,0.4,426.5871239665287,456.3682801277211,12.229797147950096,0.0132921463246211,6,1.9875462330706393,0,0,0,0.1,0.0132921463246211,P-n16-k8,random_search,246,0.1839567660347823,0.2651095327599497,0.5323703682527727,416.8743787813843,9.7127451851444
15,1,16.4,8.138795979750322,35,48.0,0.0069444444444444,30,0.3,438.17029899107774,455.36735405132305,10.685587815980078,0.0189663237936775,5,1.9286636932496757,0,0,0,0.1,0.0189663237936775,P-n16-k8,random_search,247,0.3008496479829237,0.3234954828227297,0.9288335059170922,410.92958652172695,27.240712469350797
15,1,16.4,8.138795979750322,35,48.0,0.0069444444444444,30,0.3,439.6024328719944,456.90329584710497,9.162854809409838,0.0020622668039455,1,2.0041174137480575,0,0,0,0.1,0.0020622668039455,P-n16-k8,random_search,248,0.8596633066552236,0.7878225840395117,0.7735671479078547,410.929586521727,28.672846350267378
15,1,16.4,8.138795979750322,35,48.0,0.0069444444444444,40,0.4,422.89395444480584,457.9053057310561,12.298622940651637,0.042832848187783,4,1.6832478408153693,0,0,0,0.1,0.042832848187783,P-n16-k8,random_search,249,0.850487650177015,0.5577678100185713,0.67303214087224,410.92958652172695,11.964367923078896
15,1,16.4,8.138795979750322,35,48.0,0.0069444444444444,20,0.2,424.86318878352154,459.74746227014094,14.336038999168084,0.0,13,1.93254294923223,0,0,0,0.1,0.0,P-n16-k8,random_search,250,0.3328184693623588,0.2204946836068156,0.9902534071766388,410.92958652172706,13.933602261794476
15,1,16.4,8.138795979750322,35,48.0,0.0069444444444444,50,0.5,425.3420020630573,454.82136273440784,9.911194801177794,0.0,17,1.8376167104549044,0,0,0,0.1,0.0,P-n16-k8,random_search,251,0.8229490257237061,0.5212821111496415,0.3035812292343572,416.8743787813843,8.467623281673013
15,1,16.4,8.138795979750322,35,48.0,0.0069444444444444,90,0.9,416.8743787813843,438.0997043593408,12.997499710143575,0.0,19,1.5197578345320086,0,0,0,0.1,0.0,P-n16-k8,random_search,252,0.8572151810192936,0.6329919843209941,0.8530756474215371,410.92958652172706,5.94479225965722
15,1,16.4,8.138795979750322,35,48.0,0.0069444444444444,60,0.6,434.0342298896967,453.6653726625701,10.691027516066995,0.0,17,1.9805258746058736,0,0,0,0.1,0.0,P-n16-k8,random_search,253,0.7829453858208828,0.6783303324678789,0.8582942432731997,410.92958652172706,23.10464336796963
15,1,16.4,8.138795979750322,35,48.0,0.0069444444444444,80,0.8,410.92958652172695,435.4074928780325,12.826990444190626,0.0174985718684893,2,1.443009581124013,0,0,0,0.1,0.0174985718684893,P-n16-k8,random_search,254,0.1900883971722473,0.6502228946649358,0.3455136245998351,410.9295865217269,5.684341886080804e-14
15,1,16.4,8.138795979750322,35,48.0,0.0069444444444444,60,0.6,426.5871239665286,445.42504704806817,15.247008243250685,0.0,19,1.7087896005700265,0,0,0,0.1,0.0,P-n16-k8,random_search,255,0.4107783172750668,0.6930217310280251,0.5809563793116139,416.8743787813842,9.7127451851444
15,1,16.4,8.138795979750322,35,48.0,0.0069444444444444,60,0.6,410.9295865217269,442.8063138139655,15.722107057677093,0.0142603924881012,5,1.54995878564041,0,0,0,0.1,0.0142603924881012,P-n16-k8,random_search,256,0.6728330736915573,0.3741838115770628,0.519823214299017,410.9295865217268,5.684341886080804e-14
15,1,16.4,8.138795979750322,35,48.0,0.0069444444444444,40,0.4,442.30956714489855,456.6883257180998,9.03465738697866,0.0087759930014488,3,1.8486080127695712,0,0,0,0.1,0.0087759930014488,P-n16-k8,random_search,257,0.77131950929224,0.7286088911683408,0.8336672099674556,410.92958652172695,31.379980623171605
15,1,16.4,8.138795979750322,35,48.0,0.0069444444444444,5,0.05,461.66712320770137,482.0912659190133,11.512534422114731,0.0,0,1.898578172015503,0,0,0,0.1,0.0,P-n16-k8,random_search,258,0.2223607412286163,0.2657039002756803,0.4116028113151572,410.92958652172695,50.73753668597442
15,1,16.4,8.138795979750322,35,48.0,0.0069444444444444,20,0.2,441.1917618304574,464.5900359478498,12.032626803129851,0.0073743305076293,3,1.8828793101753405,0,0,0,0.1,0.0073743305076293,P-n16-k8,random_search,259,0.4563628749647667,0.4703888050249747,0.4956117746028496,410.929586521727,30.262175308730377
15,1,16.4,8.138795979750322,35,48.0,0.0069444444444444,5,0.05,437.0732886484893,484.382529892922,17.253680374886255,0.0,2,1.9080016013387748,0,0,0,0.1,0.0,P-n16-k8,random_search,260,0.464851106901689,0.4835521112085051,0.8763337063943328,410.92958652172695,26.143702126762378
15,1,16.4,8.138795979750322,35,48.0,0.0069444444444444,80,0.8,428.1262095784079,444.969473845627,9.841015446894804,0.0,11,1.7774096407869395,0,0,0,0.1,0.0,P-n16-k8,random_search,261,0.4309167594233691,0.6580827511981591,0.3450306176665123,410.929586521727,17.19662305668095
15,1,16.4,8.138795979750322,35,48.0,0.0069444444444444,20,0.2,440.5560900119054,462.0851733536923,12.42761119524067,0.0123663490948458,5,1.6881754330334542,0,0,0,0.1,0.0123663490948458,P-n16-k8,random_search,262,0.5097497713409951,0.3552326875724757,0.933850580960079,410.92958652172695,29.626503490178436
15,1,16.4,8.138795979750322,35,48.0,0.0069444444444444,5,0.05,424.156488979281,477.10136712099546,18.447459207054372,0.0,2,1.841123550346848,0,0,0,0.1,0.0,P-n16-k8,random_search,263,0.4814238678563208,0.2525260986846854,0.6487206479789636,410.92958652172695,13.226902457554049
15,1,16.4,8.138795979750322,35,48.0,0.0069444444444444,50,0.5,410.929586521727,452.6288558702653,16.064318353073936,0.0306308250658279,1,1.7314776817401585,0,0,0,0.1,0.0306308250658279,P-n16-k8,random_search,264,0.3787249422372385,0.4455878131489384,0.4777972293981956,410.92958652172695,5.684341886080804e-14
15,1,16.4,8.138795979750322,35,48.0,0.0069444444444444,5,0.05,452.88214972885,477.6618735960311,12.844510905977335,0.0,1,1.8774450634391728,0,0,0,0.1,0.0,P-n16-k8,random_search,265,0.1604245496757065,0.6464163251451834,0.9266145963124242,410.92958652172695,41.952563207123035
15,1,16.4,8.138795979750322,35,48.0,0.0069444444444444,80,0.8,425.3420020630574,446.2237608419773,11.702475897028052,0.0131619354500673,1,1.7550754038392231,0,0,0,0.1,0.0131619354500673,P-n16-k8,random_search,266,0.5341951229356113,0.618580140278026,0.9956650281048068,416.8743787813843,8.467623281673127
15,1,16.4,8.138795979750322,35,48.0,0.0069444444444444,10,0.1,423.9144354364636,466.02006150320193,16.66092760206173,0.0862481766723637,0,1.7715764123361897,0,0,0,0.1,0.0862481766723637,P-n16-k8,random_search,267,0.6762425911394676,0.3761646801607082,0.7188340078925884,410.92958652172695,12.98484891473663
15,1,16.4,8.138795979750322,35,48.0,0.0069444444444444,30,0.3,433.13294631623154,451.3422330596729,10.384862710171191,0.0,18,1.555559686072789,0,0,0,0.1,0.0,P-n16-k8,random_search,268,0.2605015767458625,0.7328719628115614,0.3938448827281133,410.92958652172695,22.203359794504593
15,1,16.4,8.138795979750322,35,48.0,0.0069444444444444,60,0.6,428.1262095784079,450.1127491238714,15.977148278368857,1.3277257404252495e-16,1,1.5436227170249774,0,0,0,0.1,1.3277257404252495e-16,P-n16-k8,random_search,269,0.550818412198792,0.7082732272379575,0.7007092408983049,416.87437878138434,11.251830797023617
15,1,16.4,8.138795979750322,35,48.0,0.0069444444444444,90,0.9,434.6408404412418,451.89382635966615,9.583176721531272,0.0,19,1.7804039842041062,0,0,0,0.1,0.0,P-n16-k8,random_search,270,0.2958708650690949,0.3975939241957135,0.4319301026697942,424.15648897928105,10.484351461960728
15,1,16.4,8.138795979750322,35,48.0,0.0069444444444444,70,0.7,434.6408404412416,451.4589181925213,11.505705157412129,0.0,19,1.877329693989325,0,0,0,0.1,0.0,P-n16-k8,random_search,271,0.2926712881209344,0.782942508480875,0.6277064865031521,418.2483350718597,16.392505369381922
15,1,16.4,8.138795979750322,35,48.0,0.0069444444444444,60,0.6,410.92958652172706,444.7391184097366,13.959393651278129,0.0,19,1.6601422893219906,0,0,0,0.1,0.0,P-n16-k8,random_search,272,0.8685428565279891,0.7958444045598299,0.8933275039749642,410.92958652172706,0.0
15,1,16.4,8.138795979750322,35,48.0,0.0069444444444444,30,0.3,433.8692341644254,454.0753615085247,11.792913561873911,0.0184854353913747,0,1.453970310036675,0,0,0,0.1,0.0184854353913747,P-n16-k8,random_search,273,0.1949309084919839,0.6023127984130003,0.5552719713069227,410.929586521727,22.93964764269839
15,1,16.4,8.138795979750322,35,48.0,0.0069444444444444,90,0.9,410.929586521727,438.7682077113405,15.179899690179496,0.0,19,1.5252286368534442,0,0,0,0.1,0.0,P-n16-k8,random_search,274,0.6093078517479761,0.4850863889659284,0.7374070446238379,410.92958652172695,5.684341886080804e-14
15,1,16.4,8.138795979750322,35,48.0,0.0069444444444444,60,0.6,416.87437878138434,445.302837804752,11.56635660443961,0.0,11,1.624436613748964,0,0,0,0.1,0.0,P-n16-k8,random_search,275,0.7204626454040766,0.7827894930986692,0.4528193276354659,410.92958652172695,5.94479225965739
15,1,16.4,8.138795979750322,35,48.0,0.0069444444444444,80,0.8,422.18141731875056,445.2761545046643,14.933442746080338,0.0166446676105119,0,1.8904006473157409,0,0,0,0.1,0.0166446676105119,P-n16-k8,random_search,276,0.6929996160778866,0.3391067774459746,0.3301556926070307,410.9295865217268,11.251830797023729
15,1,16.4,8.138795979750322,35,48.0,0.0069444444444444,40,0.4,428.126209578408,451.44468260783344,12.563097510961647,0.0,19,1.829250169975157,0,0,0,0.1,0.0,P-n16-k8,random_search,277,0.11774150106107,0.6385436215538429,0.330290214374714,410.92958652172695,17.196623056681062
15,1,16.4,8.138795979750322,35,48.0,0.0069444444444444,70,0.7,422.89395444480584,447.3069561358552,11.95870255158676,0.0,14,1.5928945355489794,0,0,0,0.1,0.0,P-n16-k8,random_search,278,0.2023990191571935,0.5659090519511458,0.7574534828909222,410.929586521727,11.96436792307884
15,1,16.4,8.138795979750322,35,48.0,0.0069444444444444,80,0.8,422.1814173187507,443.70238020438137,12.50428010011542,0.0,10,1.6463486299702823,0,0,0,0.1,0.0,P-n16-k8,random_search,279,0.7681977069170344,0.2284733823203088,0.718389756861038,410.92958652172695,11.251830797023729
15,1,16.4,8.138795979750322,35,48.0,0.0069444444444444,90,0.9,425.81419776609874,449.18728780755026,10.06065883364724,0.0,19,1.912384425898919,0,0,0,0.1,0.0,P-n16-k8,random_search,280,0.3707862229040809,0.5301805307665508,0.8270689935882283,410.92958652172695,14.884611244371795
15,1,16.4,8.138795979750322,35,48.0,0.0069444444444444,50,0.5,428.8387467044632,449.84231730233705,12.87164919004266,0.0,18,1.693243280795452,0,0,0,0.1,0.0,P-n16-k8,random_search,281,0.6044260741537256,0.6229771183888495,0.433113750140814,416.8743787813843,11.964367923078896
15,1,16.4,8.138795979750322,35,48.0,0.0069444444444444,90,0.9,418.2483350718596,440.103680124587,17.744837143949198,0.0,19,1.625321197613621,0,0,0,0.1,0.0,P-n16-k8,random_search,282,0.3129791069025488,0.2290384483426236,0.4273620913137049,410.92958652172695,7.318748550132682
15,1,16.4,8.138795979750322,35,48.0,0.0069444444444444,20,0.2,428.8387467044632,460.27622021699074,14.403433717007342,0.0,9,1.6564031120648297,0,0,0,0.1,0.0,P-n16-k8,random_search,283,0.5882152634932657,0.4338182142982086,0.3487255819145509,416.8743787813843,11.964367923078896
15,1,16.4,8.138795979750322,35,48.0,0.0069444444444444,30,0.3,410.92958652172695,451.1925021428436,15.62679282988923,0.0470826416398782,5,1.792998348408955,0,0,0,0.1,0.0470826416398782,P-n16-k8,random_search,284,0.622284569162951,0.4081358695336648,0.6964761674988473,410.92958652172695,0.0
15,1,16.4,8.138795979750322,35,48.0,0.0069444444444444,60,0.6,416.8743787813844,445.49641772059965,12.18664424878574,0.0,19,1.5695267833377602,0,0,0,0.1,0.0,P-n16-k8,random_search,285,0.600886801429809,0.2430130299340268,0.4108831528144306,416.8743787813843,1.1368683772161605e-13
15,1,16.4,8.138795979750322,35,48.0,0.0069444444444444,20,0.2,444.411250655853,459.5420873087717,10.037448997659943,0.0045215203738763,7,1.8158471703744976,0,0,0,0.1,0.0045215203738763,P-n16-k8,random_search,286,0.3911309971093154,0.3576905147688783,0.7344247581589137,410.92958652172695,33.48166413412605
15,1,16.4,8.138795979750322,35,48.0,0.0069444444444444,80,0.8,429.1389864751837,447.6225464543572,11.172815180484108,0.0,16,1.6535524257036074,0,0,0,0.1,0.0,P-n16-k8,random_search,287,0.1173805075024332,0.4902703831147334,0.97115792362528,410.92958652172695,18.20939995345674
15,1,16.4,8.138795979750322,35,48.0,0.0069444444444444,90,0.9,422.89395444480584,441.5422681448854,12.395363880119016,1.3441530261509922e-16,7,1.824224271396871,0,0,0,0.1,1.3441530261509922e-16,P-n16-k8,random_search,288,0.1626107569919542,0.7121708627395902,0.9355683422023728,410.9295865217269,11.964367923078951
15,1,16.4,8.138795979750322,35,48.0,0.0069444444444444,20,0.2,448.2758478208899,463.9371224495868,8.251576109320757,0.0177578670031597,5,2.1120076972167663,0,0,0,0.1,0.0177578670031597,P-n16-k8,random_search,289,0.7541573306047085,0.742537377512879,0.3845415541057875,410.929586521727,37.34626129916296
15,1,16.4,8.138795979750322,35,48.0,0.0069444444444444,20,0.2,440.7333877762777,459.61630052321823,13.119454832928469,0.0,16,1.5803318551041932,0,0,0,0.1,0.0,P-n16-k8,random_search,290,0.4205936918206653,0.7326861453949751,0.6011190563618183,410.9295865217269,29.80380125455082
15,1,16.4,8.138795979750322,35,48.0,0.0069444444444444,40,0.4,431.86490232483413,452.1069825972898,12.429960754938769,0.002927609183697,4,1.7255249801021226,0,0,0,0.1,0.002927609183697,P-n16-k8,random_search,291,0.5660426272550223,0.5932199192902814,0.4205313837489056,410.92958652172695,20.935315803107187
15,1,16.4,8.138795979750322,35,48.0,0.0069444444444444,80,0.8,410.92958652172695,438.4999286224637,16.101909788200697,2.7665770840177117e-16,0,1.5718612389902409,0,0,0,0.1,2.7665770840177117e-16,P-n16-k8,random_search,292,0.83772336734507,0.3840748247299409,0.8161418632969124,410.92958652172695,0.0
15,1,16.4,8.138795979750322,35,48.0,0.0069444444444444,80,0.8,410.929586521727,442.2463796646075,12.722618702539,0.0,19,1.548927647664254,0,0,0,0.1,0.0,P-n16-k8,random_search,293,0.4241654823448804,0.6443189037578221,0.5465211723743669,410.92958652172695,5.684341886080804e-14
15,1,16.4,8.138795979750322,35,48.0,0.0069444444444444,10,0.1,444.88055278544994,468.2833515549488,13.514295168923022,0.0740828820778718,2,1.9832428773321304,0,0,0,0.1,0.0740828820778718,P-n16-k8,random_search,294,0.3002045572218634,0.5036153588577182,0.8835501656633633,416.8743787813842,28.006174004065713
15,1,16.4,8.138795979750322,35,48.0,0.0069444444444444,60,0.6,410.929586521727,442.2170044399174,12.598183897152149,0.0,18,1.3919185311461768,0,0,0,0.1,0.0,P-n16-k8,random_search,295,0.5241529576079343,0.3098408001822038,0.4032999682560279,410.92958652172695,5.684341886080804e-14
15,1,16.4,8.138795979750322,35,48.0,0.0069444444444444,20,0.2,422.18141731875056,455.1678117096415,13.708291156613504,0.0175129449781924,1,1.7415840463703256,0,0,0,0.1,0.0175129449781924,P-n16-k8,random_search,296,0.1723883837252925,0.6238260000897027,0.6711395185226785,410.9295865217269,11.251830797023672
15,1,16.4,8.138795979750322,35,48.0,0.0069444444444444,80,0.8,439.4238352225211,451.68196531139864,8.772907760254498,0.0,19,1.809600946363728,0,0,0,0.1,0.0,P-n16-k8,random_search,297,0.59542889346363,0.7342486049395431,0.9285103544876144,416.8743787813844,22.549456441136726
15,1,16.4,8.138795979750322,35,48.0,0.0069444444444444,50,0.5,410.92958652172695,443.0827771463699,16.749102672924913,0.0282916504180898,1,1.52946510165062,0,0,0,0.1,0.0282916504180898,P-n16-k8,random_search,298,0.3018770082616026,0.5450957542318258,0.6145221591861652,410.92958652172695,0.0
15,1,16.4,8.138795979750322,35,48.0,0.0069444444444444,10,0.1,437.7785656891776,468.64139789605105,14.034852051121137,0.0738812982930929,8,1.9109297853092,0,0,0,0.1,0.0738812982930929,P-n16-k8,random_search,299,0.710594350127145,0.4299698060519039,0.6318223925863993,410.929586521727,26.848979167450636
21,1,1071.428571428571,615.0051158462073,6000,82.0,0.0032718619869125,50,0.5,490.6252839868219,540.8089163777,23.621978846277763,0.0159799694045416,1,2.505603274673417,0,0,0,0.1,0.0159799694045416,E-n22-k4,random_search,0,0.7590469201483898,0.2879447847964348,0.4987635893090794,453.0163515088068,37.608932478015106
21,1,1071.428571428571,615.0051158462073,6000,82.0,0.0032718619869125,80,0.8,517.316579158151,543.3395874346554,15.861734159542277,0.0,16,2.252926782477906,0,0,0,0.1,0.0,E-n22-k4,random_search,1,0.573925016698251,0.6829269659995425,0.5175172143221355,487.3210654711053,29.995513687045616
21,1,1071.428571428571,615.0051158462073,6000,82.0,0.0032718619869125,80,0.8,516.5464418843003,539.37420448579,14.752511278965288,0.005768929679493,3,2.399411609066988,0,0,0,0.1,0.005768929679493,E-n22-k4,random_search,2,0.5980493254323513,0.7586591173965433,0.8876569975133983,468.3550011913388,48.19144069296152
21,1,1071.428571428571,615.0051158462073,6000,82.0,0.0032718619869125,60,0.6,502.7739594544791,544.3466848525165,15.26631006991131,0.0,19,2.1932036208283443,0,0,0,0.1,0.0,E-n22-k4,random_search,3,0.8533400243358098,0.7653471744255962,0.6542815607249113,474.9514882527558,27.822471201723378
21,1,1071.428571428571,615.0051158462073,6000,82.0,0.0032718619869125,80,0.8,494.8737539165231,538.8957302748448,14.744280497020846,0.0,19,2.219965447027353,0,0,0,0.1,0.0,E-n22-k4,random_search,4,0.7271996966113609,0.3668785180864471,0.44323208478563,457.8223537396656,37.0514001768575
21,1,1071.428571428571,615.0051158462073,6000,82.0,0.0032718619869125,50,0.5,466.1684318807574,527.4339594076592,35.74978299042788,0.0017462209843898,5,2.3347693318489746,0,0,0,0.1,0.0017462209843898,E-n22-k4,random_search,5,0.4342302408236637,0.5823944813258861,0.584853327207943,427.58586249722754,38.58256938352986
21,1,1071.428571428571,615.0051158462073,6000,82.0,0.0032718619869125,70,0.7,439.04598863735174,496.3175838271701,45.68289166268638,0.0354280667406857,0,2.4617005523361097,0,0,0,0.1,0.0354280667406857,E-n22-k4,random_search,6,0.7336875614465296,0.4000463591715791,0.4915732335365623,431.14656649538733,7.899422141964408
21,1,1071.428571428571,615.0051158462073,6000,82.0,0.0032718619869125,5,0.05,560.7686546734797,587.7992391823597,11.146871464533689,0.0,4,1.843150045024756,0,0,0,0.1,0.0,E-n22-k4,random_search,7,0.8394575232340034,0.4335483087301419,0.997417022452202,462.36860456412103,98.40005010935865
21,1,1071.428571428571,615.0051158462073,6000,82.0,0.0032718619869125,30,0.3,493.5449744063222,547.9036800183796,23.023583004682305,0.0445013273224776,0,2.6469292473924537,0,0,0,0.1,0.0445013273224776,E-n22-k4,random_search,8,0.6069954992542574,0.6184586473962885,0.7862469557554808,455.84311413250015,37.701860273822035
21,1,1071.428571428571,615.0051158462073,6000,82.0,0.0032718619869125,30,0.3,474.7826090156327,503.51340812200885,31.71120131484624,0.0,11,2.2415479876726954,0,0,0,0.1,0.0,E-n22-k4,random_search,9,0.5846999822684641,0.5746218334490363,0.4286642184757743,460.40954446220906,14.37306455342366
21,1,1071.428571428571,615.0051158462073,6000,82.0,0.0032718619869125,70,0.7,482.9087066159637,525.8795086783027,31.67891570366397,0.0,18,2.646228061439867,0,0,0,0.1,0.0,E-n22-k4,random_search,10,0.7641071347762008,0.2998192954050155,0.8520707372336973,450.6190882393842,32.28961837657948
21,1,1071.428571428571,615.0051158462073,6000,82.0,0.0032718619869125,5,0.05,535.0781879804262,583.0560616073365,20.823690146561464,0.0,0,2.132349040723851,0,0,0,0.1,0.0,E-n22-k4,random_search,11,0.4231724184910304,0.614975289489917,0.4934517974303773,463.4208909510433,71.6572970293829
21,1,1071.428571428571,615.0051158462073,6000,82.0,0.0032718619869125,5,0.05,556.4188337606448,588.7449401046719,24.91128681678978,0.0,0,2.2056212025462143,0,0,0,0.1,0.0,E-n22-k4,random_search,12,0.8044432715124125,0.5831395239311424,0.3683321940299592,437.79159815008086,118.62723561056396
21,1,1071.428571428571,615.0051158462073,6000,82.0,0.0032718619869125,40,0.4,474.5122913082275,514.0621045688923,35.33277237094764,0.0443187576584308,0,2.290090149925147,0,0,0,0.1,0.0443187576584308,E-n22-k4,random_search,13,0.793256358438532,0.3439352805961419,0.393576243647836,469.1974202641614,5.314871044066081
21,1,1071.428571428571,615.0051158462073,6000,82.0,0.0032718619869125,10,0.1,512.1112228261145,572.413899093466,21.29852902163985,0.1105322197293197,0,2.642569199363042,0,0,0,0.1,0.1105322197293197,E-n22-k4,random_search,14,0.1971645011972025,0.7813431069307308,0.984563226577592,465.65002477126063,46.46119805485387
21,1,1071.428571428571,615.0051158462073,6000,82.0,0.0032718619869125,30,0.3,479.12299348492223,531.8697041292119,26.409063361398086,0.0409624739135765,3,2.592133188813596,0,0,0,0.1,0.0409624739135765,E-n22-k4,random_search,15,0.2368263299388878,0.6397255273032245,0.8854657795134075,469.6306692545537,9.492324230368524
21,1,1071.428571428571,615.0051158462073,6000,82.0,0.0032718619869125,80,0.8,446.0131451303032,504.905595277368,36.49887240665588,0.0443832215406522,3,2.594974379973078,0,0,0,0.1,0.0443832215406522,E-n22-k4,random_search,16,0.6774391219784953,0.4847773585449704,0.9502329360396542,442.070880813436,3.942264316867181
21,1,1071.428571428571,615.0051158462073,6000,82.0,0.0032718619869125,30,0.3,526.2038039666471,557.7370352795132,17.232810660210887,0.0,19,2.049116354909435,0,0,0,0.1,0.0,E-n22-k4,random_search,17,0.6470340162597938,0.2904802550160487,0.7667060709058683,476.4304537133055,49.77335025334162
21,1,1071.428571428571,615.0051158462073,6000,82.0,0.0032718619869125,20,0.2,547.2334691647081,566.6442969444688,13.522049526844825,0.0,9,2.1798796285345343,0,0,0,0.1,0.0,E-n22-k4,random_search,18,0.8540729671531971,0.7028102780783752,0.4340083235872969,474.85017614969144,72.3832930150167
21,1,1071.428571428571,615.0051158462073,6000,82.0,0.0032718619869125,50,0.5,525.6115154905261,550.565585895472,14.385742825142758,0.0,19,2.7409735591226827,0,0,0,0.1,0.0,E-n22-k4,random_search,19,0.6164550199033699,0.4094596016278296,0.7011938878372823,475.9264464763386,49.68506901418755
21,1,1071.428571428571,615.0051158462073,6000,82.0,0.0032718619869125,60,0.6,497.2575791557676,546.2601106863665,20.56084707127401,0.0,9,2.157102289491891,0,0,0,0.1,0.0,E-n22-k4,random_search,20,0.8986613963583562,0.2887850043879034,0.7178736413828177,487.2809121265048,9.976667029262783
21,1,1071.428571428571,615.0051158462073,6000,82.0,0.0032718619869125,50,0.5,505.84260354073734,552.2345770551661,14.0282070977072,0.0,19,1.7346703182234926,0,0,0,0.1,0.0,E-n22-k4,random_search,21,0.3379874417033446,0.288019661737536,0.7566633733408705,487.7577320356559,18.084871505081423
21,1,1071.428571428571,615.0051158462073,6000,82.0,0.0032718619869125,40,0.4,457.0335123281635,512.9126495731483,42.09981955925576,0.0226040230481927,6,2.5763874376340508,0,0,0,0.1,0.0226040230481927,E-n22-k4,random_search,22,0.8269877923532053,0.7563903344379992,0.8583431866377635,445.6097466048501,11.423765723313409
21,1,1071.428571428571,615.0051158462073,6000,82.0,0.0032718619869125,50,0.5,502.50635308509794,531.823582138323,21.689393474071245,0.0,19,2.657332149683765,0,0,0,0.1,0.0,E-n22-k4,random_search,23,0.3040420910169608,0.214265259123164,0.7320353911323572,461.3118627114135,41.19449037368446
21,1,1071.428571428571,615.0051158462073,6000,82.0,0.0032718619869125,20,0.2,492.7991490054457,544.3761456683135,34.94313197650661,0.0,9,2.609342256320041,0,0,0,0.1,0.0,E-n22-k4,random_search,24,0.7516619001537234,0.3864134862660027,0.8284684661717272,463.9091572901862,28.889991715259494
21,1,1071.428571428571,615.0051158462073,6000,82.0,0.0032718619869125,80,0.8,429.3263517676172,513.995377074307,41.36035673311728,0.0663789995166916,0,2.662456204527709,0,0,0,0.1,0.0663789995166916,E-n22-k4,random_search,25,0.7353880991839657,0.6292979019916978,0.876093201776035,393.6649631186042,35.66138864901302
21,1,1071.428571428571,615.0051158462073,6000,82.0,0.0032718619869125,50,0.5,444.0746643057777,493.686862304412,53.3431615784951,0.0,19,2.471909761568836,0,0,0,0.1,0.0,E-n22-k4,random_search,26,0.8605523260681154,0.7445975892029646,0.6943415384575218,443.41969913701973,0.6549651687579399
21,1,1071.428571428571,615.0051158462073,6000,82.0,0.0032718619869125,60,0.6,431.92298359422034,481.6582384559619,47.64393955360566,0.0,16,2.117819414731422,0,0,0,0.1,0.0,E-n22-k4,random_search,27,0.346304781664182,0.3951446599568422,0.8855015691103745,431.2680184254624,0.6549651687579399
21,1,1071.428571428571,615.0051158462073,6000,82.0,0.0032718619869125,60,0.6,518.0356308068789,537.6755020387017,15.68932546429485,0.0,17,2.751571098876102,0,0,0,0.1,0.0,E-n22-k4,random_search,28,0.6483238120463796,0.367179791595058,0.5927870964510514,484.5899120452,33.445718761678904
21,1,1071.428571428571,615.0051158462073,6000,82.0,0.0032718619869125,80,0.8,519.2387648564277,545.5958908800469,13.486631574635796,0.0,19,2.693547947888533,0,0,0,0.1,0.0,E-n22-k4,random_search,29,0.8466991660900601,0.6529177356805799,0.9645109841909558,478.1875559149568,41.05120894147092
21,1,1071.428571428571,615.0051158462073,6000,82.0,0.0032718619869125,20,0.2,526.0536985243168,546.6321382561152,20.9382391934425,0.0,17,2.5558757687695803,0,0,0,0.1,0.0,E-n22-k4,random_search,30,0.418321745559272,0.7051288054781248,0.5300834489286724,444.0746643057777,81.97903421853914
21,1,1071.428571428571,615.0051158462073,6000,82.0,0.0032718619869125,30,0.3,496.5327796647532,520.1035596344989,27.78860057266588,0.0430114676503686,3,2.3164109383816553,0,0,0,0.1,0.0430114676503686,E-n22-k4,random_search,31,0.4941797797225303,0.5175107518495895,0.6777251552710388,461.0586622532028,35.474117411550424
21,1,1071.428571428571,615.0051158462073,6000,82.0,0.0032718619869125,60,0.6,492.2435075307708,539.9651649320314,22.00283885110318,0.0,19,2.05169028040794,0,0,0,0.1,0.0,E-n22-k4,random_search,32,0.7259511637281405,0.3635950613737108,0.3151091503816873,448.8237142322835,43.419793298487264
21,1,1071.428571428571,615.0051158462073,6000,82.0,0.0032718619869125,5,0.05,547.0066605082784,586.3033944150651,14.596316659180314,0.0,2,2.3760009723614184,0,0,0,0.1,0.0,E-n22-k4,random_search,33,0.7388440487467369,0.6966472055828966,0.3897151779946106,468.0834682551267,78.92319225315168
21,1,1071.428571428571,615.0051158462073,6000,82.0,0.0032718619869125,20,0.2,508.9498367076796,565.1415980003648,20.593364197585096,0.0,10,2.637232002503666,0,0,0,0.1,0.0,E-n22-k4,random_search,34,0.4806068267471197,0.7604938141386814,0.7930440884575438,478.58513578475424,30.36470092292535
21,1,1071.428571428571,615.0051158462073,6000,82.0,0.0032718619869125,10,0.1,548.4918677603723,571.269747184592,15.259116757562811,0.0222226101987946,7,2.3583020285768583,0,0,0,0.1,0.0222226101987946,E-n22-k4,random_search,35,0.2071529099404815,0.7878189517133147,0.6271508387851119,480.2211134162477,68.27075434412467
21,1,1071.428571428571,615.0051158462073,6000,82.0,0.0032718619869125,80,0.8,456.8223644328835,496.4676936148304,32.94591375056005,0.0,9,2.0517364834328373,0,0,0,0.1,0.0,E-n22-k4,random_search,36,0.7844244441875409,0.7689356875218671,0.5388409261159358,450.8970046458737,5.925359787009768
21,1,1071.428571428571,615.0051158462073,6000,82.0,0.0032718619869125,30,0.3,525.5864680004372,554.794827871885,13.069358907692624,0.0,19,2.7413578536297676,0,0,0,0.1,0.0,E-n22-k4,random_search,37,0.6941545951107493,0.454031172345448,0.8605632407738915,448.33330477083274,77.25316322960447
21,1,1071.428571428571,615.0051158462073,6000,82.0,0.0032718619869125,60,0.6,482.712112215303,540.4673671881214,22.30204751768889,0.0774386951522075,2,2.384472569244799,0,0,0,0.1,0.0774386951522075,E-n22-k4,random_search,38,0.80495705982068,0.278999366806314,0.4501679688962693,457.241575431819,25.47053678348402
21,1,1071.428571428571,615.0051158462073,6000,82.0,0.0032718619869125,90,0.9,465.12888519730814,513.2280530812156,34.017974272824475,0.0,19,2.4888212753035845,0,0,0,0.1,0.0,E-n22-k4,random_search,39,0.6248165491411612,0.2851222349991485,0.7165582360036709,441.13796065251705,23.990924544791085
21,1,1071.428571428571,615.0051158462073,6000,82.0,0.0032718619869125,90,0.9,443.41969913701973,485.36347037889857,43.8239740247345,0.0,19,2.509951521840011,0,0,0,0.1,0.0,E-n22-k4,random_search,40,0.6707483106331708,0.5870540614562433,0.9587257265800138,428.2808093620728,15.13888977494696
21,1,1071.428571428571,615.0051158462073,6000,82.0,0.0032718619869125,30,0.3,491.5281700588196,547.8121957835987,22.77897753794558,0.0,12,2.7056257845319616,0,0,0,0.1,0.0,E-n22-k4,random_search,41,0.4697504671585971,0.5152058077016737,0.7051891468803309,477.7300966001947,13.798073458624913
21,1,1071.428571428571,615.0051158462073,6000,82.0,0.0032718619869125,70,0.7,480.2926394671931,524.3886739560342,21.140437509991457,0.0,19,2.694121551434796,0,0,0,0.1,0.0,E-n22-k4,random_search,42,0.7012801003242782,0.7641031953985347,0.6180711783128788,462.47112071271664,17.82151875447647
21,1,1071.428571428571,615.0051158462073,6000,82.0,0.0032718619869125,80,0.8,509.30490648764675,540.9457851389195,11.444797225830005,0.0250211324592159,6,2.541032917905409,0,0,0,0.1,0.0250211324592159,E-n22-k4,random_search,43,0.8241706737868766,0.6215049846066492,0.4912305342385286,464.61409422272254,44.690812264924205
21,1,1071.428571428571,615.0051158462073,6000,82.0,0.0032718619869125,80,0.8,470.6780407132419,520.1373935366461,35.998741266641794,0.0,17,2.554578191888438,0,0,0,0.1,0.0,E-n22-k4,random_search,44,0.8114458714206568,0.427924924118762,0.876394962015477,465.869071788557,4.808968924684905
21,1,1071.428571428571,615.0051158462073,6000,82.0,0.0032718619869125,30,0.3,517.8494954275017,551.2015362473207,21.739843991235254,0.0,19,2.192032723740043,0,0,0,0.1,0.0,E-n22-k4,random_search,45,0.3634440492397831,0.6278889489979378,0.747890833073111,484.661602272923,33.18789315457866
21,1,1071.428571428571,615.0051158462073,6000,82.0,0.0032718619869125,90,0.9,496.0625317846888,537.7285103287693,13.387319804718311,0.0,19,2.1882246846774747,0,0,0,0.1,0.0,E-n22-k4,random_search,46,0.2295392794040789,0.5416521676614872,0.3720123179414083,488.52301952086594,7.539512263822871
21,1,1071.428571428571,615.0051158462073,6000,82.0,0.0032718619869125,5,0.05,536.8669603910477,576.6366764388051,16.99287357094187,0.0,4,1.764900811805391,0,0,0,0.1,0.0,E-n22-k4,random_search,47,0.291494269189732,0.4633110476001515,0.862141546067172,480.4443439580588,56.42261643298883
21,1,1071.428571428571,615.0051158462073,6000,82.0,0.0032718619869125,30,0.3,535.8814741576629,559.118729590869,13.360131623147344,0.0026768030770244,7,1.647472320832348,0,0,0,0.1,0.0026768030770244,E-n22-k4,random_search,48,0.462794353470077,0.5322886464095411,0.5556709770156756,467.19286230878,68.68861184888289
21,1,1071.428571428571,615.0051158462073,6000,82.0,0.0032718619869125,5,0.05,549.5987736415444,581.8631722991145,16.62613697458456,0.0,3,2.513877073462289,0,0,0,0.1,0.0,E-n22-k4,random_search,49,0.4103244904625492,0.4119877355829994,0.629474853905995,481.28430855661486,68.31446508492957
21,1,1071.428571428571,615.0051158462073,6000,82.0,0.0032718619869125,20,0.2,510.7824804056413,549.4163658191796,28.945411103189315,0.0024578009547137,8,2.555150181761282,0,0,0,0.1,0.0024578009547137,E-n22-k4,random_search,50,0.603525743787291,0.4447898354692094,0.7866018381118516,447.78887322555227,62.99360718008904
21,1,1071.428571428571,615.0051158462073,6000,82.0,0.0032718619869125,5,0.05,560.7686546734797,580.8854085951767,14.298517575199067,0.0,2,2.146824630607419,0,0,0,0.1,0.0,E-n22-k4,random_search,51,0.5119320932684867,0.6891943155237497,0.3080452774814727,481.3024548563915,79.46619981708818
21,1,1071.428571428571,615.0051158462073,6000,82.0,0.0032718619869125,80,0.8,492.2435075307708,541.3308732606207,15.997088769328558,0.0,19,2.099994799694325,0,0,0,0.1,0.0,E-n22-k4,random_search,52,0.7555870382908177,0.3358745126842455,0.4527354442212143,485.6713036352404,6.572203895530379
21,1,1071.428571428571,615.0051158462073,6000,82.0,0.0032718619869125,30,0.3,484.4620042300599,536.4071608347247,27.359527225359983,0.0621958547501085,1,2.2988492590752045,0,0,0,0.1,0.0621958547501085,E-n22-k4,random_search,53,0.462930178493653,0.5012582491892386,0.4232308032699764,467.6301858723058,16.831818357754116
21,1,1071.428571428571,615.0051158462073,6000,82.0,0.0032718619869125,40,0.4,509.0269803151659,552.1639714806482,16.9852806217896,0.0,19,2.712359865245281,0,0,0,0.1,0.0,E-n22-k4,random_search,54,0.6884033314313985,0.6346114392129221,0.4987960024760491,467.19286230878,41.83411800638589
21,1,1071.428571428571,615.0051158462073,6000,82.0,0.0032718619869125,20,0.2,512.3513992253344,565.5671844754587,19.22948501391025,0.0581390567526597,3,2.0470242931959617,0,0,0,0.1,0.0581390567526597,E-n22-k4,random_search,55,0.3691685395262025,0.6766568534372492,0.3234232290248931,475.3814048390602,36.96999438627415
21,1,1071.428571428571,615.0051158462073,6000,82.0,0.0032718619869125,90,0.9,508.839896259676,547.8367465260708,14.137801364640348,0.0,19,2.5747355022519183,0,0,0,0.1,0.0,E-n22-k4,random_search,56,0.7041062360383775,0.2324251673085053,0.7495168158570672,474.77135793979454,34.0685383198815
21,1,1071.428571428571,615.0051158462073,6000,82.0,0.0032718619869125,90,0.9,468.4233102495083,533.261948880152,20.73065808111722,0.0,19,2.2258401508022443,0,0,0,0.1,0.0,E-n22-k4,random_search,57,0.7805558969279195,0.2174960821707899,0.6046978616186164,460.2671248618178,8.15618538769047
21,1,1071.428571428571,615.0051158462073,6000,82.0,0.0032718619869125,80,0.8,478.93490795570114,520.6786772841764,32.36697161489734,0.0,19,2.574934837389391,0,0,0,0.1,0.0,E-n22-k4,random_search,58,0.5916871618076152,0.790285160376285,0.4409575760067625,454.6032478866122,24.33166006908891
21,1,1071.428571428571,615.0051158462073,6000,82.0,0.0032718619869125,50,0.5,520.6676347440174,553.4504911692832,15.287671639903186,0.0024639576053562,1,1.4468632482967714,0,0,0,0.1,0.0024639576053562,E-n22-k4,random_search,59,0.5511743686511119,0.7390566708353612,0.4460598116278972,480.9116945303629,39.75594021365447
21,1,1071.428571428571,615.0051158462073,6000,82.0,0.0032718619869125,10,0.1,532.0547751864494,575.8024592923064,17.539670035817636,0.0515244438585595,1,2.53393532771124,0,0,0,0.1,0.0515244438585595,E-n22-k4,random_search,60,0.4640990505189046,0.6118810140455857,0.8908910942243964,444.71553714892787,87.33923803752157
21,1,1071.428571428571,615.0051158462073,6000,82.0,0.0032718619869125,5,0.05,519.2387648564277,578.4690251462628,24.373175646901228,0.0,2,2.5643994960417067,0,0,0,0.1,0.0,E-n22-k4,random_search,61,0.110683394596939,0.4627997081584373,0.6112477037608417,463.9112406958195,55.32752416060816
21,1,1071.428571428571,615.0051158462073,6000,82.0,0.0032718619869125,50,0.5,461.34833573205145,503.8678633170298,43.911035440652014,0.0,19,2.313050295495254,0,0,0,0.1,0.0,E-n22-k4,random_search,62,0.7163220000934668,0.7655473781847719,0.7964079804524742,445.5820494124269,15.766286319624612
21,1,1071.428571428571,615.0051158462073,6000,82.0,0.0032718619869125,50,0.5,475.5432664851282,525.9710766703159,32.728329124439206,0.0,14,2.5365359727608765,0,0,0,0.1,0.0,E-n22-k4,random_search,63,0.4623897747098526,0.7382439824450773,0.9635546533954786,451.0504693214186,24.49279716370961
21,1,1071.428571428571,615.0051158462073,6000,82.0,0.0032718619869125,70,0.7,504.8058891823864,543.5452936877753,15.470002734683346,0.0282275996744025,0,2.2508072987857903,0,0,0,0.1,0.0282275996744025,E-n22-k4,random_search,64,0.7960553668235785,0.572616551903752,0.639822021869068,481.98341226342103,22.82247691896538
21,1,1071.428571428571,615.0051158462073,6000,82.0,0.0032718619869125,70,0.7,488.86495047316777,533.5074411387575,24.991434206027023,0.0,19,2.629079740554925,0,0,0,0.1,0.0,E-n22-k4,random_search,65,0.3502609396354811,0.3927547770022224,0.6207587511059423,477.1269532084468,11.737997264720946
21,1,1071.428571428571,615.0051158462073,6000,82.0,0.0032718619869125,60,0.6,511.4626539100954,544.8881832242498,14.461708987666526,0.0,13,2.2415414815927033,0,0,0,0.1,0.0,E-n22-k4,random_search,66,0.3165303138835013,0.2393714585795725,0.4433613765939238,473.1898145020201,38.27283940807536
21,1,1071.428571428571,615.0051158462073,6000,82.0,0.0032718619869125,40,0.4,490.8666115572814,534.9799661949552,24.369316553008343,0.0,17,2.7285694498539854,0,0,0,0.1,0.0,E-n22-k4,random_search,67,0.4918485825854403,0.5269674337815557,0.6395967814679728,479.2681744292452,11.598437128036151
21,1,1071.428571428571,615.0051158462073,6000,82.0,0.0032718619869125,30,0.3,508.0022029720115,537.2516277287674,21.131737815882417,0.002784384178833,3,2.745756774541133,0,0,0,0.1,0.002784384178833,E-n22-k4,random_search,68,0.1287758443383548,0.2613139669959263,0.6030014642701704,463.6872427481852,44.31496022382629
21,1,1071.428571428571,615.0051158462073,6000,82.0,0.0032718619869125,10,0.1,542.9351075903157,576.147304435892,16.02077965959699,0.0,9,2.229928704081147,0,0,0,0.1,0.0,E-n22-k4,random_search,69,0.8502167865618623,0.5067716952425709,0.7439955010457919,450.2336518205616,92.70145576975416
21,1,1071.428571428571,615.0051158462073,6000,82.0,0.0032718619869125,5,0.05,550.8919917478262,588.9318539605626,21.402168419161047,0.0,2,2.1892157326203217,0,0,0,0.1,0.0,E-n22-k4,random_search,70,0.5855974748088334,0.6297952527206041,0.3159818358386043,466.39229637089136,84.49969537693482
21,1,1071.428571428571,615.0051158462073,6000,82.0,0.0032718619869125,50,0.5,500.4919018585193,542.2621297562977,20.849682553561255,0.0,18,2.5586672795394656,0,0,0,0.1,0.0,E-n22-k4,random_search,71,0.1038726628559285,0.3126103245112901,0.8477079557860214,472.29748021571703,28.194421642802297
21,1,1071.428571428571,615.0051158462073,6000,82.0,0.0032718619869125,70,0.7,489.5442577939719,523.6795665474597,25.35899168610038,0.0,19,2.4901478901015897,0,0,0,0.1,0.0,E-n22-k4,random_search,72,0.264163825545521,0.7446802748145671,0.6587645197449192,459.59426503472906,29.94999275924289
21,1,1071.428571428571,615.0051158462073,6000,82.0,0.0032718619869125,70,0.7,450.370191109638,491.98604579313934,48.0803608948184,0.0,19,2.405448859239593,0,0,0,0.1,0.0,E-n22-k4,random_search,73,0.7163454869353911,0.3413126157114431,0.4386517784533097,450.2336518205616,0.1365392890764383
21,1,1071.428571428571,615.0051158462073,6000,82.0,0.0032718619869125,60,0.6,509.4197777310385,544.2944131619387,16.186112426416027,0.0104842717258381,0,2.5223259806098124,0,0,0,0.1,0.0104842717258381,E-n22-k4,random_search,74,0.3545086403694618,0.3538760741455965,0.9899773917651682,437.16595130661005,72.25382642442844
21,1,1071.428571428571,615.0051158462073,6000,82.0,0.0032718619869125,70,0.7,457.34693452247825,512.3836896947556,35.35326422071869,0.0206466910152464,7,2.586506012244058,0,0,0,0.1,0.0206466910152464,E-n22-k4,random_search,75,0.5125084698431877,0.6813886736738527,0.7346353309270286,443.5545321303094,13.792402392168867
21,1,1071.428571428571,615.0051158462073,6000,82.0,0.0032718619869125,20,0.2,540.8390553052878,559.5396140193263,14.028953013371073,0.0,14,2.7057858004531603,0,0,0,0.1,0.0,E-n22-k4,random_search,76,0.4791415245852577,0.4909097488577291,0.9600586737789932,467.3016215439115,73.53743376137629
21,1,1071.428571428571,615.0051158462073,6000,82.0,0.0032718619869125,60,0.6,508.381385461699,543.9858231175284,16.847984633024105,0.0,19,2.2830178801139107,0,0,0,0.1,0.0,E-n22-k4,random_search,77,0.1510941290061427,0.6087627633486916,0.8257969384267174,468.01473014935607,40.366655312342914
21,1,1071.428571428571,615.0051158462073,6000,82.0,0.0032718619869125,30,0.3,481.4333410485401,545.3573956474329,23.494959447411805,0.0,12,2.6993419555212212,0,0,0,0.1,0.0,E-n22-k4,random_search,78,0.8774266514454153,0.2523659084126074,0.6250049769256502,459.020118516944,22.41322253159609
21,1,1071.428571428571,615.0051158462073,6000,82.0,0.0032718619869125,70,0.7,508.4535369952304,536.8111791120557,13.280072794245964,0.0207712300990805,4,2.0965434108300753,0,0,0,0.1,0.0207712300990805,E-n22-k4,random_search,79,0.4590285525976377,0.2460583471965415,0.5896851583537597,490.74500500188515,17.70853199334522
21,1,1071.428571428571,615.0051158462073,6000,82.0,0.0032718619869125,90,0.9,488.997921183655,537.7656403357682,20.70939648332807,0.0,19,2.307378234029079,0,0,0,0.1,0.0,E-n22-k4,random_search,80,0.7528558001393024,0.4142066451006152,0.694492363318327,454.39880770338914,34.599113480265885
21,1,1071.428571428571,615.0051158462073,6000,82.0,0.0032718619869125,5,0.05,529.0856533275709,580.6694033595506,21.43473028309929,0.0,2,2.328949431358514,0,0,0,0.1,0.0,E-n22-k4,random_search,81,0.6638982803984457,0.4460106735589348,0.5971890425404467,476.1999741013901,52.88567922618074
21,1,1071.428571428571,615.0051158462073,6000,82.0,0.0032718619869125,90,0.9,513.3562964151704,530.4039487665286,19.080569856683027,0.0,19,2.644506045686296,0,0,0,0.1,0.0,E-n22-k4,random_search,82,0.8889699076420429,0.5035512340547171,0.8947096551827223,450.2336518205616,63.1226445946088
21,1,1071.428571428571,615.0051158462073,6000,82.0,0.0032718619869125,5,0.05,533.7733973478229,578.1033423140515,18.785048203194755,0.0,0,1.4250464881854814,0,0,0,0.1,0.0,E-n22-k4,random_search,83,0.5009660896678281,0.4267541663583526,0.395635309733321,485.0441217743228,48.729275573500104
21,1,1071.428571428571,615.0051158462073,6000,82.0,0.0032718619869125,20,0.2,468.2313698439563,526.1600291276937,41.33642641605403,0.0945495619932008,1,2.5841775169219092,0,0,0,0.1,0.0945495619932008,E-n22-k4,random_search,84,0.6255369079004722,0.5963867505663445,0.7826303401531018,444.71842125991014,23.51294858404617
21,1,1071.428571428571,615.0051158462073,6000,82.0,0.0032718619869125,50,0.5,485.67351692770353,536.1712749832014,24.208287325372048,0.0401781829696805,5,2.666740009499787,0,0,0,0.1,0.0401781829696805,E-n22-k4,random_search,85,0.3368617983528744,0.4374838785729311,0.6661715288963046,445.3350254005765,40.33849152712702
21,1,1071.428571428571,615.0051158462073,6000,82.0,0.0032718619869125,70,0.7,462.75648689562894,521.6323278012368,35.33509345505028,0.0080373156919701,1,2.6727697048057117,0,0,0,0.1,0.0080373156919701,E-n22-k4,random_search,86,0.8343553062270436,0.537320716950539,0.3272938084236778,436.60672081096226,26.14976608466668
21,1,1071.428571428571,615.0051158462073,6000,82.0,0.0032718619869125,80,0.8,519.2387648564277,534.0635569966394,9.491045480435885,0.0,19,2.491665136820729,0,0,0,0.1,0.0,E-n22-k4,random_search,87,0.5855244744430265,0.5354210011597207,0.4345117755942951,475.9154363504338,43.32332850599386
21,1,1071.428571428571,615.0051158462073,6000,82.0,0.0032718619869125,50,0.5,467.6255368026062,505.9602932317312,41.725298892411786,0.0,19,2.4338693771464093,0,0,0,0.1,0.0,E-n22-k4,random_search,88,0.8541268531942241,0.2083044416631205,0.5950264469581881,440.5503162578605,27.07522054474566
21,1,1071.428571428571,615.0051158462073,6000,82.0,0.0032718619869125,90,0.9,464.8160277508909,534.8090347422865,25.57426034625828,0.0086453266470899,1,1.970837246294695,0,0,0,0.1,0.0086453266470899,E-n22-k4,random_search,89,0.6872109087160281,0.56683666401052,0.559278818336751,457.478369169355,7.337658581535834
21,1,1071.428571428571,615.0051158462073,6000,82.0,0.0032718619869125,50,0.5,516.9076100878758,545.3157955084581,17.58453100261463,0.0,19,1.802355570679774,0,0,0,0.1,0.0,E-n22-k4,random_search,90,0.2544749279428003,0.2109726253242882,0.908463434238472,484.3241733239117,32.58343676396413
21,1,1071.428571428571,615.0051158462073,6000,82.0,0.0032718619869125,90,0.9,493.98795613478023,530.0925614356134,24.150899433608547,0.0,19,2.5560114952821698,0,0,0,0.1,0.0,E-n22-k4,random_search,91,0.821434677125609,0.3906376038937709,0.335460463246285,471.2362998521148,22.751656282665408
21,1,1071.428571428571,615.0051158462073,6000,82.0,0.0032718619869125,5,0.05,537.5137210511282,568.9139719849642,19.344928378318105,0.0,0,2.6429525710072057,0,0,0,0.1,0.0,E-n22-k4,random_search,92,0.6585813818858608,0.5765479256593354,0.8181516906596247,412.11175347597737,125.40196757515082
21,1,1071.428571428571,615.0051158462073,6000,82.0,0.0032718619869125,10,0.1,534.2177556139422,560.2438955558159,18.156614178582036,0.0501179947819248,2,2.7425359662325786,0,0,0,0.1,0.0501179947819248,E-n22-k4,random_search,93,0.2972801876244933,0.5282601704581933,0.8051041544690438,416.59425767343595,117.6234979405063
21,1,1071.428571428571,615.0051158462073,6000,82.0,0.0032718619869125,40,0.4,520.2059459584094,551.3109001948503,16.494320883635318,0.0206939511849531,5,2.003296031461012,0,0,0,0.1,0.0206939511849531,E-n22-k4,random_search,94,0.1940418931544352,0.409946342057627,0.7730039424916014,480.39083761784536,39.81510834056405
21,1,1071.428571428571,615.0051158462073,6000,82.0,0.0032718619869125,20,0.2,520.6556320600505,541.7755313140331,25.802059671108953,0.0,14,2.3995258667227763,0,0,0,0.1,0.0,E-n22-k4,random_search,95,0.3681659958340842,0.7760672136772258,0.7092509039687356,462.6816619898672,57.97397007018333
21,1,1071.428571428571,615.0051158462073,6000,82.0,0.0032718619869125,5,0.05,509.6067757870982,569.157249916597,32.3986622164669,0.0,0,2.6476471305042737,0,0,0,0.1,0.0,E-n22-k4,random_search,96,0.7033592125295433,0.6268009531124734,0.8356135868237236,430.7602639312569,78.8465118558413
21,1,1071.428571428571,615.0051158462073,6000,82.0,0.0032718619869125,50,0.5,516.7160669054589,547.4016125920139,14.665646205061986,0.0,12,2.2733813052264757,0,0,0,0.1,0.0,E-n22-k4,random_search,97,0.4071301869231235,0.3076385881651897,0.7045994772464377,469.2102729373321,47.505793968126795
21,1,1071.428571428571,615.0051158462073,6000,82.0,0.0032718619869125,40,0.4,525.6115154905261,555.6420486299393,13.102332418916088,0.0,19,2.0873497217751567,0,0,0,0.1,0.0,E-n22-k4,random_search,98,0.6486186211326112,0.5558957717099944,0.985587371001571,477.70419661899257,47.90731887153356
21,1,1071.428571428571,615.0051158462073,6000,82.0,0.0032718619869125,50,0.5,519.2387648564277,547.084772638632,14.095662624103426,0.0,19,2.42325569306378,0,0,0,0.1,0.0,E-n22-k4,random_search,99,0.1548804627277691,0.7648813844206834,0.3900666541622591,472.0007260124647,47.238038843962954
21,1,1071.428571428571,615.0051158462073,6000,82.0,0.0032718619869125,80,0.8,495.9978689828878,526.0574671727903,26.293719585568088,0.0,19,2.5936928848782204,0,0,0,0.1,0.0,E-n22-k4,random_search,100,0.1814834128854505,0.5767685899958483,0.8565955622189032,483.6825861481729,12.315282834714878
21,1,1071.428571428571,615.0051158462073,6000,82.0,0.0032718619869125,5,0.05,500.7939876133297,566.0098800080308,25.343373476722753,0.0,0,2.446622396903411,0,0,0,0.1,0.0,E-n22-k4,random_search,101,0.6575484541313187,0.4220721629784991,0.6258781306430268,474.7826090156327,26.011378597696933
21,1,1071.428571428571,615.0051158462073,6000,82.0,0.0032718619869125,10,0.1,550.6597582346551,566.6939585780525,13.320776254681151,0.0101680692107135,0,2.197765699641265,0,0,0,0.1,0.0101680692107135,E-n22-k4,random_search,102,0.60672781744578,0.5101196687317222,0.3374568300109663,431.30786659305056,119.35189164160454
21,1,1071.428571428571,615.0051158462073,6000,82.0,0.0032718619869125,80,0.8,484.1377015582074,536.6638743053926,26.096676500703175,0.0,19,2.6429302930773786,0,0,0,0.1,0.0,E-n22-k4,random_search,103,0.2597047712302312,0.2713835072737769,0.4754323761740034,453.7470821560541,30.390619402153337
21,1,1071.428571428571,615.0051158462073,6000,82.0,0.0032718619869125,30,0.3,496.3583543860268,544.041675849641,24.88181693959399,0.0,19,2.5054529221489643,0,0,0,0.1,0.0,E-n22-k4,random_search,104,0.4163736642606125,0.3001690470367726,0.3385495196504489,483.60151922275594,12.756835163270864
21,1,1071.428571428571,615.0051158462073,6000,82.0,0.0032718619869125,30,0.3,484.4799616410633,528.8265922235014,35.994784804848344,0.0,12,2.6716717267907297,0,0,0,0.1,0.0,E-n22-k4,random_search,105,0.8637129101471052,0.5067477086964105,0.3838682775983077,437.0388951699855,47.44106647107782
21,1,1071.428571428571,615.0051158462073,6000,82.0,0.0032718619869125,20,0.2,519.2387648564277,558.0457859840225,13.092716982909865,0.0,15,2.5040508665167844,0,0,0,0.1,0.0,E-n22-k4,random_search,106,0.8816457205065695,0.6941433899490869,0.8173657445727085,497.345432860745,21.893331995682672
21,1,1071.428571428571,615.0051158462073,6000,82.0,0.0032718619869125,10,0.1,535.0260265453528,571.1179411017054,18.436793572581237,0.0509423133928977,0,2.199156120356712,0,0,0,0.1,0.0509423133928977,E-n22-k4,random_search,107,0.6613307938379539,0.716926039950782,0.4341067584723698,466.8475473603909,68.17847918496193
21,1,1071.428571428571,615.0051158462073,6000,82.0,0.0032718619869125,50,0.5,510.9233812747906,543.6370722409954,12.540627490959505,0.0,9,2.080086816319598,0,0,0,0.1,0.0,E-n22-k4,random_search,108,0.391009262689482,0.4964464045968668,0.7299608300705147,463.4474561196725,47.47592515511809
21,1,1071.428571428571,615.0051158462073,6000,82.0,0.0032718619869125,70,0.7,506.602136252378,542.5206408166772,15.059341396167058,0.0,19,2.416909915695985,0,0,0,0.1,0.0,E-n22-k4,random_search,109,0.2039296217437999,0.2324053275627464,0.7803327368985014,471.5948719438014,35.007264308576566
21,1,1071.428571428571,615.0051158462073,6000,82.0,0.0032718619869125,10,0.1,524.9953049448771,561.0211203772473,29.68204779569824,0.0487110784012247,7,2.523167025482719,0,0,0,0.1,0.0487110784012247,E-n22-k4,random_search,110,0.899440088206349,0.2695209150851841,0.9937919663179896,465.0830120544407,59.91229289043645
21,1,1071.428571428571,615.0051158462073,6000,82.0,0.0032718619869125,20,0.2,535.6095447577754,559.072313316213,15.348231699386348,0.0088240672348216,0,2.698547834266284,0,0,0,0.1,0.0088240672348216,E-n22-k4,random_search,111,0.5908965648243204,0.22167441922936,0.9010684679054544,451.60178812253207,84.00775663524337
21,1,1071.428571428571,615.0051158462073,6000,82.0,0.0032718619869125,40,0.4,493.16740808612974,544.2730555919534,20.130525957057905,0.0,19,2.7347330894055153,0,0,0,0.1,0.0,E-n22-k4,random_search,112,0.5862310513334247,0.6227871119408017,0.7772243908561196,471.055272789461,22.112135296668725
21,1,1071.428571428571,615.0051158462073,6000,82.0,0.0032718619869125,60,0.6,510.5358011060655,547.9770934955433,19.42100682828888,0.0,17,2.540743042861577,0,0,0,0.1,0.0,E-n22-k4,random_search,113,0.8145146483241857,0.6194674986915074,0.7698574409329716,470.5621023253744,39.97369878069111
21,1,1071.428571428571,615.0051158462073,6000,82.0,0.0032718619869125,50,0.5,450.8468574044596,504.3079863797817,39.28727997746911,0.0422696995977191,5,2.369231659639218,0,0,0,0.1,0.0422696995977191,E-n22-k4,random_search,114,0.4470931359341511,0.2299697660264381,0.9597754239267478,450.8468574044596,0.0
21,1,1071.428571428571,615.0051158462073,6000,82.0,0.0032718619869125,80,0.8,506.5229749704066,539.1300540609902,11.895429197334824,0.0,19,2.277389996884374,0,0,0,0.1,0.0,E-n22-k4,random_search,115,0.8614094230827546,0.7228659577921719,0.9761508053040832,446.1615036242979,60.361471346108715
21,1,1071.428571428571,615.0051158462073,6000,82.0,0.0032718619869125,60,0.6,474.81273093686013,524.403454539057,32.09688262065229,0.0,19,2.7036979823767004,0,0,0,0.1,0.0,E-n22-k4,random_search,116,0.4671093606755501,0.3693069136662467,0.4817634376461063,474.81273093686013,0.0
21,1,1071.428571428571,615.0051158462073,6000,82.0,0.0032718619869125,80,0.8,468.1342400985274,528.8172349739937,31.36086220504495,0.0,10,2.201575858564277,0,0,0,0.1,0.0,E-n22-k4,random_search,117,0.3510466793312758,0.7609981307428375,0.8908264546653815,455.7575598303865,12.376680268140944
21,1,1071.428571428571,615.0051158462073,6000,82.0,0.0032718619869125,5,0.05,529.827507749708,580.2535387109929,23.72788682421161,0.0,3,2.6873633756749618,0,0,0,0.1,0.0,E-n22-k4,random_search,118,0.8964498731082017,0.4052280434387695,0.8554193701464026,483.66466753838495,46.1628402113231
21,1,1071.428571428571,615.0051158462073,6000,82.0,0.0032718619869125,40,0.4,519.4514610417921,552.7436298740182,17.548474439679786,0.0,19,1.935625337330208,0,0,0,0.1,0.0,E-n22-k4,random_search,119,0.230538716963757,0.5255947752138331,0.942836744966566,473.81396495376487,45.637496088027206
21,1,1071.428571428571,615.0051158462073,6000,82.0,0.0032718619869125,20,0.2,526.8661076625667,562.8913627169109,15.608374081651188,0.0436126944031763,3,1.4212185265411803,0,0,0,0.1,0.0436126944031763,E-n22-k4,random_search,120,0.4635287226941468,0.781896560734717,0.3465100432226463,472.55736667473184,54.30874098783488
21,1,1071.428571428571,615.0051158462073,6000,82.0,0.0032718619869125,50,0.5,488.9293229966858,529.837329999516,28.14705366581326,0.0,19,2.6062943185759613,0,0,0,0.1,0.0,E-n22-k4,random_search,121,0.7930648121548519,0.5746871791869572,0.949031459951093,475.1929102538347,13.736412742851089
21,1,1071.428571428571,615.0051158462073,6000,82.0,0.0032718619869125,20,0.2,497.2080333572269,556.525580953901,25.436903398676783,0.0,16,2.5290022843560944,0,0,0,0.1,0.0,E-n22-k4,random_search,122,0.2473606461579456,0.6137848651446607,0.6977382406259476,478.4089353975148,18.799097959712014
21,1,1071.428571428571,615.0051158462073,6000,82.0,0.0032718619869125,20,0.2,550.0840748652142,564.7717641987324,12.825087171391454,0.0014665613127693,3,1.7117947600523855,0,0,0,0.1,0.0014665613127693,E-n22-k4,random_search,123,0.2380441544992643,0.4541432172906536,0.9785548650956004,450.2336518205616,99.85042304465264
21,1,1071.428571428571,615.0051158462073,6000,82.0,0.0032718619869125,10,0.1,521.4911219500551,565.742002386617,18.64904213200741,0.0746952377447751,7,2.6068882664623167,0,0,0,0.1,0.0746952377447751,E-n22-k4,random_search,124,0.5582725533092515,0.5702368650151326,0.757858723590783,463.8439590622476,57.6471628878075
21,1,1071.428571428571,615.0051158462073,6000,82.0,0.0032718619869125,10,0.1,550.8919917478262,575.4561247489953,21.26354305364893,0.0108165277132683,8,2.1163423207125733,0,0,0,0.1,0.0108165277132683,E-n22-k4,random_search,125,0.7632511616478903,0.3552535322984823,0.7032219385265949,490.5694067380276,60.322585009798615
21,1,1071.428571428571,615.0051158462073,6000,82.0,0.0032718619869125,5,0.05,519.2387648564277,580.954799535228,21.11941646829276,0.0,4,2.1064259274965136,0,0,0,0.1,0.0,E-n22-k4,random_search,126,0.5843605286437504,0.3195212882744096,0.584283468408603,484.7249009768016,34.51386387962606
21,1,1071.428571428571,615.0051158462073,6000,82.0,0.0032718619869125,90,0.9,465.32232350598423,514.0972862369629,33.191522344607016,0.0,19,2.6353171988445667,0,0,0,0.1,0.0,E-n22-k4,random_search,127,0.5153260663036715,0.2152154039226161,0.8080311607551713,444.7588964103323,20.563427095651942
21,1,1071.428571428571,615.0051158462073,6000,82.0,0.0032718619869125,5,0.05,532.2160433751419,580.6788154931594,29.40991331716404,0.0,1,2.203885782829031,0,0,0,0.1,0.0,E-n22-k4,random_search,128,0.1503846804961204,0.3183666882148617,0.9339803572389852,433.7280549537199,98.48798842142202
21,1,1071.428571428571,615.0051158462073,6000,82.0,0.0032718619869125,10,0.1,548.4918677603723,576.8072414269311,14.144336407378686,0.0222226101987946,1,2.1475814930689467,0,0,0,0.1,0.0222226101987946,E-n22-k4,random_search,129,0.6812048509872881,0.2349405463927648,0.7876840915521826,466.321544967587,82.17032279278533
21,1,1071.428571428571,615.0051158462073,6000,82.0,0.0032718619869125,80,0.8,507.20044618272505,544.4978148376512,14.181235978366958,0.0,19,2.1392964590248194,0,0,0,0.1,0.0,E-n22-k4,random_search,130,0.565745901150564,0.6260197980374218,0.9724209944897484,476.9212695718366,30.27917661088844
21,1,1071.428571428571,615.0051158462073,6000,82.0,0.0032718619869125,30,0.3,501.5224344611444,545.413611264965,21.748376467768917,0.0,16,2.546392683049007,0,0,0,0.1,0.0,E-n22-k4,random_search,131,0.3894607560626445,0.5485214224074539,0.6313369703610547,476.1583654690328,25.36406899211164
21,1,1071.428571428571,615.0051158462073,6000,82.0,0.0032718619869125,20,0.2,532.2160433751419,556.6922003035036,17.350974670216363,0.0029878255333126,8,2.551026434792663,0,0,0,0.1,0.0029878255333126,E-n22-k4,random_search,132,0.3679068883024223,0.4833892499341561,0.7336501644852851,473.3338109190027,58.88223245613921
21,1,1071.428571428571,615.0051158462073,6000,82.0,0.0032718619869125,10,0.1,547.3918539552358,576.6622183915686,14.765667022631536,0.0017188157757376,4,2.010292799646363,0,0,0,0.1,0.0017188157757376,E-n22-k4,random_search,133,0.5411083613513318,0.6130025403249069,0.328330183978634,465.09960244637847,82.2922515088573
21,1,1071.428571428571,615.0051158462073,6000,82.0,0.0032718619869125,90,0.9,453.6848111912404,498.9174569491705,37.42153138087308,0.0,19,2.5260375894560667,0,0,0,0.1,0.0,E-n22-k4,random_search,134,0.3373425148866389,0.7215150268886721,0.5126129843890582,446.8742871693572,6.810524021883168
21,1,1071.428571428571,615.0051158462073,6000,82.0,0.0032718619869125,80,0.8,504.8970752616186,547.1796311383912,13.507346328838372,0.0015535542028561,4,1.5968409047536356,0,0,0,0.1,0.0015535542028561,E-n22-k4,random_search,135,0.8649122851343098,0.7903965583261634,0.5978393108796294,492.2435075307708,12.65356773084784
21,1,1071.428571428571,615.0051158462073,6000,82.0,0.0032718619869125,30,0.3,534.5629939774182,554.182964626743,12.613436157110792,0.0,13,2.673039882440567,0,0,0,0.1,0.0,E-n22-k4,random_search,136,0.6324207714107312,0.601421905949209,0.7489136876958318,426.74026503411926,107.8227289432989
21,1,1071.428571428571,615.0051158462073,6000,82.0,0.0032718619869125,10,0.1,506.1906154299703,557.0899776783951,23.95693007886012,0.0644696937031994,2,2.5910691472486636,0,0,0,0.1,0.0644696937031994,E-n22-k4,random_search,137,0.63977213296574,0.3629001809603476,0.3296619262985458,466.2929032233559,39.897712206614415
21,1,1071.428571428571,615.0051158462073,6000,82.0,0.0032718619869125,50,0.5,513.8060710131515,530.216987908992,17.188839748598692,0.0,19,2.4457967825313585,0,0,0,0.1,0.0,E-n22-k4,random_search,138,0.2871714179708233,0.6831601402671859,0.5221786656518848,463.62211188349846,50.18395912965303
21,1,1071.428571428571,615.0051158462073,6000,82.0,0.0032718619869125,5,0.05,533.5662283989221,563.1244034422264,18.376515968002813,0.0,0,2.4938013488298405,0,0,0,0.1,0.0,E-n22-k4,random_search,139,0.8808342814629712,0.5169249623401302,0.6042273471938118,467.2476392411915,66.31858915773057
21,1,1071.428571428571,615.0051158462073,6000,82.0,0.0032718619869125,20,0.2,517.7088185479339,552.5991145782042,17.49225476453802,0.0,10,2.448586754861686,0,0,0,0.1,0.0,E-n22-k4,random_search,140,0.8565792665455395,0.7313278669947534,0.6176823473422312,443.41969913701973,74.28911941091417
21,1,1071.428571428571,615.0051158462073,6000,82.0,0.0032718619869125,5,0.05,509.47788086471496,573.2260411055273,21.10972059206908,0.0,0,2.5702753588592673,0,0,0,0.1,0.0,E-n22-k4,random_search,141,0.1114066366837256,0.2447294119647095,0.6514333780675592,465.7256454975601,43.75223536715487
21,1,1071.428571428571,615.0051158462073,6000,82.0,0.0032718619869125,70,0.7,497.2416953806451,531.632976663499,20.98954780501695,0.0,9,2.5365369431294043,0,0,0,0.1,0.0,E-n22-k4,random_search,142,0.3814693067865411,0.2614796954186205,0.430520188807924,491.73024818267265,5.511447197972473
21,1,1071.428571428571,615.0051158462073,6000,82.0,0.0032718619869125,70,0.7,479.562751303845,524.7675973412347,32.12070124135591,0.0,18,2.70498581549585,0,0,0,0.1,0.0,E-n22-k4,random_search,143,0.2843726133227535,0.5245602389507855,0.640318296591377,453.8213504803168,25.74140082352818
21,1,1071.428571428571,615.0051158462073,6000,82.0,0.0032718619869125,30,0.3,515.5521170900381,553.9163689512858,20.744308210188663,0.0,19,2.553657758779655,0,0,0,0.1,0.0,E-n22-k4,random_search,144,0.7634620964970881,0.5376712690494555,0.9706161824309976,464.60820579712777,50.94391129291034
21,1,1071.428571428571,615.0051158462073,6000,82.0,0.0032718619869125,40,0.4,498.6975188970206,550.6010683914567,21.676601715681542,0.0331089484676781,2,1.493874476989833,0,0,0,0.1,0.0331089484676781,E-n22-k4,random_search,145,0.3828642765044499,0.4551603631114817,0.5489620018738294,484.2623249496901,14.435193947330504
21,1,1071.428571428571,615.0051158462073,6000,82.0,0.0032718619869125,90,0.9,486.9166022169908,525.1686286452498,22.021383742026572,0.0250611924114619,4,2.663415803462686,0,0,0,0.1,0.0250611924114619,E-n22-k4,random_search,146,0.4166594656047363,0.7271537073151204,0.8159975368488972,465.44394444435994,21.47265777263084
21,1,1071.428571428571,615.0051158462073,6000,82.0,0.0032718619869125,30,0.3,497.360257550493,550.8718300726191,16.503970060273097,0.0,19,2.084386587709977,0,0,0,0.1,0.0,E-n22-k4,random_search,147,0.6700479057534456,0.7411092439709583,0.9434591814093668,488.09189665900846,9.26836089148452
21,1,1071.428571428571,615.0051158462073,6000,82.0,0.0032718619869125,80,0.8,486.01816334620463,528.4534970473792,29.843179643244813,0.0,19,2.551835936178283,0,0,0,0.1,0.0,E-n22-k4,random_search,148,0.8820843533771903,0.7888804219783574,0.4623012403049081,484.28495991652613,1.7332034296784968
21,1,1071.428571428571,615.0051158462073,6000,82.0,0.0032718619869125,90,0.9,481.2122821900536,535.1172130754509,17.587157622206345,0.0182697670462305,7,2.578607238027503,0,0,0,0.1,0.0182697670462305,E-n22-k4,random_search,149,0.7287702974833209,0.3392630648615035,0.8791755476100014,471.35804605534565,9.854236134707946
21,1,1071.428571428571,615.0051158462073,6000,82.0,0.0032718619869125,40,0.4,505.6441892720908,540.8126673656014,21.692521334793557,0.0,15,2.5688260318723977,0,0,0,0.1,0.0,E-n22-k4,random_search,150,0.2090459439266552,0.3501438567586851,0.6435463666749828,475.54032633401386,30.10386293807693
21,1,1071.428571428571,615.0051158462073,6000,82.0,0.0032718619869125,80,0.8,440.5503162578605,466.5932307448473,45.35148713463922,0.0,19,1.4304845085444098,0,0,0,0.1,0.0,E-n22-k4,random_search,151,0.2833834510193281,0.5726142173636977,0.300286089679609,440.5503162578605,0.0
21,1,1071.428571428571,615.0051158462073,6000,82.0,0.0032718619869125,5,0.05,541.0432007783916,588.8633142294419,24.23923125938302,0.0,1,1.4338344865124315,0,0,0,0.1,0.0,E-n22-k4,random_search,152,0.3811253554906436,0.3331496468794429,0.7767727877111412,487.7793019647381,53.26389881365344
21,1,1071.428571428571,615.0051158462073,6000,82.0,0.0032718619869125,60,0.6,480.0534721178037,540.9200973688528,27.394969488489934,0.0,12,2.5839132824509696,0,0,0,0.1,0.0,E-n22-k4,random_search,153,0.5305003233984767,0.5337194297256969,0.9561167808538372,438.3671719776611,41.686300140142635
21,1,1071.428571428571,615.0051158462073,6000,82.0,0.0032718619869125,70,0.7,466.4101554812245,530.6326949040329,25.35671229530469,0.0,15,2.5004337702671964,0,0,0,0.1,0.0,E-n22-k4,random_search,154,0.2741245286411507,0.6028984564401629,0.6221382553793547,460.97651283013295,5.433642651091532
21,1,1071.428571428571,615.0051158462073,6000,82.0,0.0032718619869125,40,0.4,497.9247544798915,541.5887777665123,24.349787526862727,0.0152322518912883,6,2.523121487616849,0,0,0,0.1,0.0152322518912883,E-n22-k4,random_search,155,0.581577010054738,0.7326347020013528,0.6206695669558795,471.258442321819,26.666312158072454
21,1,1071.428571428571,615.0051158462073,6000,82.0,0.0032718619869125,60,0.6,513.5744489758769,547.9266209189159,18.089881177339223,0.0,19,2.2267714613504808,0,0,0,0.1,0.0,E-n22-k4,random_search,156,0.4268682600426792,0.6943183088604381,0.834366124097818,444.6780144852375,68.89643449063931
21,1,1071.428571428571,615.0051158462073,6000,82.0,0.0032718619869125,60,0.6,472.65048613256823,544.8258317868019,22.330823209816455,0.0,19,2.394878212631825,0,0,0,0.1,0.0,E-n22-k4,random_search,157,0.1546180320563176,0.222419836947755,0.61746662419198,465.6898273253898,6.960658807178504
21,1,1071.428571428571,615.0051158462073,6000,82.0,0.0032718619869125,80,0.8,480.1785697017269,530.0968644444705,22.309913074275403,0.0219850784492946,8,2.4625343861770377,0,0,0,0.1,0.0219850784492946,E-n22-k4,random_search,158,0.5059874363610046,0.4116619723030398,0.6685822649613183,443.0812900310627,37.09727967066419
21,1,1071.428571428571,615.0051158462073,6000,82.0,0.0032718619869125,90,0.9,482.2562324339258,523.7645874425109,27.977635039538995,0.0,15,2.5464600953683036,0,0,0,0.1,0.0,E-n22-k4,random_search,159,0.1441711576732556,0.3394889286658344,0.7683051737636402,465.2494438672968,17.006788566628984
21,1,1071.428571428571,615.0051158462073,6000,82.0,0.0032718619869125,80,0.8,521.4196643061595,543.1704849359165,10.45567738357905,0.0,19,2.0599005501540595,0,0,0,0.1,0.0,E-n22-k4,random_search,160,0.6267618341606356,0.4382250034761108,0.9260915483989977,475.8163296155833,45.60333469057616
21,1,1071.428571428571,615.0051158462073,6000,82.0,0.0032718619869125,80,0.8,446.8824378644493,499.3260851768211,39.78610941032281,0.0,10,2.4663367279862003,0,0,0,0.1,0.0,E-n22-k4,random_search,161,0.3802100537359753,0.2546939461964985,0.5199323823872726,446.8824378644493,0.0
21,1,1071.428571428571,615.0051158462073,6000,82.0,0.0032718619869125,90,0.9,516.8384885682527,537.7511418170386,14.51859097137198,0.0046226831481624,8,1.693899402893389,0,0,0,0.1,0.0046226831481624,E-n22-k4,random_search,162,0.387324134362892,0.4300633179676832,0.722780541569372,492.2435075307708,24.594981037481944
21,1,1071.428571428571,615.0051158462073,6000,82.0,0.0032718619869125,90,0.9,492.2435075307708,530.6630615563539,17.916315891107708,0.0,12,2.286275527569429,0,0,0,0.1,0.0,E-n22-k4,random_search,163,0.5098805681410988,0.4119254016826383,0.7734596891378258,467.75635832343016,24.48714920734062
21,1,1071.428571428571,615.0051158462073,6000,82.0,0.0032718619869125,80,0.8,479.7810014098278,537.9958206850373,20.17745203284565,0.0,19,2.332373921170093,0,0,0,0.1,0.0,E-n22-k4,random_search,164,0.3915365895144022,0.7944425845792475,0.999291604201523,478.456737431134,1.324263978693807
21,1,1071.428571428571,615.0051158462073,6000,82.0,0.0032718619869125,20,0.2,526.4953987797395,557.5280737903915,17.06732080788764,0.0237003448241595,1,2.121094602892318,0,0,0,0.1,0.0237003448241595,E-n22-k4,random_search,165,0.2245314373594706,0.5162048623660387,0.6255511882873372,448.4007169754169,78.09468180432259
21,1,1071.428571428571,615.0051158462073,6000,82.0,0.0032718619869125,30,0.3,507.32231245897515,552.701221129452,15.817478805182407,0.0740719226345817,1,2.2623280540202235,0,0,0,0.1,0.0740719226345817,E-n22-k4,random_search,166,0.8208907251593968,0.5423690828730309,0.7652748823657055,456.07901111813266,51.24330134084249
21,1,1071.428571428571,615.0051158462073,6000,82.0,0.0032718619869125,60,0.6,455.89646252485034,516.2887811806124,38.49799450654957,0.0572793505578828,1,2.4839820571863314,0,0,0,0.1,0.0572793505578828,E-n22-k4,random_search,167,0.6267340292426372,0.2590176021872755,0.4656515773618822,447.020976775777,8.875485749073334
21,1,1071.428571428571,615.0051158462073,6000,82.0,0.0032718619869125,30,0.3,497.7355718382238,539.0207205451618,20.97195919071404,0.0414129192071117,1,2.6338182035992856,0,0,0,0.1,0.0414129192071117,E-n22-k4,random_search,168,0.3580985310410978,0.3501515742654836,0.6208435520204061,456.493130586151,41.24244125207281
21,1,1071.428571428571,615.0051158462073,6000,82.0,0.0032718619869125,60,0.6,492.2435075307708,545.0277462185271,19.002823519311953,0.0,16,2.0083396897554446,0,0,0,0.1,0.0,E-n22-k4,random_search,169,0.1853570506031111,0.3195188329025327,0.918295898742201,465.88349531471914,26.360012216051643
21,1,1071.428571428571,615.0051158462073,6000,82.0,0.0032718619869125,30,0.3,482.3283340702138,546.1033473225549,24.398800890042864,0.0,11,2.326437504949628,0,0,0,0.1,0.0,E-n22-k4,random_search,170,0.1140683237735509,0.6529723942512582,0.849786152901699,481.7980281341291,0.5303059360847442
21,1,1071.428571428571,615.0051158462073,6000,82.0,0.0032718619869125,80,0.8,481.4362276721011,517.3425952014193,34.58183520770583,0.0,19,2.6486737734612693,0,0,0,0.1,0.0,E-n22-k4,random_search,171,0.6679367871505608,0.7483883138069767,0.9334293802910476,465.7902870221235,15.64594064997766
21,1,1071.428571428571,615.0051158462073,6000,82.0,0.0032718619869125,90,0.9,496.4086820424579,539.7413596079234,17.801854737645847,0.0,16,1.9126930839277183,0,0,0,0.1,0.0,E-n22-k4,random_search,172,0.7869894081431856,0.2243023034489094,0.4423744191587466,439.10664291139506,57.30203913106283
21,1,1071.428571428571,615.0051158462073,6000,82.0,0.0032718619869125,70,0.7,451.75470099301657,534.4160811837768,26.372870891087512,0.0,19,2.5356502711199784,0,0,0,0.1,0.0,E-n22-k4,random_search,173,0.1602836134281476,0.3686796162468572,0.3314050954570202,445.26575329560495,6.488947697411618
21,1,1071.428571428571,615.0051158462073,6000,82.0,0.0032718619869125,50,0.5,519.7210437588668,551.0859347959038,11.9563455728017,0.0,19,2.4057154399225418,0,0,0,0.1,0.0,E-n22-k4,random_search,174,0.5956126439860027,0.3940312816232222,0.8707648203113949,481.63988026798427,38.081163490882545
21,1,1071.428571428571,615.0051158462073,6000,82.0,0.0032718619869125,5,0.05,553.247131172578,582.2942597644305,24.382907418973986,0.0,0,1.623103444870371,0,0,0,0.1,0.0,E-n22-k4,random_search,175,0.3267943912904852,0.572550689734902,0.8242214427648202,466.8045586524576,86.44257252012034
21,1,1071.428571428571,615.0051158462073,6000,82.0,0.0032718619869125,70,0.7,464.0823396725678,515.368503183134,37.42411466554632,0.0,19,2.3192861512708083,0,0,0,0.1,0.0,E-n22-k4,random_search,176,0.1368285807711549,0.6118906216331668,0.7465050158797976,445.0158562394678,19.066483433100014
21,1,1071.428571428571,615.0051158462073,6000,82.0,0.0032718619869125,60,0.6,455.74472153937904,525.5552994448007,38.65491415464173,0.0,12,2.6542617782458433,0,0,0,0.1,0.0,E-n22-k4,random_search,177,0.2073818389612174,0.3097073054293123,0.3768627683339975,431.0109967303541,24.73372480902492
21,1,1071.428571428571,615.0051158462073,6000,82.0,0.0032718619869125,80,0.8,478.99951928676813,512.7888211836391,35.28724443150603,0.0,19,2.5052307211574294,0,0,0,0.1,0.0,E-n22-k4,random_search,178,0.3991571302327565,0.3965727820657323,0.8491093619329431,452.9354543276987,26.064064959069412
21,1,1071.428571428571,615.0051158462073,6000,82.0,0.0032718619869125,40,0.4,506.8307978655319,533.5068997228856,23.18485760458853,0.0035874792517125,1,2.656177840642788,0,0,0,0.1,0.0035874792517125,E-n22-k4,random_search,179,0.7301968170417172,0.2664804345074306,0.4944854401697267,464.88048481470753,41.95031305082438
21,1,1071.428571428571,615.0051158462073,6000,82.0,0.0032718619869125,70,0.7,468.7486943743874,507.79718558260794,39.4372748873056,0.0,19,2.5644606367423135,0,0,0,0.1,0.0,E-n22-k4,random_search,180,0.4248635673726297,0.4145715671144725,0.5748918990701455,452.3615951044386,16.387099269948862
21,1,1071.428571428571,615.0051158462073,6000,82.0,0.0032718619869125,40,0.4,460.5253489865931,506.4225191588165,40.65494700923756,0.0,15,2.1178098769740177,0,0,0,0.1,0.0,E-n22-k4,random_search,181,0.6595164708882297,0.482207977862492,0.8011624271086393,414.5231439148755,46.00220507171758
21,1,1071.428571428571,615.0051158462073,6000,82.0,0.0032718619869125,30,0.3,523.4769488262428,559.0362137780778,14.297144034916233,0.0,19,2.397001083818638,0,0,0,0.1,0.0,E-n22-k4,random_search,182,0.8849793805639319,0.6434001136736749,0.5337671081858326,470.9135163542283,52.56343247201448
21,1,1071.428571428571,615.0051158462073,6000,82.0,0.0032718619869125,60,0.6,443.41969913701973,476.31639996360553,42.24793753406448,0.0,15,2.1470415791819306,0,0,0,0.1,0.0,E-n22-k4,random_search,183,0.3333569725910486,0.3200851161107254,0.5697863929263174,443.41969913701973,0.0
21,1,1071.428571428571,615.0051158462073,6000,82.0,0.0032718619869125,5,0.05,510.2510529917764,567.3499470827358,31.28748343453921,0.0,1,2.562508344881246,0,0,0,0.1,0.0,E-n22-k4,random_search,184,0.4691040082100922,0.5972699168138416,0.978857888308836,467.19286230878,43.05819068299644
21,1,1071.428571428571,615.0051158462073,6000,82.0,0.0032718619869125,5,0.05,540.8322603409165,570.5739953549539,22.34432782577332,0.0,0,2.6699573076716105,0,0,0,0.1,0.0,E-n22-k4,random_search,185,0.52672914095361,0.2966979439435457,0.7525589890124527,481.82495583272714,59.00730450818935
21,1,1071.428571428571,615.0051158462073,6000,82.0,0.0032718619869125,40,0.4,497.332397249925,540.3214788228202,23.39257302754189,0.0261475239739262,2,2.085242987712371,0,0,0,0.1,0.0261475239739262,E-n22-k4,random_search,186,0.5613667601762476,0.2331524089625379,0.5750204373740486,445.3733864286681,51.959010821256925
21,1,1071.428571428571,615.0051158462073,6000,82.0,0.0032718619869125,20,0.2,506.4700009488349,565.5626132050935,19.74794042396692,0.0,9,2.473349993990341,0,0,0,0.1,0.0,E-n22-k4,random_search,187,0.3461728049719741,0.5547696380274934,0.6678552284603825,499.92535449328113,6.544646455553789
21,1,1071.428571428571,615.0051158462073,6000,82.0,0.0032718619869125,90,0.9,440.5503162578605,493.1518029324813,49.931985745806664,0.0,19,2.4861327606639887,0,0,0,0.1,0.0,E-n22-k4,random_search,188,0.1151044311213003,0.7304614075769711,0.9238162483274596,440.5503162578605,0.0
21,1,1071.428571428571,615.0051158462073,6000,82.0,0.0032718619869125,70,0.7,501.34076198183845,540.3116032831053,16.74762255045036,0.0344696969601926,5,2.508068885100919,0,0,0,0.1,0.0344696969601926,E-n22-k4,random_search,189,0.2485417119133604,0.7997545630050231,0.740549696325219,480.8120209850643,20.528740996774104
21,1,1071.428571428571,615.0051158462073,6000,82.0,0.0032718619869125,10,0.1,529.1716507833479,574.6300416905304,16.225048650208404,0.1081543421142173,0,2.266755073097479,0,0,0,0.1,0.1081543421142173,E-n22-k4,random_search,190,0.2068773072960231,0.4297831623193104,0.4279323175180346,480.66475369765544,48.50689708569246
21,1,1071.428571428571,615.0051158462073,6000,82.0,0.0032718619869125,10,0.1,495.5332171879488,556.5553066118699,32.83614699785132,0.1374765900550587,1,2.593879716035093,0,0,0,0.1,0.1374765900550587,E-n22-k4,random_search,191,0.8448429935195798,0.5706755422722396,0.993931490073524,462.1571296793721,33.376087508576745
21,1,1071.428571428571,615.0051158462073,6000,82.0,0.0032718619869125,5,0.05,560.9578146124753,585.4625363178109,16.353192364911553,0.0,4,1.9656936867667436,0,0,0,0.1,0.0,E-n22-k4,random_search,192,0.699693124985501,0.7288774654500934,0.459459669356448,456.6117200662229,104.3460945462524
21,1,1071.428571428571,615.0051158462073,6000,82.0,0.0032718619869125,20,0.2,496.84987277897307,553.4202093358637,28.363226634407305,0.0570143484171245,2,2.225751096274769,0,0,0,0.1,0.0570143484171245,E-n22-k4,random_search,193,0.3765198468509948,0.5420489889149447,0.6446052091751322,441.1016239632433,55.74824881572977
21,1,1071.428571428571,615.0051158462073,6000,82.0,0.0032718619869125,40,0.4,494.3366538108044,545.2742733450749,29.367449873269265,0.0123758270600609,5,2.104526015416854,0,0,0,0.1,0.0123758270600609,E-n22-k4,random_search,194,0.5165284555736969,0.2900445383446976,0.6487807980326531,447.42488813158934,46.91176567921508
21,1,1071.428571428571,615.0051158462073,6000,82.0,0.0032718619869125,70,0.7,490.09592077528976,544.9722886921784,15.756045210416492,0.0,11,1.75419519609652,0,0,0,0.1,0.0,E-n22-k4,random_search,195,0.6421368117465354,0.7825563649858336,0.8032773994326741,473.32855945253294,16.767361322756813
21,1,1071.428571428571,615.0051158462073,6000,82.0,0.0032718619869125,90,0.9,474.8468127715878,538.0031930928633,18.24262684895417,0.0,19,2.6386207497635707,0,0,0,0.1,0.0,E-n22-k4,random_search,196,0.6583259434800515,0.5018441106310421,0.3950274190599359,465.013535356002,9.833277415585826
21,1,1071.428571428571,615.0051158462073,6000,82.0,0.0032718619869125,30,0.3,521.3384436808007,553.475874532253,16.230830592329486,0.0173624911979228,8,2.651882929910399,0,0,0,0.1,0.0173624911979228,E-n22-k4,random_search,197,0.7817089081551064,0.5309603339885496,0.4540674705278115,476.0897520874563,45.24869159334429
21,1,1071.428571428571,615.0051158462073,6000,82.0,0.0032718619869125,90,0.9,464.3471459868053,528.9007164302897,21.88400137901182,0.0,11,2.7969260943868592,0,0,0,0.1,0.0,E-n22-k4,random_search,198,0.5809668618911971,0.658736533379592,0.9170792025859348,459.2762089031488,5.070937083656474
21,1,1071.428571428571,615.0051158462073,6000,82.0,0.0032718619869125,50,0.5,494.59912871889736,539.1007141156348,31.45682133345894,0.0,19,2.5956365635519263,0,0,0,0.1,0.0,E-n22-k4,random_search,199,0.8844501284974297,0.5324976244908521,0.4513728015380868,458.5752807325991,36.02384798629828
21,1,1071.428571428571,615.0051158462073,6000,82.0,0.0032718619869125,30,0.3,515.8963268679497,555.855135590847,22.20508779334426,0.0,19,2.8263975755030772,0,0,0,0.1,0.0,E-n22-k4,random_search,200,0.8314971690532074,0.2350849791764262,0.5269472347020652,460.4118084418159,55.48451842613383
21,1,1071.428571428571,615.0051158462073,6000,82.0,0.0032718619869125,90,0.9,421.6183945827169,470.8216121075367,47.906948532409025,0.0,19,2.2058179328595036,0,0,0,0.1,0.0,E-n22-k4,random_search,201,0.8807631699108586,0.5121166107018078,0.6231016072620279,406.32212452742266,15.296270055294258
21,1,1071.428571428571,615.0051158462073,6000,82.0,0.0032718619869125,10,0.1,525.5864680004372,567.6351325602352,17.07774697958556,0.0825694952410878,6,1.9732534529620056,0,0,0,0.1,0.0825694952410878,E-n22-k4,random_search,202,0.8995992307954753,0.6759084066511436,0.5426196946199275,441.8105858334802,83.77588216695699
21,1,1071.428571428571,615.0051158462073,6000,82.0,0.0032718619869125,60,0.6,497.5797594595213,532.4931537986688,16.698143255906,0.0023344921663992,6,2.424979444338868,0,0,0,0.1,0.0023344921663992,E-n22-k4,random_search,203,0.8529543481230704,0.6155714841598183,0.4099709545717165,472.5769234611971,25.0028359983242
21,1,1071.428571428571,615.0051158462073,6000,82.0,0.0032718619869125,5,0.05,550.8919917478262,578.7428736581159,15.30001906519611,0.0,2,2.354374935325599,0,0,0,0.1,0.0,E-n22-k4,random_search,204,0.3837909736327219,0.2721032092639525,0.9139319484178796,441.254900554556,109.63709119327018
21,1,1071.428571428571,615.0051158462073,6000,82.0,0.0032718619869125,10,0.1,510.35912782505136,565.5143722361049,19.908382112713667,0.0429568194177395,5,1.8998653173188056,0,0,0,0.1,0.0429568194177395,E-n22-k4,random_search,205,0.2659713215495114,0.7516219186898441,0.8421356058935925,475.1415295444819,35.21759828056946
21,1,1071.428571428571,615.0051158462073,6000,82.0,0.0032718619869125,30,0.3,503.0889096992025,555.5178206313575,22.29277711316867,0.0196847249517166,6,2.4906958490043705,0,0,0,0.1,0.0196847249517166,E-n22-k4,random_search,206,0.5803993857059705,0.6309609846309313,0.9128581572878,485.545583611674,17.5433260875285
21,1,1071.428571428571,615.0051158462073,6000,82.0,0.0032718619869125,90,0.9,497.8772741095171,542.3308676469042,19.087610468518935,0.0,19,1.7708536559082326,0,0,0,0.1,0.0,E-n22-k4,random_search,207,0.2751736403467437,0.6926664192053745,0.4325433506127106,491.22856763329014,6.648706476226948
21,1,1071.428571428571,615.0051158462073,6000,82.0,0.0032718619869125,30,0.3,497.0777484099881,538.8450619671428,31.810377572319062,0.0036767550099524,5,2.439932714532009,0,0,0,0.1,0.0036767550099524,E-n22-k4,random_search,208,0.7375471551092532,0.2083036522952664,0.5328604893677542,470.0622451879392,27.015503222048892
21,1,1071.428571428571,615.0051158462073,6000,82.0,0.0032718619869125,40,0.4,472.90146884264976,541.3587530415102,25.381132052153216,0.0775381554945608,0,2.5224853405955985,0,0,0,0.1,0.0775381554945608,E-n22-k4,random_search,209,0.6329696294657713,0.7712384482258094,0.5002302774748871,434.55988297678454,38.34158586586523
21,1,1071.428571428571,615.0051158462073,6000,82.0,0.0032718619869125,60,0.6,449.8677250980595,512.4172266271651,38.82622397011855,0.0,19,2.678712309170642,0,0,0,0.1,0.0,E-n22-k4,random_search,210,0.4367999572727431,0.7378185433946376,0.396511203634847,446.69749208806263,3.1702330099968776
21,1,1071.428571428571,615.0051158462073,6000,82.0,0.0032718619869125,40,0.4,505.8744999141233,552.328132594363,19.276848463786937,0.0,9,1.980745941075388,0,0,0,0.1,0.0,E-n22-k4,random_search,211,0.4839527956932267,0.5175041989752378,0.7271132880124942,473.7609607966125,32.113539117510754
21,1,1071.428571428571,615.0051158462073,6000,82.0,0.0032718619869125,10,0.1,492.3658360336276,539.3436998450773,39.8335455838071,0.0932155440254346,6,2.562147126620878,0,0,0,0.1,0.0932155440254346,E-n22-k4,random_search,212,0.8952447583942154,0.3222030347276132,0.6632785430069466,466.8952992501436,25.47053678348402
21,1,1071.428571428571,615.0051158462073,6000,82.0,0.0032718619869125,40,0.4,525.7945712419337,547.7760815845925,12.576654892808076,0.0106188457328829,1,2.7706924609468326,0,0,0,0.1,0.0106188457328829,E-n22-k4,random_search,213,0.730017738860194,0.3180651475229327,0.3399154401148627,490.41764872993417,35.37692251199951
21,1,1071.428571428571,615.0051158462073,6000,82.0,0.0032718619869125,80,0.8,488.35129433377176,526.6868264903175,26.288180443690127,0.0221425188477019,2,2.586777371226068,0,0,0,0.1,0.0221425188477019,E-n22-k4,random_search,214,0.7579356437053139,0.5727812932177287,0.9893563439138708,465.8743480410848,22.47694629268699
21,1,1071.428571428571,615.0051158462073,6000,82.0,0.0032718619869125,5,0.05,528.3678278157062,583.9848702958327,16.779816061278797,0.0,2,1.5816969149278168,0,0,0,0.1,0.0,E-n22-k4,random_search,215,0.6401067128693854,0.3249748915676781,0.7401692689181391,468.0635105197311,60.30431729597507
21,1,1071.428571428571,615.0051158462073,6000,82.0,0.0032718619869125,80,0.8,503.98528203681286,543.164540958382,15.95731647441902,0.0107541716000841,1,2.4658555710562764,0,0,0,0.1,0.0107541716000841,E-n22-k4,random_search,216,0.883351444764105,0.553713748566813,0.8340935699721557,426.0222652316244,77.96301680518843
21,1,1071.428571428571,615.0051158462073,6000,82.0,0.0032718619869125,20,0.2,521.898900221562,556.899342946111,17.567748597990374,0.0,12,2.7239599358173416,0,0,0,0.1,0.0,E-n22-k4,random_search,217,0.3288489236804549,0.4157141196286453,0.5984777875475875,454.45433665564514,67.4445635659169
21,1,1071.428571428571,615.0051158462073,6000,82.0,0.0032718619869125,70,0.7,445.07382451458426,490.7661382302995,46.931209532773345,0.0091753997241543,8,2.401590161244643,0,0,0,0.1,0.0091753997241543,E-n22-k4,random_search,218,0.7039683998344612,0.2793772083336052,0.973934569229402,433.4392446608114,11.634579853772834
21,1,1071.428571428571,615.0051158462073,6000,82.0,0.0032718619869125,90,0.9,499.8734273258978,532.0820346852871,17.58969913620982,0.0045699241108162,6,2.7599631959492057,0,0,0,0.1,0.0045699241108162,E-n22-k4,random_search,219,0.5227578573488446,0.2193066744569055,0.7866297474962515,454.2860749657115,45.58735236018629
21,1,1071.428571428571,615.0051158462073,6000,82.0,0.0032718619869125,50,0.5,437.98782749579743,499.21941522556733,53.92810203829116,0.0,19,2.447331455065376,0,0,0,0.1,0.0,E-n22-k4,random_search,220,0.440161472543699,0.478303088658985,0.7914734553842109,408.6748787038549,29.312948791942517
21,1,1071.428571428571,615.0051158462073,6000,82.0,0.0032718619869125,70,0.7,481.6680601309252,513.6587790896388,29.639029830785987,0.0,18,2.5422312598564125,0,0,0,0.1,0.0,E-n22-k4,random_search,221,0.7025100834798819,0.4643861372564075,0.751979230601238,466.9379255668587,14.730134564066477
21,1,1071.428571428571,615.0051158462073,6000,82.0,0.0032718619869125,60,0.6,519.2387648564277,542.243446521427,13.084703737835673,0.0147304247916271,7,2.4931056824626787,0,0,0,0.1,0.0147304247916271,E-n22-k4,random_search,222,0.6868230861968373,0.7169235160382887,0.5603850331406366,469.5004590902082,49.73830576621947
21,1,1071.428571428571,615.0051158462073,6000,82.0,0.0032718619869125,20,0.2,519.2387648564277,555.1419268203549,17.347511380634707,0.0,12,2.491666934361034,0,0,0,0.1,0.0,E-n22-k4,random_search,223,0.3711632044625476,0.3348124389833313,0.6517901781264818,478.1727418784122,41.066022978015496
21,1,1071.428571428571,615.0051158462073,6000,82.0,0.0032718619869125,60,0.6,491.5354762479399,535.501022388821,25.38454564751666,0.0,19,2.52177224047088,0,0,0,0.1,0.0,E-n22-k4,random_search,224,0.1668252799633554,0.6378383095981096,0.8766042386551034,480.843212227961,10.69226401997895
21,1,1071.428571428571,615.0051158462073,6000,82.0,0.0032718619869125,70,0.7,459.1368914063866,511.8405908543229,32.871781803732176,0.0,19,2.479201300102871,0,0,0,0.1,0.0,E-n22-k4,random_search,225,0.1392788841202202,0.2547176687002621,0.3633856030556752,446.8377986028184,12.299092803568216
21,1,1071.428571428571,615.0051158462073,6000,82.0,0.0032718619869125,50,0.5,502.5145887639368,542.0210057099938,17.38831357423178,0.0231200591509681,8,2.6252420056815495,0,0,0,0.1,0.0231200591509681,E-n22-k4,random_search,226,0.1139111819994346,0.7747480315066588,0.3590496547244712,481.43276003182865,21.081828732108136
21,1,1071.428571428571,615.0051158462073,6000,82.0,0.0032718619869125,60,0.6,476.44395565530704,530.8844208592676,32.5965488108635,0.0,19,2.2716222407211837,0,0,0,0.1,0.0,E-n22-k4,random_search,227,0.5315197306327681,0.3131776731722606,0.9726889534511772,463.18250907197233,13.261446583334704
21,1,1071.428571428571,615.0051158462073,6000,82.0,0.0032718619869125,40,0.4,451.46225643861334,502.822431401635,45.30666500451743,0.0192814208627866,0,2.3173997949386345,0,0,0,0.1,0.0192814208627866,E-n22-k4,random_search,228,0.8126237118664075,0.3865552067240172,0.589951810849584,433.898312430871,17.563944007742407
21,1,1071.428571428571,615.0051158462073,6000,82.0,0.0032718619869125,40,0.4,460.2774327987578,514.9231536804507,39.62212274102448,0.1137417199663458,6,2.4518479816079206,0,0,0,0.1,0.1137417199663458,E-n22-k4,random_search,229,0.754447521279072,0.781268076305514,0.7178136385676793,443.41969913701973,16.857733661737996
21,1,1071.428571428571,615.0051158462073,6000,82.0,0.0032718619869125,80,0.8,519.2387648564277,539.6793545221263,11.880210959240545,0.0,19,2.6167867931443705,0,0,0,0.1,0.0,E-n22-k4,random_search,230,0.6477801249641115,0.3107896203132835,0.3372494181673859,449.4938421940024,69.74492266242527
21,1,1071.428571428571,615.0051158462073,6000,82.0,0.0032718619869125,20,0.2,519.2387648564277,560.8188135574446,21.265208393959792,0.0,13,2.1970452751200567,0,0,0,0.1,0.0,E-n22-k4,random_search,231,0.4461146075207425,0.7949658425525536,0.7660748819047324,456.2151986432945,63.023566213133165
21,1,1071.428571428571,615.0051158462073,6000,82.0,0.0032718619869125,10,0.1,504.0235672726428,564.9694507380534,24.37567836556898,0.0719181072722378,3,2.5904181510516575,0,0,0,0.1,0.0719181072722378,E-n22-k4,random_search,232,0.6746865575332059,0.7667558426137784,0.4739045984601047,465.0989346425446,38.924632630098245
21,1,1071.428571428571,615.0051158462073,6000,82.0,0.0032718619869125,80,0.8,460.9779382918241,504.1967077139717,37.0108805135841,0.0,19,2.67237838776725,0,0,0,0.1,0.0,E-n22-k4,random_search,233,0.8566668036649606,0.3840069216710626,0.4013669677530169,460.9779382918241,0.0
21,1,1071.428571428571,615.0051158462073,6000,82.0,0.0032718619869125,60,0.6,478.50628797626666,500.916863815668,22.294727464525767,0.0,10,1.6623870237889231,0,0,0,0.1,0.0,E-n22-k4,random_search,234,0.6159534597316357,0.7232145992086108,0.5691991987772798,455.4688077526916,23.037480223575074
21,1,1071.428571428571,615.0051158462073,6000,82.0,0.0032718619869125,40,0.4,493.67980420443416,530.6324257800909,27.679927661963685,0.0,19,2.5526372855993276,0,0,0,0.1,0.0,E-n22-k4,random_search,235,0.1730220914917044,0.3914653899205736,0.4251864872779666,476.6062657925197,17.073538411914512
21,1,1071.428571428571,615.0051158462073,6000,82.0,0.0032718619869125,5,0.05,537.4285239180124,577.4213193947128,21.369358008963243,0.0,3,2.244911123201837,0,0,0,0.1,0.0,E-n22-k4,random_search,236,0.378649020649161,0.2660744076185027,0.9409705871021884,485.01633846648247,52.41218545152992
21,1,1071.428571428571,615.0051158462073,6000,82.0,0.0032718619869125,50,0.5,500.7614469674728,539.0104382168072,16.9806670636077,0.0,19,2.696181041593887,0,0,0,0.1,0.0,E-n22-k4,random_search,237,0.5425427046154888,0.3252572048928562,0.6540957110121526,444.44081704773737,56.32062991973544
21,1,1071.428571428571,615.0051158462073,6000,82.0,0.0032718619869125,50,0.5,489.3358478059775,533.6533430629565,27.06277620685705,0.0,19,2.542837397215715,0,0,0,0.1,0.0,E-n22-k4,random_search,238,0.4242519460889717,0.7098012519909414,0.6621384531547807,474.8525595443849,14.483288261592634
21,1,1071.428571428571,615.0051158462073,6000,82.0,0.0032718619869125,60,0.6,508.1031379459117,540.5007844030531,16.84635856535271,0.0,19,2.6638396704388887,0,0,0,0.1,0.0,E-n22-k4,random_search,239,0.5189003960500391,0.7019112578657623,0.7475620380781148,470.0172860901186,38.08585185579312
21,1,1071.428571428571,615.0051158462073,6000,82.0,0.0032718619869125,30,0.3,493.7984884567977,551.2127713710245,24.28720953475536,0.0561609256384634,7,2.524711289893868,0,0,0,0.1,0.0561609256384634,E-n22-k4,random_search,240,0.6127112054078567,0.5097208624709204,0.4797377673426025,454.34495117245893,39.45353728433878
21,1,1071.428571428571,615.0051158462073,6000,82.0,0.0032718619869125,50,0.5,507.6632538125766,552.9296810218183,12.68393285780304,0.0,19,2.4328264486083877,0,0,0,0.1,0.0,E-n22-k4,random_search,241,0.8084906077270485,0.774264317937225,0.6963018293293127,472.7376344150922,34.92561939748441
21,1,1071.428571428571,615.0051158462073,6000,82.0,0.0032718619869125,5,0.05,519.2387648564277,572.1970215903009,18.811589191378424,0.0,0,2.37053756848476,0,0,0,0.1,0.0,E-n22-k4,random_search,242,0.8795354076543493,0.3906210676458203,0.9968828573916366,478.1192909187222,41.11947393770555
21,1,1071.428571428571,615.0051158462073,6000,82.0,0.0032718619869125,10,0.1,526.099883102464,565.2919439761242,23.21042091262878,0.0719108152354034,0,2.325618648768734,0,0,0,0.1,0.0719108152354034,E-n22-k4,random_search,243,0.560659759600547,0.6604495832219115,0.8654764081640438,458.8909640576485,67.2089190448155
21,1,1071.428571428571,615.0051158462073,6000,82.0,0.0032718619869125,40,0.4,484.74416328888685,544.584693573004,22.159778707607064,0.0,19,2.543697807373831,0,0,0,0.1,0.0,E-n22-k4,random_search,244,0.2737380185516323,0.2164505708312411,0.5295276179819011,472.48241357072686,12.26174971815999
21,1,1071.428571428571,615.0051158462073,6000,82.0,0.0032718619869125,20,0.2,499.030925616267,552.0394300794267,26.8510075469801,0.0650884287305726,4,2.7217872980098097,0,0,0,0.1,0.0650884287305726,E-n22-k4,random_search,245,0.3834061364846663,0.715976724042602,0.8125121615804995,456.0294342222323,43.0014913940347
21,1,1071.428571428571,615.0051158462073,6000,82.0,0.0032718619869125,5,0.05,547.2334691647081,574.1410953702841,16.86784477901173,0.0,4,1.1336086146217004,0,0,0,0.1,0.0,E-n22-k4,random_search,246,0.66371511880896,0.7825317221117629,0.8688563557674001,501.28041584681125,45.95305331789689
21,1,1071.428571428571,615.0051158462073,6000,82.0,0.0032718619869125,90,0.9,463.880413646562,494.16806145218624,38.682602628034736,0.0,19,2.1750695745894104,0,0,0,0.1,0.0,E-n22-k4,random_search,247,0.8774054120098069,0.5394883655315236,0.4229424503179707,442.3763701208952,21.504043525666816
21,1,1071.428571428571,615.0051158462073,6000,82.0,0.0032718619869125,5,0.05,558.221345175367,575.316729460324,13.820323555872776,0.0,3,2.521926714624594,0,0,0,0.1,0.0,E-n22-k4,random_search,248,0.6580113084196291,0.576395437019297,0.3987670885958303,467.6255368026062,90.5958083727608
21,1,1071.428571428571,615.0051158462073,6000,82.0,0.0032718619869125,20,0.2,535.6095447577754,556.1388443051225,13.971575162986683,0.0087499677254101,3,2.689258974990255,0,0,0,0.1,0.0087499677254101,E-n22-k4,random_search,249,0.5938535806239317,0.2432779728039716,0.447154111468934,453.8212508629577,81.78829389481774
21,1,1071.428571428571,615.0051158462073,6000,82.0,0.0032718619869125,70,0.7,492.2435075307708,536.3609714386395,17.552121332197355,0.0318810437631166,2,2.3550349796208234,0,0,0,0.1,0.0318810437631166,E-n22-k4,random_search,250,0.2482066314492474,0.6132531875023597,0.8540489222864971,469.81015793571345,22.433349595057337
21,1,1071.428571428571,615.0051158462073,6000,82.0,0.0032718619869125,40,0.4,458.5385373124362,504.9991850194013,43.5535404184963,0.0,13,2.311066355813882,0,0,0,0.1,0.0,E-n22-k4,random_search,251,0.8260674271994775,0.4789886386386716,0.8413904831594576,451.63509946487267,6.903437847563509
21,1,1071.428571428571,615.0051158462073,6000,82.0,0.0032718619869125,30,0.3,488.30945906237406,538.9856837495117,31.30568826092408,0.0618474125929745,0,2.3943738120314992,0,0,0,0.1,0.0618474125929745,E-n22-k4,random_search,252,0.1728799538760078,0.6423608284370819,0.3379158212121209,440.6096640806045,47.69979498176957
21,1,1071.428571428571,615.0051158462073,6000,82.0,0.0032718619869125,90,0.9,457.2887239411577,526.0440647405505,29.397232401627523,0.0,19,2.6222691382248864,0,0,0,0.1,0.0,E-n22-k4,random_search,253,0.4492175787371283,0.4966690331170106,0.8327113884938906,447.1867015961504,10.1020223450073
21,1,1071.428571428571,615.0051158462073,6000,82.0,0.0032718619869125,80,0.8,466.4659435278163,497.7281699683398,33.05381539147311,0.0,9,2.0172445150105083,0,0,0,0.1,0.0,E-n22-k4,random_search,254,0.6709711012997643,0.5590284712658593,0.8039578505426803,428.2115081579784,38.25443536983795
21,1,1071.428571428571,615.0051158462073,6000,82.0,0.0032718619869125,40,0.4,505.2207860494851,548.0189373432232,20.681926635019337,0.0,19,2.1555552204589987,0,0,0,0.1,0.0,E-n22-k4,random_search,255,0.7862356997274855,0.3391935247227994,0.3012456186275606,456.0085943283764,49.21219172110875
21,1,1071.428571428571,615.0051158462073,6000,82.0,0.0032718619869125,30,0.3,497.89788890333665,543.5032548925876,24.634064350984257,0.0406189014858998,8,2.548048615967721,0,0,0,0.1,0.0406189014858998,E-n22-k4,random_search,256,0.4664984427199553,0.2779293866540083,0.5093837721704748,461.5083390544321,36.38954984890455
21,1,1071.428571428571,615.0051158462073,6000,82.0,0.0032718619869125,20,0.2,510.36132871440054,549.1469580811988,24.02696922808959,0.0347792916261952,2,2.521664201285493,0,0,0,0.1,0.0347792916261952,E-n22-k4,random_search,257,0.5969942788438092,0.7744245930511267,0.4983469247594837,432.4808717410267,77.88045697337378
21,1,1071.428571428571,615.0051158462073,6000,82.0,0.0032718619869125,10,0.1,550.1303788101993,582.0509697082978,13.801715584143894,0.0351412161542045,1,2.1919020988864455,0,0,0,0.1,0.0351412161542045,E-n22-k4,random_search,258,0.173866634346478,0.6134077705329044,0.3041146098464743,475.2732730617036,74.85710574849571
21,1,1071.428571428571,615.0051158462073,6000,82.0,0.0032718619869125,20,0.2,533.6818170498949,547.013219457781,15.706003470195684,0.0,12,2.442719488920164,0,0,0,0.1,0.0,E-n22-k4,random_search,259,0.6153652837359929,0.7629486837863186,0.450000755308688,456.2348624581809,77.44695459171402
21,1,1071.428571428571,615.0051158462073,6000,82.0,0.0032718619869125,20,0.2,503.6268764628861,560.7260658172765,24.334951468724363,0.0188658427974,0,2.047724501323568,0,0,0,0.1,0.0188658427974,E-n22-k4,random_search,260,0.8452360895623593,0.7939233523990352,0.4902360875866338,455.9211204583366,47.705756004549585
21,1,1071.428571428571,615.0051158462073,6000,82.0,0.0032718619869125,60,0.6,511.5219650295569,538.6721243843148,12.32673970852342,0.0,10,2.4852742168060575,0,0,0,0.1,0.0,E-n22-k4,random_search,261,0.189652003654086,0.5556268505650601,0.7718407110761173,470.5255748768382,40.996390152718675
21,1,1071.428571428571,615.0051158462073,6000,82.0,0.0032718619869125,30,0.3,492.70198550526186,540.6296465025156,23.526717045665112,0.0625672168088272,0,2.608698033736262,0,0,0,0.1,0.0625672168088272,E-n22-k4,random_search,262,0.8525900669741405,0.6391781213982273,0.6911542977157628,446.0079550010783,46.69403050418356
21,1,1071.428571428571,615.0051158462073,6000,82.0,0.0032718619869125,40,0.4,513.668835486982,549.4743598182247,17.386622752895207,0.0,19,2.949321387730628,0,0,0,0.1,0.0,E-n22-k4,random_search,263,0.8766355706246934,0.7794607270443976,0.5051870470146541,480.3645793679403,33.30425611904167
21,1,1071.428571428571,615.0051158462073,6000,82.0,0.0032718619869125,80,0.8,506.9770151382675,538.4485184617906,20.170360527193196,0.0,19,2.661742644944712,0,0,0,0.1,0.0,E-n22-k4,random_search,264,0.8906841282498534,0.6909425298951777,0.8893366631921367,448.415638576644,58.56137656162355
21,1,1071.428571428571,615.0051158462073,6000,82.0,0.0032718619869125,10,0.1,499.1220490649403,557.5545360310886,37.65577667545637,0.128097476308944,2,2.5162386443706186,0,0,0,0.1,0.128097476308944,E-n22-k4,random_search,265,0.8960767762471689,0.5718732477362598,0.5456596168714348,465.9602454756442,33.16180358929614
21,1,1071.428571428571,615.0051158462073,6000,82.0,0.0032718619869125,90,0.9,452.89500575124623,489.8104960002719,36.05777039686139,0.0,11,2.073948099298965,0,0,0,0.1,0.0,E-n22-k4,random_search,266,0.7661370917330923,0.3251429313141282,0.4366379720390274,448.1253761470961,4.769629604150111
21,1,1071.428571428571,615.0051158462073,6000,82.0,0.0032718619869125,10,0.1,539.8341540215793,569.54898374249,16.564874127030954,0.037331795344528,0,2.347079409975779,0,0,0,0.1,0.037331795344528,E-n22-k4,random_search,267,0.4762423867045279,0.7222527049390328,0.6908737893080251,446.2389858154857,93.5951682060936
21,1,1071.428571428571,615.0051158462073,6000,82.0,0.0032718619869125,40,0.4,460.99004564569367,516.6980062825035,38.95076542757729,0.0,11,2.427323682720742,0,0,0,0.1,0.0,E-n22-k4,random_search,268,0.62099841016879,0.7704710908013286,0.417472043037089,418.8489563105297,42.141089335164
21,1,1071.428571428571,615.0051158462073,6000,82.0,0.0032718619869125,70,0.7,500.04039247272885,525.3327908060535,23.08679626798562,0.0152878891972901,5,2.456929998973993,0,0,0,0.1,0.0152878891972901,E-n22-k4,random_search,269,0.78210288182552,0.3268114747675477,0.4392451751389074,443.41969913701973,56.62069333570912
21,1,1071.428571428571,615.0051158462073,6000,82.0,0.0032718619869125,80,0.8,494.0274751749312,534.535231772034,18.82667272464592,0.0,19,2.8046432641977144,0,0,0,0.1,0.0,E-n22-k4,random_search,270,0.3105490328747327,0.507550554696012,0.3066873773088797,459.4018441277609,34.62563104717026
21,1,1071.428571428571,615.0051158462073,6000,82.0,0.0032718619869125,90,0.9,474.3207528998959,527.6421422044145,30.03444789667483,0.0422082958798117,3,2.5582408701416317,0,0,0,0.1,0.0422082958798117,E-n22-k4,random_search,271,0.2976036346864875,0.5623730858891269,0.9263060528886572,469.5229692476052,4.797783652290718
21,1,1071.428571428571,615.0051158462073,6000,82.0,0.0032718619869125,50,0.5,471.1807808911305,514.7504585596031,35.947596737270686,0.0,11,2.4845108861299043,0,0,0,0.1,0.0,E-n22-k4,random_search,272,0.7323414043037647,0.247949294774419,0.4755184572821975,442.4364482453687,28.744332645761745
21,1,1071.428571428571,615.0051158462073,6000,82.0,0.0032718619869125,60,0.6,502.74784970563906,537.8775920489422,14.47560770295307,0.0,19,2.0336707173564705,0,0,0,0.1,0.0,E-n22-k4,random_search,273,0.4053953994975043,0.4954255509852933,0.9463091613092032,492.2435075307708,10.50434217486827
21,1,1071.428571428571,615.0051158462073,6000,82.0,0.0032718619869125,5,0.05,545.8205633446759,580.131140984032,21.523433285927197,0.0,0,2.776339416277265,0,0,0,0.1,0.0,E-n22-k4,random_search,274,0.7868752312314561,0.3299841980958054,0.3644229078653022,454.0775327893831,91.74303055529276
21,1,1071.428571428571,615.0051158462073,6000,82.0,0.0032718619869125,20,0.2,524.2467601931394,558.158137706054,18.764213157572645,0.0,13,2.091057407268002,0,0,0,0.1,0.0,E-n22-k4,random_search,275,0.5373335998507546,0.7834466061674674,0.5140353240327198,476.84387441980664,47.40288577333274
21,1,1071.428571428571,615.0051158462073,6000,82.0,0.0032718619869125,50,0.5,493.2136251080057,538.439174772992,23.271721900242262,0.0441277635525207,5,2.434328427106284,0,0,0,0.1,0.0441277635525207,E-n22-k4,random_search,276,0.3525142933263869,0.7977117741864703,0.8707425075692306,464.8529736050946,28.36065150291114
21,1,1071.428571428571,615.0051158462073,6000,82.0,0.0032718619869125,40,0.4,519.2387648564277,553.8072308460031,13.593087698991912,0.0,19,2.3406745275062404,0,0,0,0.1,0.0,E-n22-k4,random_search,277,0.2789737628846294,0.735376343801958,0.8775569907229053,485.2402433707807,33.99852148564696
21,1,1071.428571428571,615.0051158462073,6000,82.0,0.0032718619869125,70,0.7,473.29239894441343,524.8366390419628,33.839929992652635,0.0,19,2.694988942952264,0,0,0,0.1,0.0,E-n22-k4,random_search,278,0.103150841422676,0.3534315811743366,0.5034346012354414,469.3168599098982,3.975539034515237
21,1,1071.428571428571,615.0051158462073,6000,82.0,0.0032718619869125,90,0.9,493.7951075967583,534.8367203421519,17.67645572862087,0.0086008891314399,8,2.610099116765118,0,0,0,0.1,0.0086008891314399,E-n22-k4,random_search,279,0.403556444776046,0.2472979692674514,0.8375757198078566,483.5109833493893,10.28412424736905
21,1,1071.428571428571,615.0051158462073,6000,82.0,0.0032718619869125,50,0.5,518.908295216274,542.2641753850437,13.5017218876304,0.0,19,2.04242077749176,0,0,0,0.1,0.0,E-n22-k4,random_search,280,0.8584111752081418,0.6940919811335663,0.7111795534351707,459.7134627525251,59.19483246374893
21,1,1071.428571428571,615.0051158462073,6000,82.0,0.0032718619869125,80,0.8,451.0716447604299,497.52968336990045,42.58494071945404,0.0,19,2.432441219320793,0,0,0,0.1,0.0,E-n22-k4,random_search,281,0.6657437860101939,0.6705051414741527,0.3861665480581145,438.2071294294933,12.86451533093657
21,1,1071.428571428571,615.0051158462073,6000,82.0,0.0032718619869125,10,0.1,522.6466458468207,558.9805835908871,25.859233682911142,0.0679817042356791,3,2.4389885707332133,0,0,0,0.1,0.0679817042356791,E-n22-k4,random_search,282,0.6949844915802621,0.580622499339895,0.8914791469705079,463.0315969332208,59.61504891359982
21,1,1071.428571428571,615.0051158462073,6000,82.0,0.0032718619869125,80,0.8,487.6506688127791,513.4426027740058,27.45881426106106,0.0,19,2.4126878928295934,0,0,0,0.1,0.0,E-n22-k4,random_search,283,0.7938790923617692,0.3097008454254579,0.3106632435285257,469.3168599098982,18.33380890288089
21,1,1071.428571428571,615.0051158462073,6000,82.0,0.0032718619869125,50,0.5,463.0230876146659,543.7386782062578,27.389530188921245,0.0055705304198462,3,2.1756314983430425,0,0,0,0.1,0.0055705304198462,E-n22-k4,random_search,284,0.7068840551938181,0.729901066509403,0.7978606055720623,440.88815470812347,22.134932906542417
21,1,1071.428571428571,615.0051158462073,6000,82.0,0.0032718619869125,90,0.9,479.5382313861338,538.0832211675978,20.30862707725929,0.0,19,2.8038877620032734,0,0,0,0.1,0.0,E-n22-k4,random_search,285,0.8426817018496011,0.2185347774912198,0.8294318796472286,467.3697378827337,12.1684935034001
21,1,1071.428571428571,615.0051158462073,6000,82.0,0.0032718619869125,5,0.05,531.6258003370943,567.114261757404,28.62403275229016,0.0,0,2.622741552660869,0,0,0,0.1,0.0,E-n22-k4,random_search,286,0.6293806332659756,0.2825740072705868,0.7812598159862577,483.2435559430713,48.38224439402302
21,1,1071.428571428571,615.0051158462073,6000,82.0,0.0032718619869125,80,0.8,496.7990248705076,528.4089727837747,16.25543162389479,0.0,19,2.558986170125988,0,0,0,0.1,0.0,E-n22-k4,random_search,287,0.6861882232522618,0.508741825383521,0.5690274976569614,471.3972884600217,25.40173641048591
21,1,1071.428571428571,615.0051158462073,6000,82.0,0.0032718619869125,90,0.9,482.5621753295461,527.1616760431702,24.8973014002628,0.0,16,2.523411644262116,0,0,0,0.1,0.0,E-n22-k4,random_search,288,0.2718224695068197,0.3480930306869416,0.558555879462731,465.2478979309855,17.31427739856059
21,1,1071.428571428571,615.0051158462073,6000,82.0,0.0032718619869125,70,0.7,486.1328605443018,538.6250393480125,18.3223039272859,0.0,19,2.609226658567787,0,0,0,0.1,0.0,E-n22-k4,random_search,289,0.5314603993650434,0.3122937486265723,0.3010444469251248,463.4701890347761,22.662671509525698
21,1,1071.428571428571,615.0051158462073,6000,82.0,0.0032718619869125,50,0.5,475.55681028146586,541.5553454427538,26.03814484441889,0.0500933306015473,3,2.500682252333914,0,0,0,0.1,0.0500933306015473,E-n22-k4,random_search,290,0.1321494448714331,0.2870934642244049,0.8134318232018891,459.03396857672647,16.522841704739392
21,1,1071.428571428571,615.0051158462073,6000,82.0,0.0032718619869125,90,0.9,498.4609023642674,532.893305924942,17.059423227076568,0.0,14,2.8069993672429434,0,0,0,0.1,0.0,E-n22-k4,random_search,291,0.4305054515868916,0.5952596452266441,0.5847931426729979,438.39827903467295,60.06262332959443
21,1,1071.428571428571,615.0051158462073,6000,82.0,0.0032718619869125,60,0.6,486.1825091789554,541.0911256862721,18.70531515297796,0.0,12,2.4508976660481805,0,0,0,0.1,0.0,E-n22-k4,random_search,292,0.1404935223353604,0.4323870209364795,0.5401184203169344,479.0403050734979,7.142204105457438
21,1,1071.428571428571,615.0051158462073,6000,82.0,0.0032718619869125,70,0.7,509.163126773556,548.2639705101807,12.338597492829743,9.39521247628768e-05,5,2.6065912902567243,0,0,0,0.1,9.39521247628768e-05,E-n22-k4,random_search,293,0.1396460908301763,0.4350746311464164,0.5681800789380593,455.0063520007687,54.15677477278729
21,1,1071.428571428571,615.0051158462073,6000,82.0,0.0032718619869125,40,0.4,493.4406309278011,524.6024586208704,30.84006632557953,0.0,19,2.5687032550470716,0,0,0,0.1,0.0,E-n22-k4,random_search,294,0.8943852639868539,0.3131598468406031,0.3480823829213912,455.26815375690904,38.17247717089208
21,1,1071.428571428571,615.0051158462073,6000,82.0,0.0032718619869125,80,0.8,506.55418335546466,533.9048439663318,16.48340227074601,0.0,19,2.5975848212198067,0,0,0,0.1,0.0,E-n22-k4,random_search,295,0.8187620165417562,0.4473165889662034,0.626249174604052,463.1497134700247,43.40446988543994
21,1,1071.428571428571,615.0051158462073,6000,82.0,0.0032718619869125,70,0.7,492.2435075307708,539.6896259614657,16.656457622240147,0.063439533739351,6,1.7180602692603584,0,0,0,0.1,0.063439533739351,E-n22-k4,random_search,296,0.6597003365680445,0.50785470651644,0.7503723767990477,488.7436240861657,3.499883444605075
21,1,1071.428571428571,615.0051158462073,6000,82.0,0.0032718619869125,70,0.7,495.935591929289,525.2036666377669,22.828184459515352,0.0,16,2.6430493053019113,0,0,0,0.1,0.0,E-n22-k4,random_search,297,0.7801777578836766,0.7275897330612846,0.4310645030265216,441.9384616003095,53.997130328979495
21,1,1071.428571428571,615.0051158462073,6000,82.0,0.0032718619869125,90,0.9,451.7285576992111,494.6557668824937,48.08207107840865,0.0,19,2.4680911466351145,0,0,0,0.1,0.0,E-n22-k4,random_search,298,0.7167535532733632,0.2595106278891321,0.9467636564765524,423.0387517156756,28.68980598353545
21,1,1071.428571428571,615.0051158462073,6000,82.0,0.0032718619869125,50,0.5,507.2610894322173,530.8326308761661,24.79823918132798,0.0,19,2.57358380270432,0,0,0,0.1,0.0,E-n22-k4,random_search,299,0.5692587470775875,0.4416070126448365,0.8414146504706908,444.4429581881217,62.81813124409564
31,1,13.225806451612904,7.137857623013364,100,97.0,0.003400999043469,90,0.9,1272.9749451811865,1525.0030717408897,105.1940464940924,0.0,14,2.177558137113866,0,0,0,0.1,0.0,A-n32-k5,random_search,0,0.4013913309389031,0.3020787874576996,0.6480626448568065,1243.820331140635,29.154614040551223
31,1,13.225806451612904,7.137857623013364,100,97.0,0.003400999043469,40,0.4,1293.9886591740287,1578.9449777110929,111.86256485473176,0.016995386139656,2,2.1824986446005927,0,0,0,0.1,0.016995386139656,A-n32-k5,random_search,1,0.1708926979131137,0.7759222766412732,0.8809180982823521,1254.4428106645605,39.545848509468215
31,1,13.225806451612904,7.137857623013364,100,97.0,0.003400999043469,70,0.7,1414.1341322592623,1576.6337201257077,90.8366065104543,0.0030412567074179,3,2.3716821071959817,0,0,0,0.1,0.0030412567074179,A-n32-k5,random_search,2,0.3117833043943208,0.2991529150568996,0.9475904503853236,1325.7074229114703,88.42670934779198
31,1,13.225806451612904,7.137857623013364,100,97.0,0.003400999043469,5,0.05,1731.1834558021767,1866.2013168492856,78.59567150077439,0.0,0,2.2381020790330917,0,0,0,0.1,0.0,A-n32-k5,random_search,3,0.2592609655341231,0.7191905741318223,0.7497891772467576,1403.6871179640227,327.496337838154
31,1,13.225806451612904,7.137857623013364,100,97.0,0.003400999043469,20,0.2,1568.0608598779595,1727.4644862711789,59.11184080316002,0.0015049455311722,5,1.9535041346977933,0,0,0,0.1,0.0015049455311722,A-n32-k5,random_search,4,0.136036790960815,0.293408683465349,0.7325258473028513,1243.2932316752238,324.76762820273575
31,1,13.225806451612904,7.137857623013364,100,97.0,0.003400999043469,5,0.05,1579.7422716744252,1841.4013166137208,101.77378194695751,0.0,5,2.425261101684889,0,0,0,0.1,0.0,A-n32-k5,random_search,5,0.1421502522185786,0.5725196714419076,0.7083641406068788,1368.1285942680388,211.6136774063864
31,1,13.225806451612904,7.137857623013364,100,97.0,0.003400999043469,80,0.8,1373.2911969000593,1532.264129309678,92.39317106712924,0.0045628223194595,8,1.6987347768075909,0,0,0,0.1,0.0045628223194595,A-n32-k5,random_search,6,0.5060895390710451,0.5628807297546005,0.760431458613964,1317.1597182383232,56.13147866173608
31,1,13.225806451612904,7.137857623013364,100,97.0,0.003400999043469,90,0.9,1415.4913465538343,1575.088286023877,82.4486377869744,0.0,18,2.4872461231768237,0,0,0,0.1,0.0,A-n32-k5,random_search,7,0.3874592440291886,0.612276319762328,0.937653183511775,1343.3188807811014,72.17246577273318
31,1,13.225806451612904,7.137857623013364,100,97.0,0.003400999043469,40,0.4,1362.3706883331308,1552.468805944626,97.63006040087804,0.0441960977141845,8,1.9547932979516611,0,0,0,0.1,0.0441960977141845,A-n32-k5,random_search,8,0.4618722658289108,0.5633147918563232,0.8718278908045878,1235.6741770827894,126.69651125034147
31,1,13.225806451612904,7.137857623013364,100,97.0,0.003400999043469,60,0.6,1378.5478501173286,1573.8296905618515,84.71024323172932,0.0055171312292019,2,2.3285389477291316,0,0,0,0.1,0.0055171312292019,A-n32-k5,random_search,9,0.6778447409519963,0.6130101128724876,0.4646475678567132,1350.040088229634,28.50776188769464
31,1,13.225806451612904,7.137857623013364,100,97.0,0.003400999043469,70,0.7,1403.2209324450098,1596.891832938322,65.18043507627073,0.0004867514088787,5,2.51753374896358,0,0,0,0.1,0.0004867514088787,A-n32-k5,random_search,10,0.4201524825736018,0.206058196200541,0.6627455878694022,1252.5115591767983,150.7093732682115
31,1,13.225806451612904,7.137857623013364,100,97.0,0.003400999043469,30,0.3,1428.1238169429823,1699.1963976403435,84.93521835321019,0.0282153411301219,2,2.0596806182647405,0,0,0,0.1,0.0282153411301219,A-n32-k5,random_search,11,0.1572453846554065,0.4125227904638139,0.5670997543402098,1335.131333988264,92.9924829547183
31,1,13.225806451612904,7.137857623013364,100,97.0,0.003400999043469,90,0.9,1368.4729714606678,1550.155533099834,87.71799830108614,0.0,19,2.047707468503414,0,0,0,0.1,0.0,A-n32-k5,random_search,12,0.4712159989759121,0.3751961136964098,0.9249876065285108,1294.5896342606525,73.88333720001538
31,1,13.225806451612904,7.137857623013364,100,97.0,0.003400999043469,70,0.7,1341.878720379481,1535.4361353554095,100.72764407999637,0.0055012860513978,5,2.555391662547015,0,0,0,0.1,0.0055012860513978,A-n32-k5,random_search,13,0.5804828902688416,0.5747794283144139,0.9714940461684474,1239.5500312178544,102.32868916162649
31,1,13.225806451612904,7.137857623013364,100,97.0,0.003400999043469,20,0.2,1597.3562425761895,1711.707426675263,62.92645510894521,0.0198314956120783,6,2.5969190813432155,0,0,0,0.1,0.0198314956120783,A-n32-k5,random_search,14,0.6287228580422235,0.502244142712595,0.910163422001065,1249.8879696893646,347.46827288682493
31,1,13.225806451612904,7.137857623013364,100,97.0,0.003400999043469,60,0.6,1415.4712292796105,1621.4739769982962,92.4653912219049,0.0287235303616167,0,2.6718985857843083,0,0,0,0.1,0.0287235303616167,A-n32-k5,random_search,15,0.1055591091887596,0.5297512119534986,0.5663873384532949,1351.5178392922942,63.953389987316086
31,1,13.225806451612904,7.137857623013364,100,97.0,0.003400999043469,5,0.05,1585.659226469941,1842.4530439210953,103.34008881695404,0.0,1,2.480904159651774,0,0,0,0.1,0.0,A-n32-k5,random_search,16,0.167663079729838,0.2770489550896697,0.942736842037085,1361.41278907399,224.2464373959508
31,1,13.225806451612904,7.137857623013364,100,97.0,0.003400999043469,90,0.9,1450.2183486016786,1616.9309922779462,61.0460578321903,0.0,19,2.58875281956504,0,0,0,0.1,0.0,A-n32-k5,random_search,17,0.6574739245443139,0.3432625225569924,0.851650190793724,1440.2888159022484,9.929532699430183
31,1,13.225806451612904,7.137857623013364,100,97.0,0.003400999043469,5,0.05,1519.1277068390125,1796.7407385181991,106.83197330073568,0.0,2,2.4647566424962384,0,0,0,0.1,0.0,A-n32-k5,random_search,18,0.1476190562960705,0.3207144533501477,0.4266374408367828,1235.5940716777386,283.5336351612739
31,1,13.225806451612904,7.137857623013364,100,97.0,0.003400999043469,70,0.7,1351.541461385783,1530.6466544977693,106.6886094335061,0.0,19,2.2111357804599847,0,0,0,0.1,0.0,A-n32-k5,random_search,19,0.7332055531533077,0.2499248547477497,0.7222067053061908,1212.6057134028968,138.9357479828859
31,1,13.225806451612904,7.137857623013364,100,97.0,0.003400999043469,60,0.6,1375.6243849992163,1589.2550335590568,81.05668584451104,0.0749619066029296,4,2.5355800268132653,0,0,0,0.1,0.0749619066029296,A-n32-k5,random_search,20,0.4240334848368032,0.4703605934517695,0.5250527914416316,1275.876552908984,99.74783209023258
31,1,13.225806451612904,7.137857623013364,100,97.0,0.003400999043469,50,0.5,1372.3879413767245,1482.542527019235,97.11693762871224,0.0006180128848034,6,1.4837826979174886,0,0,0,0.1,0.0006180128848034,A-n32-k5,random_search,21,0.7820470530056391,0.3158481923833804,0.9973528476194162,1282.1526756740118,90.23526570271248
31,1,13.225806451612904,7.137857623013364,100,97.0,0.003400999043469,5,0.05,1723.4886538813776,1875.786655866,78.06366634390571,0.0,4,2.358032512488775,0,0,0,0.1,0.0,A-n32-k5,random_search,22,0.2192833773795037,0.2062304468954723,0.6813473920599722,1396.3855339625218,327.1031199188558
31,1,13.225806451612904,7.137857623013364,100,97.0,0.003400999043469,80,0.8,1456.6477833637591,1561.5862365681878,80.50522974926461,0.013455325516952,2,2.0930278935597224,0,0,0,0.1,0.013455325516952,A-n32-k5,random_search,23,0.4386818245151644,0.3347026408201391,0.5380179917349408,1240.1175825937746,216.5302007699845
31,1,13.225806451612904,7.137857623013364,100,97.0,0.003400999043469,60,0.6,1487.8502124611175,1601.734596516701,72.29918646809983,0.0184495384257456,1,2.1025961562411855,0,0,0,0.1,0.0184495384257456,A-n32-k5,random_search,24,0.2813957902945653,0.3068753541136344,0.3487930015655093,1269.2583011722495,218.59191128886775
31,1,13.225806451612904,7.137857623013364,100,97.0,0.003400999043469,5,0.05,1713.700245391576,1826.433553633488,68.70066639715438,0.0,4,2.7015078215599657,0,0,0,0.1,0.0,A-n32-k5,random_search,25,0.1880347321443937,0.6939629745918127,0.8925196194974439,1409.0357841947416,304.6644611968345
31,1,13.225806451612904,7.137857623013364,100,97.0,0.003400999043469,40,0.4,1395.4958570196611,1639.2801401904983,99.78690359521477,0.0381887833637183,5,2.56961400639299,0,0,0,0.1,0.0381887833637183,A-n32-k5,random_search,26,0.1160283168424344,0.3480729844874393,0.7073919472890555,1317.8947854725502,77.6010715471109
31,1,13.225806451612904,7.137857623013364,100,97.0,0.003400999043469,30,0.3,1494.910904285545,1663.9607238926933,77.1822144674488,0.0,11,2.4240685635491905,0,0,0,0.1,0.0,A-n32-k5,random_search,27,0.1189978209546663,0.6899864009202876,0.9014874995494482,1360.6077806385356,134.30312364700944
31,1,13.225806451612904,7.137857623013364,100,97.0,0.003400999043469,30,0.3,1515.3317502657867,1705.6560216757753,70.32449452451141,0.032615448385526,2,2.4570885273543306,0,0,0,0.1,0.032615448385526,A-n32-k5,random_search,28,0.5597965109117161,0.2829020317658651,0.5962928799731712,1412.837516844531,102.494233421256
31,1,13.225806451612904,7.137857623013364,100,97.0,0.003400999043469,30,0.3,1479.100573753657,1646.8871941159414,65.39462250177324,0.0,19,2.4682180179979865,0,0,0,0.1,0.0,A-n32-k5,random_search,29,0.1252224353574867,0.2258917643964187,0.5931246093751863,1349.416236012282,129.68433774137495
31,1,13.225806451612904,7.137857623013364,100,97.0,0.003400999043469,40,0.4,1408.529326085603,1582.0217204269445,81.08803497938925,0.0179187841606191,8,1.995139397318074,0,0,0,0.1,0.0179187841606191,A-n32-k5,random_search,30,0.552687187076504,0.3159856297379119,0.3642288872874434,1210.2186407201868,198.31068536541648
31,1,13.225806451612904,7.137857623013364,100,97.0,0.003400999043469,30,0.3,1536.5880050314822,1640.9046822019232,76.44553685004648,0.0,13,2.4568933856680992,0,0,0,0.1,0.0,A-n32-k5,random_search,31,0.1112342788064772,0.5719550184963965,0.7182465150979794,1356.4801285324015,180.10787649908048
31,1,13.225806451612904,7.137857623013364,100,97.0,0.003400999043469,40,0.4,1438.1434318046604,1643.8085281491265,81.79359756672383,0.0,10,1.8047531493049456,0,0,0,0.1,0.0,A-n32-k5,random_search,32,0.1841491523271091,0.7571699055821297,0.7129613295665674,1294.020116880498,144.12331492416251
31,1,13.225806451612904,7.137857623013364,100,97.0,0.003400999043469,20,0.2,1570.5820851875824,1738.5839641702323,66.1803226305584,0.0,17,2.6147280420399452,0,0,0,0.1,0.0,A-n32-k5,random_search,33,0.526203375638501,0.3219565179780299,0.9219631668095478,1382.0367012894524,188.54538389813
31,1,13.225806451612904,7.137857623013364,100,97.0,0.003400999043469,50,0.5,1416.8051050431145,1622.7617144617743,78.23012595408288,0.0689194834357624,2,2.576803276253937,0,0,0,0.1,0.0689194834357624,A-n32-k5,random_search,34,0.3616124395630615,0.2367490358098413,0.8119886288600942,1191.7928666270195,225.01223841609476
31,1,13.225806451612904,7.137857623013364,100,97.0,0.003400999043469,70,0.7,1434.5575751132567,1595.0118743577614,86.61000007442873,0.0,19,2.806299148956496,0,0,0,0.1,0.0,A-n32-k5,random_search,35,0.1967228896621154,0.2194735620052638,0.4025662130250744,1392.169296914596,42.38827819866083
31,1,13.225806451612904,7.137857623013364,100,97.0,0.003400999043469,40,0.4,1528.352061108426,1665.070742240107,64.0793452593446,0.0506083777721768,1,2.7706165852656395,0,0,0,0.1,0.0506083777721768,A-n32-k5,random_search,36,0.8196224784469183,0.6932722261778065,0.4456171770162764,1410.493918830054,117.85814227837182
31,1,13.225806451612904,7.137857623013364,100,97.0,0.003400999043469,20,0.2,1569.1546096591462,1739.6414333141074,85.67184862220111,0.0,16,2.468376220656164,0,0,0,0.1,0.0,A-n32-k5,random_search,37,0.3946967812700047,0.3870435053309207,0.6608487275242807,1335.2473386035797,233.90727105556675
31,1,13.225806451612904,7.137857623013364,100,97.0,0.003400999043469,40,0.4,1507.7618902604793,1647.0794749249037,76.72923647081743,0.0,17,2.278939104014687,0,0,0,0.1,0.0,A-n32-k5,random_search,38,0.6964231889997475,0.3499178555587496,0.8082200535398607,1307.1030020240837,200.65888823639557
31,1,13.225806451612904,7.137857623013364,100,97.0,0.003400999043469,50,0.5,1528.6929371441386,1652.686803735435,67.3363397584649,0.013352988841766,7,2.4320398894096784,0,0,0,0.1,0.013352988841766,A-n32-k5,random_search,39,0.5074594268112687,0.4532948727787314,0.3039541982133889,1371.585048623761,157.10788852037763
31,1,13.225806451612904,7.137857623013364,100,97.0,0.003400999043469,90,0.9,1377.7703940901652,1565.262560587657,115.9241261683518,0.0040218748127212,5,2.2877471254946915,0,0,0,0.1,0.0040218748127212,A-n32-k5,random_search,40,0.2739559962136054,0.4919620173658645,0.5429452363442803,1295.9279510079996,81.84244308216557
31,1,13.225806451612904,7.137857623013364,100,97.0,0.003400999043469,40,0.4,1426.46790717191,1645.179320983485,108.19318068506126,0.0224962291295078,5,2.538668623021252,0,0,0,0.1,0.0224962291295078,A-n32-k5,random_search,41,0.2383677171928218,0.7649213626406444,0.8350159469617942,1237.6739676732616,188.7939394986483
31,1,13.225806451612904,7.137857623013364,100,97.0,0.003400999043469,50,0.5,1512.9407074530418,1623.6331476861328,75.21757367343903,0.013848120358798,7,2.3984303534876084,0,0,0,0.1,0.013848120358798,A-n32-k5,random_search,42,0.1686307612104488,0.2479292531249797,0.3260498493937561,1339.8941378872491,173.04656956579265
31,1,13.225806451612904,7.137857623013364,100,97.0,0.003400999043469,40,0.4,1431.9435076523755,1658.4940803396785,97.2056121935716,0.0333064536576858,2,2.525599460001768,0,0,0,0.1,0.0333064536576858,A-n32-k5,random_search,43,0.3047661039843612,0.3412434203917094,0.8159922918908626,1354.5340035515896,77.40950410078608
31,1,13.225806451612904,7.137857623013364,100,97.0,0.003400999043469,40,0.4,1376.5442516480452,1592.891861345416,92.73538498278744,0.0370185960316084,3,2.2218905276450003,0,0,0,0.1,0.0370185960316084,A-n32-k5,random_search,44,0.1909232450398484,0.3786437070353017,0.9102482519224472,1309.7763583756337,66.76789327241158
31,1,13.225806451612904,7.137857623013364,100,97.0,0.003400999043469,90,0.9,1371.337762431722,1524.368403306495,85.69417373188335,0.0038542325561944,3,2.3986869969365125,0,0,0,0.1,0.0038542325561944,A-n32-k5,random_search,45,0.8144982841204295,0.4904441458900456,0.5527430576715849,1342.3499029069378,28.9878595247842
31,1,13.225806451612904,7.137857623013364,100,97.0,0.003400999043469,50,0.5,1452.5283737250766,1618.4893594509726,96.3129739952042,0.0,15,2.1811652425764008,0,0,0,0.1,0.0,A-n32-k5,random_search,46,0.3922524725298596,0.7214623538268488,0.4632476544700235,1299.5701287411405,152.95824498393608
31,1,13.225806451612904,7.137857623013364,100,97.0,0.003400999043469,60,0.6,1474.3968142159963,1579.1375042833868,76.73323038313485,0.0,15,2.201125132731832,0,0,0,0.1,0.0,A-n32-k5,random_search,47,0.560006421017296,0.4120776863702837,0.7560066472976792,1249.9476690221572,224.44914519383929
31,1,13.225806451612904,7.137857623013364,100,97.0,0.003400999043469,40,0.4,1578.840368459866,1674.1818355825762,59.59155334488317,0.0211821453070344,0,2.306015325364258,0,0,0,0.1,0.0211821453070344,A-n32-k5,random_search,48,0.1837947046057607,0.4224512853737391,0.6891521379007054,1368.1419400064106,210.69842845345536
31,1,13.225806451612904,7.137857623013364,100,97.0,0.003400999043469,30,0.3,1413.4766540573314,1682.0069532001858,109.17117434899276,0.0751574790508299,0,2.7170146988117883,0,0,0,0.1,0.0751574790508299,A-n32-k5,random_search,49,0.4019376419192512,0.6540360310798845,0.3189227167612544,1241.4550011171318,172.0216529401996
31,1,13.225806451612904,7.137857623013364,100,97.0,0.003400999043469,90,0.9,1402.4153180010928,1557.94263502156,76.89712750697022,0.029678475948848,1,2.163508620263249,0,0,0,0.1,0.029678475948848,A-n32-k5,random_search,50,0.5308166404910466,0.3469371407710616,0.6462921811377195,1296.3940021045153,106.02131589657756
31,1,13.225806451612904,7.137857623013364,100,97.0,0.003400999043469,60,0.6,1415.344803022051,1615.770937299621,86.25868195318003,0.0066570934069971,4,2.106237495331079,0,0,0,0.1,0.0066570934069971,A-n32-k5,random_search,51,0.3195870059055555,0.4054964746591731,0.4227753022954575,1330.7129149315383,84.6318880905128
31,1,13.225806451612904,7.137857623013364,100,97.0,0.003400999043469,50,0.5,1444.799582719089,1609.5837995226875,96.21041879350324,0.0023646677700271,8,2.4314638491905396,0,0,0,0.1,0.0023646677700271,A-n32-k5,random_search,52,0.670122098586267,0.4486705614617198,0.3649560790132574,1345.0387062296609,99.7608764894278
31,1,13.225806451612904,7.137857623013364,100,97.0,0.003400999043469,30,0.3,1598.715357358497,1716.5385557777968,72.7965294485422,0.0118835661983153,1,2.8102352520232388,0,0,0,0.1,0.0118835661983153,A-n32-k5,random_search,53,0.8371390347092422,0.6130373083388054,0.9019827760521716,1320.702839073944,278.0125182845529
31,1,13.225806451612904,7.137857623013364,100,97.0,0.003400999043469,30,0.3,1536.079658894667,1701.6881143767027,85.298685836744,0.0148165162927145,3,2.3229738994812745,0,0,0,0.1,0.0148165162927145,A-n32-k5,random_search,54,0.1329469039771912,0.3841631307330152,0.4121888029076543,1408.8114395522782,127.2682193423891
31,1,13.225806451612904,7.137857623013364,100,97.0,0.003400999043469,10,0.1,1599.1890523160905,1773.794914128092,83.2099267510532,0.119226934662031,1,2.1613052776054493,0,0,0,0.1,0.119226934662031,A-n32-k5,random_search,55,0.2174693169295967,0.5688103563680967,0.712015209088213,1284.380235800783,314.80881651530694
31,1,13.225806451612904,7.137857623013364,100,97.0,0.003400999043469,80,0.8,1400.5901910839898,1646.6969511884647,86.1821000736057,0.0,10,2.3881077398134254,0,0,0,0.1,0.0,A-n32-k5,random_search,56,0.2586003670222168,0.3335509461151771,0.6143525930064968,1292.2316011828389,108.35858990115094
31,1,13.225806451612904,7.137857623013364,100,97.0,0.003400999043469,80,0.8,1380.3191464727042,1554.1056324465494,70.32593235801463,0.0094572629147369,1,1.906696752559485,0,0,0,0.1,0.0094572629147369,A-n32-k5,random_search,57,0.5603630578298189,0.6648760783343115,0.7332301125650638,1205.2604358250644,175.05871064763983
31,1,13.225806451612904,7.137857623013364,100,97.0,0.003400999043469,10,0.1,1635.566773092787,1771.1208677113343,65.55632606420319,0.0400232256114621,3,2.4968209828675016,0,0,0,0.1,0.0400232256114621,A-n32-k5,random_search,58,0.3544698998366775,0.4582275679778194,0.3425876162679588,1325.3655966977424,310.2011763950443
31,1,13.225806451612904,7.137857623013364,100,97.0,0.003400999043469,20,0.2,1553.050464378449,1717.7550995427998,87.55450950629731,0.0449981651551621,7,2.599704315820625,0,0,0,0.1,0.0449981651551621,A-n32-k5,random_search,59,0.789605870392366,0.6238440051203019,0.6238249815352146,1343.7862517706956,209.2642126077535
31,1,13.225806451612904,7.137857623013364,100,97.0,0.003400999043469,20,0.2,1484.8691564611834,1695.0052793870086,73.33289918939057,0.0,10,2.4298594467058963,0,0,0,0.1,0.0,A-n32-k5,random_search,60,0.389791479298663,0.2586040629826182,0.6095766303392598,1367.1080604451338,117.76109601604958
31,1,13.225806451612904,7.137857623013364,100,97.0,0.003400999043469,40,0.4,1519.290006530374,1646.8748542545245,77.98973581298225,0.0070104116735438,8,2.637577479666223,0,0,0,0.1,0.0070104116735438,A-n32-k5,random_search,61,0.2233222288528523,0.3790055554713396,0.809412370718263,1379.62186577591,139.66814075446405
31,1,13.225806451612904,7.137857623013364,100,97.0,0.003400999043469,80,0.8,1396.6106045183358,1555.704922269082,81.35072771925677,0.0153908542949412,8,2.560202406463459,0,0,0,0.1,0.0153908542949412,A-n32-k5,random_search,62,0.1778482236386249,0.256056439013555,0.9191708672311932,1293.6703590516397,102.94024546669608
31,1,13.225806451612904,7.137857623013364,100,97.0,0.003400999043469,80,0.8,1382.0899122284516,1532.1680336263166,77.38219695700113,0.0005969575058603,0,2.5114403780327885,0,0,0,0.1,0.0005969575058603,A-n32-k5,random_search,63,0.5846749279091497,0.6381212293177367,0.6934202853295073,1320.5802367658982,61.50967546255333
31,1,13.225806451612904,7.137857623013364,100,97.0,0.003400999043469,40,0.4,1350.184014436399,1515.4971264159535,93.12614602170828,0.0,9,1.6828503229959595,0,0,0,0.1,0.0,A-n32-k5,random_search,64,0.4407824922705241,0.2961702733668901,0.9518701222989664,1205.412833771738,144.77118066466096
31,1,13.225806451612904,7.137857623013364,100,97.0,0.003400999043469,5,0.05,1661.022442146142,1858.845718682259,87.92432571626306,0.0,4,2.652246663437546,0,0,0,0.1,0.0,A-n32-k5,random_search,65,0.7660785471972177,0.7386494131941725,0.7569324221339886,1425.5895239295814,235.4329182165607
31,1,13.225806451612904,7.137857623013364,100,97.0,0.003400999043469,70,0.7,1273.2636578957104,1603.0430295160727,116.34503131972056,0.1094815492747165,6,2.444587375032535,0,0,0,0.1,0.1094815492747165,A-n32-k5,random_search,66,0.4758746717729181,0.355724189547847,0.8912535194298357,1206.5443283471925,66.71932954851786
31,1,13.225806451612904,7.137857623013364,100,97.0,0.003400999043469,30,0.3,1506.303165283305,1654.2874912349987,83.31194825015517,0.0144198564654339,1,2.3202943539292717,0,0,0,0.1,0.0144198564654339,A-n32-k5,random_search,67,0.4388378686423436,0.7340590916315408,0.4231610874323323,1317.6594739122431,188.64369137106155
31,1,13.225806451612904,7.137857623013364,100,97.0,0.003400999043469,30,0.3,1374.6623937587028,1630.2580389443656,91.59497766799905,0.039715241003542,8,2.4491528833883636,0,0,0,0.1,0.039715241003542,A-n32-k5,random_search,68,0.3643302823092241,0.6230656780154056,0.8622735223027693,1338.2706870601494,36.391706698553435
31,1,13.225806451612904,7.137857623013364,100,97.0,0.003400999043469,60,0.6,1431.532250961806,1614.4099428588363,91.8099941288542,0.0101023068289918,3,2.1635432441765716,0,0,0,0.1,0.0101023068289918,A-n32-k5,random_search,69,0.128486715520047,0.4200709952879422,0.8632670547743024,1368.391060329231,63.14119063257499
31,1,13.225806451612904,7.137857623013364,100,97.0,0.003400999043469,60,0.6,1442.6972528143217,1629.712469062592,72.3541334657053,0.0114114284597476,8,2.6097528406259745,0,0,0,0.1,0.0114114284597476,A-n32-k5,random_search,70,0.1252218571993408,0.7955615080101168,0.8357665710396147,1407.6356667938169,35.06158602050505
31,1,13.225806451612904,7.137857623013364,100,97.0,0.003400999043469,5,0.05,1719.9245573910855,1847.5545290635423,84.64753631945821,0.0,2,2.8283335671606156,0,0,0,0.1,0.0,A-n32-k5,random_search,71,0.5294891987501618,0.3516042900041309,0.692982319305075,1358.0248392588544,361.8997181322311
31,1,13.225806451612904,7.137857623013364,100,97.0,0.003400999043469,50,0.5,1433.0993883142512,1627.0559020798128,71.85289223886788,0.090812460173662,2,2.6926103214589285,0,0,0,0.1,0.090812460173662,A-n32-k5,random_search,72,0.1018367293636144,0.3821277222205015,0.4699544087746276,1288.0847174839466,145.01467083030457
31,1,13.225806451612904,7.137857623013364,100,97.0,0.003400999043469,50,0.5,1346.556253181862,1550.1684116930523,129.93956857525612,0.0017007796169973,0,2.359626536443789,0,0,0,0.1,0.0017007796169973,A-n32-k5,random_search,73,0.6477843753660185,0.4424453731645246,0.9253928295810836,1228.0615300062743,118.49472317558777
31,1,13.225806451612904,7.137857623013364,100,97.0,0.003400999043469,40,0.4,1534.577282477405,1650.583759615555,69.87978165337817,0.0,11,2.235924852827053,0,0,0,0.1,0.0,A-n32-k5,random_search,74,0.1556457428154817,0.7145793487749699,0.8248770965648626,1403.4276341502582,131.14964832714713
31,1,13.225806451612904,7.137857623013364,100,97.0,0.003400999043469,10,0.1,1654.8510616667195,1768.0814516882824,68.97073775635486,0.0710464453036981,0,2.053750013973866,0,0,0,0.1,0.0710464453036981,A-n32-k5,random_search,75,0.2634929937088259,0.3052878473079631,0.6755944574849775,1364.5274404131533,290.32362125356644
31,1,13.225806451612904,7.137857623013364,100,97.0,0.003400999043469,30,0.3,1475.0718326160263,1649.7119845148704,67.5270966855971,0.0618776187359148,4,2.4996328865474764,0,0,0,0.1,0.0618776187359148,A-n32-k5,random_search,76,0.1533128055364597,0.35492360898535,0.7726173518805761,1352.3718222383336,122.70001037769292
31,1,13.225806451612904,7.137857623013364,100,97.0,0.003400999043469,5,0.05,1645.0812227129902,1818.2113853872247,71.00501844208159,0.0,1,2.516171758340142,0,0,0,0.1,0.0,A-n32-k5,random_search,77,0.1317735217735414,0.2358275011893876,0.595277764069328,1345.6081388312532,299.473083881737
31,1,13.225806451612904,7.137857623013364,100,97.0,0.003400999043469,10,0.1,1644.6266163635703,1794.2204281239651,67.86553918079407,0.0959181055315757,4,2.6227639406477987,0,0,0,0.1,0.0959181055315757,A-n32-k5,random_search,78,0.6843808324168696,0.3826203794816188,0.3486270007991594,1343.837157655495,300.7894587080755
31,1,13.225806451612904,7.137857623013364,100,97.0,0.003400999043469,20,0.2,1574.8610490720382,1749.9944542084777,66.903578100147,0.0,19,2.2633541233403283,0,0,0,0.1,0.0,A-n32-k5,random_search,79,0.2346857056728765,0.574100342414902,0.783406233161094,1464.19747463587,110.66357443616812
31,1,13.225806451612904,7.137857623013364,100,97.0,0.003400999043469,5,0.05,1686.3682697195068,1849.7439752943944,82.72882995728233,0.0,4,2.307908413553593,0,0,0,0.1,0.0,A-n32-k5,random_search,80,0.3248836678006562,0.753403188413843,0.7535608963914908,1274.2900953179094,412.0781744015974
31,1,13.225806451612904,7.137857623013364,100,97.0,0.003400999043469,80,0.8,1302.8648882480325,1517.969135601849,102.65213387894016,0.0032596464172281,1,2.082057664492705,0,0,0,0.1,0.0032596464172281,A-n32-k5,random_search,81,0.4318096296301404,0.7741870974991187,0.7902416026265906,1261.2752081015678,41.589680146464616
31,1,13.225806451612904,7.137857623013364,100,97.0,0.003400999043469,50,0.5,1330.165483379123,1606.4731598303138,102.24151139187758,0.0242580149675811,3,2.4020217443571386,0,0,0,0.1,0.0242580149675811,A-n32-k5,random_search,82,0.3766974831822144,0.6362555003635626,0.3491433777423112,1297.4797750212265,32.68570835789683
31,1,13.225806451612904,7.137857623013364,100,97.0,0.003400999043469,10,0.1,1575.224136772121,1780.885314184418,83.82531320800962,0.1484568080817384,0,2.543617251566092,0,0,0,0.1,0.1484568080817384,A-n32-k5,random_search,83,0.4363953158022399,0.7840665390510251,0.8712569289213143,1371.4107419705704,203.81339480155063
31,1,13.225806451612904,7.137857623013364,100,97.0,0.003400999043469,60,0.6,1501.3913720025148,1630.1508737244935,80.1097302426949,0.0,19,2.5627283316275533,0,0,0,0.1,0.0,A-n32-k5,random_search,84,0.1671710204271373,0.3912204711290487,0.6253611472559126,1394.7532278876222,106.6381441148926
31,1,13.225806451612904,7.137857623013364,100,97.0,0.003400999043469,40,0.4,1420.27279121452,1597.0365328293524,96.24620072654082,0.052265441500437,0,2.369112823201168,0,0,0,0.1,0.052265441500437,A-n32-k5,random_search,85,0.2140905766547235,0.3598904583202138,0.8207314023419667,1328.8566276987983,91.41616351572156
31,1,13.225806451612904,7.137857623013364,100,97.0,0.003400999043469,40,0.4,1300.6181620581935,1599.1052404557838,107.19488591770109,0.0286926331073845,1,2.418502391430559,0,0,0,0.1,0.0286926331073845,A-n32-k5,random_search,86,0.2505174674446482,0.433244678731536,0.4253404175417714,1249.811622456033,50.806539602160456
31,1,13.225806451612904,7.137857623013364,100,97.0,0.003400999043469,10,0.1,1429.553882893009,1785.370544582392,108.28962797409092,0.2182228258882654,3,2.139063222632851,0,0,0,0.1,0.2182228258882654,A-n32-k5,random_search,87,0.7295391095137805,0.5301712352030413,0.7965045949005605,1297.1524019270246,132.40148096598432
31,1,13.225806451612904,7.137857623013364,100,97.0,0.003400999043469,80,0.8,1315.29779436422,1475.5765221168144,97.0244007643456,0.0060705145266686,3,2.2762018325453837,0,0,0,0.1,0.0060705145266686,A-n32-k5,random_search,88,0.1940015839224584,0.4971548356021049,0.3907794602750182,1178.342313901403,136.95548046281692
31,1,13.225806451612904,7.137857623013364,100,97.0,0.003400999043469,20,0.2,1483.475090595075,1683.106168236935,85.51182742663771,0.0359763181784716,7,2.3419628859122916,0,0,0,0.1,0.0359763181784716,A-n32-k5,random_search,89,0.7533627263308985,0.711454664259392,0.5091610045500039,1284.769014777333,198.706075817742
31,1,13.225806451612904,7.137857623013364,100,97.0,0.003400999043469,10,0.1,1661.0015192927835,1778.8835503033836,67.28138174583471,0.0617972434598018,2,2.5574680148038733,0,0,0,0.1,0.0617972434598018,A-n32-k5,random_search,90,0.6266314009301083,0.4362206394058283,0.4570303470249667,1412.786096685245,248.21542260753856
31,1,13.225806451612904,7.137857623013364,100,97.0,0.003400999043469,5,0.05,1782.2308475013294,1862.7256578027957,53.37786896813139,0.0,0,2.455876885372102,0,0,0,0.1,0.0,A-n32-k5,random_search,91,0.1837909504000344,0.3554351132727933,0.7931704769408663,1297.4999299678443,484.7309175334849
31,1,13.225806451612904,7.137857623013364,100,97.0,0.003400999043469,70,0.7,1383.511017398681,1540.7380834519902,88.75419514237002,0.0,19,2.1796430471271524,0,0,0,0.1,0.0,A-n32-k5,random_search,92,0.321535561959889,0.3039490652100553,0.3148720956481529,1288.4519233605622,95.0590940381187
31,1,13.225806451612904,7.137857623013364,100,97.0,0.003400999043469,80,0.8,1395.3043954673328,1615.0549047986792,72.98919358864488,0.0148026574106535,4,2.2673879421099388,0,0,0,0.1,0.0148026574106535,A-n32-k5,random_search,93,0.1676847052345947,0.5430321556224088,0.6946997786566405,1371.829132060192,23.4752634071408
31,1,13.225806451612904,7.137857623013364,100,97.0,0.003400999043469,30,0.3,1584.1891255357891,1692.0924894521202,73.60199786985484,0.0037663546655511,8,2.3299914063793463,0,0,0,0.1,0.0037663546655511,A-n32-k5,random_search,94,0.5611324184994129,0.2521856513534676,0.7616000696685314,1412.2710718447947,171.91805369099438
31,1,13.225806451612904,7.137857623013364,100,97.0,0.003400999043469,60,0.6,1334.4523500686012,1550.2861782906443,79.88820407335663,0.0479919864422057,3,2.4625702864422676,0,0,0,0.1,0.0479919864422057,A-n32-k5,random_search,95,0.6887974223627807,0.4663195569216414,0.4242464249772272,1246.2578589956404,88.19449107296077
31,1,13.225806451612904,7.137857623013364,100,97.0,0.003400999043469,20,0.2,1423.1097490324314,1687.8663784708665,99.77136790022978,0.1010451429324344,5,2.454149899136389,0,0,0,0.1,0.1010451429324344,A-n32-k5,random_search,96,0.4906505429971664,0.6710226219144059,0.363628569557733,1257.130882079686,165.97886695274542
31,1,13.225806451612904,7.137857623013364,100,97.0,0.003400999043469,80,0.8,1513.5067029462627,1626.1223469606168,65.30494618546798,0.0,15,2.746088758954143,0,0,0,0.1,0.0,A-n32-k5,random_search,97,0.4602396619502679,0.592281471191257,0.698691097179637,1338.2634027401718,175.2433002060909
31,1,13.225806451612904,7.137857623013364,100,97.0,0.003400999043469,50,0.5,1352.9260570404963,1619.170771858218,93.70736009170912,0.0,13,2.1634168615761165,0,0,0,0.1,0.0,A-n32-k5,random_search,98,0.6775340522375365,0.2676549662071268,0.7807005930875024,1266.896887191468,86.02916984902822
31,1,13.225806451612904,7.137857623013364,100,97.0,0.003400999043469,90,0.9,1348.101125024516,1512.9330124224114,83.93651961392712,0.0,19,2.0624989537508935,0,0,0,0.1,0.0,A-n32-k5,random_search,99,0.3489303430940502,0.7147994621425557,0.9531778246436255,1163.6273710337907,184.4737539907253
31,1,13.225806451612904,7.137857623013364,100,97.0,0.003400999043469,40,0.4,1387.867296379638,1605.2276855028888,79.33900626680841,0.0,12,2.2042361950881277,0,0,0,0.1,0.0,A-n32-k5,random_search,100,0.1079806070231188,0.6969583002844232,0.5095841996356623,1297.5456798185303,90.32161656110748
31,1,13.225806451612904,7.137857623013364,100,97.0,0.003400999043469,50,0.5,1423.898517486088,1589.570046595049,93.07381246521122,0.0,10,2.327494956774499,0,0,0,0.1,0.0,A-n32-k5,random_search,101,0.1847113864311444,0.6890529102850736,0.5603338073586069,1295.7693852456875,128.1291322404004
31,1,13.225806451612904,7.137857623013364,100,97.0,0.003400999043469,80,0.8,1424.020645852332,1538.7223113016255,77.75489996643272,0.0,19,2.1475273138380437,0,0,0,0.1,0.0,A-n32-k5,random_search,102,0.4782601126468355,0.2088367734817658,0.5452532255145606,1312.338368946273,111.68227690605886
31,1,13.225806451612904,7.137857623013364,100,97.0,0.003400999043469,40,0.4,1442.288337298558,1618.487035426333,101.0545557416092,0.0246934992351329,1,2.3245885242366393,0,0,0,0.1,0.0246934992351329,A-n32-k5,random_search,103,0.1798535863847233,0.6216726340169261,0.8159891727884849,1347.019325946363,95.26901135219488
31,1,13.225806451612904,7.137857623013364,100,97.0,0.003400999043469,70,0.7,1462.986186478514,1585.3911585020685,82.74873813691717,0.0041559477993814,7,2.687905675284347,0,0,0,0.1,0.0041559477993814,A-n32-k5,random_search,104,0.1217735313269123,0.2768267428323364,0.7039435464670645,1279.1591070563352,183.8270794221787
31,1,13.225806451612904,7.137857623013364,100,97.0,0.003400999043469,10,0.1,1640.9987913711084,1786.5963142783944,82.8676167646439,0.0932876287807536,0,2.338436785846202,0,0,0,0.1,0.0932876287807536,A-n32-k5,random_search,105,0.7040900962411903,0.6969239588503547,0.8981310321680365,1354.328691906906,286.6700994642024
31,1,13.225806451612904,7.137857623013364,100,97.0,0.003400999043469,50,0.5,1416.3163482324994,1574.851654575797,96.27018642705264,0.0,19,2.5298170249915715,0,0,0,0.1,0.0,A-n32-k5,random_search,106,0.7945435993680688,0.2253313032639047,0.7583388459010882,1302.6490794837596,113.66726874873984
31,1,13.225806451612904,7.137857623013364,100,97.0,0.003400999043469,70,0.7,1465.3618610791866,1586.9096922709932,70.19803336274896,0.0232444886493415,4,1.9925041475712568,0,0,0,0.1,0.0232444886493415,A-n32-k5,random_search,107,0.2225348474797037,0.6650170529101257,0.5502498264098958,1374.8508396448624,90.51102143432422
31,1,13.225806451612904,7.137857623013364,100,97.0,0.003400999043469,90,0.9,1292.1434862644703,1517.2755028655483,90.70226021213291,0.0285060144058693,1,1.9776892736201952,0,0,0,0.1,0.0285060144058693,A-n32-k5,random_search,108,0.1606267026773277,0.5340078035319094,0.5426753384388734,1264.2870550039845,27.85643126048581
31,1,13.225806451612904,7.137857623013364,100,97.0,0.003400999043469,40,0.4,1358.7897886631038,1624.5749813559328,98.31138567003843,0.1156613505421316,0,2.1633746298814653,0,0,0,0.1,0.1156613505421316,A-n32-k5,random_search,109,0.1624675498186354,0.4785185229455274,0.7220391743712012,1201.9858267256686,156.80396193743513
31,1,13.225806451612904,7.137857623013364,100,97.0,0.003400999043469,90,0.9,1356.2302216782427,1545.138817904563,86.12212064863421,0.0142037915062763,4,2.397312091384644,0,0,0,0.1,0.0142037915062763,A-n32-k5,random_search,110,0.1048826385528486,0.5079796744374588,0.3431835641869631,1237.9692800375256,118.2609416407172
31,1,13.225806451612904,7.137857623013364,100,97.0,0.003400999043469,80,0.8,1400.642539342945,1594.0135596876275,86.56895867762564,0.0,19,2.2871422348590733,0,0,0,0.1,0.0,A-n32-k5,random_search,111,0.2770037684685583,0.5318796741758738,0.7427178768726261,1309.9520105076915,90.6905288352532
31,1,13.225806451612904,7.137857623013364,100,97.0,0.003400999043469,80,0.8,1389.1425359880095,1587.5044051250134,89.26364291240243,0.0,17,2.1579864858082156,0,0,0,0.1,0.0,A-n32-k5,random_search,112,0.1766515510980843,0.4708420071304065,0.9995398945539966,1361.9007414250038,27.241794563005897
31,1,13.225806451612904,7.137857623013364,100,97.0,0.003400999043469,70,0.7,1339.0058435859776,1555.954069976052,72.74945097776303,0.0346159874169251,1,2.4092233918047907,0,0,0,0.1,0.0346159874169251,A-n32-k5,random_search,113,0.2724739405869651,0.7201023915622391,0.6733181192637211,1280.7566301174295,58.24921346854785
31,1,13.225806451612904,7.137857623013364,100,97.0,0.003400999043469,10,0.1,1525.6550168701217,1766.154232819604,105.1820028731734,0.1340723395083805,0,2.4506540194631445,0,0,0,0.1,0.1340723395083805,A-n32-k5,random_search,114,0.7302136270356459,0.2047470343071502,0.7268325640991755,1256.0055032385744,269.64951363154705
31,1,13.225806451612904,7.137857623013364,100,97.0,0.003400999043469,80,0.8,1348.3390667406582,1525.921626814628,97.3213421355142,0.0229415253392059,7,2.2100243839897917,0,0,0,0.1,0.0229415253392059,A-n32-k5,random_search,115,0.6651560660639487,0.6390139272858546,0.6620834564036544,1239.1094877139858,109.22957902667235
31,1,13.225806451612904,7.137857623013364,100,97.0,0.003400999043469,30,0.3,1401.2855465730204,1624.0838992676595,103.50383015750477,0.0592560019416927,3,2.234836520227761,0,0,0,0.1,0.0592560019416927,A-n32-k5,random_search,116,0.1985269988307667,0.5139741728409382,0.9329700594489534,1187.6678283718848,213.61771820113563
31,1,13.225806451612904,7.137857623013364,100,97.0,0.003400999043469,20,0.2,1604.9489030994607,1720.487723442678,65.28341863030167,0.0414686482897997,3,2.4157086150048395,0,0,0,0.1,0.0414686482897997,A-n32-k5,random_search,117,0.6965339185468169,0.7174340554062884,0.6673009173288004,1400.055562253323,204.8933408461378
31,1,13.225806451612904,7.137857623013364,100,97.0,0.003400999043469,60,0.6,1310.085788103072,1491.4797307789045,132.23875871611838,0.0,10,1.9972963401931496,0,0,0,0.1,0.0,A-n32-k5,random_search,118,0.2541585932167919,0.2208494678297961,0.3309665600037703,1126.0158915585746,184.0698965444974
31,1,13.225806451612904,7.137857623013364,100,97.0,0.003400999043469,10,0.1,1495.7257163686893,1778.833634004973,107.82870337977688,0.1684282611351392,3,2.547559873696487,0,0,0,0.1,0.1684282611351392,A-n32-k5,random_search,119,0.570736531570414,0.7423057330890623,0.5149769415818782,1236.2719914867157,259.4537248819738
31,1,13.225806451612904,7.137857623013364,100,97.0,0.003400999043469,60,0.6,1376.8112790379678,1555.7632346845903,85.36326971252659,0.0069774601620997,8,2.350513625055808,0,0,0,0.1,0.0069774601620997,A-n32-k5,random_search,120,0.5528333491684937,0.7404647217160989,0.9417870240223076,1271.969377129166,104.84190190880167
31,1,13.225806451612904,7.137857623013364,100,97.0,0.003400999043469,30,0.3,1554.2997434219917,1681.2673868222987,81.49503783320115,0.0,10,2.0818700152754226,0,0,0,0.1,0.0,A-n32-k5,random_search,121,0.5520399341557805,0.3254223229004208,0.6176362805828332,1370.7100875940157,183.589655827976
31,1,13.225806451612904,7.137857623013364,100,97.0,0.003400999043469,50,0.5,1473.7409875773942,1618.2917774583316,77.92474338924981,0.0,10,2.537786977326817,0,0,0,0.1,0.0,A-n32-k5,random_search,122,0.5906966045006378,0.2224086792036713,0.3441877699430614,1353.8246787814896,119.91630879590456
31,1,13.225806451612904,7.137857623013364,100,97.0,0.003400999043469,20,0.2,1602.520967807534,1741.8814270571152,78.75444281544668,0.0150616531900051,8,2.3919853042169907,0,0,0,0.1,0.0150616531900051,A-n32-k5,random_search,123,0.1156005933802785,0.4154495211641811,0.7532224420588987,1414.5955176516468,187.92545015588735
31,1,13.225806451612904,7.137857623013364,100,97.0,0.003400999043469,10,0.1,1650.8531205048791,1796.972969160489,71.31335702306725,0.0807407106444444,0,2.2334914247065885,0,0,0,0.1,0.0807407106444444,A-n32-k5,random_search,124,0.6708410004063113,0.7150778236323394,0.597720244050278,1267.5997290643102,383.253391440569
31,1,13.225806451612904,7.137857623013364,100,97.0,0.003400999043469,5,0.05,1711.3975330815726,1844.005274561251,85.5116276510356,0.0,2,2.430978777693754,0,0,0,0.1,0.0,A-n32-k5,random_search,125,0.6633238822393637,0.7386767806041603,0.5977987943541163,1417.0236437179487,294.3738893636239
31,1,13.225806451612904,7.137857623013364,100,97.0,0.003400999043469,70,0.7,1472.516368162807,1588.4106524309573,63.50007117240192,0.0,19,2.6177965989924865,0,0,0,0.1,0.0,A-n32-k5,random_search,126,0.683956445829307,0.5058462923413384,0.6482804480118611,1376.116001537658,96.40036662514945
31,1,13.225806451612904,7.137857623013364,100,97.0,0.003400999043469,20,0.2,1589.239218415772,1725.8962179130035,92.34436785628203,0.0375028270787444,3,2.1029740272152075,0,0,0,0.1,0.0375028270787444,A-n32-k5,random_search,127,0.4844944709990385,0.4434697818254184,0.6048743498923435,1375.438437083388,213.80078133238408
31,1,13.225806451612904,7.137857623013364,100,97.0,0.003400999043469,10,0.1,1674.5566457827208,1784.6020398490186,75.663976803995,0.0161609711512115,1,2.619381275262318,0,0,0,0.1,0.0161609711512115,A-n32-k5,random_search,128,0.1701765596317797,0.3200136777947872,0.5665000285571601,1352.8967747195034,321.65987106321745
31,1,13.225806451612904,7.137857623013364,100,97.0,0.003400999043469,20,0.2,1497.790525218246,1719.7892430901236,81.6582895101921,0.033001941290468,6,2.688356749673931,0,0,0,0.1,0.033001941290468,A-n32-k5,random_search,129,0.5438670514547231,0.6450332372442289,0.9065522713685648,1371.7243485180925,126.06617670015362
31,1,13.225806451612904,7.137857623013364,100,97.0,0.003400999043469,90,0.9,1481.5907615088124,1565.9840925059416,60.25029671742153,0.0027998414414731,7,2.1618884312203956,0,0,0,0.1,0.0027998414414731,A-n32-k5,random_search,130,0.7775193375823473,0.6810759271449283,0.5649253341565827,1351.9184709307838,129.67229057802865
31,1,13.225806451612904,7.137857623013364,100,97.0,0.003400999043469,60,0.6,1445.0840050152651,1619.129234201726,73.3412909329379,0.0060579058958841,3,2.2413740378812976,0,0,0,0.1,0.0060579058958841,A-n32-k5,random_search,131,0.6381072152966358,0.3617700281590588,0.3094625831801402,1294.4393307727955,150.6446742424696
31,1,13.225806451612904,7.137857623013364,100,97.0,0.003400999043469,10,0.1,1560.7758224888937,1805.9200840421136,91.8741275764098,0.0472764278419703,1,2.47053152118123,0,0,0,0.1,0.0472764278419703,A-n32-k5,random_search,132,0.6728180977209943,0.7235204159465118,0.976336676211804,1432.56913778433,128.2066847045637
31,1,13.225806451612904,7.137857623013364,100,97.0,0.003400999043469,5,0.05,1618.9490068934506,1802.070898711372,76.55515036678383,0.0,0,2.5142753547892314,0,0,0,0.1,0.0,A-n32-k5,random_search,133,0.3896129686452391,0.615336204128327,0.9964546568730406,1302.4458086525376,316.503198240913
31,1,13.225806451612904,7.137857623013364,100,97.0,0.003400999043469,5,0.05,1675.241719632989,1849.0993099069408,99.60004706734904,0.0,0,2.24930456650183,0,0,0,0.1,0.0,A-n32-k5,random_search,134,0.1983777612983351,0.6866463732429586,0.7217246083277714,1394.4496144740772,280.7921051589119
31,1,13.225806451612904,7.137857623013364,100,97.0,0.003400999043469,70,0.7,1474.8942152886495,1578.686721853676,55.34073836481995,0.0161431864436562,4,1.9770905145006323,0,0,0,0.1,0.0161431864436562,A-n32-k5,random_search,135,0.1690803891044635,0.2781094173134385,0.6807469242588983,1332.105108597728,142.78910669092147
31,1,13.225806451612904,7.137857623013364,100,97.0,0.003400999043469,10,0.1,1610.6087895657197,1787.222678855685,75.5026192525766,0.0981138003366801,5,2.555906801642573,0,0,0,0.1,0.0981138003366801,A-n32-k5,random_search,136,0.5451417128113873,0.2350573672076273,0.4782097502227934,1344.2884704773378,266.32031908838167
31,1,13.225806451612904,7.137857623013364,100,97.0,0.003400999043469,70,0.7,1478.422674928423,1614.436466424395,76.10752822309645,0.0,19,2.330824855720924,0,0,0,0.1,0.0,A-n32-k5,random_search,137,0.4825979274259879,0.6603921584910699,0.9069461791291568,1353.3900917579758,125.0325831704472
31,1,13.225806451612904,7.137857623013364,100,97.0,0.003400999043469,80,0.8,1356.450406434779,1543.4218121245988,99.64425718474534,0.0206013678209507,1,2.300936445663555,0,0,0,0.1,0.0206013678209507,A-n32-k5,random_search,138,0.8996964180832976,0.5827098635628554,0.6931362166952595,1318.9241561980202,37.5262502367591
31,1,13.225806451612904,7.137857623013364,100,97.0,0.003400999043469,90,0.9,1230.413948830011,1457.1669409072615,111.11810688005636,0.0089721142144472,5,1.6510039092876283,0,0,0,0.1,0.0089721142144472,A-n32-k5,random_search,139,0.1828736608774847,0.5817162240173284,0.554920621389495,1154.0143860285723,76.39956280143838
31,1,13.225806451612904,7.137857623013364,100,97.0,0.003400999043469,5,0.05,1597.414581766085,1802.9159713463437,87.11808019247732,0.0,3,2.458588948343817,0,0,0,0.1,0.0,A-n32-k5,random_search,140,0.6220621317428006,0.5894679444118356,0.6914194765723218,1439.2827909232706,158.1317908428141
31,1,13.225806451612904,7.137857623013364,100,97.0,0.003400999043469,30,0.3,1540.8511531559054,1676.2440567718647,68.23248707184196,0.0,19,2.4495899839376407,0,0,0,0.1,0.0,A-n32-k5,random_search,141,0.4525331886716731,0.2413072544386432,0.4042993902556279,1388.433141312197,152.41801184370843
31,1,13.225806451612904,7.137857623013364,100,97.0,0.003400999043469,40,0.4,1354.700395224152,1538.4304753089414,103.48997060539868,0.0190432908922415,1,1.887089945955779,0,0,0,0.1,0.0190432908922415,A-n32-k5,random_search,142,0.2462077069839139,0.7055875604057582,0.7343921184710918,1201.3402960358812,153.36009918827062
31,1,13.225806451612904,7.137857623013364,100,97.0,0.003400999043469,90,0.9,1550.2512603474142,1647.581979565457,72.48304992228846,0.0,9,2.503250149682064,0,0,0,0.1,0.0,A-n32-k5,random_search,143,0.3514294900542472,0.403512776104829,0.9067797000368458,1478.9565299920437,71.29473035537058
31,1,13.225806451612904,7.137857623013364,100,97.0,0.003400999043469,20,0.2,1525.9604319829118,1683.8526949621264,103.01880994082252,0.0344819693217417,4,1.8709207017226976,0,0,0,0.1,0.0344819693217417,A-n32-k5,random_search,144,0.1257647520560895,0.7781561499524483,0.4418687908538322,1260.5123129837075,265.4481189992041
31,1,13.225806451612904,7.137857623013364,100,97.0,0.003400999043469,20,0.2,1577.371476883971,1710.9826592368763,75.56644795567983,0.0419175039553879,1,2.566733964532472,0,0,0,0.1,0.0419175039553879,A-n32-k5,random_search,145,0.690719473676768,0.2519864100269647,0.4914992003093308,1294.1062090578382,283.2652678261327
31,1,13.225806451612904,7.137857623013364,100,97.0,0.003400999043469,60,0.6,1508.7849360957466,1604.1886490769757,62.512249028189075,0.01250383518986,4,2.4889993103610797,0,0,0,0.1,0.01250383518986,A-n32-k5,random_search,146,0.3472559705691618,0.3900459791873641,0.5338492178391133,1330.07055972663,178.71437636911674
31,1,13.225806451612904,7.137857623013364,100,97.0,0.003400999043469,10,0.1,1669.723898738799,1804.0052075894423,67.63817854974175,0.0781216178612357,0,2.6389529941747085,0,0,0,0.1,0.0781216178612357,A-n32-k5,random_search,147,0.1702224367927824,0.6826781681116837,0.61371091724271,1419.6528099404045,250.0710887983946
31,1,13.225806451612904,7.137857623013364,100,97.0,0.003400999043469,80,0.8,1368.1354926494078,1525.7115553600506,85.70977026859477,0.0,19,1.9705926408943355,0,0,0,0.1,0.0,A-n32-k5,random_search,148,0.1337399538069952,0.7721237966268983,0.9723200643901544,1318.6420428795725,49.49344976983548
31,1,13.225806451612904,7.137857623013364,100,97.0,0.003400999043469,40,0.4,1542.5168148992832,1703.0311322806406,79.55881962058585,0.05646261842503,1,2.311536177401374,0,0,0,0.1,0.05646261842503,A-n32-k5,random_search,149,0.4432857152871623,0.3809049312532183,0.9483712428221428,1374.822481051481,167.69433384780223
31,1,13.225806451612904,7.137857623013364,100,97.0,0.003400999043469,30,0.3,1444.963406606326,1660.2522917192946,85.63232653037413,0.0447181610111541,5,2.138104588780867,0,0,0,0.1,0.0447181610111541,A-n32-k5,random_search,150,0.3510524424934357,0.6752963086504342,0.598572988672331,1383.6113576629234,61.35204894340268
31,1,13.225806451612904,7.137857623013364,100,97.0,0.003400999043469,40,0.4,1441.49529255407,1623.728086397858,81.85978598021002,0.0004787393383724,0,2.2101479544427693,0,0,0,0.1,0.0004787393383724,A-n32-k5,random_search,151,0.8369886376258008,0.7358756921004863,0.9419211259139486,1337.0061985788336,104.4890939752363
31,1,13.225806451612904,7.137857623013364,100,97.0,0.003400999043469,20,0.2,1563.621549649397,1708.397338952651,79.91248047822117,0.0535449935151764,5,2.230910451211717,0,0,0,0.1,0.0535449935151764,A-n32-k5,random_search,152,0.2216896588646404,0.6891471089512489,0.5598169826568797,1389.0060144636104,174.61553518578648
31,1,13.225806451612904,7.137857623013364,100,97.0,0.003400999043469,80,0.8,1396.571803862298,1597.9572468030206,94.6099257679172,0.0,14,2.6133953627765356,0,0,0,0.1,0.0,A-n32-k5,random_search,153,0.1003417814029139,0.7093642733716903,0.4405626954276609,1366.9338390582116,29.637964804086323
31,1,13.225806451612904,7.137857623013364,100,97.0,0.003400999043469,60,0.6,1418.2116484169828,1625.428059018433,79.59078102274013,0.0,17,2.3880617102691613,0,0,0,0.1,0.0,A-n32-k5,random_search,154,0.4702231967305764,0.6674736163745711,0.6851994111165611,1319.471612182139,98.7400362348435
31,1,13.225806451612904,7.137857623013364,100,97.0,0.003400999043469,40,0.4,1383.595330650363,1591.6332617781452,112.03866005513296,0.0557537693341734,1,2.3867526829858043,0,0,0,0.1,0.0557537693341734,A-n32-k5,random_search,155,0.1804069395408924,0.5969916395442401,0.9633371302872122,1322.9064139079671,60.68891674239581
31,1,13.225806451612904,7.137857623013364,100,97.0,0.003400999043469,40,0.4,1458.7254316688843,1614.071935442041,88.19101639343364,0.0,9,2.43699485203518,0,0,0,0.1,0.0,A-n32-k5,random_search,156,0.2044162004395986,0.2664119856198386,0.9361402758708752,1386.4732782187375,72.2521534501468
31,1,13.225806451612904,7.137857623013364,100,97.0,0.003400999043469,30,0.3,1528.2681251511071,1680.0587521713162,71.15641295801781,0.0,13,2.2962659413320443,0,0,0,0.1,0.0,A-n32-k5,random_search,157,0.378427787912207,0.5518022501431162,0.8532641498964764,1293.5947304769277,234.6733946741797
31,1,13.225806451612904,7.137857623013364,100,97.0,0.003400999043469,20,0.2,1569.8637113603368,1682.0081969807238,70.99093600440538,0.0309499459075346,6,1.9603944870914576,0,0,0,0.1,0.0309499459075346,A-n32-k5,random_search,158,0.7484684911688896,0.7055558207839618,0.3432725123423407,1356.7457895927748,213.1179217675619
31,1,13.225806451612904,7.137857623013364,100,97.0,0.003400999043469,90,0.9,1378.7103667983604,1555.91450426825,97.5307108406286,0.0,19,2.2914702155454583,0,0,0,0.1,0.0,A-n32-k5,random_search,159,0.6681635344214049,0.4908499726138671,0.9844663987919002,1309.5598479760663,69.15051882229409
31,1,13.225806451612904,7.137857623013364,100,97.0,0.003400999043469,90,0.9,1342.3775665798294,1562.0359582559283,101.17929652162874,0.0208787051307937,0,2.2276531654617244,0,0,0,0.1,0.0208787051307937,A-n32-k5,random_search,160,0.2684379146581264,0.3268680806247027,0.8571434445022623,1223.878127479467,118.49943910036268
31,1,13.225806451612904,7.137857623013364,100,97.0,0.003400999043469,40,0.4,1561.189041168734,1663.851943310097,68.43219095645443,0.0,10,2.5595431754269553,0,0,0,0.1,0.0,A-n32-k5,random_search,161,0.1676040963551154,0.2212807472509899,0.8751907688133518,1378.022644590263,183.16639657847057
31,1,13.225806451612904,7.137857623013364,100,97.0,0.003400999043469,5,0.05,1616.923282629499,1811.5916160767265,79.85024200999753,0.0,5,2.5819696278106252,0,0,0,0.1,0.0,A-n32-k5,random_search,162,0.7542729963514611,0.2127312383071479,0.9790131136944544,1378.266868204847,238.656414424652
31,1,13.225806451612904,7.137857623013364,100,97.0,0.003400999043469,90,0.9,1390.300485763075,1575.0967263268085,83.00791293176032,4.366867091366485e-05,4,2.2424294452288773,0,0,0,0.1,4.366867091366485e-05,A-n32-k5,random_search,163,0.1952385008095477,0.3686394994837225,0.4814950637050569,1303.6839860810453,86.6164996820296
31,1,13.225806451612904,7.137857623013364,100,97.0,0.003400999043469,90,0.9,1434.538213535291,1548.3893769768893,76.65070856861227,0.0011633982613862,3,2.308902172744933,0,0,0,0.1,0.0011633982613862,A-n32-k5,random_search,164,0.1961557037870085,0.3646878100264171,0.6433670625472837,1336.9632633967217,97.57495013856963
31,1,13.225806451612904,7.137857623013364,100,97.0,0.003400999043469,40,0.4,1344.133003087402,1657.5420689578048,110.39518184787104,0.0,19,2.6035447694208624,0,0,0,0.1,0.0,A-n32-k5,random_search,165,0.1893379475772058,0.5795984035528081,0.913020116571321,1278.950439716717,65.1825633706851
31,1,13.225806451612904,7.137857623013364,100,97.0,0.003400999043469,60,0.6,1422.778493266822,1574.9185375283969,84.94142597781824,0.0,19,2.022514386703913,0,0,0,0.1,0.0,A-n32-k5,random_search,166,0.4333096420971031,0.7052434080157746,0.656216186902165,1290.9429821347396,131.83551113208227
31,1,13.225806451612904,7.137857623013364,100,97.0,0.003400999043469,70,0.7,1477.2669994432893,1598.7521343032065,73.49216280815104,0.0,9,2.4021607266995355,0,0,0,0.1,0.0,A-n32-k5,random_search,167,0.433439638327146,0.3187884860163329,0.798963947129318,1350.3148716463695,126.95212779691953
31,1,13.225806451612904,7.137857623013364,100,97.0,0.003400999043469,20,0.2,1378.9892962279744,1675.5279428295405,110.43926754276276,0.0994929996683986,3,2.418766623881707,0,0,0,0.1,0.0994929996683986,A-n32-k5,random_search,168,0.1796197111832319,0.3700314005081475,0.985006788421314,1273.4108193791596,105.57847684881472
31,1,13.225806451612904,7.137857623013364,100,97.0,0.003400999043469,10,0.1,1586.7205687199864,1777.553397312938,82.68535768171785,0.0566045523643547,0,2.61737441641756,0,0,0,0.1,0.0566045523643547,A-n32-k5,random_search,169,0.1896515017801137,0.2424414491225944,0.7139331157555839,1364.951658753321,221.76890996666543
31,1,13.225806451612904,7.137857623013364,100,97.0,0.003400999043469,60,0.6,1461.4505424108336,1626.6127304657334,77.16609440552791,0.0058913847319424,5,2.4007199623946276,0,0,0,0.1,0.0058913847319424,A-n32-k5,random_search,170,0.6947792012466835,0.2376623346367449,0.4579434010038432,1332.866082247125,128.58446016370863
31,1,13.225806451612904,7.137857623013364,100,97.0,0.003400999043469,60,0.6,1412.3329208913367,1632.3036251740623,108.66403039342164,0.0,9,2.3590999842532185,0,0,0,0.1,0.0,A-n32-k5,random_search,171,0.1099112252081059,0.6207159566604687,0.9116063590285532,1235.5954328526482,176.73748803868853
31,1,13.225806451612904,7.137857623013364,100,97.0,0.003400999043469,5,0.05,1648.937964777626,1855.240763483061,77.72908495815976,0.0,1,2.6417678498284514,0,0,0,0.1,0.0,A-n32-k5,random_search,172,0.7580777080880567,0.5707430054799065,0.3888291796316994,1357.1303340057084,291.8076307719175
31,1,13.225806451612904,7.137857623013364,100,97.0,0.003400999043469,90,0.9,1408.1124799483148,1561.285015814186,71.69318659675393,0.0246810577077029,0,2.5749513938603004,0,0,0,0.1,0.0246810577077029,A-n32-k5,random_search,173,0.1946228207330955,0.6355743319707867,0.5335462197650898,1319.7510492242027,88.3614307241121
31,1,13.225806451612904,7.137857623013364,100,97.0,0.003400999043469,10,0.1,1695.2193614313137,1795.1167750836398,61.55204190796471,0.0471805602822551,4,2.536856873628491,0,0,0,0.1,0.0471805602822551,A-n32-k5,random_search,174,0.3074050085234471,0.4440708423980307,0.7279632836864686,1429.7743545332894,265.4450068980241
31,1,13.225806451612904,7.137857623013364,100,97.0,0.003400999043469,20,0.2,1513.326241822111,1697.5809387597103,87.09220294246757,0.0013850818234474,1,2.46763882616477,0,0,0,0.1,0.0013850818234474,A-n32-k5,random_search,175,0.5001037810648871,0.2947283252183426,0.5320130651707484,1369.1823957724969,144.143846049614
31,1,13.225806451612904,7.137857623013364,100,97.0,0.003400999043469,70,0.7,1388.0473774505538,1570.829525951632,91.71761064526504,0.0,15,2.430485808514279,0,0,0,0.1,0.0,A-n32-k5,random_search,176,0.18901825093461,0.4924530759439495,0.7756032397714878,1145.2618435743557,242.7855338761981
31,1,13.225806451612904,7.137857623013364,100,97.0,0.003400999043469,60,0.6,1335.859399250236,1568.5034556101891,109.56036406543934,0.0,19,2.347762278691781,0,0,0,0.1,0.0,A-n32-k5,random_search,177,0.2697049227542408,0.5690115725045659,0.7357054752306054,1260.5411894227766,75.31820982745944
31,1,13.225806451612904,7.137857623013364,100,97.0,0.003400999043469,20,0.2,1555.3511097334815,1691.3443078740752,71.11825898994192,0.0403202599186943,2,2.15286303341365,0,0,0,0.1,0.0403202599186943,A-n32-k5,random_search,178,0.2185455173137353,0.4210773338669266,0.3874699803504326,1379.0286676122396,176.32244212124215
31,1,13.225806451612904,7.137857623013364,100,97.0,0.003400999043469,80,0.8,1409.1714349009148,1599.3124404080822,99.22568219530982,0.0,15,2.1775685037428665,0,0,0,0.1,0.0,A-n32-k5,random_search,179,0.6835107440598767,0.6707307044712365,0.5306536585801276,1312.8840440945464,96.28739080636842
31,1,13.225806451612904,7.137857623013364,100,97.0,0.003400999043469,50,0.5,1424.907846455485,1631.790055936694,82.53411875356754,0.0,16,2.1291291491131656,0,0,0,0.1,0.0,A-n32-k5,random_search,180,0.5841812719281833,0.6030178258576304,0.6402984761660915,1283.5701928527862,141.33765360269877
31,1,13.225806451612904,7.137857623013364,100,97.0,0.003400999043469,60,0.6,1379.3483021902543,1628.658268854707,117.9519818067294,0.0,13,2.2788796517610477,0,0,0,0.1,0.0,A-n32-k5,random_search,181,0.3985692295778038,0.502420178139256,0.5807492627485822,1209.89759063168,169.4507115585743
31,1,13.225806451612904,7.137857623013364,100,97.0,0.003400999043469,40,0.4,1461.2369190003958,1639.54938592679,65.2327583005222,0.0043276810236742,3,2.1378606593056073,0,0,0,0.1,0.0043276810236742,A-n32-k5,random_search,182,0.7186078900789032,0.7442349884480777,0.8291331121177425,1348.4511217775712,112.7857972228246
31,1,13.225806451612904,7.137857623013364,100,97.0,0.003400999043469,40,0.4,1436.0088325718164,1602.312275484055,85.79004663581838,0.0239933592575695,2,2.160466611215727,0,0,0,0.1,0.0239933592575695,A-n32-k5,random_search,183,0.2945884913935026,0.7089912256295512,0.9284590062215554,1237.6874520298877,198.32138054192887
31,1,13.225806451612904,7.137857623013364,100,97.0,0.003400999043469,30,0.3,1591.2102191031115,1707.477260650297,66.1497327501399,0.0,9,2.499681869824801,0,0,0,0.1,0.0,A-n32-k5,random_search,184,0.6949036491046688,0.4761616086945176,0.8320838368787045,1319.8483549559048,271.3618641472067
31,1,13.225806451612904,7.137857623013364,100,97.0,0.003400999043469,10,0.1,1622.764908450213,1803.646326942792,87.08290695864825,0.1007429074615199,0,2.7197845155603,0,0,0,0.1,0.1007429074615199,A-n32-k5,random_search,185,0.5193189908321394,0.560862000286358,0.5070996191844579,1414.521429564454,208.24347888575903
31,1,13.225806451612904,7.137857623013364,100,97.0,0.003400999043469,30,0.3,1501.5086369681237,1675.203627516726,76.83173631862148,0.037738893194418,6,2.399796027531503,0,0,0,0.1,0.037738893194418,A-n32-k5,random_search,186,0.52953499413735,0.445451148806893,0.4586643414088903,1281.6917813292812,219.8168556388423
31,1,13.225806451612904,7.137857623013364,100,97.0,0.003400999043469,5,0.05,1701.0385197372143,1814.728074579495,68.98440162720165,0.0,0,2.450360331384164,0,0,0,0.1,0.0,A-n32-k5,random_search,187,0.5183655392108574,0.7509595122193078,0.8707590120887239,1337.99127512944,363.04724460777425
31,1,13.225806451612904,7.137857623013364,100,97.0,0.003400999043469,70,0.7,1372.452462551678,1567.0415826568146,93.39183032153304,0.0,19,2.1536363072537665,0,0,0,0.1,0.0,A-n32-k5,random_search,188,0.2310642949863769,0.4631869801847167,0.7156934637705501,1362.027055654442,10.425406897235916
31,1,13.225806451612904,7.137857623013364,100,97.0,0.003400999043469,10,0.1,1631.0844461098775,1790.344034580707,87.57735897549895,0.1016758564562035,2,2.6540937633458688,0,0,0,0.1,0.1016758564562035,A-n32-k5,random_search,189,0.1054360669270357,0.2306902177784051,0.7062467506767949,1412.510143463136,218.57430264674144
31,1,13.225806451612904,7.137857623013364,100,97.0,0.003400999043469,10,0.1,1614.7613794803483,1755.6921319763867,84.90203391100074,0.0307949959595166,3,2.332612299390785,0,0,0,0.1,0.0307949959595166,A-n32-k5,random_search,190,0.6136422475276302,0.341456822742556,0.8776138234698743,1354.0498870782965,260.7114924020523
31,1,13.225806451612904,7.137857623013364,100,97.0,0.003400999043469,20,0.2,1556.9912674817415,1745.302467570862,102.21742856440125,0.0,9,2.396485108359282,0,0,0,0.1,0.0,A-n32-k5,random_search,191,0.127869422157049,0.7135312763049646,0.4042561088804084,1367.6912823033497,189.2999851783918
31,1,13.225806451612904,7.137857623013364,100,97.0,0.003400999043469,90,0.9,1398.0465040892984,1593.83199330811,85.96484252938617,0.0,9,2.2052079722988287,0,0,0,0.1,0.0,A-n32-k5,random_search,192,0.2163712504657987,0.7557294578765776,0.927485905430429,1362.5107086796222,35.53579540967621
31,1,13.225806451612904,7.137857623013364,100,97.0,0.003400999043469,20,0.2,1584.254513305451,1685.8272155898508,57.42396279324229,0.032839754021554,7,2.1196708859993043,0,0,0,0.1,0.032839754021554,A-n32-k5,random_search,193,0.820424762172774,0.4159862629757626,0.4397269629386014,1375.3027428360888,208.95177046936217
31,1,13.225806451612904,7.137857623013364,100,97.0,0.003400999043469,20,0.2,1485.7474455249069,1698.1224155845466,93.34353709976529,0.0,15,2.516777398403607,0,0,0,0.1,0.0,A-n32-k5,random_search,194,0.2704150238885088,0.6579707335564496,0.7829359773944349,1333.458623003385,152.2888225215222
31,1,13.225806451612904,7.137857623013364,100,97.0,0.003400999043469,40,0.4,1441.8026128775778,1612.762821763782,87.71822415914933,0.0,12,2.1442196058559673,0,0,0,0.1,0.0,A-n32-k5,random_search,195,0.1394614298355679,0.6429548570884889,0.896647966626118,1302.2725810714005,139.53003180617725
31,1,13.225806451612904,7.137857623013364,100,97.0,0.003400999043469,30,0.3,1567.9141711499688,1683.5431621727507,58.36776900454658,0.0,10,2.65944427627889,0,0,0,0.1,0.0,A-n32-k5,random_search,196,0.3545487015884884,0.738400105198072,0.7250810873939653,1347.9179820336517,219.99618911631703
31,1,13.225806451612904,7.137857623013364,100,97.0,0.003400999043469,70,0.7,1471.2049614206874,1628.547989100508,79.55476073543124,0.0542552690963106,2,2.410313951267628,0,0,0,0.1,0.0542552690963106,A-n32-k5,random_search,197,0.1317259048003768,0.4381123956237689,0.9516784385249872,1383.4988284946337,87.70613292605367
31,1,13.225806451612904,7.137857623013364,100,97.0,0.003400999043469,90,0.9,1364.8634546753149,1526.6406329732258,82.17236229006231,0.0087791993324264,7,2.323158490999614,0,0,0,0.1,0.0087791993324264,A-n32-k5,random_search,198,0.1814303347061162,0.5147145779599906,0.7530632530115022,1268.7111097619704,96.15234491334444
31,1,13.225806451612904,7.137857623013364,100,97.0,0.003400999043469,90,0.9,1312.9522348968032,1514.6406122552748,86.54983534059284,0.0043958402336082,6,1.9822649334576403,0,0,0,0.1,0.0043958402336082,A-n32-k5,random_search,199,0.2946361797104208,0.7447722267398025,0.9350890609345566,1308.551449389909,4.400785506894181
31,1,13.225806451612904,7.137857623013364,100,97.0,0.003400999043469,90,0.9,1385.4915763648582,1549.111277323633,84.53683794731191,0.0332588403408236,1,2.369797700247564,0,0,0,0.1,0.0332588403408236,A-n32-k5,random_search,200,0.6012525125237129,0.6987184030719488,0.7319406723125182,1234.4028989773271,151.0886773875311
31,1,13.225806451612904,7.137857623013364,100,97.0,0.003400999043469,30,0.3,1474.8864114525309,1625.8267984965958,89.3831825979363,0.028185206030495,2,1.9960935423982304,0,0,0,0.1,0.028185206030495,A-n32-k5,random_search,201,0.1668388778942495,0.7620950660981247,0.4122974185251609,1284.508841864087,190.3775695884442
31,1,13.225806451612904,7.137857623013364,100,97.0,0.003400999043469,80,0.8,1409.5564579184188,1522.4712191616468,74.77346517484705,0.0,13,2.325698868774384,0,0,0,0.1,0.0,A-n32-k5,random_search,202,0.3888327086350155,0.2950878096485472,0.360054050319592,1269.1303638529296,140.42609406548922
31,1,13.225806451612904,7.137857623013364,100,97.0,0.003400999043469,80,0.8,1276.2143745111507,1478.0144524784057,106.56957672144851,0.0012889663006703,6,2.002827917607116,0,0,0,0.1,0.0012889663006703,A-n32-k5,random_search,203,0.2303863915738617,0.6532835051197956,0.3361491252465575,1259.6496898609023,16.564684650248182
31,1,13.225806451612904,7.137857623013364,100,97.0,0.003400999043469,80,0.8,1387.1579160715708,1575.465151851972,89.78133569403425,0.0,11,2.3329677241243316,0,0,0,0.1,0.0,A-n32-k5,random_search,204,0.1771895545401593,0.460202798676572,0.779848266479892,1357.0889094148688,30.06900665670196
31,1,13.225806451612904,7.137857623013364,100,97.0,0.003400999043469,40,0.4,1497.6309621061257,1633.267498329485,78.67975521503595,0.0,19,2.5239446241045203,0,0,0,0.1,0.0,A-n32-k5,random_search,205,0.1839699552819253,0.3702225651268275,0.4766058465712339,1352.9631976689466,144.6677644371789
31,1,13.225806451612904,7.137857623013364,100,97.0,0.003400999043469,5,0.05,1607.4854213179096,1840.4081067487,81.05773564185017,0.0,0,2.4154946793251018,0,0,0,0.1,0.0,A-n32-k5,random_search,206,0.6873017941196732,0.7770124428193024,0.8644664866746699,1379.3771158291768,228.10830548873287
31,1,13.225806451612904,7.137857623013364,100,97.0,0.003400999043469,50,0.5,1487.9840773884337,1616.7554369074592,79.42323173072906,0.0076365479805341,2,2.4533209217676193,0,0,0,0.1,0.0076365479805341,A-n32-k5,random_search,207,0.4037724040125141,0.4842819424083412,0.6512306312436512,1385.5651553925015,102.41892199593212
31,1,13.225806451612904,7.137857623013364,100,97.0,0.003400999043469,90,0.9,1435.0949382537533,1523.1660135892805,49.681820280565496,0.01622325303195,1,2.2576748262226944,0,0,0,0.1,0.01622325303195,A-n32-k5,random_search,208,0.2771844253033328,0.3375531365897753,0.9073172444332196,1386.0050590782073,49.089879175546
31,1,13.225806451612904,7.137857623013364,100,97.0,0.003400999043469,60,0.6,1396.8402891867572,1585.7838970289577,78.02201634041559,0.0,19,1.9792963033776032,0,0,0,0.1,0.0,A-n32-k5,random_search,209,0.2668008679157782,0.6018710330976675,0.7935403871723508,1229.3666348590768,167.47365432768038
31,1,13.225806451612904,7.137857623013364,100,97.0,0.003400999043469,60,0.6,1489.5589766212438,1591.7049514436123,85.05674229826315,0.0,19,1.9870088921745976,0,0,0,0.1,0.0,A-n32-k5,random_search,210,0.3309107224270463,0.6363268546627849,0.902961735246884,1387.8840786485753,101.67489797266852
31,1,13.225806451612904,7.137857623013364,100,97.0,0.003400999043469,40,0.4,1474.0588166296382,1608.3795304846312,74.12896927213582,0.0,14,1.993524892518456,0,0,0,0.1,0.0,A-n32-k5,random_search,211,0.4675226138350945,0.6498955665573456,0.9577171669218274,1347.3948209821842,126.66399564745392
31,1,13.225806451612904,7.137857623013364,100,97.0,0.003400999043469,80,0.8,1384.5308640965995,1575.059247766886,89.87035136361885,0.0098267504651619,8,2.392800005493209,0,0,0,0.1,0.0098267504651619,A-n32-k5,random_search,212,0.6198490073682126,0.4691462417507548,0.5187121876229378,1294.9631691504446,89.56769494615492
31,1,13.225806451612904,7.137857623013364,100,97.0,0.003400999043469,20,0.2,1664.51212908883,1746.9856491409312,57.71587480725954,0.011835360030941,1,2.653829804810608,0,0,0,0.1,0.011835360030941,A-n32-k5,random_search,213,0.8478181827734201,0.2343232898714021,0.7018950689163139,1344.8879319903233,319.62419709850656
31,1,13.225806451612904,7.137857623013364,100,97.0,0.003400999043469,20,0.2,1509.280733990853,1747.004155542715,94.77951631802388,0.0,9,2.441482893585813,0,0,0,0.1,0.0,A-n32-k5,random_search,214,0.4473823918153002,0.4433937279612665,0.8030987357010333,1333.277303234801,176.003430756052
31,1,13.225806451612904,7.137857623013364,100,97.0,0.003400999043469,60,0.6,1432.3834280253088,1571.3813728602247,74.64429557518162,0.0180257688854253,2,2.23613102056495,0,0,0,0.1,0.0180257688854253,A-n32-k5,random_search,215,0.2537014873924235,0.7294682653307987,0.3001824099689104,1295.0074766121793,137.37595141312954
31,1,13.225806451612904,7.137857623013364,100,97.0,0.003400999043469,90,0.9,1307.1433219933067,1550.3958494348776,94.59760912858906,0.0,19,1.9307287186460709,0,0,0,0.1,0.0,A-n32-k5,random_search,216,0.5652507800019043,0.5791617095332731,0.322001235492665,1269.0466285971402,38.09669339616653
31,1,13.225806451612904,7.137857623013364,100,97.0,0.003400999043469,90,0.9,1309.4944789274118,1546.3755351168388,102.64226576409509,0.0,12,2.368000235386644,0,0,0,0.1,0.0,A-n32-k5,random_search,217,0.1057643745403062,0.7579064781438087,0.7724482984998273,1285.437503451185,24.056975476226853
31,1,13.225806451612904,7.137857623013364,100,97.0,0.003400999043469,70,0.7,1404.2749548102222,1574.5119894576517,85.03701427415012,0.0,18,2.4781669044976193,0,0,0,0.1,0.0,A-n32-k5,random_search,218,0.3346833320358023,0.740172855534041,0.9661124148825044,1305.3200892095624,98.9548656006598
31,1,13.225806451612904,7.137857623013364,100,97.0,0.003400999043469,60,0.6,1405.2570753324585,1578.7452809536596,101.24878118777646,0.0107936272927151,6,2.3316391850724942,0,0,0,0.1,0.0107936272927151,A-n32-k5,random_search,219,0.3670151154311167,0.3001938930923287,0.9517961240163464,1298.8145104980904,106.44256483436789
31,1,13.225806451612904,7.137857623013364,100,97.0,0.003400999043469,5,0.05,1757.7411441641884,1876.6783876663023,67.73888365671385,0.0,3,2.521410052458206,0,0,0,0.1,0.0,A-n32-k5,random_search,220,0.6574818126256526,0.798169763782308,0.8501610476917645,1428.5058055719187,329.2353385922697
31,1,13.225806451612904,7.137857623013364,100,97.0,0.003400999043469,10,0.1,1692.99295952256,1798.848021716176,63.64771341152182,0.0813370512781339,2,2.577268263262794,0,0,0,0.1,0.0813370512781339,A-n32-k5,random_search,221,0.6580057973256417,0.5332660983257442,0.6396802103026598,1394.292447331697,298.70051219086304
31,1,13.225806451612904,7.137857623013364,100,97.0,0.003400999043469,5,0.05,1664.8718365896564,1840.4535746898184,91.6003538239888,0.0,2,2.5952088947614964,0,0,0,0.1,0.0,A-n32-k5,random_search,222,0.8649467854605186,0.2942531074951013,0.3960197155900094,1430.4997392842831,234.37209730537325
31,1,13.225806451612904,7.137857623013364,100,97.0,0.003400999043469,90,0.9,1365.8263235851102,1536.132803562503,82.25071542477261,0.0362119317473555,5,1.9519258176648049,0,0,0,0.1,0.0362119317473555,A-n32-k5,random_search,223,0.4194383131178779,0.346946009292535,0.7099983720134055,1299.576150977426,66.25017260768436
31,1,13.225806451612904,7.137857623013364,100,97.0,0.003400999043469,5,0.05,1775.7175444780974,1872.2708442667504,47.77482795287591,0.0,4,2.709713314262689,0,0,0,0.1,0.0,A-n32-k5,random_search,224,0.1167651876550613,0.3589021450188258,0.7074416310698173,1362.596028304543,413.121516173554
31,1,13.225806451612904,7.137857623013364,100,97.0,0.003400999043469,60,0.6,1436.91100214856,1608.0085881804011,84.9090883179978,0.0,12,2.663119070283851,0,0,0,0.1,0.0,A-n32-k5,random_search,225,0.7447122922885294,0.4717183320299238,0.7433554317077838,1340.642137678302,96.268864470258
31,1,13.225806451612904,7.137857623013364,100,97.0,0.003400999043469,70,0.7,1397.3778983037184,1555.2535624414504,89.66403749970338,0.0,19,2.3393803463396874,0,0,0,0.1,0.0,A-n32-k5,random_search,226,0.1475220262845801,0.7714257745964086,0.970190689026619,1258.8744794285417,138.50341887517698
31,1,13.225806451612904,7.137857623013364,100,97.0,0.003400999043469,60,0.6,1423.1440703924427,1588.2768605683164,78.85728246314976,0.0055753654517118,6,2.1854327049053413,0,0,0,0.1,0.0055753654517118,A-n32-k5,random_search,227,0.1677823149020297,0.7770308938238402,0.9515407278336714,1330.7466071933015,92.39746319914116
31,1,13.225806451612904,7.137857623013364,100,97.0,0.003400999043469,20,0.2,1561.4572554625972,1693.3246212384147,78.72822942347513,0.0143465933951138,4,2.6560934216006338,0,0,0,0.1,0.0143465933951138,A-n32-k5,random_search,228,0.5720279386316025,0.7726143571343174,0.871089959787138,1360.5355497590922,200.92170570350504
31,1,13.225806451612904,7.137857623013364,100,97.0,0.003400999043469,60,0.6,1437.435280862224,1614.463328055736,105.05604523180769,0.0,18,2.0738700841099487,0,0,0,0.1,0.0,A-n32-k5,random_search,229,0.2076803656681417,0.5840451676453949,0.6787903412621235,1283.450427311992,153.98485355023172
31,1,13.225806451612904,7.137857623013364,100,97.0,0.003400999043469,10,0.1,1567.9504577202665,1761.5399959626852,89.65624608346742,0.1226525867783873,5,2.368285086538447,0,0,0,0.1,0.1226525867783873,A-n32-k5,random_search,230,0.2497952983305703,0.2273251924708872,0.7043902467518477,1370.79847619178,197.15198152848663
31,1,13.225806451612904,7.137857623013364,100,97.0,0.003400999043469,60,0.6,1302.3920563839872,1546.6742797709326,92.81776700756922,0.0820586112756315,7,2.323252762832557,0,0,0,0.1,0.0820586112756315,A-n32-k5,random_search,231,0.1918728844393842,0.3774707928864316,0.6607006209829834,1266.6738652431814,35.71819114080586
31,1,13.225806451612904,7.137857623013364,100,97.0,0.003400999043469,60,0.6,1417.9356415125735,1576.4090670673927,90.0531151363469,0.0,9,2.58816300887556,0,0,0,0.1,0.0,A-n32-k5,random_search,232,0.452071418048704,0.624768375752186,0.4347546201575515,1336.6339476642686,81.30169384830515
31,1,13.225806451612904,7.137857623013364,100,97.0,0.003400999043469,5,0.05,1719.4952770411458,1837.079321123167,84.3683927446898,0.0,1,2.3856105101050815,0,0,0,0.1,0.0,A-n32-k5,random_search,233,0.5939108209925529,0.7350121926558542,0.354496140145426,1336.662264086087,382.8330129550589
31,1,13.225806451612904,7.137857623013364,100,97.0,0.003400999043469,5,0.05,1606.8564647281923,1881.4875075582977,88.73448946734537,0.0,2,2.3225289862926957,0,0,0,0.1,0.0,A-n32-k5,random_search,234,0.7239601484891044,0.3355437778601819,0.3427418408363403,1388.8333212207287,218.0231435074636
31,1,13.225806451612904,7.137857623013364,100,97.0,0.003400999043469,90,0.9,1391.4709714684448,1566.8342916688384,83.21216923509999,0.0,19,2.362645847977318,0,0,0,0.1,0.0,A-n32-k5,random_search,235,0.860458831433429,0.5500035171862458,0.7527200608810052,1261.5339147520842,129.93705671636053
31,1,13.225806451612904,7.137857623013364,100,97.0,0.003400999043469,20,0.2,1608.671163647311,1726.6143179329435,79.68128587956484,0.0040916850115821,5,2.6230592845408736,0,0,0,0.1,0.0040916850115821,A-n32-k5,random_search,236,0.2051503606041728,0.4137382335550966,0.3605501392656203,1362.7939676813137,245.87719596599752
31,1,13.225806451612904,7.137857623013364,100,97.0,0.003400999043469,60,0.6,1425.576870447122,1598.5768662377152,91.74252301721606,0.0060255600678352,7,2.1977230833618746,0,0,0,0.1,0.0060255600678352,A-n32-k5,random_search,237,0.4287056072246797,0.4263394466657786,0.4198291744220062,1347.307843761965,78.26902668515709
31,1,13.225806451612904,7.137857623013364,100,97.0,0.003400999043469,90,0.9,1297.593782840482,1488.7738756679971,102.8289235019664,0.0116318668196895,8,2.1911800092420597,0,0,0,0.1,0.0116318668196895,A-n32-k5,random_search,238,0.2121014645158762,0.66228602603483,0.3947256274585791,1294.1193420099166,3.4744408305652996
31,1,13.225806451612904,7.137857623013364,100,97.0,0.003400999043469,10,0.1,1498.4760547880232,1748.2039527573947,100.7658047729211,0.1471560957230931,2,2.0259758909459946,0,0,0,0.1,0.1471560957230931,A-n32-k5,random_search,239,0.6110065259390423,0.333987934916894,0.6779859306917225,1321.8644921344587,176.61156265356453
31,1,13.225806451612904,7.137857623013364,100,97.0,0.003400999043469,90,0.9,1285.5635713904742,1469.4272459390013,100.57035969779145,0.0010867231176628,2,1.701484725250541,0,0,0,0.1,0.0010867231176628,A-n32-k5,random_search,240,0.153356063643069,0.7383680756862041,0.7779505889929978,1180.6592415633438,104.90432982713035
31,1,13.225806451612904,7.137857623013364,100,97.0,0.003400999043469,50,0.5,1406.953032748206,1599.003034677899,95.3440865124092,0.0,15,2.3542542407535163,0,0,0,0.1,0.0,A-n32-k5,random_search,241,0.1431444693942901,0.3654259047406978,0.4245052258367452,1233.1691907814147,173.7838419667912
31,1,13.225806451612904,7.137857623013364,100,97.0,0.003400999043469,70,0.7,1398.085556369076,1553.8910612097982,84.22885335378942,0.0059723943797362,4,2.13637163692575,0,0,0,0.1,0.0059723943797362,A-n32-k5,random_search,242,0.3218344264743498,0.7450656349793932,0.8996264928723559,1293.275464466942,104.810091902134
31,1,13.225806451612904,7.137857623013364,100,97.0,0.003400999043469,5,0.05,1657.1411083981732,1871.2474755068445,84.82590963982136,0.0,0,2.53354995233379,0,0,0,0.1,0.0,A-n32-k5,random_search,243,0.8915237260560807,0.5830440846893921,0.3754562725759053,1419.1700010445943,237.97110735357887
31,1,13.225806451612904,7.137857623013364,100,97.0,0.003400999043469,40,0.4,1561.2517963077496,1668.8716370625723,59.69798888005112,0.0032356026574484,2,2.616699779738319,0,0,0,0.1,0.0032356026574484,A-n32-k5,random_search,244,0.7024760635859228,0.7417870859357132,0.9689825085234882,1369.5687378724297,191.6830584353199
31,1,13.225806451612904,7.137857623013364,100,97.0,0.003400999043469,60,0.6,1517.813753403323,1608.848674855583,58.68767801693395,0.0067521800530155,0,2.304957005007297,0,0,0,0.1,0.0067521800530155,A-n32-k5,random_search,245,0.3082588357283566,0.6136452350693113,0.3947396329056324,1310.7417595010304,207.07199390229263
31,1,13.225806451612904,7.137857623013364,100,97.0,0.003400999043469,40,0.4,1560.4966117932208,1663.8201609218388,64.43984620788707,0.0,15,2.325730297468701,0,0,0,0.1,0.0,A-n32-k5,random_search,246,0.4466770091605294,0.6108242266804396,0.3654002451992887,1430.024564177421,130.47204761579974
31,1,13.225806451612904,7.137857623013364,100,97.0,0.003400999043469,90,0.9,1390.7219505575392,1575.4181381301355,98.56698448983248,0.0224989095802065,3,2.461756673338209,0,0,0,0.1,0.0224989095802065,A-n32-k5,random_search,247,0.5582943629971628,0.4745504819744308,0.6976110749554658,1376.291419809197,14.430530748342337
31,1,13.225806451612904,7.137857623013364,100,97.0,0.003400999043469,30,0.3,1419.0789366634276,1622.3699602592235,101.95242099375508,0.0533419235661197,0,2.319304143389609,0,0,0,0.1,0.0533419235661197,A-n32-k5,random_search,248,0.4108870558754818,0.6731763068678289,0.3894286761715322,1269.1378718426945,149.94106482073312
31,1,13.225806451612904,7.137857623013364,100,97.0,0.003400999043469,90,0.9,1234.731331174882,1535.1259756500608,115.92710110777617,0.0,19,2.68129275081368,0,0,0,0.1,0.0,A-n32-k5,random_search,249,0.506289014094733,0.398951810931796,0.6096386069210988,1208.121122966028,26.610208208854147
31,1,13.225806451612904,7.137857623013364,100,97.0,0.003400999043469,10,0.1,1693.6409662990122,1810.815802853249,57.73763179115143,0.0828751547117266,5,2.4615851509549853,0,0,0,0.1,0.0828751547117266,A-n32-k5,random_search,250,0.8637329718522576,0.5710155608265874,0.7571507477023749,1401.2802026146217,292.3607636843906
31,1,13.225806451612904,7.137857623013364,100,97.0,0.003400999043469,5,0.05,1546.294242686472,1784.5393740496438,120.21485944255063,0.0,2,2.076029995044295,0,0,0,0.1,0.0,A-n32-k5,random_search,251,0.5904392304905722,0.5212113681117516,0.5888941530227298,1372.1305836867198,174.16365899975222
31,1,13.225806451612904,7.137857623013364,100,97.0,0.003400999043469,80,0.8,1277.7514552809146,1547.3960703325192,107.58748307285896,0.0,16,2.055143247614761,0,0,0,0.1,0.0,A-n32-k5,random_search,252,0.4644139578155187,0.5280993894771102,0.6610744776550893,1243.4526949360325,34.29876034488211
31,1,13.225806451612904,7.137857623013364,100,97.0,0.003400999043469,70,0.7,1381.035673209287,1545.977844551278,103.19291088458992,0.0159860216838273,6,1.856460755622316,0,0,0,0.1,0.0159860216838273,A-n32-k5,random_search,253,0.3227295008484885,0.4083076735361842,0.856511376047256,1260.2640302605737,120.7716429487134
31,1,13.225806451612904,7.137857623013364,100,97.0,0.003400999043469,40,0.4,1532.2614734713525,1661.3415873472154,73.41477664627575,0.0,19,2.4588803500579997,0,0,0,0.1,0.0,A-n32-k5,random_search,254,0.6768736853589514,0.7309793368356814,0.5147801349570179,1300.1506899458066,232.1107835255459
31,1,13.225806451612904,7.137857623013364,100,97.0,0.003400999043469,10,0.1,1665.3732176278609,1779.3709774175647,47.49040746633273,0.0366367652409287,2,2.209067798648069,0,0,0,0.1,0.0366367652409287,A-n32-k5,random_search,255,0.3858921080302309,0.5991732150835064,0.697205483991888,1394.7071923635144,270.66602526434644
31,1,13.225806451612904,7.137857623013364,100,97.0,0.003400999043469,70,0.7,1435.644853770454,1559.481211571744,80.15338020465292,0.0002821335346095,5,2.0278189020511737,0,0,0,0.1,0.0002821335346095,A-n32-k5,random_search,256,0.2586494026189155,0.2601606052895751,0.9861921270868794,1305.0940067384256,130.5508470320283
31,1,13.225806451612904,7.137857623013364,100,97.0,0.003400999043469,60,0.6,1373.1501165663988,1632.4793916695205,107.85929777862658,0.0,9,2.455594890073083,0,0,0,0.1,0.0,A-n32-k5,random_search,257,0.1687622659620169,0.6148538895705475,0.7813650681895412,1319.0326727036374,54.11744386276132
31,1,13.225806451612904,7.137857623013364,100,97.0,0.003400999043469,90,0.9,1444.826724023546,1593.1370080288382,82.79591398279679,0.0,19,2.368051593552247,0,0,0,0.1,0.0,A-n32-k5,random_search,258,0.7359557523381461,0.6155538349671692,0.3108061708142145,1382.363785292407,62.46293873113859
31,1,13.225806451612904,7.137857623013364,100,97.0,0.003400999043469,50,0.5,1405.3777848374095,1618.2906045566574,103.67768309546427,0.0064795850325727,7,2.6036934847641016,0,0,0,0.1,0.0064795850325727,A-n32-k5,random_search,259,0.2855698414729332,0.5854347311038808,0.8838824980341033,1311.7026628765907,93.67512196081884
31,1,13.225806451612904,7.137857623013364,100,97.0,0.003400999043469,10,0.1,1550.0981400946914,1760.272571783708,86.11335428752116,0.0552742426497065,4,2.4416441896592525,0,0,0,0.1,0.0552742426497065,A-n32-k5,random_search,260,0.2645596073065003,0.5024778405865189,0.9844213250230578,1384.3936881071902,165.70445198750122
31,1,13.225806451612904,7.137857623013364,100,97.0,0.003400999043469,5,0.05,1592.2760837008989,1854.8396943343785,88.04758703526822,0.0,0,2.675999916772746,0,0,0,0.1,0.0,A-n32-k5,random_search,261,0.4076611381556596,0.5214199940221452,0.7584699613412799,1338.2527758904296,254.02330781046908
31,1,13.225806451612904,7.137857623013364,100,97.0,0.003400999043469,80,0.8,1362.0609904420785,1567.47774892477,82.65731009165782,0.0,12,2.1358012900773296,0,0,0,0.1,0.0,A-n32-k5,random_search,262,0.5161413475904686,0.5870944096391084,0.8488699135189024,1247.7518115833077,114.30917885877057
31,1,13.225806451612904,7.137857623013364,100,97.0,0.003400999043469,40,0.4,1539.9609161261476,1660.9615501621615,85.97468945982894,0.0011362881581104,5,2.6776525149327437,0,0,0,0.1,0.0011362881581104,A-n32-k5,random_search,263,0.4912991564556325,0.2592214239997826,0.386776648328418,1281.4551094892042,258.50580663694336
31,1,13.225806451612904,7.137857623013364,100,97.0,0.003400999043469,70,0.7,1504.4345229381024,1619.6801222258805,62.94305301058518,0.0146140272544626,0,2.2405622972989403,0,0,0,0.1,0.0146140272544626,A-n32-k5,random_search,264,0.5933606265654908,0.6984520845958504,0.5801065711308502,1383.483957291214,120.95056564688844
31,1,13.225806451612904,7.137857623013364,100,97.0,0.003400999043469,30,0.3,1467.5756464630915,1680.7499708846317,80.95572554527723,0.0511689417259744,2,2.529844765228287,0,0,0,0.1,0.0511689417259744,A-n32-k5,random_search,265,0.1819775834795349,0.7384618479938445,0.5795066623669843,1307.0304984651823,160.54514799790925
31,1,13.225806451612904,7.137857623013364,100,97.0,0.003400999043469,40,0.4,1322.2040763555892,1609.62948764921,106.82802733422892,0.0215593670268466,4,2.331000068021163,0,0,0,0.1,0.0215593670268466,A-n32-k5,random_search,266,0.5372049697635873,0.2853218689447903,0.3938921139653342,1297.0718590449185,25.132217310670967
31,1,13.225806451612904,7.137857623013364,100,97.0,0.003400999043469,20,0.2,1498.0676616819142,1716.5948584538733,67.24255420626791,0.0707029472398278,7,2.517994287754186,0,0,0,0.1,0.0707029472398278,A-n32-k5,random_search,267,0.7808431491766497,0.6444041071993201,0.6496460559465735,1409.4346318624278,88.63302981948641
31,1,13.225806451612904,7.137857623013364,100,97.0,0.003400999043469,30,0.3,1456.37426269915,1611.7850782098649,95.91618831435396,0.0,11,2.118334531884845,0,0,0,0.1,0.0,A-n32-k5,random_search,268,0.2754519860079858,0.4247153515565611,0.7315782012786236,1270.3628432716534,186.01141942749655
31,1,13.225806451612904,7.137857623013364,100,97.0,0.003400999043469,70,0.7,1446.599963294843,1601.602560364247,80.25447945095762,0.0,13,2.6575885362849174,0,0,0,0.1,0.0,A-n32-k5,random_search,269,0.2003916174434493,0.3979920102554914,0.4246500075094819,1298.5002009119548,148.09976238288823
31,1,13.225806451612904,7.137857623013364,100,97.0,0.003400999043469,30,0.3,1492.8262345928706,1678.440261239043,69.47019970649184,0.0579066590952059,0,2.622659799692662,0,0,0,0.1,0.0579066590952059,A-n32-k5,random_search,270,0.3346298017028462,0.2945313862315176,0.6321247674802145,1343.4458472963418,149.38038729652885
31,1,13.225806451612904,7.137857623013364,100,97.0,0.003400999043469,70,0.7,1407.559682584878,1562.6316506021462,85.69946106159638,0.0,19,2.112425566641293,0,0,0,0.1,0.0,A-n32-k5,random_search,271,0.1786578077888717,0.7309353079432102,0.7439319508033493,1280.966960077959,126.59272250691902
31,1,13.225806451612904,7.137857623013364,100,97.0,0.003400999043469,20,0.2,1611.8454684906085,1749.2787919640575,71.73627710146455,0.0241829711563983,2,2.3782975421033283,0,0,0,0.1,0.0241829711563983,A-n32-k5,random_search,272,0.2709146944409816,0.4379207988980644,0.6828272465450962,1317.1267506860054,294.7187178046031
31,1,13.225806451612904,7.137857623013364,100,97.0,0.003400999043469,20,0.2,1470.691143880602,1717.9917613849425,113.61334805244964,0.0661246082113261,2,2.428724141858158,0,0,0,0.1,0.0661246082113261,A-n32-k5,random_search,273,0.2146585773219178,0.4263995855276485,0.7605360547154725,1253.9189364975878,216.77220738301412
31,1,13.225806451612904,7.137857623013364,100,97.0,0.003400999043469,30,0.3,1495.2516353841122,1688.1740943622085,73.71745289256611,0.0607024594060048,4,2.609271953333967,0,0,0,0.1,0.0607024594060048,A-n32-k5,random_search,274,0.2633316129242296,0.7007599229319688,0.6652530780229908,1389.5100139628348,105.7416214212774
31,1,13.225806451612904,7.137857623013364,100,97.0,0.003400999043469,70,0.7,1414.587508865778,1550.370604590153,80.37357048295867,0.0008900725739223,4,2.1665851005975165,0,0,0,0.1,0.0008900725739223,A-n32-k5,random_search,275,0.2674256681273305,0.7571117522160284,0.9318226257201808,1280.3042215795822,134.2832872861959
31,1,13.225806451612904,7.137857623013364,100,97.0,0.003400999043469,20,0.2,1558.62767467139,1718.82824155534,84.52136100826166,0.0598114281723607,3,2.6016740122384463,0,0,0,0.1,0.0598114281723607,A-n32-k5,random_search,276,0.8441464788938677,0.6309991946556814,0.8618340768944355,1345.160158232175,213.46751643921493
31,1,13.225806451612904,7.137857623013364,100,97.0,0.003400999043469,5,0.05,1578.1324641710742,1807.3674140656487,111.16981772157244,0.0,3,2.407608617426262,0,0,0,0.1,0.0,A-n32-k5,random_search,277,0.5535458890824131,0.7441767184870209,0.6360281663695837,1393.7920629456644,184.34040122540975
31,1,13.225806451612904,7.137857623013364,100,97.0,0.003400999043469,90,0.9,1462.4514976695898,1593.2118126249657,83.42704092231314,0.0,9,2.516050070423438,0,0,0,0.1,0.0,A-n32-k5,random_search,278,0.1747958378473638,0.5199053409040542,0.3391281321675755,1337.2355977888817,125.21589988070832
31,1,13.225806451612904,7.137857623013364,100,97.0,0.003400999043469,90,0.9,1404.6505625854604,1560.6282260231287,77.32721556397307,0.0001725871519611,4,2.3192430438354275,0,0,0,0.1,0.0001725871519611,A-n32-k5,random_search,279,0.5238687035474582,0.3455491288514415,0.6452100933769543,1326.8416729566998,77.80888962876065
31,1,13.225806451612904,7.137857623013364,100,97.0,0.003400999043469,5,0.05,1704.9186501024456,1894.5035773008483,78.75715605716506,0.0,4,2.537055900087368,0,0,0,0.1,0.0,A-n32-k5,random_search,280,0.7070056469182692,0.6833469542113819,0.3290061702619573,1371.4554289463088,333.4632211561368
31,1,13.225806451612904,7.137857623013364,100,97.0,0.003400999043469,50,0.5,1442.9877605350584,1637.1147627720236,98.16528187409638,0.0412453324372854,1,2.386837463197909,0,0,0,0.1,0.0412453324372854,A-n32-k5,random_search,281,0.8164671943399621,0.3851592629583034,0.8423925320611352,1369.1524963918423,73.83526414321591
31,1,13.225806451612904,7.137857623013364,100,97.0,0.003400999043469,70,0.7,1469.5252615536097,1615.5686981991892,92.4543230319656,0.0,19,2.162916372554234,0,0,0,0.1,0.0,A-n32-k5,random_search,282,0.1535119693368738,0.4926046023543904,0.4706497612000616,1301.3283310490665,168.19693050454316
31,1,13.225806451612904,7.137857623013364,100,97.0,0.003400999043469,90,0.9,1445.8354685335776,1578.272395286028,57.32008446453719,0.0112451581795338,3,2.537065769327274,0,0,0,0.1,0.0112451581795338,A-n32-k5,random_search,283,0.1860645787281917,0.7747470267279226,0.6258102209261112,1337.7879326269438,108.0475359066338
31,1,13.225806451612904,7.137857623013364,100,97.0,0.003400999043469,80,0.8,1440.080214745674,1553.6341658492163,80.57404233066032,0.0015811850620324,6,2.307927962783295,0,0,0,0.1,0.0015811850620324,A-n32-k5,random_search,284,0.5005906607283487,0.713425348293671,0.90478398502629,1296.0879317992649,143.99228294640898
31,1,13.225806451612904,7.137857623013364,100,97.0,0.003400999043469,70,0.7,1271.9430342029193,1530.7885465339532,97.6839657551732,0.0,19,1.946954544823814,0,0,0,0.1,0.0,A-n32-k5,random_search,285,0.4288712383507563,0.7341495058595462,0.4693140941852783,1187.0669270968149,84.87610710610443
31,1,13.225806451612904,7.137857623013364,100,97.0,0.003400999043469,40,0.4,1507.8947485357146,1639.7624706431611,67.4281843006073,0.0021978805554905,5,2.5036383934026385,0,0,0,0.1,0.0021978805554905,A-n32-k5,random_search,286,0.7213835296275768,0.7686550989547207,0.3918362057179985,1263.606270014683,244.2884785210315
31,1,13.225806451612904,7.137857623013364,100,97.0,0.003400999043469,90,0.9,1344.2957075183442,1531.147629468322,82.52832804046254,0.0,19,2.4140830821386667,0,0,0,0.1,0.0,A-n32-k5,random_search,287,0.5511570504775456,0.522601372580285,0.3571472074707777,1264.6018027075932,79.69390481075106
31,1,13.225806451612904,7.137857623013364,100,97.0,0.003400999043469,5,0.05,1606.3774555520918,1837.4606834553608,90.08722298751177,0.0,2,2.4143890321323656,0,0,0,0.1,0.0,A-n32-k5,random_search,288,0.599905455257908,0.3251798901484729,0.7945538002348689,1387.5087405692166,218.8687149828752
31,1,13.225806451612904,7.137857623013364,100,97.0,0.003400999043469,20,0.2,1548.5080036974762,1719.8915328968592,82.86416290824808,0.0366130244168632,0,2.3640058689009087,0,0,0,0.1,0.0366130244168632,A-n32-k5,random_search,289,0.1429449657863465,0.5869274511188551,0.588134012389512,1372.7429971799547,175.76500651752144
31,1,13.225806451612904,7.137857623013364,100,97.0,0.003400999043469,5,0.05,1729.1511544652376,1850.295629198345,54.59509679659548,0.0,3,2.314347356032337,0,0,0,0.1,0.0,A-n32-k5,random_search,290,0.5234685043470587,0.6904995752722807,0.3281710461499341,1377.7505907530538,351.40056371218384
31,1,13.225806451612904,7.137857623013364,100,97.0,0.003400999043469,70,0.7,1359.2385690790118,1519.7162233789345,83.6351637580911,0.0131857944508679,6,1.9600980000593244,0,0,0,0.1,0.0131857944508679,A-n32-k5,random_search,291,0.1352281302003485,0.4987342884204711,0.6781353265061558,1141.6207729008845,217.6177961781275
31,1,13.225806451612904,7.137857623013364,100,97.0,0.003400999043469,80,0.8,1390.0221689484997,1592.0038267037637,80.9719808436672,0.0,19,2.238025497545409,0,0,0,0.1,0.0,A-n32-k5,random_search,292,0.4148493611763399,0.7358101131996433,0.8041585110519174,1349.8805288751078,40.14164007339173
31,1,13.225806451612904,7.137857623013364,100,97.0,0.003400999043469,80,0.8,1412.7377257072153,1577.994051455132,102.2679981515608,0.0,17,2.0566446986975344,0,0,0,0.1,0.0,A-n32-k5,random_search,293,0.2369311208304668,0.5864164465313555,0.3664830013458043,1231.7773955517064,180.96033015550893
31,1,13.225806451612904,7.137857623013364,100,97.0,0.003400999043469,20,0.2,1456.5533809050376,1682.011465173946,101.61939539405492,0.0408851517177015,3,2.5412597066298774,0,0,0,0.1,0.0408851517177015,A-n32-k5,random_search,294,0.337523534634398,0.6699024431331828,0.3012824322235176,1326.0096066387732,130.54377426626434
31,1,13.225806451612904,7.137857623013364,100,97.0,0.003400999043469,70,0.7,1387.4412647606025,1551.3432063267894,89.01924443582597,0.0006253652997115,3,1.8619626851185695,0,0,0,0.1,0.0006253652997115,A-n32-k5,random_search,295,0.1098558895052702,0.3826140903142017,0.7058088179599189,1317.4166325314145,70.02463222918777
31,1,13.225806451612904,7.137857623013364,100,97.0,0.003400999043469,5,0.05,1718.7415516964525,1821.5731341150563,81.33306795393617,0.0,4,2.6280308162930095,0,0,0,0.1,0.0,A-n32-k5,random_search,296,0.3028422987557085,0.711905175829987,0.7839472324316012,1306.9382804414597,411.8032712549927
31,1,13.225806451612904,7.137857623013364,100,97.0,0.003400999043469,20,0.2,1492.731678607608,1673.11761069315,77.93978062717369,0.0946322111181765,5,1.8521010156110975,0,0,0,0.1,0.0946322111181765,A-n32-k5,random_search,297,0.5389034542901318,0.3363676370211098,0.6669925478996883,1342.9645822424673,149.7670963651408
31,1,13.225806451612904,7.137857623013364,100,97.0,0.003400999043469,70,0.7,1412.2615536288945,1564.9430657098835,76.56760347539038,0.0,19,2.154919579202,0,0,0,0.1,0.0,A-n32-k5,random_search,298,0.1387062468717278,0.6482129379336854,0.9758315831419796,1304.2575091212595,108.00404450763472
31,1,13.225806451612904,7.137857623013364,100,97.0,0.003400999043469,40,0.4,1446.2323250611546,1591.2328492512388,91.49517622768452,0.0385005388573881,5,2.1104464302962205,0,0,0,0.1,0.0385005388573881,A-n32-k5,random_search,299,0.1883589323777825,0.7663497994896005,0.469492960501554,1345.5829599567353,100.6493651044193
50,1,15.54,7.980501237391045,160,63.0,0.0128495842781557,50,0.5,1167.0777906932829,1263.161150921267,74.61592936413228,0.0115614214122674,2,3.924781626478191,0,0,0,0.1,0.0115614214122674,E-n51-k5,random_search,0,0.7618085071994475,0.3373699645163648,0.4418236677085493,1158.0490059460903,9.028784747192503
50,1,15.54,7.980501237391045,160,63.0,0.0128495842781557,60,0.6,1211.126829568378,1337.9124398577717,42.9581927242465,0.0366326852872257,5,3.6711503506080434,0,0,0,0.1,0.0366326852872257,E-n51-k5,random_search,1,0.6765344966555686,0.2337252306541633,0.6737000006283185,1171.191343566304,39.93548600207396
50,1,15.54,7.980501237391045,160,63.0,0.0128495842781557,20,0.2,1314.0480889533474,1367.3221288712125,22.718773554011253,0.0,18,2.888241825012111,0,0,0,0.1,0.0,E-n51-k5,random_search,2,0.8611615247711231,0.2709552540630779,0.7830208306359547,1225.9219978697922,88.12609108355514
50,1,15.54,7.980501237391045,160,63.0,0.0128495842781557,50,0.5,1248.2102924126625,1329.7813421202684,46.02705152904847,0.0242859994343583,6,3.91253394602661,0,0,0,0.1,0.0242859994343583,E-n51-k5,random_search,3,0.7854830130508724,0.7857173106629312,0.6718569863244617,1195.840756099117,52.36953631354527
50,1,15.54,7.980501237391045,160,63.0,0.0128495842781557,70,0.7,1268.0726040783652,1341.5346421466966,27.920607338960917,0.0,19,4.09287721202996,0,0,0,0.1,0.0,E-n51-k5,random_search,4,0.1465372155174471,0.4561994584852357,0.4855513043512686,1218.2108831107228,49.86172096764244
50,1,15.54,7.980501237391045,160,63.0,0.0128495842781557,20,0.2,1206.6775797682023,1347.8892530062408,60.84075006376635,0.0731588313499721,1,3.1486985371469376,0,0,0,0.1,0.0731588313499721,E-n51-k5,random_search,5,0.6834051889997439,0.6740012334429013,0.6565605208439167,1117.654470990138,89.0231087780644
50,1,15.54,7.980501237391045,160,63.0,0.0128495842781557,90,0.9,1236.6001277030755,1322.3164142476696,29.833681094866296,0.0,19,3.2996142281052214,0,0,0,0.1,0.0,E-n51-k5,random_search,6,0.6123645483624751,0.2140895315250594,0.8494272220157184,1185.556062556606,51.04406514646962
50,1,15.54,7.980501237391045,160,63.0,0.0128495842781557,90,0.9,1219.937490639051,1254.8611795999377,46.10081294156387,0.0,15,3.171183694445397,0,0,0,0.1,0.0,E-n51-k5,random_search,7,0.36046899906656,0.7091598445751781,0.8267674352456407,1160.949419467755,58.98807117129604
50,1,15.54,7.980501237391045,160,63.0,0.0128495842781557,50,0.5,1256.531834845041,1348.7789852362168,31.727463114485897,0.0,18,4.062969174361224,0,0,0,0.1,0.0,E-n51-k5,random_search,8,0.3179958540718901,0.212803930134321,0.8571958105857111,1188.8794345164567,67.65240032858424
50,1,15.54,7.980501237391045,160,63.0,0.0128495842781557,5,0.05,1351.7540921757914,1420.7844276647702,54.46837293902821,0.0,4,3.2500587670659846,0,0,0,0.1,0.0,E-n51-k5,random_search,9,0.5991167843847601,0.3490544808967626,0.3307923220085506,1249.4803067925911,102.27378538320022
50,1,15.54,7.980501237391045,160,63.0,0.0128495842781557,20,0.2,1308.3157278750632,1371.3228713156752,23.24893327850524,0.0137006659659162,7,2.7916708663365997,0,0,0,0.1,0.0137006659659162,E-n51-k5,random_search,10,0.4016248199487523,0.6583352668428926,0.8965199994776036,1186.397741857831,121.91798601723212
50,1,15.54,7.980501237391045,160,63.0,0.0128495842781557,80,0.8,1298.8979622784225,1342.1717514404604,19.624384330021,0.0,19,4.00224823941756,0,0,0,0.1,0.0,E-n51-k5,random_search,11,0.3739511858602565,0.4235742555286394,0.807614991632335,1250.7087348922516,48.189227386170614
50,1,15.54,7.980501237391045,160,63.0,0.0128495842781557,5,0.05,1328.0135254076956,1389.607892118162,32.50506095935811,0.0,1,2.849184967593391,0,0,0,0.1,0.0,E-n51-k5,random_search,12,0.8920426645709786,0.217647805200545,0.3255104736885544,1229.4736840096748,98.53984139802084
50,1,15.54,7.980501237391045,160,63.0,0.0128495842781557,50,0.5,1225.8593846247877,1312.7294854408908,47.62430570177097,0.0594305145569092,1,3.9324057581364418,0,0,0,0.1,0.0594305145569092,E-n51-k5,random_search,13,0.7431456566259355,0.7197647291024731,0.5344925827403736,1203.6194195461442,22.239965078643536
50,1,15.54,7.980501237391045,160,63.0,0.0128495842781557,80,0.8,1180.6337780736376,1286.203889586642,66.98541285751477,0.00736028064237,7,3.788268447833997,0,0,0,0.1,0.00736028064237,E-n51-k5,random_search,14,0.7725506814736112,0.6711213230926456,0.6864046236353554,1116.3794670633156,64.254311010322
50,1,15.54,7.980501237391045,160,63.0,0.0128495842781557,90,0.9,1227.295082541527,1283.2105485087973,46.840288500937866,0.0,12,3.7786520415209175,0,0,0,0.1,0.0,E-n51-k5,random_search,15,0.4138906158000681,0.4931432141610524,0.7844943208994092,1151.1296889111811,76.16539363034599
50,1,15.54,7.980501237391045,160,63.0,0.0128495842781557,10,0.1,1328.0135254076956,1379.9071631407928,21.27215669059484,0.0378276971767247,3,3.0984681876441744,0,0,0,0.1,0.0378276971767247,E-n51-k5,random_search,16,0.4243809894391647,0.3685518788211558,0.7477465147517124,1213.49516161336,114.51836379433576
50,1,15.54,7.980501237391045,160,63.0,0.0128495842781557,60,0.6,1197.9527643968916,1318.972799372798,70.29578079339883,0.0,10,3.6461800475037145,0,0,0,0.1,0.0,E-n51-k5,random_search,17,0.6065669509379684,0.2253064685676607,0.8287755880674428,1173.3766760496685,24.57608834722305
50,1,15.54,7.980501237391045,160,63.0,0.0128495842781557,40,0.4,1263.881027749438,1352.107803213339,31.337212604428338,0.0,10,4.2504181300106785,0,0,0,0.1,0.0,E-n51-k5,random_search,18,0.3786714408697196,0.312460018143144,0.3454615497960286,1224.3672844718742,39.51374327756366
50,1,15.54,7.980501237391045,160,63.0,0.0128495842781557,30,0.3,1242.7845996607512,1320.0712880550122,49.2960299430542,0.0152002236917402,2,3.8529559989592808,0,0,0,0.1,0.0152002236917402,E-n51-k5,random_search,19,0.8612695280010114,0.3662294335735696,0.7064607788597934,1204.112860612533,38.671739048218114
50,1,15.54,7.980501237391045,160,63.0,0.0128495842781557,20,0.2,1328.0135254076956,1369.79050240595,16.688613947376265,0.0,19,3.7434224634428297,0,0,0,0.1,0.0,E-n51-k5,random_search,20,0.6980656145257521,0.3768886202495088,0.998006016735441,1226.232791939592,101.78073346810356
50,1,15.54,7.980501237391045,160,63.0,0.0128495842781557,30,0.3,1229.7653720311644,1301.4486930470111,62.18520284631604,0.0012578304266376,7,3.952168128304966,0,0,0,0.1,0.0012578304266376,E-n51-k5,random_search,21,0.8411083816275873,0.2602919268508417,0.8318753342552827,1176.9515828247588,52.813789206405545
50,1,15.54,7.980501237391045,160,63.0,0.0128495842781557,5,0.05,1301.3516793521414,1371.7143991935532,42.20535550531147,0.0,0,3.3122662757752175,0,0,0,0.1,0.0,E-n51-k5,random_search,22,0.6837777623910775,0.4300037935735574,0.5611135097759619,1176.6311767338186,124.72050261832284
50,1,15.54,7.980501237391045,160,63.0,0.0128495842781557,80,0.8,1272.2426531861777,1326.3401988121118,36.197771323564275,0.0,19,4.0811508686187485,0,0,0,0.1,0.0,E-n51-k5,random_search,23,0.47096663093745,0.6791347197047761,0.4289196089812262,1199.263838307363,72.97881487881477
50,1,15.54,7.980501237391045,160,63.0,0.0128495842781557,30,0.3,1269.5573731428517,1323.5899174038573,37.30965318117031,0.0389277038887422,2,3.849833971956319,0,0,0,0.1,0.0389277038887422,E-n51-k5,random_search,24,0.7992355606075273,0.7382346074062529,0.3924819076891132,1226.788862282334,42.76851086051761
50,1,15.54,7.980501237391045,160,63.0,0.0128495842781557,80,0.8,1221.0750359516358,1291.8837557348425,58.94791637634266,0.002885916044736,4,3.9594011874665207,0,0,0,0.1,0.002885916044736,E-n51-k5,random_search,25,0.8414899836460218,0.7586579069984196,0.8009968273163284,1196.6784259336494,24.396610017986404
50,1,15.54,7.980501237391045,160,63.0,0.0128495842781557,80,0.8,1254.9054360800558,1324.013078942549,32.01100081674641,0.0261004120619745,2,3.4623208350569334,0,0,0,0.1,0.0261004120619745,E-n51-k5,random_search,26,0.6687122778111244,0.6533486833180342,0.4787830909503024,1208.1284194582,46.77701662185564
50,1,15.54,7.980501237391045,160,63.0,0.0128495842781557,90,0.9,1273.9087132617412,1328.1687342689247,26.899053135724284,0.0,9,4.223166151018123,0,0,0,0.1,0.0,E-n51-k5,random_search,27,0.8742415346057312,0.5855544216394808,0.9327116849345054,1219.6734061159684,54.23530714577282
50,1,15.54,7.980501237391045,160,63.0,0.0128495842781557,5,0.05,1358.1680437919065,1392.6990573868147,20.29748062995912,0.0,1,2.991581610290297,0,0,0,0.1,0.0,E-n51-k5,random_search,28,0.5854703253513843,0.5685911753320377,0.6528924978694545,1253.8367606971783,104.33128309472797
50,1,15.54,7.980501237391045,160,63.0,0.0128495842781557,20,0.2,1310.538996093088,1364.6813598908684,23.72996397897496,0.0,19,2.8074590368970695,0,0,0,0.1,0.0,E-n51-k5,random_search,29,0.4167236526337841,0.3959014423227508,0.7476688629939559,1221.518418974336,89.02057711875182
50,1,15.54,7.980501237391045,160,63.0,0.0128495842781557,60,0.6,1167.21764546626,1298.0357741213495,75.19777754463206,0.0019031476218516,2,3.752129453183224,0,0,0,0.1,0.0019031476218516,E-n51-k5,random_search,30,0.2055049490115931,0.2071992798914998,0.3081691521808125,1103.583325002077,63.634320464183475
50,1,15.54,7.980501237391045,160,63.0,0.0128495842781557,30,0.3,1214.6478835091891,1290.9310360559418,61.37183395304226,0.0,19,3.763460686136217,0,0,0,0.1,0.0,E-n51-k5,random_search,31,0.5857293246939579,0.2346003055986779,0.9461494714963944,1122.9047549064458,91.74312860274358
50,1,15.54,7.980501237391045,160,63.0,0.0128495842781557,50,0.5,1225.2679876006612,1313.8530051721218,52.89345145379719,0.0196934204179706,6,4.008909604946408,0,0,0,0.1,0.0196934204179706,E-n51-k5,random_search,32,0.8929383539902978,0.6185255086539889,0.7555190717592684,1179.7360458425444,45.53194175811677
50,1,15.54,7.980501237391045,160,63.0,0.0128495842781557,20,0.2,1266.4476061975088,1335.6805526878193,51.06046519225213,0.002606406146374,5,3.709816456679334,0,0,0,0.1,0.002606406146374,E-n51-k5,random_search,33,0.7408787532956119,0.4011411054640668,0.4029626676440376,1193.1279186102367,73.31968758727203
50,1,15.54,7.980501237391045,160,63.0,0.0128495842781557,20,0.2,1330.0683627141511,1367.388476080301,22.06159073946478,0.0029307110842094,8,3.4366252414105363,0,0,0,0.1,0.0029307110842094,E-n51-k5,random_search,34,0.594880105030707,0.6126357117080686,0.6233090803397019,1205.073206220629,124.99515649352249
50,1,15.54,7.980501237391045,160,63.0,0.0128495842781557,60,0.6,1256.6977785799436,1325.4080468029665,44.996200517104775,0.0035088975908767,6,3.884835690293126,0,0,0,0.1,0.0035088975908767,E-n51-k5,random_search,35,0.5949943934912963,0.6172610787617371,0.3601242837192862,1208.104525318539,48.593253261404925
50,1,15.54,7.980501237391045,160,63.0,0.0128495842781557,10,0.1,1343.6023062673564,1381.5429451608632,14.823465999835811,0.0286511129335231,2,2.325334720354752,0,0,0,0.1,0.0286511129335231,E-n51-k5,random_search,36,0.7236879535476929,0.3384342020601486,0.901288247115942,1219.6164526932075,123.9858535741489
50,1,15.54,7.980501237391045,160,63.0,0.0128495842781557,30,0.3,1183.4008878992172,1321.9812805168626,56.20037759310492,0.0595880596294848,0,3.955155494311247,0,0,0,0.1,0.0595880596294848,E-n51-k5,random_search,37,0.1242178655832044,0.2523710713281922,0.983517973596433,1144.0784960770795,39.32239182213766
50,1,15.54,7.980501237391045,160,63.0,0.0128495842781557,10,0.1,1267.1045832535767,1351.4735068282994,42.64553093051195,0.0839546635198401,1,3.7331997973380577,0,0,0,0.1,0.0839546635198401,E-n51-k5,random_search,38,0.8065396357741464,0.373298554477349,0.4969013851268108,1176.2330565793875,90.87152667418924
50,1,15.54,7.980501237391045,160,63.0,0.0128495842781557,60,0.6,1219.8312654520032,1297.8708378524475,56.94627055961458,0.0029169048968664,3,3.95828160910228,0,0,0,0.1,0.0029169048968664,E-n51-k5,random_search,39,0.5904676879505633,0.798411068426822,0.6549047943227606,1145.6488563636467,74.18240908835651
50,1,15.54,7.980501237391045,160,63.0,0.0128495842781557,10,0.1,1328.0135254076956,1383.7057758506148,17.26292575246876,0.0399209245944005,0,2.656801910903088,0,0,0,0.1,0.0399209245944005,E-n51-k5,random_search,40,0.6586761505988408,0.7858537280863891,0.8343557119900702,1246.6415312309343,81.37199417676129
50,1,15.54,7.980501237391045,160,63.0,0.0128495842781557,70,0.7,1254.7156795211806,1330.5239068676678,30.97040366987643,0.0,19,3.423476932447625,0,0,0,0.1,0.0,E-n51-k5,random_search,41,0.6285742094821718,0.4777216458073007,0.8736237076663957,1176.485285293147,78.23039422803367
50,1,15.54,7.980501237391045,160,63.0,0.0128495842781557,30,0.3,1255.2005605664249,1323.0421504007877,45.78054790973399,0.0138068798461843,2,3.895989014122003,0,0,0,0.1,0.0138068798461843,E-n51-k5,random_search,42,0.877806378717857,0.6748665527872936,0.5313389267474233,1170.0344744448098,85.16608612161508
50,1,15.54,7.980501237391045,160,63.0,0.0128495842781557,70,0.7,1266.9670874168264,1347.6218359595348,33.06464173932405,0.0,19,4.274445327580548,0,0,0,0.1,0.0,E-n51-k5,random_search,43,0.5177238303228098,0.5494946776585341,0.7172591802244135,1176.1155851503977,90.85150226642897
50,1,15.54,7.980501237391045,160,63.0,0.0128495842781557,50,0.5,1240.7230220413628,1275.8134771995246,41.316502856425686,0.0,19,3.85804032041558,0,0,0,0.1,0.0,E-n51-k5,random_search,44,0.4799897742266634,0.5714263723562083,0.8551935687761443,1188.613565702998,52.10945633836491
50,1,15.54,7.980501237391045,160,63.0,0.0128495842781557,30,0.3,1278.0109717069738,1347.2517779620778,38.56319278516218,0.003533381963731,1,4.010958707667158,0,0,0,0.1,0.003533381963731,E-n51-k5,random_search,45,0.8438855618298349,0.6432954472473653,0.9084254622171296,1219.329010795284,58.68196091168966
50,1,15.54,7.980501237391045,160,63.0,0.0128495842781557,40,0.4,1204.1434106215186,1320.5113983478057,65.50597889777573,0.0402195226078601,1,3.9083069970177258,0,0,0,0.1,0.0402195226078601,E-n51-k5,random_search,46,0.7219786281760012,0.6465445199249328,0.8847400931058194,1158.5881305246464,45.55528009687214
50,1,15.54,7.980501237391045,160,63.0,0.0128495842781557,10,0.1,1351.2416142318616,1379.2011855696007,8.313656374608684,0.0025602021920408,7,2.192714869056193,0,0,0,0.1,0.0025602021920408,E-n51-k5,random_search,47,0.5379926134494433,0.4727855312993017,0.8907237147328115,1240.9960044542331,110.24560977762826
50,1,15.54,7.980501237391045,160,63.0,0.0128495842781557,30,0.3,1318.530669504451,1356.9372808464489,25.262785146780697,0.0,9,3.3182255420388933,0,0,0,0.1,0.0,E-n51-k5,random_search,48,0.7253001205890354,0.2020357311168887,0.6596506716343933,1197.8491954605936,120.6814740438574
50,1,15.54,7.980501237391045,160,63.0,0.0128495842781557,50,0.5,1179.9436509590248,1245.025672561892,61.44694763340681,0.0093699919399254,5,3.8147122289412994,0,0,0,0.1,0.0093699919399254,E-n51-k5,random_search,49,0.5077508468598665,0.3376906356283589,0.6076262207804763,1148.1818751065698,31.761775852455003
50,1,15.54,7.980501237391045,160,63.0,0.0128495842781557,50,0.5,1328.0135254076956,1350.5065674181683,16.89834752192568,0.0,19,4.291956355880978,0,0,0,0.1,0.0,E-n51-k5,random_search,50,0.2087161938278162,0.3749515869420229,0.6532392184742097,1172.0817553195996,155.93177008809607
50,1,15.54,7.980501237391045,160,63.0,0.0128495842781557,60,0.6,1147.5243468896815,1271.789376170037,89.67850294938857,0.0013699767746294,3,3.86861165774556,0,0,0,0.1,0.0013699767746294,E-n51-k5,random_search,51,0.2255242130191218,0.3761188375304167,0.7616793355368259,1147.5243468896815,0.0
50,1,15.54,7.980501237391045,160,63.0,0.0128495842781557,50,0.5,1245.440211122322,1341.539065634557,34.712120955047766,0.0,19,3.583313560938676,0,0,0,0.1,0.0,E-n51-k5,random_search,52,0.1057848856580324,0.2927582471175998,0.4890451460114185,1176.863002019962,68.57720910236003
50,1,15.54,7.980501237391045,160,63.0,0.0128495842781557,80,0.8,1184.4998858939964,1277.9217548073188,67.2214088350167,0.0,10,3.9984963387454657,0,0,0,0.1,0.0,E-n51-k5,random_search,53,0.5077092903638536,0.7987762633134019,0.852058581611844,1142.5041888346973,41.99569705929912
50,1,15.54,7.980501237391045,160,63.0,0.0128495842781557,10,0.1,1277.0467755039135,1372.9797556268109,31.94838100878798,0.0767670177914,4,2.8122984095234544,0,0,0,0.1,0.0767670177914,E-n51-k5,random_search,54,0.5921799253762282,0.6246520549505276,0.9432485974703791,1186.4497585747838,90.59701692912972
50,1,15.54,7.980501237391045,160,63.0,0.0128495842781557,60,0.6,1276.6958788716515,1326.0304131669982,34.605308195027625,0.0,16,3.8977615214993713,0,0,0,0.1,0.0,E-n51-k5,random_search,55,0.572713229818556,0.2110594646513753,0.7458195485388068,1238.3104128505142,38.38546602113729
50,1,15.54,7.980501237391045,160,63.0,0.0128495842781557,30,0.3,1264.6294651589092,1336.9731359013117,45.4332326325985,0.0220829060542503,0,3.599907456280891,0,0,0,0.1,0.0220829060542503,E-n51-k5,random_search,56,0.5079829084479542,0.659588519200681,0.6917805737883661,1215.4036315089188,49.22583364999036
50,1,15.54,7.980501237391045,160,63.0,0.0128495842781557,40,0.4,1253.6882625882708,1314.8264860882086,51.865436816931265,0.0,19,3.8556026576014246,0,0,0,0.1,0.0,E-n51-k5,random_search,57,0.8686405036091168,0.64652929583279,0.8495928783628757,1203.5348100342408,50.15345255403008
50,1,15.54,7.980501237391045,160,63.0,0.0128495842781557,80,0.8,1218.313956041747,1294.8554293098446,61.28870714539709,0.0017662126646567,8,4.0309606498987725,0,0,0,0.1,0.0017662126646567,E-n51-k5,random_search,58,0.7012953140027972,0.2825844647218606,0.830476847673091,1190.6964555996713,27.617500442075652
50,1,15.54,7.980501237391045,160,63.0,0.0128495842781557,50,0.5,1288.3134446168206,1343.3982854287256,26.22004379178162,0.0,19,4.032305594278625,0,0,0,0.1,0.0,E-n51-k5,random_search,59,0.4085046380529853,0.7377076406130196,0.8724462746706794,1245.724537464364,42.58890715245661
50,1,15.54,7.980501237391045,160,63.0,0.0128495842781557,30,0.3,1320.5325756276768,1356.4926370590897,21.58227460261561,0.0,19,3.5604255344280733,0,0,0,0.1,0.0,E-n51-k5,random_search,60,0.5527920835833793,0.7788174095637199,0.7881568376796078,1214.3678730972763,106.16470253040052
50,1,15.54,7.980501237391045,160,63.0,0.0128495842781557,10,0.1,1225.1343566531386,1327.945390964223,56.32228856147856,0.0470011596486286,0,3.6741180440435377,0,0,0,0.1,0.0470011596486286,E-n51-k5,random_search,61,0.871325017550588,0.581938243726346,0.5452303683574972,1131.9574028851964,93.17695376794222
50,1,15.54,7.980501237391045,160,63.0,0.0128495842781557,50,0.5,1240.354098458398,1287.7770859326592,49.35908613641357,0.0,10,3.2608499495262997,0,0,0,0.1,0.0,E-n51-k5,random_search,62,0.7632297161679399,0.611722009080934,0.821703985125569,1172.4184180465295,67.93568041186836
50,1,15.54,7.980501237391045,160,63.0,0.0128495842781557,70,0.7,1261.5300407022237,1323.599005486584,46.26503849477297,0.0,19,3.917610093156377,0,0,0,0.1,0.0,E-n51-k5,random_search,63,0.6129747999535897,0.6855315956640543,0.583506507379327,1210.0589840584548,51.471056643768634
50,1,15.54,7.980501237391045,160,63.0,0.0128495842781557,40,0.4,1315.492592364874,1359.9646342387648,21.681292167478446,0.0094283174103794,6,3.395151319975703,0,0,0,0.1,0.0094283174103794,E-n51-k5,random_search,64,0.6368509394512912,0.3386501376343065,0.6470277951268302,1196.3736419877218,119.11895037715205
50,1,15.54,7.980501237391045,160,63.0,0.0128495842781557,90,0.9,1240.7467351626465,1299.6505849055927,43.23490919179906,0.0,19,3.983747176433755,0,0,0,0.1,0.0,E-n51-k5,random_search,65,0.2539018225044211,0.7773953206906463,0.5887964012641391,1163.802504159354,76.94423100329254
50,1,15.54,7.980501237391045,160,63.0,0.0128495842781557,90,0.9,1158.3943271990313,1306.5088127131626,67.71948374579564,0.0,11,3.9361496322723144,0,0,0,0.1,0.0,E-n51-k5,random_search,66,0.7112645832112134,0.2920953312265005,0.7351516828915345,1109.184008697787,49.210318501244274
50,1,15.54,7.980501237391045,160,63.0,0.0128495842781557,10,0.1,1330.907084593404,1373.1855073023958,20.32726723809355,0.0226735569001699,4,2.5506728856696066,0,0,0,0.1,0.0226735569001699,E-n51-k5,random_search,67,0.6110202370563921,0.5013673649544024,0.7085164751216175,1237.5706230028989,93.33646159050522
50,1,15.54,7.980501237391045,160,63.0,0.0128495842781557,90,0.9,1278.5445089832176,1328.5964493968436,23.10260135058777,0.0,19,4.343974404958988,0,0,0,0.1,0.0,E-n51-k5,random_search,68,0.2998336020850347,0.5239618968056903,0.5001505230182381,1193.6922267280045,84.85228225521314
50,1,15.54,7.980501237391045,160,63.0,0.0128495842781557,5,0.05,1351.654456277617,1389.4118693503378,29.74889752349942,0.0,4,2.0543163711434547,0,0,0,0.1,0.0,E-n51-k5,random_search,69,0.887111273763123,0.6659320783956488,0.7914773431963948,1183.2229320091,168.43152426851725
50,1,15.54,7.980501237391045,160,63.0,0.0128495842781557,70,0.7,1213.154519505994,1300.621584265355,61.223443375953785,0.0064595541559563,4,4.013338479664137,0,0,0,0.1,0.0064595541559563,E-n51-k5,random_search,70,0.8552484987931814,0.2001523571743064,0.8028399427648307,1187.87714362345,25.277375882543993
50,1,15.54,7.980501237391045,160,63.0,0.0128495842781557,20,0.2,1278.67971788383,1349.1575249292175,40.59241897487898,0.0014949703894092,2,3.7788331415995753,0,0,0,0.1,0.0014949703894092,E-n51-k5,random_search,71,0.7689464646672958,0.2630160027362146,0.8206354382345764,1201.919618115896,76.76009976793398
50,1,15.54,7.980501237391045,160,63.0,0.0128495842781557,10,0.1,1360.503424294474,1383.1775995230364,18.808374439572724,0.0164325553222115,2,0.7509893796199224,0,0,0,0.1,0.0164325553222115,E-n51-k5,random_search,72,0.3462851855826412,0.5568415701718042,0.6574322337897858,1249.235376835665,111.26804745880918
50,1,15.54,7.980501237391045,160,63.0,0.0128495842781557,80,0.8,1274.5414329108282,1346.3938521077707,26.46232419651349,0.0,18,4.3187662243658425,0,0,0,0.1,0.0,E-n51-k5,random_search,73,0.2077388732186054,0.5420379583309052,0.6644296219655765,1135.8081720984355,138.7332608123927
50,1,15.54,7.980501237391045,160,63.0,0.0128495842781557,90,0.9,1167.1149110168024,1245.43388500984,66.18337230561859,0.0141727506890546,2,3.7233390835591464,0,0,0,0.1,0.0141727506890546,E-n51-k5,random_search,74,0.8315850668999468,0.5118671249196031,0.352006072920962,1152.3766888765288,14.738222140273592
50,1,15.54,7.980501237391045,160,63.0,0.0128495842781557,90,0.9,1182.1594209785385,1255.99977910199,69.7291010752485,0.0,19,3.951442712471155,0,0,0,0.1,0.0,E-n51-k5,random_search,75,0.3568475149847103,0.5660829412447984,0.3706506214185273,1182.1594209785385,0.0
50,1,15.54,7.980501237391045,160,63.0,0.0128495842781557,70,0.7,1223.8553963158515,1341.4110324248966,35.664863350123305,0.0,16,4.132007619542663,0,0,0,0.1,0.0,E-n51-k5,random_search,76,0.2876068725410799,0.2108725530608292,0.993292637474036,1170.293025225775,53.562371090076795
50,1,15.54,7.980501237391045,160,63.0,0.0128495842781557,80,0.8,1298.1054515094356,1341.3014978741287,23.444918002997895,0.0,19,3.801433984779176,0,0,0,0.1,0.0,E-n51-k5,random_search,77,0.8496059422844094,0.5291350582312776,0.8175416116404202,1172.5484956409623,125.55695586847332
50,1,15.54,7.980501237391045,160,63.0,0.0128495842781557,50,0.5,1148.7898037122277,1253.6684243477216,66.04444596322821,0.0084873232012487,4,3.58445877671152,0,0,0,0.1,0.0084873232012487,E-n51-k5,random_search,78,0.8772237349379212,0.5298127236040908,0.7184125529099848,1104.866454500821,43.9233492114065
50,1,15.54,7.980501237391045,160,63.0,0.0128495842781557,70,0.7,1192.2300347945338,1294.015597429915,63.557398629909144,0.0186678126265742,0,4.019133598506749,0,0,0,0.1,0.0186678126265742,E-n51-k5,random_search,79,0.6905301718327657,0.6290953724857749,0.9859079546946408,1162.0506496418584,30.179385152675422
50,1,15.54,7.980501237391045,160,63.0,0.0128495842781557,80,0.8,1222.810830622568,1289.6934122834025,43.187142368588546,0.005785356819112,0,3.433704220461367,0,0,0,0.1,0.005785356819112,E-n51-k5,random_search,80,0.4203127841062314,0.2262450424458029,0.8269102411304032,1163.6093246306746,59.20150599189333
50,1,15.54,7.980501237391045,160,63.0,0.0128495842781557,40,0.4,1302.5238784011574,1360.4546497674385,22.48192013996218,0.0191938158150242,0,3.3543823379526,0,0,0,0.1,0.0191938158150242,E-n51-k5,random_search,81,0.8356722788753589,0.5557141053277549,0.3235794719430412,1176.7355708894547,125.78830751170268
50,1,15.54,7.980501237391045,160,63.0,0.0128495842781557,90,0.9,1179.1115327459938,1264.9510078984308,62.078788804162045,0.0085984839013896,8,3.363758125861195,0,0,0,0.1,0.0085984839013896,E-n51-k5,random_search,82,0.7644617014961208,0.5016359264213068,0.8980856178752794,1136.499715608224,42.611817137769776
50,1,15.54,7.980501237391045,160,63.0,0.0128495842781557,40,0.4,1264.8364237484438,1341.3876135084238,48.65942125032252,0.0088260936046455,1,3.439086321124168,0,0,0,0.1,0.0088260936046455,E-n51-k5,random_search,83,0.8920283812545504,0.6649708157063259,0.4001603154541185,1157.0817039022006,107.75471984624323
50,1,15.54,7.980501237391045,160,63.0,0.0128495842781557,10,0.1,1305.3140392245955,1372.7819435817964,23.55633689289741,0.0500162852564445,0,3.263272581839126,0,0,0,0.1,0.0500162852564445,E-n51-k5,random_search,84,0.6333025049778751,0.5255562701477445,0.7223094943288215,1210.593856720661,94.72018250393468
50,1,15.54,7.980501237391045,160,63.0,0.0128495842781557,60,0.6,1266.1997374854868,1339.2924464362975,34.52532410941514,0.0056847940081661,4,3.873602864456171,0,0,0,0.1,0.0056847940081661,E-n51-k5,random_search,85,0.8676809521834138,0.3938186159448165,0.9115600197119024,1207.0762712706369,59.12346621485017
50,1,15.54,7.980501237391045,160,63.0,0.0128495842781557,50,0.5,1205.0693494871969,1319.7436153664423,61.32239546498352,0.0282789248202493,1,3.73447642064978,0,0,0,0.1,0.0282789248202493,E-n51-k5,random_search,86,0.5081022429202359,0.359535389507197,0.7063801053359398,1169.207338693927,35.86201079326952
50,1,15.54,7.980501237391045,160,63.0,0.0128495842781557,90,0.9,1187.8760557354915,1248.4057671115086,67.90900103922796,0.0,19,3.492634732545408,0,0,0,0.1,0.0,E-n51-k5,random_search,87,0.8811409187090405,0.3052569099723723,0.4865586999606059,1137.4298509857122,50.446204749779554
50,1,15.54,7.980501237391045,160,63.0,0.0128495842781557,70,0.7,1215.155585944466,1302.0792988950911,51.63378030964369,0.0205210072148543,1,4.093128229959639,0,0,0,0.1,0.0205210072148543,E-n51-k5,random_search,88,0.3784973180296568,0.2109469458792791,0.469957488608523,1171.6215413890336,43.5340445554325
50,1,15.54,7.980501237391045,160,63.0,0.0128495842781557,30,0.3,1263.2790278388206,1356.0236548339049,37.236519408797726,0.0287300421462781,6,3.3068130393990103,0,0,0,0.1,0.0287300421462781,E-n51-k5,random_search,89,0.7194794578437258,0.3934504480881295,0.566927316150535,1213.721179530314,49.557848308506664
50,1,15.54,7.980501237391045,160,63.0,0.0128495842781557,20,0.2,1143.1192339936931,1318.397000066895,88.00920701056646,0.0752186860552205,1,3.347287045641147,0,0,0,0.1,0.0752186860552205,E-n51-k5,random_search,90,0.7287164167790275,0.4811624737508821,0.5099835588372446,1115.6113659535724,27.50786804012091
50,1,15.54,7.980501237391045,160,63.0,0.0128495842781557,70,0.7,1165.7303503782678,1214.606242601553,47.245075152213225,0.0,14,3.235456105794016,0,0,0,0.1,0.0,E-n51-k5,random_search,91,0.3164431858858315,0.583789585974938,0.612316209932459,1159.215213406319,6.5151369719487775
50,1,15.54,7.980501237391045,160,63.0,0.0128495842781557,20,0.2,1230.1656927352915,1322.566016961283,50.68997525449987,0.0400304366091426,2,3.987167766382311,0,0,0,0.1,0.0400304366091426,E-n51-k5,random_search,92,0.6770009660982135,0.7844637741127456,0.9090224504026908,1213.0676756062771,17.09801712901458
50,1,15.54,7.980501237391045,160,63.0,0.0128495842781557,30,0.3,1201.1326807160858,1284.2284211029814,64.35098914068463,0.0,11,3.776049977285531,0,0,0,0.1,0.0,E-n51-k5,random_search,93,0.3553401047577181,0.3040487372461027,0.7498503427359084,1184.6208122899902,16.51186842609559
50,1,15.54,7.980501237391045,160,63.0,0.0128495842781557,50,0.5,1176.3809492111898,1257.9117454114275,71.14588904613325,0.008765657325093,8,3.9156001962963134,0,0,0,0.1,0.008765657325093,E-n51-k5,random_search,94,0.6198066240400351,0.5603925645113315,0.8784794998018421,1150.7788046757462,25.602144535443585
50,1,15.54,7.980501237391045,160,63.0,0.0128495842781557,50,0.5,1241.9939689313246,1297.408057607401,60.993891185871355,0.0,18,3.764464835814244,0,0,0,0.1,0.0,E-n51-k5,random_search,95,0.7638595231848021,0.5116799334807602,0.9016690196603792,1230.6218496036968,11.372119327627844
50,1,15.54,7.980501237391045,160,63.0,0.0128495842781557,80,0.8,1248.7867093426469,1291.5669078910375,36.42145173373032,0.0,19,3.8383141999820256,0,0,0,0.1,0.0,E-n51-k5,random_search,96,0.865369539378986,0.4798805625155646,0.5998190506259606,1235.5478130683543,13.238896274292529
50,1,15.54,7.980501237391045,160,63.0,0.0128495842781557,10,0.1,1289.6711738024137,1363.5401238161269,28.48402886518818,0.0676402879696883,3,3.46975587798055,0,0,0,0.1,0.0676402879696883,E-n51-k5,random_search,97,0.6254810941700495,0.7833158627952317,0.4701793120140855,1161.7973870856977,127.8737867167158
50,1,15.54,7.980501237391045,160,63.0,0.0128495842781557,50,0.5,1192.2804091100104,1291.3178985584168,72.89468403303891,0.0,16,3.9292715885397618,0,0,0,0.1,0.0,E-n51-k5,random_search,98,0.5880297035471663,0.2155657267904388,0.7227951288975789,1157.6949765611869,34.58543254882352
50,1,15.54,7.980501237391045,160,63.0,0.0128495842781557,20,0.2,1223.5369611681317,1319.5879778109074,59.99648066051662,0.0309083111049754,2,3.76568956998664,0,0,0,0.1,0.0309083111049754,E-n51-k5,random_search,99,0.774738733878593,0.6183685133813552,0.679693909127876,1177.2860188034497,46.250942364681805
50,1,15.54,7.980501237391045,160,63.0,0.0128495842781557,90,0.9,1241.0171121314092,1285.7600850867454,47.98698670939189,0.0,19,3.886635174087814,0,0,0,0.1,0.0,E-n51-k5,random_search,100,0.8478376090039784,0.2139966990701983,0.5480573333733048,1241.0171121314092,0.0
50,1,15.54,7.980501237391045,160,63.0,0.0128495842781557,90,0.9,1106.8700191274886,1213.908592993436,83.73781148292576,0.0023287697250104,3,3.682761185117354,0,0,0,0.1,0.0023287697250104,E-n51-k5,random_search,101,0.6033636711897147,0.6169107390427774,0.829481173730872,1106.8700191274886,0.0
50,1,15.54,7.980501237391045,160,63.0,0.0128495842781557,10,0.1,1307.1956469739266,1378.832291995955,34.82156213193454,0.0329634254187016,8,3.5337566331374104,0,0,0,0.1,0.0329634254187016,E-n51-k5,random_search,102,0.2067272119857029,0.2229150757236273,0.9194763298357712,1216.3455414732755,90.8501055006509
50,1,15.54,7.980501237391045,160,63.0,0.0128495842781557,40,0.4,1234.3617809310845,1294.8471906805748,58.253736261788646,0.0,18,3.911198685276195,0,0,0,0.1,0.0,E-n51-k5,random_search,103,0.7907864124170529,0.4040340007709259,0.6179438879877623,1169.733653846852,64.62812708423235
50,1,15.54,7.980501237391045,160,63.0,0.0128495842781557,70,0.7,1235.5879965971187,1336.9194189788636,48.8598047492158,0.0190933166385154,6,3.5343389505286233,0,0,0,0.1,0.0190933166385154,E-n51-k5,random_search,104,0.7172912591577818,0.4623170307635917,0.6302090542405936,1174.9574084670878,60.6305881300309
50,1,15.54,7.980501237391045,160,63.0,0.0128495842781557,40,0.4,1259.1721436726266,1340.05999000434,39.16192719760993,0.0,10,4.024744772232205,0,0,0,0.1,0.0,E-n51-k5,random_search,105,0.4773039885709944,0.3189068368873231,0.5054323943957362,1188.043502841997,71.12864083062959
50,1,15.54,7.980501237391045,160,63.0,0.0128495842781557,30,0.3,1276.2915932123813,1354.6406182322748,35.886767335741716,0.0,14,3.903855518384203,0,0,0,0.1,0.0,E-n51-k5,random_search,106,0.4446377506693906,0.5336407553210919,0.5743400932679207,1193.1258265568922,83.16576665548905
50,1,15.54,7.980501237391045,160,63.0,0.0128495842781557,80,0.8,1227.5010315848106,1324.7953927071133,42.980838628510355,0.0290054128518117,1,3.2156447317698555,0,0,0,0.1,0.0290054128518117,E-n51-k5,random_search,107,0.7673917588499897,0.6169435993696917,0.4253879257304651,1170.144059298604,57.356972286206656
50,1,15.54,7.980501237391045,160,63.0,0.0128495842781557,40,0.4,1240.1939356779098,1338.6805526968776,52.311369988199615,0.0053150729406376,6,3.295819378046953,0,0,0,0.1,0.0053150729406376,E-n51-k5,random_search,108,0.5848675625639926,0.3388524782622923,0.9946510492346412,1085.0794836544494,155.11445202346044
50,1,15.54,7.980501237391045,160,63.0,0.0128495842781557,80,0.8,1213.552610647065,1276.727426761047,56.48130470769579,0.0009264271051461,2,3.964306970656599,0,0,0,0.1,0.0009264271051461,E-n51-k5,random_search,109,0.6858924466338134,0.7454724409243876,0.7019366396662007,1200.412296388967,13.140314258097987
50,1,15.54,7.980501237391045,160,63.0,0.0128495842781557,20,0.2,1291.9535965716814,1356.547336258648,24.3832449852494,0.0271532843198575,0,3.9117446347243936,0,0,0,0.1,0.0271532843198575,E-n51-k5,random_search,110,0.3446871895435058,0.3919220531985669,0.9530157264609608,1258.8156549837568,33.137941587924615
50,1,15.54,7.980501237391045,160,63.0,0.0128495842781557,5,0.05,1330.7134072279948,1384.4654144945011,20.73853580029017,0.0,0,2.0882301144767195,0,0,0,0.1,0.0,E-n51-k5,random_search,111,0.8843987199211084,0.750641933608512,0.854442103554502,1209.5549128236785,121.15849440431634
50,1,15.54,7.980501237391045,160,63.0,0.0128495842781557,40,0.4,1143.9028505604476,1335.601684188235,71.06829510694304,0.0069821248582967,1,2.8766164775727776,0,0,0,0.1,0.0069821248582967,E-n51-k5,random_search,112,0.3089879356754094,0.5505230291658524,0.7306617047372748,1107.9858836989551,35.91696686149248
50,1,15.54,7.980501237391045,160,63.0,0.0128495842781557,5,0.05,1319.6269206078894,1393.04834798605,38.57646072249849,0.0,4,1.4484719635666938,0,0,0,0.1,0.0,E-n51-k5,random_search,113,0.5570720924639739,0.4651321246988512,0.9276153080186832,1252.8737450207009,66.75317558718848
50,1,15.54,7.980501237391045,160,63.0,0.0128495842781557,10,0.1,1372.7726013924612,1382.8426307689006,5.761579390258453,0.007562630446555,8,1.364196650286086,0,0,0,0.1,0.007562630446555,E-n51-k5,random_search,114,0.7749597332551237,0.5452041225901338,0.8396934583220075,1233.8569726260082,138.91562876645298
50,1,15.54,7.980501237391045,160,63.0,0.0128495842781557,50,0.5,1192.413189935872,1276.0711693184187,49.850422547117034,0.0062449796645008,4,3.906119819842624,0,0,0,0.1,0.0062449796645008,E-n51-k5,random_search,115,0.785876340764079,0.4679610628214393,0.8435609124901935,1153.2171821649304,39.196007770941605
50,1,15.54,7.980501237391045,160,63.0,0.0128495842781557,5,0.05,1293.9371767914697,1384.747926392013,43.456046200946375,0.0,2,3.091531950555706,0,0,0,0.1,0.0,E-n51-k5,random_search,116,0.66752603916865,0.3397218687178904,0.3172611426607478,1224.485526783457,69.4516500080124
50,1,15.54,7.980501237391045,160,63.0,0.0128495842781557,50,0.5,1316.5552042780128,1352.5968858228305,18.128457558461264,0.0086281659866109,2,4.2172769733556965,0,0,0,0.1,0.0086281659866109,E-n51-k5,random_search,117,0.5889039084872835,0.4883121025769656,0.8908586235937084,1204.942062793651,111.61314148436168
50,1,15.54,7.980501237391045,160,63.0,0.0128495842781557,10,0.1,1276.0625745865927,1360.9802856109654,35.43429181970621,0.0774785396913178,1,2.8326560819948914,0,0,0,0.1,0.0774785396913178,E-n51-k5,random_search,118,0.2834061070049287,0.336328694593571,0.6444830051762607,1177.6679094451492,98.39466514144353
50,1,15.54,7.980501237391045,160,63.0,0.0128495842781557,40,0.4,1224.5784934028263,1295.4010110447616,51.758567188338525,0.0,14,3.969775661910512,0,0,0,0.1,0.0,E-n51-k5,random_search,119,0.6223365383963557,0.6237122911196608,0.4170961845109025,1184.2756190784844,40.30287432434193
50,1,15.54,7.980501237391045,160,63.0,0.0128495842781557,70,0.7,1179.6580281601337,1278.3545946018417,68.44332646389599,0.0301677919284149,4,4.040502392451329,0,0,0,0.1,0.0301677919284149,E-n51-k5,random_search,120,0.2127695847379837,0.6182922451601598,0.8101773079388979,1163.3445970080306,16.31343115210302
50,1,15.54,7.980501237391045,160,63.0,0.0128495842781557,30,0.3,1307.7607221147562,1363.9596143586668,24.314578027832077,0.004868437916883,4,2.4418904034363833,0,0,0,0.1,0.004868437916883,E-n51-k5,random_search,121,0.7641458853735893,0.7007685066841631,0.6300951493830063,1236.8041492771265,70.95657283762966
50,1,15.54,7.980501237391045,160,63.0,0.0128495842781557,40,0.4,1257.6487024987478,1341.6501969350572,38.637373393709495,0.0,17,3.839322295718374,0,0,0,0.1,0.0,E-n51-k5,random_search,122,0.3831200239677017,0.4461741099498058,0.5245138621283804,1192.4794580796004,65.16924441914739
50,1,15.54,7.980501237391045,160,63.0,0.0128495842781557,60,0.6,1221.6706145161545,1275.1896175797829,56.37406353200899,0.0,19,3.8837435474023345,0,0,0,0.1,0.0,E-n51-k5,random_search,123,0.3953489480977382,0.7943147786175879,0.4575467382985221,1158.3287471739372,63.341867342217256
50,1,15.54,7.980501237391045,160,63.0,0.0128495842781557,60,0.6,1189.5634069414264,1282.0280849860014,61.31362969990274,0.0066740448417458,8,3.674786864815914,0,0,0,0.1,0.0066740448417458,E-n51-k5,random_search,124,0.4457489311803002,0.2682103525438386,0.9856041108030946,1139.3954034103565,50.1680035310701
50,1,15.54,7.980501237391045,160,63.0,0.0128495842781557,40,0.4,1287.2439714265756,1350.3506035580435,27.527981140899215,0.0,19,3.974695461726044,0,0,0,0.1,0.0,E-n51-k5,random_search,125,0.2621900418357634,0.4552270012187889,0.4402038119284955,1203.7343015288625,83.50966989771337
50,1,15.54,7.980501237391045,160,63.0,0.0128495842781557,90,0.9,1154.6923713139752,1220.5427128896742,67.86208146069056,0.0,16,3.824840628538584,0,0,0,0.1,0.0,E-n51-k5,random_search,126,0.7001696075038033,0.746153745005776,0.3767708090795698,1142.0871249752593,12.605246338715917
50,1,15.54,7.980501237391045,160,63.0,0.0128495842781557,40,0.4,1213.1414474532291,1318.8904941042806,57.79464229778997,0.008619708405519,2,3.941067522474952,0,0,0,0.1,0.008619708405519,E-n51-k5,random_search,127,0.8625669365645551,0.5340756238172344,0.6139253900999373,1166.291777645291,46.8496698079382
50,1,15.54,7.980501237391045,160,63.0,0.0128495842781557,30,0.3,1325.9351075604916,1361.9234603689165,21.529243263866253,0.0,19,3.190750677163922,0,0,0,0.1,0.0,E-n51-k5,random_search,128,0.1404218412957684,0.2294586177682099,0.6249892430737596,1212.151835468744,113.78327209174768
50,1,15.54,7.980501237391045,160,63.0,0.0128495842781557,10,0.1,1245.9786625146755,1366.7641387592716,33.194059255049304,0.0573364162046377,1,2.2952795485854245,0,0,0,0.1,0.0573364162046377,E-n51-k5,random_search,129,0.3842714162438678,0.5289764131201788,0.7197080051860127,1222.5972868481372,23.38137566653836
50,1,15.54,7.980501237391045,160,63.0,0.0128495842781557,70,0.7,1313.1995615227522,1350.1016662356494,23.970741759121125,0.0,19,4.200766354871636,0,0,0,0.1,0.0,E-n51-k5,random_search,130,0.8120808205008393,0.3578060088798938,0.4742778038222206,1235.3019556822978,77.89760584045439
50,1,15.54,7.980501237391045,160,63.0,0.0128495842781557,90,0.9,1216.996088904296,1281.6279261705515,44.68666631943824,0.0,19,2.8598491788703684,0,0,0,0.1,0.0,E-n51-k5,random_search,131,0.578134476764065,0.4495352216382071,0.7323617951718808,1201.6151794695793,15.380909434716614
50,1,15.54,7.980501237391045,160,63.0,0.0128495842781557,20,0.2,1328.1623014852205,1364.3888532226335,20.224089421402777,0.0070869749490377,0,3.389650264849587,0,0,0,0.1,0.0070869749490377,E-n51-k5,random_search,132,0.6819645920854348,0.4426822955545649,0.472859567253671,1190.550000903996,137.61230058122464
50,1,15.54,7.980501237391045,160,63.0,0.0128495842781557,20,0.2,1250.7612316590614,1349.0172180692982,43.432883887057926,0.0188684208529688,1,3.1927702230573436,0,0,0,0.1,0.0188684208529688,E-n51-k5,random_search,133,0.684186833821712,0.3916638808650015,0.7960864511132062,1209.6489336439356,41.112298015125816
50,1,15.54,7.980501237391045,160,63.0,0.0128495842781557,10,0.1,1328.0135254076956,1382.8706607209674,24.781027113856663,0.0399209245944005,5,3.4960096179769775,0,0,0,0.1,0.0399209245944005,E-n51-k5,random_search,134,0.1088155470551568,0.2019388685183872,0.8184986845717455,1223.6151632427816,104.39836216491403
50,1,15.54,7.980501237391045,160,63.0,0.0128495842781557,5,0.05,1314.558987347678,1377.3294943180906,38.124550542561366,0.0,1,3.92054025258349,0,0,0,0.1,0.0,E-n51-k5,random_search,135,0.8139057687866557,0.6858809190421424,0.9857287278410471,1196.2522733144058,118.3067140332721
50,1,15.54,7.980501237391045,160,63.0,0.0128495842781557,90,0.9,1190.9895386746512,1253.9812775767275,68.09805894491654,0.0,19,3.78738368388617,0,0,0,0.1,0.0,E-n51-k5,random_search,136,0.4129365762881236,0.7129927520881771,0.6965173419857603,1190.9895386746512,0.0
50,1,15.54,7.980501237391045,160,63.0,0.0128495842781557,70,0.7,1242.449745687294,1294.4713437677624,54.3128040597935,0.0,19,3.9736598283019697,0,0,0,0.1,0.0,E-n51-k5,random_search,137,0.677505759365333,0.4946932284314004,0.6875648716403557,1198.3819091611851,44.06783652610898
50,1,15.54,7.980501237391045,160,63.0,0.0128495842781557,20,0.2,1164.3593228015675,1302.515533896103,84.30893579428198,0.0262749048682107,2,3.740985747925668,0,0,0,0.1,0.0262749048682107,E-n51-k5,random_search,138,0.5974814734610853,0.3616446299545374,0.7028714328323994,1105.990608821555,58.36871398001267
50,1,15.54,7.980501237391045,160,63.0,0.0128495842781557,5,0.05,1328.0135254076956,1395.668710010833,45.28607073552247,0.0,3,2.6808531065683363,0,0,0,0.1,0.0,E-n51-k5,random_search,139,0.6969652475404742,0.7749602333279149,0.5249899933931854,1221.1836986927851,106.8298267149105
50,1,15.54,7.980501237391045,160,63.0,0.0128495842781557,10,0.1,1266.23190502624,1365.5318277058689,33.948029102270574,0.0487359222256683,2,1.573989568853356,0,0,0,0.1,0.0487359222256683,E-n51-k5,random_search,140,0.2786589760850566,0.2362676113171087,0.5459680587989183,1183.063877072546,83.16802795369404
50,1,15.54,7.980501237391045,160,63.0,0.0128495842781557,80,0.8,1215.6295230084572,1305.4537971120135,54.76522220338936,0.0,19,3.7015106243080673,0,0,0,0.1,0.0,E-n51-k5,random_search,141,0.7222994688849756,0.7366200504970024,0.3477974033989657,1171.904584793934,43.72493821452326
50,1,15.54,7.980501237391045,160,63.0,0.0128495842781557,60,0.6,1174.8837746687252,1266.573752568893,69.66447353612118,0.0,12,3.7654385044875593,0,0,0,0.1,0.0,E-n51-k5,random_search,142,0.5737614374738599,0.6095271083766642,0.9201893304780304,1141.1003387420703,33.783435926654874
50,1,15.54,7.980501237391045,160,63.0,0.0128495842781557,80,0.8,1149.3259324008882,1248.4063711858544,89.28986370588507,0.0,19,3.9461041394035385,0,0,0,0.1,0.0,E-n51-k5,random_search,143,0.548871741111803,0.2190475767051786,0.5100650696327429,1122.93664795348,26.389284447408045
50,1,15.54,7.980501237391045,160,63.0,0.0128495842781557,20,0.2,1303.627913228339,1363.4111775103393,25.032293690797257,0.0183624727555907,3,3.753861130758085,0,0,0,0.1,0.0183624727555907,E-n51-k5,random_search,144,0.7567522445337592,0.3793563782800766,0.4453043113605561,1213.2772732749054,90.35063995343351
50,1,15.54,7.980501237391045,160,63.0,0.0128495842781557,5,0.05,1351.7540921757914,1383.3916826794707,18.255216402155124,0.0,4,2.197104397982649,0,0,0,0.1,0.0,E-n51-k5,random_search,145,0.1938844007337732,0.5161624172991455,0.6881018119059256,1225.8376348120464,125.91645736374494
50,1,15.54,7.980501237391045,160,63.0,0.0128495842781557,30,0.3,1232.4231226539932,1315.6864412429509,61.11004248169815,0.0003180822790562,0,3.864958192333987,0,0,0,0.1,0.0003180822790562,E-n51-k5,random_search,146,0.8721724912642232,0.6823882181923521,0.3079755405532848,1208.7033988557075,23.71972379828549
50,1,15.54,7.980501237391045,160,63.0,0.0128495842781557,30,0.3,1266.399992478051,1344.7206798950544,49.310937978177506,0.0499772764579962,6,3.706568362837331,0,0,0,0.1,0.0499772764579962,E-n51-k5,random_search,147,0.7871397195200263,0.6848861434782959,0.9310166931690852,1170.5407422198907,95.85925025816027
50,1,15.54,7.980501237391045,160,63.0,0.0128495842781557,40,0.4,1237.3093190334453,1333.7092022552656,52.394564531068575,0.0150906256859918,4,3.4172801479076287,0,0,0,0.1,0.0150906256859918,E-n51-k5,random_search,148,0.5652729017954232,0.4442343758438508,0.3869333844452971,1183.9289033121222,53.38041572132306
50,1,15.54,7.980501237391045,160,63.0,0.0128495842781557,30,0.3,1276.6193730476164,1331.903583079404,40.59105108413475,0.0016225871054927,6,3.8991462568490647,0,0,0,0.1,0.0016225871054927,E-n51-k5,random_search,149,0.8201597064975643,0.5552897536336618,0.5352588604730459,1199.7536015762514,76.86577147136495
50,1,15.54,7.980501237391045,160,63.0,0.0128495842781557,80,0.8,1212.0662881574217,1297.2413662811784,52.389061753226315,0.0152524290469825,5,3.98059587771858,0,0,0,0.1,0.0152524290469825,E-n51-k5,random_search,150,0.8858376206984679,0.6293689858830467,0.5226981324763356,1179.480247966468,32.58604019095333
50,1,15.54,7.980501237391045,160,63.0,0.0128495842781557,80,0.8,1224.6220001131144,1271.7840988720473,51.37674837811008,0.0040451654744365,7,3.877584161077228,0,0,0,0.1,0.0040451654744365,E-n51-k5,random_search,151,0.8363535718939812,0.5589225727258291,0.8277261605691832,1177.9715542455908,46.65044586752356
50,1,15.54,7.980501237391045,160,63.0,0.0128495842781557,60,0.6,1122.175371942855,1267.5052446875516,89.29809544069292,0.0273784632129264,5,3.840108950092655,0,0,0,0.1,0.0273784632129264,E-n51-k5,random_search,152,0.589448290035136,0.568847743903456,0.5795472299336328,1097.529493506985,24.64587843586969
50,1,15.54,7.980501237391045,160,63.0,0.0128495842781557,70,0.7,1241.0341809686477,1303.0445849960342,50.52947215908554,0.0,19,4.042649591062951,0,0,0,0.1,0.0,E-n51-k5,random_search,153,0.5203721061141905,0.3039296782386044,0.85599324064182,1158.1138011750377,82.92037979360998
50,1,15.54,7.980501237391045,160,63.0,0.0128495842781557,5,0.05,1302.0726316160965,1380.782486279891,54.077171542867866,0.0,2,3.8124113427620094,0,0,0,0.1,0.0,E-n51-k5,random_search,154,0.4157387212960443,0.2166449992181865,0.8568022672214883,1153.5145301936052,148.55810142249106
50,1,15.54,7.980501237391045,160,63.0,0.0128495842781557,50,0.5,1237.3906028348615,1323.8085859644616,47.430990779127605,0.0,9,3.844233645940175,0,0,0,0.1,0.0,E-n51-k5,random_search,155,0.6378117196514886,0.3714074615824569,0.8065957090994884,1198.2397726168847,39.150830217977045
50,1,15.54,7.980501237391045,160,63.0,0.0128495842781557,10,0.1,1301.5887947579715,1371.490546815523,37.05326376737306,0.0590245184092592,1,3.820001565875541,0,0,0,0.1,0.0590245184092592,E-n51-k5,random_search,156,0.5290315901017231,0.7753983527236907,0.7814687785975116,1147.4253104654745,154.16348429249706
50,1,15.54,7.980501237391045,160,63.0,0.0128495842781557,30,0.3,1228.7698514248136,1322.959939023668,62.967043822626174,0.0,9,3.9943347780605887,0,0,0,0.1,0.0,E-n51-k5,random_search,157,0.8594661765707546,0.5403594892207554,0.7388364205249857,1197.1745892249355,31.59526219987788
50,1,15.54,7.980501237391045,160,63.0,0.0128495842781557,60,0.6,1237.6152455546908,1321.3443197116917,45.63490303983364,0.0,16,4.006266834622437,0,0,0,0.1,0.0,E-n51-k5,random_search,158,0.7256413243705399,0.6309629444712539,0.3489259214930221,1155.2085313676046,82.40671418708621
50,1,15.54,7.980501237391045,160,63.0,0.0128495842781557,90,0.9,1258.4585150832204,1330.43116186257,35.9887441106022,0.0124567686932138,0,4.0126112531734615,0,0,0,0.1,0.0124567686932138,E-n51-k5,random_search,159,0.3672131871132068,0.4196519633962384,0.9305688005783384,1219.1892773524128,39.26923773080762
50,1,15.54,7.980501237391045,160,63.0,0.0128495842781557,5,0.05,1376.0813839825178,1402.533053400978,30.700692453418153,0.0,3,2.547884856450581,0,0,0,0.1,0.0,E-n51-k5,random_search,160,0.6410589779584778,0.7703827446584022,0.6826254194875121,1226.136579613163,149.94480436935487
50,1,15.54,7.980501237391045,160,63.0,0.0128495842781557,80,0.8,1174.2586118404015,1266.6041855457595,75.61439142868268,0.0,13,3.940500918710846,0,0,0,0.1,0.0,E-n51-k5,random_search,161,0.7525071411787434,0.3643100261663448,0.4553567209276251,1159.6193845615778,14.639227278823682
50,1,15.54,7.980501237391045,160,63.0,0.0128495842781557,50,0.5,1275.533232766549,1323.316809619895,31.94047463093277,0.0,19,3.8906315808987193,0,0,0,0.1,0.0,E-n51-k5,random_search,162,0.6079883980373488,0.2645863956467377,0.3018007116680916,1216.7239971633055,58.80923560324322
50,1,15.54,7.980501237391045,160,63.0,0.0128495842781557,50,0.5,1237.735787098142,1328.4739584176828,61.408933597323454,0.0,10,3.679252307559815,0,0,0,0.1,0.0,E-n51-k5,random_search,163,0.5080371094890055,0.3373084119433828,0.9961943475276044,1158.395052749864,79.34073434827815
50,1,15.54,7.980501237391045,160,63.0,0.0128495842781557,5,0.05,1243.9437619459409,1367.3773363827772,47.48239197066747,0.0,2,3.100083017040135,0,0,0,0.1,0.0,E-n51-k5,random_search,164,0.6154461106496093,0.6790206150019976,0.7569759530049052,1182.941387212031,61.00237473390962
50,1,15.54,7.980501237391045,160,63.0,0.0128495842781557,80,0.8,1268.3166265919072,1326.8288471527455,28.245243613918312,0.0,19,2.908447046298797,0,0,0,0.1,0.0,E-n51-k5,random_search,165,0.1404901494539182,0.3864949290141641,0.5300488105698185,1175.3770717475702,92.93955484433695
50,1,15.54,7.980501237391045,160,63.0,0.0128495842781557,50,0.5,1216.8117177128267,1310.75412895834,51.681127454493826,0.013110163049824,7,3.8677621838581664,0,0,0,0.1,0.013110163049824,E-n51-k5,random_search,166,0.6723526188715168,0.4407787166129096,0.8574464976924694,1166.4340509143435,50.377666798483006
50,1,15.54,7.980501237391045,160,63.0,0.0128495842781557,5,0.05,1328.0135254076956,1393.8697092143248,34.31668440331331,0.0,2,2.43714534886754,0,0,0,0.1,0.0,E-n51-k5,random_search,167,0.4922838812298751,0.3896511662640767,0.7056207269989467,1243.797828981945,84.2156964257506
50,1,15.54,7.980501237391045,160,63.0,0.0128495842781557,20,0.2,1300.4700631163855,1370.4235485463562,22.63040577386869,0.0420724088140763,6,1.476454240904256,0,0,0,0.1,0.0420724088140763,E-n51-k5,random_search,168,0.3685670455862817,0.4843535437529478,0.9597540327854592,1249.4860283905396,50.984034725846186
50,1,15.54,7.980501237391045,160,63.0,0.0128495842781557,30,0.3,1262.1623447136458,1370.0217469373692,26.773059216094207,0.0248527072862323,6,2.788406516152584,0,0,0,0.1,0.0248527072862323,E-n51-k5,random_search,169,0.5572715164437154,0.2444466729967299,0.7423551059300462,1214.995259873852,47.16708483979369
50,1,15.54,7.980501237391045,160,63.0,0.0128495842781557,60,0.6,1227.9847836227934,1267.8032370607723,40.09403853332442,0.0078302489655071,3,3.786240111958289,0,0,0,0.1,0.0078302489655071,E-n51-k5,random_search,170,0.5442613349292166,0.3924229223278637,0.7952080323214105,1170.8191172768018,57.16566634599167
50,1,15.54,7.980501237391045,160,63.0,0.0128495842781557,70,0.7,1218.8618991015478,1304.9025025999592,51.22851457561126,0.0,10,4.016507596081724,0,0,0,0.1,0.0,E-n51-k5,random_search,171,0.6166922202797424,0.4829048277450797,0.796971283168076,1163.8994681307677,54.96243097078013
50,1,15.54,7.980501237391045,160,63.0,0.0128495842781557,10,0.1,1269.8280116356966,1356.1986936410797,38.96389381131154,0.0533334355887806,0,3.290089504670558,0,0,0,0.1,0.0533334355887806,E-n51-k5,random_search,172,0.47933529994814,0.4024089458687021,0.582253196300311,1218.5651964511455,51.26281518455107
50,1,15.54,7.980501237391045,160,63.0,0.0128495842781557,40,0.4,1280.5329732400917,1338.5941796086954,30.46493704344855,0.0,19,4.114651139762916,0,0,0,0.1,0.0,E-n51-k5,random_search,173,0.2197617829949867,0.7372106151081743,0.9316645040286996,1238.134056369569,42.3989168705225
50,1,15.54,7.980501237391045,160,63.0,0.0128495842781557,60,0.6,1245.5317079800411,1326.6722381423097,39.72577609718875,0.0263292637871145,0,4.0442635862214615,0,0,0,0.1,0.0263292637871145,E-n51-k5,random_search,174,0.4299498501150363,0.2508579203475088,0.9839273691631968,1177.868481827481,67.66322615256013
50,1,15.54,7.980501237391045,160,63.0,0.0128495842781557,40,0.4,1196.6041653916525,1324.1713694435064,68.35368055661955,0.002232386917214,7,3.4670203957707546,0,0,0,0.1,0.002232386917214,E-n51-k5,random_search,175,0.3789735378643968,0.4815006829751436,0.8333739470181925,1130.4306468863283,66.17351850532395
50,1,15.54,7.980501237391045,160,63.0,0.0128495842781557,90,0.9,1265.4529516746284,1319.9351290658349,37.73034525265427,0.0,19,3.9282931195871393,0,0,0,0.1,0.0,E-n51-k5,random_search,176,0.5970972988080502,0.2324792354655086,0.9984723419763176,1250.529941951704,14.923009722924236
50,1,15.54,7.980501237391045,160,63.0,0.0128495842781557,80,0.8,1167.619180309326,1264.899364921847,80.34808399521724,0.0,11,3.8495360849517146,0,0,0,0.1,0.0,E-n51-k5,random_search,177,0.6026970068933806,0.2481423210345034,0.7609770616166569,1152.347053594495,15.272126714830849
50,1,15.54,7.980501237391045,160,63.0,0.0128495842781557,10,0.1,1359.3576858652011,1388.1784943088087,24.504183424847604,0.0399773658524271,3,2.7505178352788957,0,0,0,0.1,0.0399773658524271,E-n51-k5,random_search,178,0.3695610811292301,0.6283631233856194,0.4788558303529798,1243.1702758640445,116.18741000115664
50,1,15.54,7.980501237391045,160,63.0,0.0128495842781557,5,0.05,1307.8074345120624,1384.3531371482031,27.667411758089298,0.0,0,3.4880259035675736,0,0,0,0.1,0.0,E-n51-k5,random_search,179,0.8134238338474947,0.4950530481621798,0.925982524434541,1166.431352613228,141.3760818988344
50,1,15.54,7.980501237391045,160,63.0,0.0128495842781557,30,0.3,1189.456947893288,1323.5362718668246,68.55537253160828,0.022115343260889,2,3.5283027822302695,0,0,0,0.1,0.022115343260889,E-n51-k5,random_search,180,0.7987045764339543,0.2300357324739521,0.5895451775602105,1174.0649552240611,15.391992669226966
50,1,15.54,7.980501237391045,160,63.0,0.0128495842781557,30,0.3,1191.0399116357323,1279.4790599872665,75.22225927976285,0.0016533313045689,6,3.796350348702907,0,0,0,0.1,0.0016533313045689,E-n51-k5,random_search,181,0.6181128098752542,0.6791534555677688,0.5467100661890808,1172.840658751497,18.19925288423542
50,1,15.54,7.980501237391045,160,63.0,0.0128495842781557,90,0.9,1217.564844290274,1305.064403188667,54.60908897581121,0.0,14,3.870515894602768,0,0,0,0.1,0.0,E-n51-k5,random_search,182,0.5754632763356907,0.5744521985718255,0.7833896407903655,1154.399910972757,63.1649333175169
50,1,15.54,7.980501237391045,160,63.0,0.0128495842781557,70,0.7,1255.0848278772323,1308.2650318178694,46.79242228813399,0.0,16,3.865863442122547,0,0,0,0.1,0.0,E-n51-k5,random_search,183,0.1364024996013528,0.4537860335823882,0.5343096454671868,1155.8593321158946,99.2254957613377
50,1,15.54,7.980501237391045,160,63.0,0.0128495842781557,70,0.7,1232.3819205104662,1285.880292219549,50.108728842913365,0.0,19,3.877752349416915,0,0,0,0.1,0.0,E-n51-k5,random_search,184,0.8341433612540283,0.2255717323729491,0.4388025325412821,1224.1702396502806,8.211680860185652
50,1,15.54,7.980501237391045,160,63.0,0.0128495842781557,80,0.8,1265.028644052147,1307.809722704063,38.08890975892953,0.0013786473173315,8,3.65085894750091,0,0,0,0.1,0.0013786473173315,E-n51-k5,random_search,185,0.7751419208625278,0.2437476327128969,0.7217431405139038,1214.5400815875391,50.48856246460787
50,1,15.54,7.980501237391045,160,63.0,0.0128495842781557,70,0.7,1184.6370257655556,1281.9102863157402,73.43471194808295,0.0082262275965301,0,3.9785086101617666,0,0,0,0.1,0.0082262275965301,E-n51-k5,random_search,186,0.6765554548312427,0.5560927536941191,0.339672687753584,1178.166867833254,6.470157932301618
50,1,15.54,7.980501237391045,160,63.0,0.0128495842781557,90,0.9,1185.4112889671867,1271.6925350579097,67.09799235536116,0.0,15,4.057403735225744,0,0,0,0.1,0.0,E-n51-k5,random_search,187,0.8497741508570477,0.5167851941226171,0.7353804117194609,1181.1397343813037,4.2715545858829955
50,1,15.54,7.980501237391045,160,63.0,0.0128495842781557,50,0.5,1226.1435561619762,1317.8524226770908,61.83605461843217,0.002073268399633,1,3.901554271385297,0,0,0,0.1,0.002073268399633,E-n51-k5,random_search,188,0.6797814330219005,0.2462770622103887,0.93465478111391,1172.0155589839546,54.12799717802159
50,1,15.54,7.980501237391045,160,63.0,0.0128495842781557,90,0.9,1243.8560960930547,1344.5908364194302,36.44960397994917,0.0094132971400206,3,4.057582780045571,0,0,0,0.1,0.0094132971400206,E-n51-k5,random_search,189,0.6416925100418238,0.5054040485816287,0.75255724502411,1240.1091568728675,3.746939220187187
50,1,15.54,7.980501237391045,160,63.0,0.0128495842781557,40,0.4,1257.2827464743289,1341.0652410425614,44.23811708067479,0.0158846766431084,0,3.2890723010773852,0,0,0,0.1,0.0158846766431084,E-n51-k5,random_search,190,0.5975144134281145,0.5440068095949341,0.790351799660153,1166.402599813674,90.88014666065487
50,1,15.54,7.980501237391045,160,63.0,0.0128495842781557,90,0.9,1211.9634240064734,1327.245776580269,37.048119698257025,0.0220343366643559,7,4.343086008584906,0,0,0,0.1,0.0220343366643559,E-n51-k5,random_search,191,0.2336942231624497,0.2378704825956524,0.4716676812555862,1157.3892121719166,54.57421183455676
50,1,15.54,7.980501237391045,160,63.0,0.0128495842781557,30,0.3,1302.802556784162,1357.0555807804676,23.288207636260335,0.0,14,3.4216465185084344,0,0,0,0.1,0.0,E-n51-k5,random_search,192,0.8163500612362967,0.4070239616845031,0.4991162382083984,1231.2404741765724,71.56208260758967
50,1,15.54,7.980501237391045,160,63.0,0.0128495842781557,10,0.1,1287.9257183200214,1370.707162398689,30.601764246245796,0.0113792512233796,2,3.792030725140866,0,0,0,0.1,0.0113792512233796,E-n51-k5,random_search,193,0.4738121516583179,0.4127577254890889,0.988788074664748,1240.219824897075,47.7058934229467
50,1,15.54,7.980501237391045,160,63.0,0.0128495842781557,10,0.1,1352.0190467690695,1381.1990472138232,8.145912993633072,0.0225662830095717,3,1.7885894882200222,0,0,0,0.1,0.0225662830095717,E-n51-k5,random_search,194,0.7117943879659222,0.2583309126038156,0.5138776020641511,1207.5478875410813,144.4711592279882
50,1,15.54,7.980501237391045,160,63.0,0.0128495842781557,90,0.9,1270.6276755447304,1329.487856430816,33.7622091228255,0.0,19,3.792940503466153,0,0,0,0.1,0.0,E-n51-k5,random_search,195,0.3785952480568836,0.512902645605793,0.9540837544684316,1181.0252518409086,89.60242370382184
50,1,15.54,7.980501237391045,160,63.0,0.0128495842781557,50,0.5,1318.735332372663,1351.2471871713628,24.082429848671087,0.0,19,2.771443607368824,0,0,0,0.1,0.0,E-n51-k5,random_search,196,0.6567272361401247,0.6229445484639315,0.4976400755259732,1202.904211271424,115.83112110123898
50,1,15.54,7.980501237391045,160,63.0,0.0128495842781557,80,0.8,1213.2240757519778,1303.8815078394791,50.30688699575463,0.0,19,4.063887587349064,0,0,0,0.1,0.0,E-n51-k5,random_search,197,0.2366946322751028,0.3256595206063035,0.9287031673028868,1155.173523912477,58.050551839500486
50,1,15.54,7.980501237391045,160,63.0,0.0128495842781557,80,0.8,1168.215008958833,1270.2444560776871,64.69305859470809,0.0162685564995138,0,4.02913889942865,0,0,0,0.1,0.0162685564995138,E-n51-k5,random_search,198,0.7670294850268812,0.364063795829564,0.9311564574035152,1144.7860132109145,23.42899574791863
50,1,15.54,7.980501237391045,160,63.0,0.0128495842781557,60,0.6,1257.8273296405926,1321.165084852132,43.39230857689344,0.0217657492284097,1,4.038118068277363,0,0,0,0.1,0.0217657492284097,E-n51-k5,random_search,199,0.6653848561490857,0.6462366402766269,0.9457226503443492,1195.5135491879232,62.313780452669334
50,1,15.54,7.980501237391045,160,63.0,0.0128495842781557,50,0.5,1277.6719794454616,1332.184141029847,34.15023748941085,0.0,18,4.061600491781307,0,0,0,0.1,0.0,E-n51-k5,random_search,200,0.7042375083231609,0.7672864785763882,0.3677631830554032,1198.9444729720258,78.72750647343582
50,1,15.54,7.980501237391045,160,63.0,0.0128495842781557,40,0.4,1168.4814810782884,1319.0332383125838,72.88973487389774,0.0236980490511057,0,3.5050129194943063,0,0,0,0.1,0.0236980490511057,E-n51-k5,random_search,201,0.8272006639535213,0.6120238896530452,0.9884542537134,1151.6806021584907,16.800878919797697
50,1,15.54,7.980501237391045,160,63.0,0.0128495842781557,70,0.7,1141.2010249823725,1252.3211375136448,84.13240059530823,0.0004571372249949,4,4.0334655343636685,0,0,0,0.1,0.0004571372249949,E-n51-k5,random_search,202,0.5295916429149632,0.7692973401789642,0.7993205225419715,1125.7060572208768,15.494967761495673
50,1,15.54,7.980501237391045,160,63.0,0.0128495842781557,80,0.8,1255.9010211608563,1329.5522833519726,28.397841009450055,0.0,19,4.3111518280483905,0,0,0,0.1,0.0,E-n51-k5,random_search,203,0.8898999562892149,0.2072021682166854,0.3805872445066341,1235.6198731862823,20.281147974574196
50,1,15.54,7.980501237391045,160,63.0,0.0128495842781557,60,0.6,1277.911820916887,1316.5473902344388,39.43870050556769,0.0,19,3.9530375598201193,0,0,0,0.1,0.0,E-n51-k5,random_search,204,0.89157971600324,0.538456558008676,0.6645642552585771,1147.266770374785,130.64505054210213
50,1,15.54,7.980501237391045,160,63.0,0.0128495842781557,60,0.6,1291.3809695076757,1339.6031173634567,31.25067009479025,0.0,19,3.7211562870935344,0,0,0,0.1,0.0,E-n51-k5,random_search,205,0.841409301131162,0.3820401042973328,0.314353348252527,1206.902072897915,84.47889660976057
50,1,15.54,7.980501237391045,160,63.0,0.0128495842781557,10,0.1,1321.2736578887564,1364.106048927141,24.66230613955658,0.0261528485324924,2,3.831916417903353,0,0,0,0.1,0.0261528485324924,E-n51-k5,random_search,206,0.8292005312867381,0.4296556133009539,0.7821197358677424,1171.9936021626108,149.28005572614552
50,1,15.54,7.980501237391045,160,63.0,0.0128495842781557,70,0.7,1244.179884920516,1288.1406688426182,33.41893506289997,0.011598437274129,2,3.780292442847962,0,0,0,0.1,0.011598437274129,E-n51-k5,random_search,207,0.3391193210833619,0.303576553499138,0.6090364265001751,1186.3143744810052,57.86551043951067
50,1,15.54,7.980501237391045,160,63.0,0.0128495842781557,50,0.5,1206.1789549310004,1286.3910398281864,53.186663403336865,0.0028231546108198,7,3.815169954592175,0,0,0,0.1,0.0028231546108198,E-n51-k5,random_search,208,0.6506200510951728,0.2582664855610465,0.3772967842653212,1184.6902916224385,21.488663308561858
50,1,15.54,7.980501237391045,160,63.0,0.0128495842781557,50,0.5,1234.8638349027551,1327.2866415489138,49.72624074264418,0.0,16,3.7948394640439407,0,0,0,0.1,0.0,E-n51-k5,random_search,209,0.7353237971060973,0.2004571042512184,0.6889686909292565,1234.8638349027551,0.0
50,1,15.54,7.980501237391045,160,63.0,0.0128495842781557,40,0.4,1215.7576863616855,1293.476659092205,43.61176293442191,0.0105807000449596,4,3.6772589393491346,0,0,0,0.1,0.0105807000449596,E-n51-k5,random_search,210,0.3633908626176727,0.2060212431727494,0.7129572458878839,1179.159314431353,36.59837193033263
50,1,15.54,7.980501237391045,160,63.0,0.0128495842781557,80,0.8,1178.3030847762927,1238.6563140126757,65.59682915558125,0.0,19,3.5200016827270937,0,0,0,0.1,0.0,E-n51-k5,random_search,211,0.7481573202611081,0.4422991101627223,0.77504935969639,1147.7711347798434,30.531949996449384
50,1,15.54,7.980501237391045,160,63.0,0.0128495842781557,5,0.05,1298.4529435830586,1389.4557080765355,56.278219575033575,0.0,0,4.035799329734831,0,0,0,0.1,0.0,E-n51-k5,random_search,212,0.5862532735047441,0.6574002437243753,0.6389339984009206,1105.783143611859,192.6697999711996
50,1,15.54,7.980501237391045,160,63.0,0.0128495842781557,90,0.9,1171.526408055134,1256.3932587897473,73.25314397684551,0.0011232920498533,7,3.848921998105711,0,0,0,0.1,0.0011232920498533,E-n51-k5,random_search,213,0.709450609993944,0.5468474896866677,0.8976799127554795,1130.8730903914882,40.653317663645794
50,1,15.54,7.980501237391045,160,63.0,0.0128495842781557,5,0.05,1351.3157097603007,1403.142891518105,30.39896087786563,0.0,2,3.985349250264823,0,0,0,0.1,0.0,E-n51-k5,random_search,214,0.811687571535009,0.2972534840188487,0.975839346549032,1215.9008170086695,135.4148927516312
50,1,15.54,7.980501237391045,160,63.0,0.0128495842781557,20,0.2,1328.0135254076956,1369.2957632117634,20.10737616077079,0.0,18,2.0876822974401965,0,0,0,0.1,0.0,E-n51-k5,random_search,215,0.4040267396167593,0.735445493192272,0.7535658161641554,1213.679483287173,114.33404212052255
50,1,15.54,7.980501237391045,160,63.0,0.0128495842781557,40,0.4,1300.3119988022002,1360.7604349447406,23.474622950018063,0.0,16,3.7665178262662566,0,0,0,0.1,0.0,E-n51-k5,random_search,216,0.1293337209614208,0.7326628878454859,0.5648643988411691,1218.767386879986,81.54461192221424
50,1,15.54,7.980501237391045,160,63.0,0.0128495842781557,60,0.6,1260.5728647418289,1330.6819423172417,37.19699353886887,0.0,19,3.8410595285704527,0,0,0,0.1,0.0,E-n51-k5,random_search,217,0.6147628121041221,0.7143170090806108,0.9456074458523862,1216.2571023174005,44.315762424428385
50,1,15.54,7.980501237391045,160,63.0,0.0128495842781557,60,0.6,1186.089179091084,1317.0967948360665,64.73382499625015,0.0113252832943878,1,3.3234271973869647,0,0,0,0.1,0.0113252832943878,E-n51-k5,random_search,218,0.8631137474891725,0.3543431340239562,0.5723443656257973,1186.089179091084,0.0
50,1,15.54,7.980501237391045,160,63.0,0.0128495842781557,80,0.8,1198.1814682865236,1256.5147384908626,57.62430271871054,0.0,10,3.9143975884005378,0,0,0,0.1,0.0,E-n51-k5,random_search,219,0.4186268594117942,0.2538985150569253,0.4146935597411089,1185.295965041027,12.885503245496238
50,1,15.54,7.980501237391045,160,63.0,0.0128495842781557,30,0.3,1283.907295031306,1361.9540629681735,27.455602492962026,0.0251759758530069,0,3.934081099473971,0,0,0,0.1,0.0251759758530069,E-n51-k5,random_search,220,0.5704961693081445,0.4854342866707758,0.5275588786495955,1166.1652886313134,117.74200639999252
50,1,15.54,7.980501237391045,160,63.0,0.0128495842781557,80,0.8,1203.6408120290994,1328.5491767870626,55.957402546164595,0.0,19,3.764304659174472,0,0,0,0.1,0.0,E-n51-k5,random_search,221,0.60997714822436,0.223865418408884,0.5738778503064652,1144.4249476262469,59.2158644028525
50,1,15.54,7.980501237391045,160,63.0,0.0128495842781557,5,0.05,1255.7396435554667,1366.5855695139185,60.049221149583005,0.0,2,3.728543726247682,0,0,0,0.1,0.0,E-n51-k5,random_search,222,0.4415481409262016,0.611976744880441,0.8577807887915985,1200.9932617963789,54.74638175908785
50,1,15.54,7.980501237391045,160,63.0,0.0128495842781557,40,0.4,1300.8932355115803,1347.8953843688,26.07212921302972,0.0,19,2.9693063358573006,0,0,0,0.1,0.0,E-n51-k5,random_search,223,0.2250293941456723,0.717269593691054,0.8576482846174462,1220.6011971451242,80.29203836645638
50,1,15.54,7.980501237391045,160,63.0,0.0128495842781557,30,0.3,1267.886130883209,1341.3425804904932,41.088032888688666,0.0,12,3.809090527043179,0,0,0,0.1,0.0,E-n51-k5,random_search,224,0.7365116195002039,0.3210136370906993,0.4572668169666277,1211.3307140663076,56.55541681690147
50,1,15.54,7.980501237391045,160,63.0,0.0128495842781557,10,0.1,1305.3261333948103,1370.0285909429049,28.565304966982634,0.0445889273776931,5,3.8729022293904056,0,0,0,0.1,0.0445889273776931,E-n51-k5,random_search,225,0.4627980895106501,0.2557930503801355,0.5031155088300204,1230.0483897729837,75.27774362182686
50,1,15.54,7.980501237391045,160,63.0,0.0128495842781557,60,0.6,1198.9983089283853,1285.1324115215484,68.55646056852655,0.0079095581761521,3,3.8445742926396926,0,0,0,0.1,0.0079095581761521,E-n51-k5,random_search,226,0.8869724010563893,0.4677598074861582,0.5014029143809129,1155.8944839765284,43.10382495185695
50,1,15.54,7.980501237391045,160,63.0,0.0128495842781557,40,0.4,1314.6971372609228,1350.7874161889629,24.93848986850195,0.0,19,4.2332594942436526,0,0,0,0.1,0.0,E-n51-k5,random_search,227,0.7384960267166953,0.2442045208122375,0.4705218424470497,1224.801688632113,89.89544862880985
50,1,15.54,7.980501237391045,160,63.0,0.0128495842781557,60,0.6,1276.069335047011,1344.2595297096238,30.173960264938813,0.0,11,4.095539113893466,0,0,0,0.1,0.0,E-n51-k5,random_search,228,0.1530131905189858,0.7881092904904885,0.3968548206341993,1188.4570307253423,87.61230432166849
50,1,15.54,7.980501237391045,160,63.0,0.0128495842781557,10,0.1,1284.20174339142,1357.6794101217629,35.40762801855202,0.0758184241735717,1,3.673304981267355,0,0,0,0.1,0.0758184241735717,E-n51-k5,random_search,229,0.1671210842919018,0.6229190790810354,0.9579223688092188,1202.7189239491508,81.48281944226915
50,1,15.54,7.980501237391045,160,63.0,0.0128495842781557,10,0.1,1302.7594912565878,1380.3606166409274,24.927444804564814,0.0581781706948209,2,2.586779004426499,0,0,0,0.1,0.0581781706948209,E-n51-k5,random_search,230,0.8802704498175784,0.4008441574402176,0.3364249378755919,1238.849902536296,63.90958872029182
50,1,15.54,7.980501237391045,160,63.0,0.0128495842781557,60,0.6,1230.771520977635,1277.4229551804997,42.94695795675993,0.0,19,3.9165461545054487,0,0,0,0.1,0.0,E-n51-k5,random_search,231,0.3913377714468001,0.7692776483368435,0.7543750824425595,1150.147387244788,80.62413373284699
50,1,15.54,7.980501237391045,160,63.0,0.0128495842781557,60,0.6,1297.078275603165,1343.429639563435,28.615183755294417,0.0115065670471583,1,4.0052062358263845,0,0,0,0.1,0.0115065670471583,E-n51-k5,random_search,232,0.5506589355891114,0.3405926615239625,0.3080654223802037,1083.653177403366,213.42509819979864
50,1,15.54,7.980501237391045,160,63.0,0.0128495842781557,30,0.3,1165.2705883198223,1294.6451980980517,81.05646390481795,0.0748344059843444,0,4.04668972204017,0,0,0,0.1,0.0748344059843444,E-n51-k5,random_search,233,0.7987056704998293,0.4871277840779019,0.7667379149551846,1118.152592819534,47.117995500288544
50,1,15.54,7.980501237391045,160,63.0,0.0128495842781557,50,0.5,1225.5044868755886,1337.5048011844806,49.87120503629769,0.0367467990000169,3,3.9662196535473018,0,0,0,0.1,0.0367467990000169,E-n51-k5,random_search,234,0.747356086248114,0.6941938162025041,0.321320165822677,1165.055953243233,60.44853363235552
50,1,15.54,7.980501237391045,160,63.0,0.0128495842781557,5,0.05,1325.3556780159931,1394.7207360643788,42.990115005323574,0.0,1,3.8175183126988874,0,0,0,0.1,0.0,E-n51-k5,random_search,235,0.6821094562154439,0.5318314519184395,0.3118797706038802,1216.9955434328886,108.36013458310458
50,1,15.54,7.980501237391045,160,63.0,0.0128495842781557,40,0.4,1208.948098085343,1308.8861407968584,62.63296222023675,0.0,17,4.033598604428559,0,0,0,0.1,0.0,E-n51-k5,random_search,236,0.4609263262188746,0.6554612575864218,0.7390237815719198,1178.4408067656498,30.507291319693195
50,1,15.54,7.980501237391045,160,63.0,0.0128495842781557,60,0.6,1285.4492621273637,1336.2767206499054,27.828937301294385,0.0142363556038095,7,3.9225105510543417,0,0,0,0.1,0.0142363556038095,E-n51-k5,random_search,237,0.7649001201184076,0.6207521343993142,0.8397837202779621,1217.7172510003925,67.73201112697143
50,1,15.54,7.980501237391045,160,63.0,0.0128495842781557,90,0.9,1253.758137588216,1324.0686109835651,37.636733679673824,0.0205430736382779,3,3.78242894220666,0,0,0,0.1,0.0205430736382779,E-n51-k5,random_search,238,0.3648122200055016,0.6042139422282601,0.8233524278595472,1127.5684573384256,126.1896802497904
50,1,15.54,7.980501237391045,160,63.0,0.0128495842781557,90,0.9,1277.0864374127043,1333.4686509927585,29.048647600617368,0.0,19,2.1056033599972084,0,0,0,0.1,0.0,E-n51-k5,random_search,239,0.3950505248898665,0.5886661668593285,0.8413053134151247,1213.132129392017,63.95430802068722
50,1,15.54,7.980501237391045,160,63.0,0.0128495842781557,5,0.05,1294.5384879011892,1366.8940804654596,29.062602839659085,0.0,1,3.840026151673501,0,0,0,0.1,0.0,E-n51-k5,random_search,240,0.3994201073683509,0.7581049907684039,0.4923351453319093,1149.624166087449,144.9143218137399
50,1,15.54,7.980501237391045,160,63.0,0.0128495842781557,30,0.3,1240.3129824746911,1326.2462174279133,50.95606143737647,0.0,9,3.979194337308035,0,0,0,0.1,0.0,E-n51-k5,random_search,241,0.2475146147633649,0.4004759488949265,0.5725714115725621,1200.8048345374502,39.50814793724089
50,1,15.54,7.980501237391045,160,63.0,0.0128495842781557,20,0.2,1289.5051489521447,1367.373259497733,24.604932631923784,0.0,14,3.071366936861178,0,0,0,0.1,0.0,E-n51-k5,random_search,242,0.5779103912215083,0.6594073008306165,0.3969812281556505,1231.6226930366715,57.8824559154732
50,1,15.54,7.980501237391045,160,63.0,0.0128495842781557,40,0.4,1190.6518110111133,1268.1611861288502,43.77753211220755,0.0334062753919445,4,3.5093681397015404,0,0,0,0.1,0.0334062753919445,E-n51-k5,random_search,243,0.7103333418489085,0.7816640115526581,0.9848708161527736,1153.6774235880364,36.974387423076905
50,1,15.54,7.980501237391045,160,63.0,0.0128495842781557,40,0.4,1156.6475904501735,1268.443347416826,92.76359153664517,0.0,17,3.802165769248201,0,0,0,0.1,0.0,E-n51-k5,random_search,244,0.7672546954119044,0.4344357234504392,0.4780858350055423,1150.4223347786658,6.225255671507739
50,1,15.54,7.980501237391045,160,63.0,0.0128495842781557,80,0.8,1247.026710386645,1340.205145005339,34.53347384566355,0.030018364626334,6,4.125697546901541,0,0,0,0.1,0.030018364626334,E-n51-k5,random_search,245,0.6296505254948912,0.6823016105550488,0.5375285410364465,1178.9303263962245,68.09638399042046
50,1,15.54,7.980501237391045,160,63.0,0.0128495842781557,80,0.8,1226.26877894856,1338.1825862503104,48.5278915673493,0.0,12,2.6464504286981874,0,0,0,0.1,0.0,E-n51-k5,random_search,246,0.3930127954949601,0.3182698731497784,0.5532645188125007,1170.3938697181045,55.874909230455614
50,1,15.54,7.980501237391045,160,63.0,0.0128495842781557,30,0.3,1319.1039737102374,1362.3349516206024,21.89164152652716,0.0,19,4.030882460065933,0,0,0,0.1,0.0,E-n51-k5,random_search,247,0.7028681387348502,0.4565714041224417,0.6029371428794794,1174.809896823492,144.29407688674542
50,1,15.54,7.980501237391045,160,63.0,0.0128495842781557,50,0.5,1242.6991072019118,1350.3415304103353,38.9186741513998,0.0,16,3.504233253069511,0,0,0,0.1,0.0,E-n51-k5,random_search,248,0.742186449554308,0.6048043534840519,0.9326391103898536,1217.7427967805793,24.956310421332542
50,1,15.54,7.980501237391045,160,63.0,0.0128495842781557,60,0.6,1268.626558807701,1335.1744624325745,38.58567009881944,0.0172373306499012,6,3.442949158795064,0,0,0,0.1,0.0172373306499012,E-n51-k5,random_search,249,0.5477705564698255,0.7344995226523634,0.9458625779097788,1208.411939866998,60.21461894070307
50,1,15.54,7.980501237391045,160,63.0,0.0128495842781557,90,0.9,1260.3045340283045,1316.7808748967611,41.70817405090568,0.0,19,3.65272960697004,0,0,0,0.1,0.0,E-n51-k5,random_search,250,0.6520648640710772,0.3917542973232463,0.4161067637497485,1246.098268729318,14.206265298986636
50,1,15.54,7.980501237391045,160,63.0,0.0128495842781557,30,0.3,1328.0135254076956,1361.4025802733738,18.165623450901368,0.0,19,3.141402199091419,0,0,0,0.1,0.0,E-n51-k5,random_search,251,0.5392978386074997,0.5678662633611533,0.9207114742116208,1218.5634752775436,109.45005013015202
50,1,15.54,7.980501237391045,160,63.0,0.0128495842781557,40,0.4,1305.8580485806658,1359.1585851216164,24.76924586543296,0.0,19,2.5104056452787664,0,0,0,0.1,0.0,E-n51-k5,random_search,252,0.8343071281624371,0.2010199210446769,0.7104926421956684,1235.6627210517604,70.19532752890541
50,1,15.54,7.980501237391045,160,63.0,0.0128495842781557,80,0.8,1133.0848295899814,1217.885684902933,87.82112076230302,0.0,19,3.844478540025841,0,0,0,0.1,0.0,E-n51-k5,random_search,253,0.8119660172714553,0.469316474298151,0.7764257885465642,1133.0848295899814,0.0
50,1,15.54,7.980501237391045,160,63.0,0.0128495842781557,60,0.6,1208.6100940978752,1274.5913854121586,55.48859022521487,0.0154706747274547,4,3.862883568624678,0,0,0,0.1,0.0154706747274547,E-n51-k5,random_search,254,0.56203011392726,0.2648404120420216,0.7883839853600165,1130.790369207915,77.81972488995984
50,1,15.54,7.980501237391045,160,63.0,0.0128495842781557,90,0.9,1147.2072270779206,1275.741116908879,94.92892064562426,0.0,15,3.9727011321869696,0,0,0,0.1,0.0,E-n51-k5,random_search,255,0.7908210405448813,0.5660864712738511,0.3230418551794611,1141.3160451543815,5.891181923539079
50,1,15.54,7.980501237391045,160,63.0,0.0128495842781557,50,0.5,1243.547890238911,1327.882555763534,38.904358872664794,0.0089384971250436,8,4.145812477213828,0,0,0,0.1,0.0089384971250436,E-n51-k5,random_search,256,0.3770880677844693,0.5541057272761831,0.7496691534725028,1223.3278414728625,20.22004876604842
50,1,15.54,7.980501237391045,160,63.0,0.0128495842781557,10,0.1,1332.7599307432783,1382.4476652150768,26.20722212129773,0.0307502770764735,0,3.5308733854574657,0,0,0,0.1,0.0307502770764735,E-n51-k5,random_search,257,0.8982678012958557,0.3109650528758967,0.7741433648323299,1177.989706873762,154.77022386951649
50,1,15.54,7.980501237391045,160,63.0,0.0128495842781557,90,0.9,1212.336117790714,1318.9474424475693,56.08236961035426,0.0,19,4.202400730297789,0,0,0,0.1,0.0,E-n51-k5,random_search,258,0.3659393286562566,0.4463536280709209,0.397520758556707,1176.8060545477915,35.53006324292255
50,1,15.54,7.980501237391045,160,63.0,0.0128495842781557,5,0.05,1325.0855516577208,1381.7716003395508,47.84312060656451,0.0,0,3.8865831903803554,0,0,0,0.1,0.0,E-n51-k5,random_search,259,0.813054905953341,0.7819750965274348,0.4715064771409527,1212.8054205778076,112.2801310799132
50,1,15.54,7.980501237391045,160,63.0,0.0128495842781557,70,0.7,1183.898804598304,1280.610718403748,69.30686462281727,0.0015829498630554,0,3.9289939981882376,0,0,0,0.1,0.0015829498630554,E-n51-k5,random_search,260,0.7797821701822433,0.5330345017766362,0.5376835186830965,1163.9157634586763,19.98304113962763
50,1,15.54,7.980501237391045,160,63.0,0.0128495842781557,30,0.3,1266.6039664684522,1333.6639494970032,49.590116398787885,0.0135423149941856,0,3.81436529408854,0,0,0,0.1,0.0135423149941856,E-n51-k5,random_search,261,0.837824187614064,0.6254700384933815,0.4326435897507781,1191.4172162843972,75.18675018405497
50,1,15.54,7.980501237391045,160,63.0,0.0128495842781557,80,0.8,1219.768202755225,1295.291217592464,59.57440943698779,0.0,19,3.7969491921838623,0,0,0,0.1,0.0,E-n51-k5,random_search,262,0.5709757089725218,0.3828023900761247,0.4421476520425446,1217.2111581497502,2.5570446054748572
50,1,15.54,7.980501237391045,160,63.0,0.0128495842781557,10,0.1,1342.160551061581,1380.35359052576,14.36617896489267,0.0296934208456335,2,2.8911204605594687,0,0,0,0.1,0.0296934208456335,E-n51-k5,random_search,263,0.8949822970151967,0.4806260222466408,0.772829259436987,1246.501980578462,95.65857048311888
50,1,15.54,7.980501237391045,160,63.0,0.0128495842781557,50,0.5,1244.9281077095436,1326.7389267594172,41.07557627672192,0.029532102349955,2,3.85645920577166,0,0,0,0.1,0.029532102349955,E-n51-k5,random_search,264,0.5275946505357959,0.6334674309972878,0.3502119131871909,1152.8429786122508,92.0851290972928
50,1,15.54,7.980501237391045,160,63.0,0.0128495842781557,30,0.3,1218.9818119048202,1288.5136522162,53.29572726185332,0.0223834518369534,0,3.5593399800541605,0,0,0,0.1,0.0223834518369534,E-n51-k5,random_search,265,0.47457523946517,0.7738962467557837,0.7128469677401579,1137.0467491183747,81.93506278644554
50,1,15.54,7.980501237391045,160,63.0,0.0128495842781557,30,0.3,1210.7242582189504,1320.1214327977923,64.84046564120442,0.0039815734479767,2,3.849330104771894,0,0,0,0.1,0.0039815734479767,E-n51-k5,random_search,266,0.1987564418514591,0.4549033127680837,0.8909658951545569,1165.1777060607533,45.54655215819707
50,1,15.54,7.980501237391045,160,63.0,0.0128495842781557,50,0.5,1205.8653634674151,1275.8436659523322,56.91108987784179,0.0122055317322016,6,3.8826216028257385,0,0,0,0.1,0.0122055317322016,E-n51-k5,random_search,267,0.8037398793147111,0.7957744264544024,0.978070903369372,1148.715672274293,57.14969119312218
50,1,15.54,7.980501237391045,160,63.0,0.0128495842781557,60,0.6,1129.8985311140054,1228.3037538386247,81.88480625615718,0.0191959920594829,6,3.806205920938455,0,0,0,0.1,0.0191959920594829,E-n51-k5,random_search,268,0.1665797286166125,0.6733327724477678,0.5840209810858064,1129.8985311140054,0.0
50,1,15.54,7.980501237391045,160,63.0,0.0128495842781557,40,0.4,1312.582144713972,1358.717648254964,22.57153627702336,0.0,16,3.7172904383152794,0,0,0,0.1,0.0,E-n51-k5,random_search,269,0.6101980600646917,0.2184044617834123,0.5342080228341677,1238.5219781026303,74.06016661134163
50,1,15.54,7.980501237391045,160,63.0,0.0128495842781557,90,0.9,1138.9652666903987,1273.481256679926,88.1878681405144,0.0,12,3.8201181691645174,0,0,0,0.1,0.0,E-n51-k5,random_search,270,0.2855953518184695,0.4372276251222468,0.7262737156587089,1095.2831764457712,43.68209024462749
50,1,15.54,7.980501237391045,160,63.0,0.0128495842781557,5,0.05,1313.076488985469,1385.0994689681186,37.62486455860608,0.0,3,1.4336972064270492,0,0,0,0.1,0.0,E-n51-k5,random_search,271,0.4158507346698172,0.4741940077829144,0.6326493716549855,1254.0342761457273,59.04221283974175
50,1,15.54,7.980501237391045,160,63.0,0.0128495842781557,80,0.8,1277.9813037288272,1331.577821424076,26.496882905070784,0.0,19,4.109290112081591,0,0,0,0.1,0.0,E-n51-k5,random_search,272,0.5410077602652346,0.6006542284039749,0.607246798606917,1256.3046461439094,21.676657584917848
50,1,15.54,7.980501237391045,160,63.0,0.0128495842781557,10,0.1,1328.0135254076956,1377.915814847527,13.821347874295355,0.0237803367969864,1,1.522363755407358,0,0,0,0.1,0.0237803367969864,E-n51-k5,random_search,273,0.1164827614948421,0.591154702015865,0.8097998900167078,1238.0396166202493,89.97390878744636
50,1,15.54,7.980501237391045,160,63.0,0.0128495842781557,20,0.2,1277.7442722567382,1357.5392785459635,37.92392439124665,0.0247914631137853,6,3.269308013156664,0,0,0,0.1,0.0247914631137853,E-n51-k5,random_search,274,0.4907348800636849,0.7332707923386135,0.753707505401205,1247.308034552047,30.43623770469117
50,1,15.54,7.980501237391045,160,63.0,0.0128495842781557,20,0.2,1262.896773627474,1350.0761373889925,42.40152590559547,0.0,13,3.67742592236248,0,0,0,0.1,0.0,E-n51-k5,random_search,275,0.4085782566512,0.4677852829192024,0.3928022980484705,1186.9248105615436,75.97196306593037
50,1,15.54,7.980501237391045,160,63.0,0.0128495842781557,30,0.3,1328.0135254076956,1358.3437645303898,21.87740558419487,0.0,19,3.356625017322074,0,0,0,0.1,0.0,E-n51-k5,random_search,276,0.8092638887027326,0.5681060063546493,0.9349667441982524,1228.1079974345762,99.90552797311943
50,1,15.54,7.980501237391045,160,63.0,0.0128495842781557,70,0.7,1197.368494514259,1281.6640795699093,60.255092884458016,0.0143876781242297,5,4.018685585358723,0,0,0,0.1,0.0143876781242297,E-n51-k5,random_search,277,0.2391320178086725,0.5867649760661404,0.6074025117365263,1134.098632625852,63.26986188840715
50,1,15.54,7.980501237391045,160,63.0,0.0128495842781557,70,0.7,1256.8351658012684,1298.8560667624365,35.36981626622045,0.002372347662411,2,3.4314462992689667,0,0,0,0.1,0.002372347662411,E-n51-k5,random_search,278,0.1380771273932555,0.4007156666908502,0.5913141668354863,1197.9061995106613,58.92896629060715
50,1,15.54,7.980501237391045,160,63.0,0.0128495842781557,80,0.8,1219.9009162715963,1321.9441667091298,37.15163023832751,0.0406169893337291,5,3.3741525890734057,0,0,0,0.1,0.0406169893337291,E-n51-k5,random_search,279,0.4332127936605784,0.4708774450520746,0.3760127026025163,1193.6292978687234,26.271618402872942
50,1,15.54,7.980501237391045,160,63.0,0.0128495842781557,90,0.9,1229.811110107997,1293.3761278664203,54.143126113936255,0.0,14,3.7598664185263697,0,0,0,0.1,0.0,E-n51-k5,random_search,280,0.4320424465790274,0.372925235460938,0.913475322897692,1197.7100785221812,32.10103158581569
50,1,15.54,7.980501237391045,160,63.0,0.0128495842781557,60,0.6,1194.6775590599495,1262.8510879506775,62.532708774450185,0.0,9,3.438236614495268,0,0,0,0.1,0.0,E-n51-k5,random_search,281,0.7144284209282759,0.3137648311163898,0.3605288129890477,1158.5232947793056,36.15426428064393
50,1,15.54,7.980501237391045,160,63.0,0.0128495842781557,70,0.7,1232.7761403291652,1307.102550981063,37.99082211672218,0.0,19,2.979736673948352,0,0,0,0.1,0.0,E-n51-k5,random_search,282,0.2732536135429863,0.6110593027472369,0.795298550574321,1185.9582723002595,46.81786802890565
50,1,15.54,7.980501237391045,160,63.0,0.0128495842781557,80,0.8,1156.2107783324225,1278.0341662971337,79.51325395406998,0.0014645356082765,5,3.8067242102011174,0,0,0,0.1,0.0014645356082765,E-n51-k5,random_search,283,0.8047064815619527,0.4154270861340042,0.6194376612403711,1156.2107783324225,0.0
50,1,15.54,7.980501237391045,160,63.0,0.0128495842781557,20,0.2,1325.694287632126,1357.5537959170815,22.914838658160097,0.0123055877236248,3,3.3698199710134817,0,0,0,0.1,0.0123055877236248,E-n51-k5,random_search,284,0.6038325542055821,0.3069451423912113,0.3556959620923098,1191.6829505336582,134.01133709846795
50,1,15.54,7.980501237391045,160,63.0,0.0128495842781557,60,0.6,1305.845983048972,1343.4499536454948,25.831745676217665,0.0012738820175745,3,2.836140776688329,0,0,0,0.1,0.0012738820175745,E-n51-k5,random_search,285,0.3327455333445007,0.4868086121334715,0.4785494217807384,1242.9973622163188,62.84862083265307
50,1,15.54,7.980501237391045,160,63.0,0.0128495842781557,80,0.8,1210.349291844762,1286.4192922649213,51.9241370803135,0.0,19,4.1418467889365465,0,0,0,0.1,0.0,E-n51-k5,random_search,286,0.2637213198078659,0.5791805453801231,0.3699891676838883,1162.550764563569,47.798527281193174
50,1,15.54,7.980501237391045,160,63.0,0.0128495842781557,40,0.4,1179.4612311289318,1261.2374717525188,77.70448947582918,0.0,18,3.804915948461385,0,0,0,0.1,0.0,E-n51-k5,random_search,287,0.8144760196375044,0.6370617338912851,0.4789506066856668,1145.28494857953,34.176282549401776
50,1,15.54,7.980501237391045,160,63.0,0.0128495842781557,70,0.7,1295.10459010381,1343.348590450693,21.94369940504376,0.0,19,3.600036318329685,0,0,0,0.1,0.0,E-n51-k5,random_search,288,0.4361398172437934,0.3564356983481829,0.8757303265426637,1214.9960128555554,80.1085772482545
50,1,15.54,7.980501237391045,160,63.0,0.0128495842781557,10,0.1,1276.854170245481,1366.4028950509205,33.59881324146669,0.0769062605588086,1,3.4316310801608982,0,0,0,0.1,0.0769062605588086,E-n51-k5,random_search,289,0.665361887962505,0.6441220264019032,0.7928657674835051,1203.2170223373446,73.63714790813674
50,1,15.54,7.980501237391045,160,63.0,0.0128495842781557,5,0.05,1345.347469561143,1389.6270530829545,22.861981284975283,0.0,0,3.911090746908888,0,0,0,0.1,0.0,E-n51-k5,random_search,290,0.8465888452631474,0.6762227829419378,0.8038547087499666,1184.4154078447898,160.93206171635325
50,1,15.54,7.980501237391045,160,63.0,0.0128495842781557,30,0.3,1273.9325064566644,1326.7518456292062,46.20390584139315,0.0,19,3.936730361615529,0,0,0,0.1,0.0,E-n51-k5,random_search,291,0.817008704877677,0.7555419753570092,0.988350315854325,1199.5057830597402,74.42672339692422
50,1,15.54,7.980501237391045,160,63.0,0.0128495842781557,40,0.4,1260.793931942651,1340.5365560027865,47.608606450535326,0.0,10,3.4838351639491125,0,0,0,0.1,0.0,E-n51-k5,random_search,292,0.6519651043227285,0.349924080645893,0.7214989421681197,1212.9762034398864,47.81772850276457
50,1,15.54,7.980501237391045,160,63.0,0.0128495842781557,40,0.4,1252.5293414151265,1308.3281047719777,47.3695350388676,0.0,19,3.895656233202709,0,0,0,0.1,0.0,E-n51-k5,random_search,293,0.3817080475016254,0.3893512246562766,0.4711812489553472,1219.0216640305953,33.507677384531235
50,1,15.54,7.980501237391045,160,63.0,0.0128495842781557,40,0.4,1321.1453501903168,1360.7657531317302,20.56523500384741,0.003142104591054,1,4.0835124617040455,0,0,0,0.1,0.003142104591054,E-n51-k5,random_search,294,0.8577712953468408,0.6559185986513683,0.6001699340277635,1216.4196772558605,104.72567293445628
50,1,15.54,7.980501237391045,160,63.0,0.0128495842781557,60,0.6,1218.4289656364144,1277.5619404251197,56.17054083244351,0.004251745884395,0,3.806591767773426,0,0,0,0.1,0.004251745884395,E-n51-k5,random_search,295,0.6783151964528483,0.2553180083431503,0.6028153274967942,1126.630530086107,91.79843555030745
50,1,15.54,7.980501237391045,160,63.0,0.0128495842781557,20,0.2,1302.7500382869573,1362.8768796965292,24.40227052012895,0.0,12,2.5973469114441063,0,0,0,0.1,0.0,E-n51-k5,random_search,296,0.6702523927224321,0.5399985956841109,0.9412166920949918,1216.3890462175038,86.36099206945346
50,1,15.54,7.980501237391045,160,63.0,0.0128495842781557,5,0.05,1358.6464069937274,1407.7005525411355,48.90407734821176,0.0,2,2.8722487771555483,0,0,0,0.1,0.0,E-n51-k5,random_search,297,0.4141628427489997,0.2516010847289355,0.6020959176426882,1189.120591050308,169.52581594341927
50,1,15.54,7.980501237391045,160,63.0,0.0128495842781557,30,0.3,1257.5952147134385,1354.651020992607,39.535188037417306,0.0133188336044092,8,3.110922229320422,0,0,0,0.1,0.0133188336044092,E-n51-k5,random_search,298,0.61820803778721,0.2886469576767899,0.3951483762411407,1191.664320223029,65.93089449040917
50,1,15.54,7.980501237391045,160,63.0,0.0128495842781557,90,0.9,1158.368918780988,1232.7007784845232,68.1023177105635,0.0050239603909454,5,3.805364609438531,0,0,0,0.1,0.0050239603909454,E-n51-k5,random_search,299,0.1229979767126335,0.7276185367557209,0.4601433374169434,1120.344681132039,38.02423764894888
31,1,13.225806451612904,7.137857623013364,100,97.0,0.003400999043469,30,0.3,1493.3029987633386,1675.9414818208456,84.44192444924245,0.0284417043346911,5,2.2003565432897148,0,0,0,0.35,0.0,A-n32-k5,random_search,0,0.3212052461229342,0.2757028989087684,0.4515455504741955,1264.973017203729,228.3299815596099
31,1,13.225806451612904,7.137857623013364,100,97.0,0.003400999043469,40,0.4,1568.636625129201,1673.561322166085,67.49689278601907,0.0217514724621592,7,2.4915162356920173,0,0,0,0.7,0.0,A-n32-k5,random_search,1,0.3170785254320404,0.4248089739416295,0.8046731438550494,1392.9002337745765,175.73639135462486
31,1,13.225806451612904,7.137857623013364,100,97.0,0.003400999043469,5,0.05,1692.605360067037,1814.8720123874657,66.11812629999227,0.0,2,2.6545170655026005,0,0,0,0.8,0.082804723345309,A-n32-k5,random_search,2,0.6139897199738582,0.2445747174773994,0.8454965850970968,1237.7440888415797,454.86127122545736
31,1,13.225806451612904,7.137857623013364,100,97.0,0.003400999043469,50,0.5,1350.5436416058774,1647.6265609086302,115.61779307762414,0.0,13,2.3110214447792634,0,0,0,0.05,0.0,A-n32-k5,random_search,3,0.1068515995135093,0.5753912812369921,0.4041785892296694,1325.0975201776005,25.44612142827691
31,1,13.225806451612904,7.137857623013364,100,97.0,0.003400999043469,90,0.9,1258.7253064426818,1525.6601266573896,119.495450741857,0.0,19,2.1191430886405245,0,0,0,0.15,0.0,A-n32-k5,random_search,4,0.6888536788273483,0.381516664112575,0.3009548335619058,1209.3926754518084,49.33263099087344
31,1,13.225806451612904,7.137857623013364,100,97.0,0.003400999043469,90,0.9,1437.4288201100194,1611.2133919968703,93.50269699849837,0.0170564892645811,8,2.3287765315342996,0,0,0,0.35,0.0,A-n32-k5,random_search,5,0.2694646795051523,0.313262699679194,0.7070802176279084,1324.739545306055,112.68927480396404
31,1,13.225806451612904,7.137857623013364,100,97.0,0.003400999043469,60,0.6,1381.2670473933683,1574.102960163546,84.37498581554851,0.0,19,2.5246563847837646,0,0,0,0.2,0.0,A-n32-k5,random_search,6,0.1705440599386571,0.7294718441712555,0.9902317333513704,1280.478947217641,100.78810017572732
31,1,13.225806451612904,7.137857623013364,100,97.0,0.003400999043469,80,0.8,1412.787854008038,1571.541257964804,92.428189658979,0.0,19,2.3151538023179628,0,0,0,0.5,0.0,A-n32-k5,random_search,7,0.2063851950045998,0.6849479156312739,0.6568803313275076,1360.134054071635,52.65379993640295
31,1,13.225806451612904,7.137857623013364,100,97.0,0.003400999043469,90,0.9,1356.958371337311,1576.5462355707102,75.21649311270487,0.0,19,2.204538240419442,0,0,0,0.15,0.0,A-n32-k5,random_search,8,0.2695800437278643,0.235687495421048,0.5900743510099852,1332.803921981745,24.154449355566385
31,1,13.225806451612904,7.137857623013364,100,97.0,0.003400999043469,70,0.7,1379.34369012403,1553.5789511313085,83.51772362120239,0.0,19,2.4968199756131897,0,0,0,0.3,0.0,A-n32-k5,random_search,9,0.245502988777497,0.7195589034248229,0.3494122995896276,1303.5471827550475,75.79650736898225
31,1,13.225806451612904,7.137857623013364,100,97.0,0.003400999043469,90,0.9,1487.090511495355,1573.4340098897214,66.81739108391855,0.0,11,2.507822421100621,0,0,0,0.9,0.0,A-n32-k5,random_search,10,0.1053583464106944,0.521321120633174,0.5647135014825172,1349.7598523121114,137.3306591832436
31,1,13.225806451612904,7.137857623013364,100,97.0,0.003400999043469,70,0.7,1364.4448439702646,1575.1892534342517,107.49824593056113,0.0,19,2.0826158577971783,0,0,0,0.25,0.0,A-n32-k5,random_search,11,0.1012785784204213,0.504797272107594,0.6143657786976457,1337.450535318553,26.994308651711663
31,1,13.225806451612904,7.137857623013364,100,97.0,0.003400999043469,80,0.8,1451.510538772745,1616.6717131005885,90.7049278289789,0.0,19,2.511300037827005,0,0,0,0.4,0.0,A-n32-k5,random_search,12,0.1954708400874414,0.2586044192554721,0.7016167011187453,1398.3700019173764,53.14053685536851
31,1,13.225806451612904,7.137857623013364,100,97.0,0.003400999043469,80,0.8,1386.4544312830433,1566.7558251105795,88.22371540113085,0.0367303150474531,3,2.510301126007114,0,0,0,0.25,0.0367303150474531,A-n32-k5,random_search,13,0.5057779128433987,0.3885527092507497,0.3330316247193093,1344.486192398601,41.9682388844426
31,1,13.225806451612904,7.137857623013364,100,97.0,0.003400999043469,40,0.4,1390.6554255987537,1550.1036010835908,119.8309094811694,0.0106448159120149,1,2.206477001657371,0,0,0,0.55,0.0106448159120149,A-n32-k5,random_search,14,0.802679883761395,0.5438327654205766,0.6310506307747705,1282.4340114637228,108.22141413503095
31,1,13.225806451612904,7.137857623013364,100,97.0,0.003400999043469,80,0.8,1380.0662662489217,1567.2648813794958,102.2432930614334,0.0012230882000678,1,2.3864839661117037,0,0,0,0.3,0.0012230882000678,A-n32-k5,random_search,15,0.1280262995739429,0.2282933801255314,0.6684731849619314,1311.2026095546605,68.86365669426118
31,1,13.225806451612904,7.137857623013364,100,97.0,0.003400999043469,50,0.5,1400.1925637567522,1577.3367390502833,72.76191643442768,0.0,14,1.9158906786561791,0,0,0,0.25,0.0,A-n32-k5,random_search,16,0.2164132082463798,0.2448550855938256,0.60132057559529,1340.4385242947162,59.75403946203596
31,1,13.225806451612904,7.137857623013364,100,97.0,0.003400999043469,90,0.9,1362.6532707400995,1539.3655517676118,107.3689726518877,0.0,19,2.1263099333859885,0,0,0,0.35,0.0,A-n32-k5,random_search,17,0.4405721637958706,0.5814513822091731,0.3109349511487921,1191.4451394457917,171.20813129430826
31,1,13.225806451612904,7.137857623013364,100,97.0,0.003400999043469,10,0.1,1718.5105679843102,1838.14004537318,56.700592289028506,0.0574051040283938,2,2.7225608612223704,0,0,0,0.8,0.019889320731887,A-n32-k5,random_search,18,0.3612227428984181,0.5419565730443461,0.629256906670385,1366.468221889948,352.0423460943623
31,1,13.225806451612904,7.137857623013364,100,97.0,0.003400999043469,10,0.1,1558.8771206460635,1766.3585989824023,87.59894648616988,0.0875591287840914,2,2.567183448119416,0,0,0,0.25,0.0434124988082178,A-n32-k5,random_search,19,0.5825181762167654,0.3494703918100729,0.8179315817171358,1282.6116640148682,276.2654566311953
31,1,13.225806451612904,7.137857623013364,100,97.0,0.003400999043469,70,0.7,1479.26773643847,1599.7444914818743,58.817125559580354,0.0143686670119187,7,2.707551576792365,0,0,0,0.75,0.0,A-n32-k5,random_search,20,0.1290180765775092,0.5315589586900762,0.3117343367834359,1367.6116191254655,111.65611731300464
31,1,13.225806451612904,7.137857623013364,100,97.0,0.003400999043469,50,0.5,1508.4048433600651,1602.8121723222694,61.27403523504124,0.0,19,2.228441532886829,0,0,0,0.8,0.0,A-n32-k5,random_search,21,0.4146262232988154,0.6121800208173386,0.5090764040881163,1295.7420900182974,212.6627533417679
31,1,13.225806451612904,7.137857623013364,100,97.0,0.003400999043469,50,0.5,1463.3835142062655,1635.7792643132907,82.36779725355794,0.0124728409796084,7,2.5627567929731447,0,0,0,0.3,0.0,A-n32-k5,random_search,22,0.4985490098514565,0.6934997336730466,0.750462759944292,1371.7996146004389,91.58389960582667
31,1,13.225806451612904,7.137857623013364,100,97.0,0.003400999043469,80,0.8,1435.665244675903,1572.8801784797847,80.3373447334184,0.0184504342302884,3,2.527376438554508,0,0,0,0.65,0.0184504342302884,A-n32-k5,random_search,23,0.1178262155205222,0.6450137807338939,0.979629890874336,1384.8654377066175,50.79980696928533
31,1,13.225806451612904,7.137857623013364,100,97.0,0.003400999043469,40,0.4,1482.5596865813693,1620.5224402575282,92.97659397522408,0.0365771976058035,5,2.089489872227578,0,0,0,0.55,0.0,A-n32-k5,random_search,24,0.1727932899180929,0.7348033456417387,0.8935975463388834,1352.495836013438,130.06385056793124
31,1,13.225806451612904,7.137857623013364,100,97.0,0.003400999043469,10,0.1,1465.9365050333197,1736.430076448113,123.35414800291936,0.1541044480554546,5,2.463359735589523,0,0,0,0.15,0.0,A-n32-k5,random_search,25,0.4386656216798617,0.6223483397101606,0.7963215649278357,1327.4224322938433,138.5140727394762
31,1,13.225806451612904,7.137857623013364,100,97.0,0.003400999043469,60,0.6,1374.1215288887863,1589.0628540362732,94.07313725500865,0.0014622008307718,4,2.44745065559748,0,0,0,0.2,0.0,A-n32-k5,random_search,26,0.1387699872807307,0.2278363170993858,0.3255786290891826,1335.9546348415895,38.16689404719682
31,1,13.225806451612904,7.137857623013364,100,97.0,0.003400999043469,90,0.9,1368.560336367896,1530.714532535531,87.62963886058026,0.0,19,2.4001640048834685,0,0,0,0.4,0.0,A-n32-k5,random_search,27,0.1424270797764999,0.4836972063758117,0.6269611940064425,1308.4015703059213,60.1587660619748
31,1,13.225806451612904,7.137857623013364,100,97.0,0.003400999043469,80,0.8,1305.0817483039198,1515.200985975352,106.7531483010989,0.0,19,1.743584758275576,0,0,0,0.25,0.0,A-n32-k5,random_search,28,0.1463900407428948,0.4761737087798317,0.8537654553141909,1186.720765747653,118.36098255626666
31,1,13.225806451612904,7.137857623013364,100,97.0,0.003400999043469,70,0.7,1337.8810062163825,1580.6427609340733,99.13204579567665,0.0724447524957881,7,2.4547128266615537,0,0,0,0.15,0.0,A-n32-k5,random_search,29,0.5442849550227917,0.4511878937197283,0.9099436272085344,1246.612298437204,91.26870777917838
31,1,13.225806451612904,7.137857623013364,100,97.0,0.003400999043469,90,0.9,1371.9004551070277,1553.6926643321185,88.24306009816608,0.0,11,2.488378616427696,0,0,0,0.25,0.0,A-n32-k5,random_search,30,0.2872594710878401,0.2116421853340004,0.5627619913618531,1271.8308044330097,100.06965067401802
31,1,13.225806451612904,7.137857623013364,100,97.0,0.003400999043469,30,0.3,1439.7245932189044,1645.6073063164652,86.12980910885777,0.0,17,2.2979936330902837,0,0,0,0.2,0.0,A-n32-k5,random_search,31,0.3710126330044886,0.2675128214995266,0.7871277948072777,1304.5080356553258,135.2165575635786
31,1,13.225806451612904,7.137857623013364,100,97.0,0.003400999043469,40,0.4,1390.07339736163,1562.475989932236,97.97348223863274,0.011800268265365,6,1.9480346323661293,0,0,0,0.3,0.0,A-n32-k5,random_search,32,0.7885592595008677,0.2325622650248485,0.9132887340317322,1261.7629716195397,128.3104257420905
31,1,13.225806451612904,7.137857623013364,100,97.0,0.003400999043469,40,0.4,1485.637367042144,1645.3083547294325,78.24748618756296,0.0,12,2.136503933514965,0,0,0,0.45,0.0,A-n32-k5,random_search,33,0.3967755575189333,0.6762805047171936,0.7453017493547734,1360.261964939769,125.37540210237488
31,1,13.225806451612904,7.137857623013364,100,97.0,0.003400999043469,5,0.05,1629.0037729973628,1854.216833743417,80.7990823959993,0.0,3,2.395391013713379,0,0,0,0.15,0.0358357333795174,A-n32-k5,random_search,34,0.8559677106367927,0.3607927107646728,0.5872523411135925,1308.2738040932843,320.72996890407853
31,1,13.225806451612904,7.137857623013364,100,97.0,0.003400999043469,40,0.4,1507.6091958592106,1626.3887552023173,81.69059836154732,0.0276563248178604,7,2.3933826244823577,0,0,0,0.65,0.0,A-n32-k5,random_search,35,0.1591793214260256,0.5800859434383833,0.703734192760159,1321.088048092919,186.5211477662915
31,1,13.225806451612904,7.137857623013364,100,97.0,0.003400999043469,10,0.1,1617.3575138627507,1776.8436711060167,87.96578362021766,0.0893622241453988,5,2.5916271331041725,0,0,0,0.45,0.0,A-n32-k5,random_search,36,0.7651025606348155,0.4407933474686075,0.9460909124890896,1351.6739251006445,265.6835887621062
31,1,13.225806451612904,7.137857623013364,100,97.0,0.003400999043469,60,0.6,1471.311792483592,1607.1966124353185,61.10592192205988,0.0,12,2.427654979649301,0,0,0,0.45,0.0,A-n32-k5,random_search,37,0.1350628565052966,0.5155171705584036,0.9769365942964748,1318.6568450343975,152.65494744919442
31,1,13.225806451612904,7.137857623013364,100,97.0,0.003400999043469,50,0.5,1426.1902311862564,1614.7904585285587,79.11600189273197,0.0,19,2.0422958985807624,0,0,0,0.2,0.0,A-n32-k5,random_search,38,0.2200378341413265,0.3115477599825617,0.6620446967381246,1280.4634819915425,145.72674919471388
31,1,13.225806451612904,7.137857623013364,100,97.0,0.003400999043469,50,0.5,1473.9863650734196,1643.1078991510064,79.01134395821724,0.0,12,2.565254558985237,0,0,0,0.35,0.0,A-n32-k5,random_search,39,0.7349445086157675,0.3015401736430885,0.680594011244563,1411.010282217521,62.97608285589854
31,1,13.225806451612904,7.137857623013364,100,97.0,0.003400999043469,20,0.2,1510.9376725196637,1646.4842396648808,84.18853550888886,0.0144932043102812,1,2.0528042870972967,0,0,0,0.65,0.00277122884897,A-n32-k5,random_search,40,0.5587535560348968,0.5907404956639641,0.7999146116063486,1162.4101773524787,348.52749516718495
31,1,13.225806451612904,7.137857623013364,100,97.0,0.003400999043469,10,0.1,1513.5335881260603,1817.4795676433032,98.88972001467664,0.168745165512028,1,2.620165367980247,0,0,0,0.05,0.1265599555246276,A-n32-k5,random_search,41,0.8959528300113025,0.294371956317782,0.6966586590916861,1405.26807846035,108.26550966571062
31,1,13.225806451612904,7.137857623013364,100,97.0,0.003400999043469,90,0.9,1433.493140713493,1569.201506555008,61.120364864762855,0.0,9,2.2190081041279264,0,0,0,0.6,0.0,A-n32-k5,random_search,42,0.7977017140133504,0.2497191233291357,0.8509757578265467,1433.493140713493,0.0
31,1,13.225806451612904,7.137857623013364,100,97.0,0.003400999043469,50,0.5,1385.1053142714036,1603.1292750765797,98.90313438169144,0.0,19,2.53221649788031,0,0,0,0.2,0.0,A-n32-k5,random_search,43,0.1984951660045704,0.7551587491967733,0.9284842332855524,1280.8655419988495,104.23977227255386
31,1,13.225806451612904,7.137857623013364,100,97.0,0.003400999043469,90,0.9,1461.5597339829355,1614.307664460286,59.000938703614416,0.0,19,2.430678373958744,0,0,0,0.4,0.0,A-n32-k5,random_search,44,0.6421893539931679,0.3060028916637168,0.3068082443366208,1356.9788030013538,104.5809309815818
31,1,13.225806451612904,7.137857623013364,100,97.0,0.003400999043469,40,0.4,1490.5724585654395,1674.4322145086376,107.19885493345608,0.0,19,2.650393023459092,0,0,0,0.4,0.0,A-n32-k5,random_search,45,0.8430683960585392,0.3848364538758506,0.7301162321542196,1357.5687513892528,133.0037071761867
31,1,13.225806451612904,7.137857623013364,100,97.0,0.003400999043469,60,0.6,1510.167006992525,1632.1301675410036,68.45481294837255,0.0,19,2.4524482964348553,0,0,0,0.6,0.0,A-n32-k5,random_search,46,0.1524551502817064,0.7332192709426228,0.4290701444603573,1364.1348892317235,146.0321177608016
31,1,13.225806451612904,7.137857623013364,100,97.0,0.003400999043469,5,0.05,1719.2313597755651,1828.0224725232097,70.25914094488336,0.0,4,2.617564269525096,0,0,0,0.85,0.0,A-n32-k5,random_search,47,0.7751586588670554,0.7556952295975516,0.7393785685837369,1301.7381488656142,417.4932109099509
31,1,13.225806451612904,7.137857623013364,100,97.0,0.003400999043469,30,0.3,1562.7918404800057,1709.5974457263178,55.38819470674038,0.0,14,2.3030935260025016,0,0,0,0.45,0.0,A-n32-k5,random_search,48,0.4406321535672072,0.7440222556088607,0.9509410722652208,1348.4905737502145,214.3012667297912
31,1,13.225806451612904,7.137857623013364,100,97.0,0.003400999043469,70,0.7,1412.7549675998357,1584.4951480317636,99.91134779179416,0.0,19,1.8589764197467429,0,0,0,0.4,0.0,A-n32-k5,random_search,49,0.2402080987756353,0.7100659140451038,0.3905732918265139,1239.9756952694215,172.77927233041373
31,1,13.225806451612904,7.137857623013364,100,97.0,0.003400999043469,40,0.4,1449.791336064047,1631.3744410117604,84.80530749768499,0.0,11,2.368023452036069,0,0,0,0.3,0.0,A-n32-k5,random_search,50,0.3995278974841639,0.3467733747369164,0.4293983544111747,1285.672090896412,164.1192451676352
31,1,13.225806451612904,7.137857623013364,100,97.0,0.003400999043469,30,0.3,1473.8875258042406,1656.9447048829322,95.05871709697747,0.013914083985782,7,2.5930152800018864,0,0,0,0.3,0.0,A-n32-k5,random_search,51,0.6610879307701297,0.423358302826767,0.6583842183880688,1353.5433624160953,120.34416338814526
31,1,13.225806451612904,7.137857623013364,100,97.0,0.003400999043469,70,0.7,1481.89363318519,1607.0180703960282,74.74602914169127,0.0072618805709631,2,2.5230163462211275,0,0,0,0.6,0.0072618805709631,A-n32-k5,random_search,52,0.1660148554738174,0.7225342211849755,0.3004214573136978,1338.175465143379,143.71816804181117
31,1,13.225806451612904,7.137857623013364,100,97.0,0.003400999043469,50,0.5,1490.3905627690856,1651.5945728102404,86.02632382951367,0.0,13,2.583699660943854,0,0,0,0.4,0.0,A-n32-k5,random_search,53,0.5441162389451892,0.3791521021648923,0.9394019218383608,1390.3802696040575,100.01029316502807
31,1,13.225806451612904,7.137857623013364,100,97.0,0.003400999043469,90,0.9,1347.3800214806158,1531.6898513158617,100.48598407736807,0.0,19,1.9614393871497091,0,0,0,0.25,0.0,A-n32-k5,random_search,54,0.2936288402463958,0.6189080495661403,0.4815724113343221,1338.3470343839797,9.032987096636134
31,1,13.225806451612904,7.137857623013364,100,97.0,0.003400999043469,40,0.4,1483.476829386737,1614.3508979599812,79.00948851588188,0.0,16,2.11536681001302,0,0,0,0.7,0.0,A-n32-k5,random_search,55,0.355365787133917,0.2933940654108787,0.4711657286321873,1200.283572739569,283.193256647168
31,1,13.225806451612904,7.137857623013364,100,97.0,0.003400999043469,5,0.05,1724.426241336963,1852.6785530314744,60.8408990148668,0.0,4,2.766520145303755,0,0,0,0.75,0.0,A-n32-k5,random_search,56,0.8570949146900942,0.5634132292668039,0.8819951679606417,1390.8487101980695,333.57753113889316
31,1,13.225806451612904,7.137857623013364,100,97.0,0.003400999043469,40,0.4,1476.380404002698,1599.4930657282723,75.46976141009364,0.0,13,1.9281681597053777,0,0,0,0.7,0.0,A-n32-k5,random_search,57,0.1896731817286611,0.5443482026537994,0.4516960088546102,1255.2496626305472,221.13074137215085
31,1,13.225806451612904,7.137857623013364,100,97.0,0.003400999043469,80,0.8,1366.4255983949092,1561.6953886656024,91.57589809950925,4.504330753562366e-05,4,2.3846106773969424,0,0,0,0.25,0.0,A-n32-k5,random_search,58,0.1747980185391608,0.4053605437460221,0.4085227636699134,1326.523187542132,39.902410852777166
31,1,13.225806451612904,7.137857623013364,100,97.0,0.003400999043469,80,0.8,1329.5430612081193,1464.8667870458316,81.31859408931727,0.0065654109988834,0,1.572319605968525,0,0,0,0.5,0.0065654109988834,A-n32-k5,random_search,59,0.6519464730289879,0.3755269603426416,0.5108647613726811,1159.5961703948587,169.94689081326055
31,1,13.225806451612904,7.137857623013364,100,97.0,0.003400999043469,90,0.9,1399.1334338706622,1593.854956923772,91.17765155715264,0.0004626730584696,5,2.7205522901457093,0,0,0,0.2,0.0,A-n32-k5,random_search,60,0.8329237595303897,0.6980653001283323,0.863396845947235,1374.9459842169915,24.187449653670456
31,1,13.225806451612904,7.137857623013364,100,97.0,0.003400999043469,20,0.2,1642.1176979274749,1761.2961802392265,62.29599306343303,0.0,14,2.454610682205456,0,0,0,0.7,0.0,A-n32-k5,random_search,61,0.4723001924861051,0.3179761308301819,0.3978095392820904,1349.859472743061,292.2582251844142
31,1,13.225806451612904,7.137857623013364,100,97.0,0.003400999043469,20,0.2,1527.1491986482083,1705.3454418425315,93.95488106166606,0.0,11,2.5268907236465106,0,0,0,0.35,0.0,A-n32-k5,random_search,62,0.3641684703882695,0.7029689035445137,0.5062294761896644,1310.4077649584544,216.7414336897541
31,1,13.225806451612904,7.137857623013364,100,97.0,0.003400999043469,60,0.6,1424.329678701082,1611.6367323468992,92.42347176988746,0.0016248957986324,2,2.271867383272417,0,0,0,0.35,0.0016248957986324,A-n32-k5,random_search,63,0.5753763163554594,0.505677944323883,0.918314032797152,1364.705578841286,59.62409985979593
31,1,13.225806451612904,7.137857623013364,100,97.0,0.003400999043469,30,0.3,1465.2239309449678,1615.9001077722564,82.87422583415902,0.0333532652085371,7,2.04687399718658,0,0,0,0.35,0.0,A-n32-k5,random_search,64,0.2726399761807145,0.2483086337517273,0.3396415185793061,1288.2578088950786,176.96612204988924
31,1,13.225806451612904,7.137857623013364,100,97.0,0.003400999043469,40,0.4,1435.218179931367,1674.0372742372638,89.13178504921534,0.0,19,2.1736958822308208,0,0,0,0.1,0.0,A-n32-k5,random_search,65,0.6777312653429766,0.3021765494028265,0.569145637155689,1317.7292208747238,117.48895905664337
31,1,13.225806451612904,7.137857623013364,100,97.0,0.003400999043469,70,0.7,1471.0285038876748,1594.7479282550785,67.82655767884276,0.0,15,2.318294897161047,0,0,0,0.7,0.0,A-n32-k5,random_search,66,0.3869039580464275,0.2434722378281525,0.9585304048800594,1314.481243385551,156.54726050212412
31,1,13.225806451612904,7.137857623013364,100,97.0,0.003400999043469,50,0.5,1393.1293200394582,1614.03897109522,99.68916715626162,0.0,19,2.0332737867210917,0,0,0,0.15,0.0,A-n32-k5,random_search,67,0.8301414250035525,0.3334712237775894,0.6092551311743356,1312.4246048208142,80.70471521864397
31,1,13.225806451612904,7.137857623013364,100,97.0,0.003400999043469,90,0.9,1419.3062541927516,1562.2741883913775,82.09292974883445,0.0199146977600549,1,2.086307723042707,0,0,0,0.55,0.0199146977600549,A-n32-k5,random_search,68,0.4614527009861191,0.6208834425160172,0.3142992561812047,1387.8727062892451,31.433547903506224
31,1,13.225806451612904,7.137857623013364,100,97.0,0.003400999043469,50,0.5,1388.5385750166836,1520.3252033032013,65.47998532584884,0.0288000233381602,2,1.7105610944308192,0,0,0,0.6,0.019685150706932,A-n32-k5,random_search,69,0.7133797618366375,0.7522366831830036,0.7133227998113747,1225.8344530360637,162.7041219806199
31,1,13.225806451612904,7.137857623013364,100,97.0,0.003400999043469,70,0.7,1362.687905307934,1590.933044675863,93.26366543012658,0.0124557102978377,8,2.6708482359717007,0,0,0,0.15,0.0,A-n32-k5,random_search,70,0.1132078960559786,0.3739072542672781,0.8549229774165479,1303.269612496617,59.418292811317315
31,1,13.225806451612904,7.137857623013364,100,97.0,0.003400999043469,80,0.8,1444.3488026110776,1604.6412175976554,69.21052490669796,0.0,17,2.3360514657601748,0,0,0,0.45,0.0,A-n32-k5,random_search,71,0.6179270334790059,0.6095605558501943,0.3153209019938683,1302.6515897009474,141.69721291013025
31,1,13.225806451612904,7.137857623013364,100,97.0,0.003400999043469,60,0.6,1306.0183553184872,1553.188199037651,124.80110349685832,0.0,19,2.090616724699591,0,0,0,0.15,0.0,A-n32-k5,random_search,72,0.2893215229234566,0.4477513712246085,0.9503548842393668,1178.1603404309633,127.85801488752396
31,1,13.225806451612904,7.137857623013364,100,97.0,0.003400999043469,10,0.1,1534.8430726865338,1775.5270369850004,109.24683357892133,0.1452363427160726,4,2.51289559797022,0,0,0,0.15,0.0,A-n32-k5,random_search,73,0.2452480616535097,0.3696502128234019,0.9428649683196306,1310.423990144408,224.4190825421258
31,1,13.225806451612904,7.137857623013364,100,97.0,0.003400999043469,20,0.2,1442.8165316402208,1619.3947727169336,82.174034857312,0.0368452005345836,6,2.121470888310555,0,0,0,0.3,0.0,A-n32-k5,random_search,74,0.1308889240063654,0.2239975995812504,0.8771912662427244,1260.1009213621935,182.71561027802727
21,1,1071.428571428571,615.0051158462073,6000,82.0,0.0032718619869125,5,0.05,560.7686546734797,590.0245066888756,27.243359384477255,0.0,4,2.4912617522700407,0,0,0,0.95,0.0,E-n22-k4,random_search,0,0.4982311747982351,0.549634784369192,0.4290365911999357,448.00947364252613,112.75918103095351
21,1,1071.428571428571,615.0051158462073,6000,82.0,0.0032718619869125,60,0.6,485.5685983895864,541.3241687252761,18.302889461339113,0.0,19,2.3070352417916875,0,0,0,0.3,0.0,E-n22-k4,random_search,1,0.8849600278226097,0.2169822895175694,0.3742684162459842,485.5685983895864,0.0
21,1,1071.428571428571,615.0051158462073,6000,82.0,0.0032718619869125,90,0.9,463.8645181422534,537.0076310993469,28.35046894404133,0.0,19,2.045203966727575,0,0,0,0.1,0.0,E-n22-k4,random_search,2,0.6054493934956957,0.426019835650189,0.6944518554731811,463.8645181422534,0.0
21,1,1071.428571428571,615.0051158462073,6000,82.0,0.0032718619869125,50,0.5,503.38698114531235,532.8863408557852,22.71970928233504,0.0,19,2.6389352666377257,0,0,0,0.75,0.0,E-n22-k4,random_search,3,0.5711832855896123,0.5076225784362899,0.9789860793408878,503.38698114531235,0.0
21,1,1071.428571428571,615.0051158462073,6000,82.0,0.0032718619869125,30,0.3,525.5864680004372,554.8845772195618,15.887911982505496,0.0,19,2.5413567335844527,0,0,0,0.95,0.0,E-n22-k4,random_search,4,0.1030517216985805,0.4513008030191802,0.9009192548563948,515.8647383599897,9.721729640447506
21,1,1071.428571428571,615.0051158462073,6000,82.0,0.0032718619869125,70,0.7,495.515506445051,531.2556482763811,20.763729528367776,0.0,17,2.6070519600484334,0,0,0,0.7,0.0,E-n22-k4,random_search,5,0.8813660679900994,0.3837430590038545,0.3440401758415021,417.2875651353452,78.22794130970584
21,1,1071.428571428571,615.0051158462073,6000,82.0,0.0032718619869125,70,0.7,443.41969913701973,484.5964756870993,46.68258537320286,0.0029203245487577,8,2.4535379978080756,0,0,0,0.6,0.0,E-n22-k4,random_search,6,0.6445308462888973,0.4051677618115077,0.3944959341369591,443.41969913701973,0.0
21,1,1071.428571428571,615.0051158462073,6000,82.0,0.0032718619869125,20,0.2,517.6013739228282,551.2734486741962,19.626810145787008,0.0126565096318551,1,2.518272718121792,0,0,0,0.8,0.0109719400991731,E-n22-k4,random_search,7,0.6705395801825822,0.7460328466883954,0.4807444441289812,476.1095907715679,41.49178315126028
21,1,1071.428571428571,615.0051158462073,6000,82.0,0.0032718619869125,50,0.5,487.5622061875604,547.7892394592822,22.84723350473583,0.0,15,2.119227968538011,0,0,0,0.2,0.0,E-n22-k4,random_search,8,0.3263414593322919,0.6638153632927745,0.5524887608579345,480.4339933660881,7.128212821472346
21,1,1071.428571428571,615.0051158462073,6000,82.0,0.0032718619869125,30,0.3,502.800321517336,546.6714901494267,17.905926506845613,0.0,12,2.7537325241914,0,0,0,0.65,0.0,E-n22-k4,random_search,9,0.2105477082135965,0.5919082507741737,0.4720867534905641,502.800321517336,0.0
21,1,1071.428571428571,615.0051158462073,6000,82.0,0.0032718619869125,5,0.05,536.8863209002981,585.3170629925008,19.409679990604936,0.0,1,2.4232317781681667,0,0,0,0.55,0.0630072275456933,E-n22-k4,random_search,10,0.8428177306139154,0.6867498501400857,0.871809901148306,474.7640627162969,62.122258184001225
21,1,1071.428571428571,615.0051158462073,6000,82.0,0.0032718619869125,5,0.05,548.4918677603723,578.7989800460974,17.81116566166303,0.0,4,1.9535487656050765,0,0,0,0.9,0.0,E-n22-k4,random_search,11,0.8615056846885015,0.5586676371050286,0.560568192729268,474.7099046517216,73.78196310865076
21,1,1071.428571428571,615.0051158462073,6000,82.0,0.0032718619869125,30,0.3,521.5157683334256,556.9904778684248,20.285758366571716,0.0,17,2.5047004080804003,0,0,0,0.75,0.0,E-n22-k4,random_search,12,0.8802330085505035,0.555002883484695,0.8307007398778998,464.4119653661088,57.103802967316824
21,1,1071.428571428571,615.0051158462073,6000,82.0,0.0032718619869125,30,0.3,515.12773032366,552.6628284792192,16.584684310072152,0.0042113425037298,2,2.409469879334769,0,0,0,0.75,0.0042113425037298,E-n22-k4,random_search,13,0.4939065655472258,0.7712955758337434,0.439421084373617,457.6542459456253,57.4734843780347
21,1,1071.428571428571,615.0051158462073,6000,82.0,0.0032718619869125,40,0.4,503.6587795290306,547.4888684503183,21.6735865137568,0.0,10,2.3681021634517783,0,0,0,0.55,0.0,E-n22-k4,random_search,14,0.7213522380735554,0.5353420405351805,0.7564880654672077,463.94789539266986,39.71088413636073
21,1,1071.428571428571,615.0051158462073,6000,82.0,0.0032718619869125,30,0.3,470.1340073403236,523.7851648966969,33.553528864029516,0.0429598444307406,3,2.3150114629009035,0,0,0,0.4,0.000929890574634,E-n22-k4,random_search,15,0.5859933745330136,0.362618694805189,0.8730796842861666,469.1351432105626,0.9988641297609888
21,1,1071.428571428571,615.0051158462073,6000,82.0,0.0032718619869125,5,0.05,534.7341045824876,583.8145402911098,19.66810029283489,0.0,0,2.6653817702204847,0,0,0,0.45,0.0467480964644357,E-n22-k4,random_search,16,0.8823375307642178,0.6377605329823495,0.6157637311501114,439.027229620395,95.70687496209256
21,1,1071.428571428571,615.0051158462073,6000,82.0,0.0032718619869125,50,0.5,465.1751602861068,530.6303896420047,28.90792956676536,0.0304232296408054,2,2.618537816860402,0,0,0,0.25,0.0304232296408054,E-n22-k4,random_search,17,0.6067914773659617,0.6299123183826509,0.8569859354847582,465.1751602861068,0.0
21,1,1071.428571428571,615.0051158462073,6000,82.0,0.0032718619869125,70,0.7,470.7834538041563,533.6614278471546,26.68416991462365,0.0,19,2.813782047825221,0,0,0,0.25,0.0,E-n22-k4,random_search,18,0.3649368032894797,0.5518291230418886,0.845531169440713,462.1940043523217,8.589449451834582
21,1,1071.428571428571,615.0051158462073,6000,82.0,0.0032718619869125,60,0.6,508.7374262630889,541.2936680377736,13.126832201010522,0.0155444003101843,2,2.7748339513470595,0,0,0,0.85,0.0155444003101843,E-n22-k4,random_search,19,0.7136946594100663,0.2131062302170025,0.6083063194359353,488.57489277242775,20.162533490661133
21,1,1071.428571428571,615.0051158462073,6000,82.0,0.0032718619869125,90,0.9,454.8100146712151,490.3427943136846,34.84002709855087,0.0,19,2.493782070039927,0,0,0,0.55,0.0,E-n22-k4,random_search,20,0.2858631887817994,0.6661976918535959,0.7179947980247999,454.8100146712151,0.0
21,1,1071.428571428571,615.0051158462073,6000,82.0,0.0032718619869125,30,0.3,471.4393439210939,502.71188158061625,39.04231402588927,0.0,15,2.034870513055817,0,0,0,0.7,0.0,E-n22-k4,random_search,21,0.6761950740321071,0.2441350125673909,0.5166823522704268,461.09491910011656,10.344424820977396
21,1,1071.428571428571,615.0051158462073,6000,82.0,0.0032718619869125,70,0.7,477.7896112207563,510.50910359772223,26.178776365629467,0.0,10,1.994350723306616,0,0,0,0.7,0.0,E-n22-k4,random_search,22,0.3361102751781146,0.5549116868758753,0.7162640815156152,461.8576952047059,15.931916016050366
21,1,1071.428571428571,615.0051158462073,6000,82.0,0.0032718619869125,80,0.8,471.62266155458786,508.0259787924824,29.303433029697967,0.0,19,2.037867657409057,0,0,0,0.65,0.0,E-n22-k4,random_search,23,0.7824079896837359,0.3772590563131486,0.8786104795682934,441.3512431180309,30.271418436556985
21,1,1071.428571428571,615.0051158462073,6000,82.0,0.0032718619869125,60,0.6,486.94574993085354,531.9364759560272,22.468527209840804,0.0,17,2.718921605224316,0,0,0,0.65,0.0,E-n22-k4,random_search,24,0.5305508766119498,0.3851514315814015,0.3343339569152814,470.4731578804035,16.472592050449975
21,1,1071.428571428571,615.0051158462073,6000,82.0,0.0032718619869125,5,0.05,501.3847701512212,563.3982019212115,29.86094758419336,0.0,0,2.395789039227655,0,0,0,0.3,0.1191736401029064,E-n22-k4,random_search,25,0.6710599485360703,0.4997142266156076,0.7162815277506258,465.8391692459727,35.545600905248534
21,1,1071.428571428571,615.0051158462073,6000,82.0,0.0032718619869125,20,0.2,514.549615019953,553.9250693382202,19.43965901928491,0.0,13,2.353674622755427,0,0,0,0.75,0.0,E-n22-k4,random_search,26,0.7903748682168307,0.6780577982738856,0.6382266990386478,484.3078660069037,30.241749013049287
21,1,1071.428571428571,615.0051158462073,6000,82.0,0.0032718619869125,20,0.2,510.8086193187102,560.1748091293645,18.899147108683316,0.0,17,2.161995132964123,0,0,0,0.5,0.0,E-n22-k4,random_search,27,0.4213918684554469,0.3739082645476801,0.8111502806473865,477.343169016489,33.4654503022212
21,1,1071.428571428571,615.0051158462073,6000,82.0,0.0032718619869125,70,0.7,470.1680764799267,519.4920775381421,35.36021224545633,0.0,19,2.526747833259914,0,0,0,0.45,0.0,E-n22-k4,random_search,28,0.5281147074999706,0.3309471844763856,0.3496829448535558,443.3624541399336,26.80562233999308
21,1,1071.428571428571,615.0051158462073,6000,82.0,0.0032718619869125,10,0.1,514.4097488772273,567.9095077244873,19.825767901081708,0.0491066977676256,1,1.883181680552252,0,0,0,0.35,0.021844701078254,E-n22-k4,random_search,29,0.5430037582363016,0.5472328032424374,0.9584301681402738,464.4863053543866,49.92344352284073
21,1,1071.428571428571,615.0051158462073,6000,82.0,0.0032718619869125,50,0.5,474.04282162293777,515.6034349766455,37.74747614809447,0.0,19,2.50183618965072,0,0,0,0.6,0.0,E-n22-k4,random_search,30,0.4904875699344798,0.55835385815449,0.4877350802504963,443.0812900310627,30.961531591875087
21,1,1071.428571428571,615.0051158462073,6000,82.0,0.0032718619869125,5,0.05,557.5237177112658,589.8735999709795,20.75254327205689,0.0,4,2.5371614182399576,0,0,0,0.9,0.0,E-n22-k4,random_search,31,0.5890528288397417,0.7209048618001788,0.8079547861817558,468.62930652237736,88.89441118888845
21,1,1071.428571428571,615.0051158462073,6000,82.0,0.0032718619869125,90,0.9,484.934072092572,528.5604143835691,25.219516627984113,0.0,19,2.5287722540378743,0,0,0,0.4,0.0,E-n22-k4,random_search,32,0.7402545997457523,0.5070482859370198,0.5023611610991252,481.063827634994,3.870244457578053
21,1,1071.428571428571,615.0051158462073,6000,82.0,0.0032718619869125,10,0.1,532.78594669556,573.8094409301644,21.080397049347404,0.0563590535026029,5,2.4255827178274116,0,0,0,0.55,0.0,E-n22-k4,random_search,33,0.650139878256409,0.4735452266292997,0.7284439683214496,497.2830710285634,35.5028756669966
21,1,1071.428571428571,615.0051158462073,6000,82.0,0.0032718619869125,80,0.8,444.5317082523376,525.2920685709842,43.1694089033811,0.0,13,2.2786072936708672,0,0,0,0.3,0.0,E-n22-k4,random_search,34,0.8981161172501876,0.3111039318560608,0.7776792916476145,444.0894782231603,0.4422300291772671
21,1,1071.428571428571,615.0051158462073,6000,82.0,0.0032718619869125,60,0.6,454.7936816211816,478.5481978168776,36.67980865073705,0.0,19,2.0820179065072617,0,0,0,0.75,0.0,E-n22-k4,random_search,35,0.7463472625578736,0.6076898822598836,0.3771305546947025,454.7936816211816,0.0
21,1,1071.428571428571,615.0051158462073,6000,82.0,0.0032718619869125,10,0.1,533.7340132525304,569.9357203901602,16.307284318811785,0.0317246181833092,7,2.1345678833424806,0,0,0,0.8,0.0,E-n22-k4,random_search,36,0.292382963590578,0.652226128966835,0.9706596119885336,479.0323276882823,54.701685564248066
21,1,1071.428571428571,615.0051158462073,6000,82.0,0.0032718619869125,5,0.05,520.6556320600506,576.4066047189806,25.960171273619075,0.0,0,2.5435123957361347,0,0,0,0.35,0.0497372748807636,E-n22-k4,random_search,37,0.3302677569371822,0.4804642799466823,0.7295809622991065,447.8519402636841,72.80369179636648
21,1,1071.428571428571,615.0051158462073,6000,82.0,0.0032718619869125,50,0.5,509.6125635858753,550.3522665377519,17.79117471394184,0.0,16,2.461385526157202,0,0,0,0.65,0.0,E-n22-k4,random_search,38,0.7817173150355541,0.3844958899767052,0.6319680354580042,485.69005025559505,23.922513330280253
21,1,1071.428571428571,615.0051158462073,6000,82.0,0.0032718619869125,10,0.1,514.1734427771555,556.4170848292299,28.74686504296788,0.1336607003613751,4,2.575179750716691,0,0,0,0.6,0.0,E-n22-k4,random_search,39,0.5705255598400453,0.4885132460314025,0.4297157549485796,445.1736638390623,68.99977893809319
21,1,1071.428571428571,615.0051158462073,6000,82.0,0.0032718619869125,50,0.5,519.2387648564277,549.6887761742461,14.259814015541275,0.0,17,2.17944097287613,0,0,0,1.0,0.0,E-n22-k4,random_search,40,0.7633820376381911,0.6631858556168613,0.4769048267968969,512.154981381194,7.083783475233645
21,1,1071.428571428571,615.0051158462073,6000,82.0,0.0032718619869125,30,0.3,521.7002937457863,556.9285076186236,15.422983729103509,0.0,17,2.695432849863614,0,0,0,0.85,0.0,E-n22-k4,random_search,41,0.8247200064671258,0.7582600195329761,0.4600874962720732,463.2045437493323,58.49574999645404
21,1,1071.428571428571,615.0051158462073,6000,82.0,0.0032718619869125,30,0.3,535.6019215144886,558.0327185342733,12.436510881764098,0.0,19,2.030254744334046,0,0,0,0.95,0.0,E-n22-k4,random_search,42,0.6947857461244937,0.7144646425542587,0.9875444444057646,468.0353874232281,67.56653409126051
21,1,1071.428571428571,615.0051158462073,6000,82.0,0.0032718619869125,10,0.1,484.88765176483207,555.8741974873261,32.04466847337809,0.1446130290410965,0,2.575466990312777,0,0,0,0.2,0.0388572798000758,E-n22-k4,random_search,43,0.1188461579884224,0.5037183397803986,0.6560702827067895,434.8063308978528,50.08132086697924
21,1,1071.428571428571,615.0051158462073,6000,82.0,0.0032718619869125,5,0.05,532.8575222957822,575.5651613873704,23.247277157644778,0.0,2,1.5329055758629075,0,0,0,0.6,0.0016421868102554,E-n22-k4,random_search,44,0.7762477449588313,0.7671857812363627,0.4190844330234757,465.9754221618569,66.88210013392535
21,1,1071.428571428571,615.0051158462073,6000,82.0,0.0032718619869125,40,0.4,454.7936816211816,493.7764778975322,46.51480302002769,0.0,19,2.400947084122024,0,0,0,0.6,0.0,E-n22-k4,random_search,45,0.8361346502552831,0.4388036172419448,0.7804123692421875,454.7936816211816,0.0
21,1,1071.428571428571,615.0051158462073,6000,82.0,0.0032718619869125,90,0.9,467.95239493359986,498.0351333038628,36.32997570892448,0.0,19,2.3477397069109336,0,0,0,0.65,0.0,E-n22-k4,random_search,46,0.6117971411880718,0.7682413916830653,0.9248013906055697,467.95239493359986,0.0
21,1,1071.428571428571,615.0051158462073,6000,82.0,0.0032718619869125,40,0.4,522.4732469027808,553.5579176672584,12.607439113506723,0.0,12,1.429593429693913,0,0,0,1.0,0.0,E-n22-k4,random_search,47,0.7015581329684286,0.3984977227009583,0.8738956780613409,501.51679962746977,20.956447275311064
21,1,1071.428571428571,615.0051158462073,6000,82.0,0.0032718619869125,10,0.1,513.8777767149583,572.8126140015397,22.989185932796563,0.042855523207879,2,1.5779263519172655,0,0,0,0.35,0.042855523207879,E-n22-k4,random_search,48,0.2662907319019421,0.5660954723760276,0.300120197561471,471.64898167655525,42.22879503840301
21,1,1071.428571428571,615.0051158462073,6000,82.0,0.0032718619869125,50,0.5,466.75330974851255,518.4436614590779,29.820125097095698,0.0436515773763516,2,2.5301649213089963,0,0,0,0.45,0.0073008343834525,E-n22-k4,random_search,49,0.6996621952102575,0.5304671229779525,0.9110471404824788,449.0523064281885,17.701003320324048
21,1,1071.428571428571,615.0051158462073,6000,82.0,0.0032718619869125,20,0.2,484.4194793733835,550.5101689348887,30.8839646702501,0.0045176970690562,8,2.5753457452264583,0,0,0,0.2,0.0,E-n22-k4,random_search,50,0.4574940480568571,0.4547461534390226,0.7800059504189242,481.7216396397348,2.6978397336487205
21,1,1071.428571428571,615.0051158462073,6000,82.0,0.0032718619869125,5,0.05,544.2644186368166,582.2811587925247,20.277001355438863,0.0,3,0.5672781651987935,0,0,0,0.85,0.0438432213551755,E-n22-k4,random_search,51,0.5413918554418504,0.357176066398173,0.7340372663603982,472.68428811138966,71.58013052542691
21,1,1071.428571428571,615.0051158462073,6000,82.0,0.0032718619869125,40,0.4,482.9507740354197,525.2565394195234,38.760210809689646,0.0,18,2.540830960748137,0,0,0,0.45,0.0,E-n22-k4,random_search,52,0.4822245989579933,0.5748662595713194,0.9999639446774268,482.9507740354197,0.0
21,1,1071.428571428571,615.0051158462073,6000,82.0,0.0032718619869125,40,0.4,526.8478911556268,551.7280225273388,13.036303622993154,0.0,19,2.630855854512814,0,0,0,1.0,0.0,E-n22-k4,random_search,53,0.7331718673651498,0.5282608476405194,0.8277701307606318,488.82124942848066,38.02664172714617
21,1,1071.428571428571,615.0051158462073,6000,82.0,0.0032718619869125,60,0.6,476.6637614824261,539.9411877414689,20.741827566802137,0.0,19,2.8326104851466893,0,0,0,0.15,0.0,E-n22-k4,random_search,54,0.553157497369106,0.5444956126621061,0.8611559212094559,476.6637614824261,0.0
21,1,1071.428571428571,615.0051158462073,6000,82.0,0.0032718619869125,70,0.7,493.9827283978127,526.4533360164435,26.764607460636316,0.0,19,2.6868515200262273,0,0,0,0.7,0.0,E-n22-k4,random_search,55,0.2815337353692071,0.3967116118585451,0.4929616744963151,482.7579044252716,11.224823972541117
21,1,1071.428571428571,615.0051158462073,6000,82.0,0.0032718619869125,10,0.1,534.8040049772455,564.7551116029057,19.8776851990083,0.0439016574485445,2,2.6393811998428363,0,0,0,0.75,0.0194566747898832,E-n22-k4,random_search,56,0.8535089947906374,0.2707508019162123,0.6277056932500837,464.82574626495506,69.97825871229048
21,1,1071.428571428571,615.0051158462073,6000,82.0,0.0032718619869125,5,0.05,555.6996947338571,585.6762682018582,18.91887271881103,0.0,3,2.1363790737386377,0,0,0,0.9,0.0331271162574571,E-n22-k4,random_search,57,0.7511048885354707,0.5808381944678249,0.9064333791104452,444.51024936344385,111.18944537041324
21,1,1071.428571428571,615.0051158462073,6000,82.0,0.0032718619869125,30,0.3,523.2977893649123,554.5539950210296,12.9682650841727,0.0,19,2.287500030959993,0,0,0,1.0,0.0,E-n22-k4,random_search,58,0.7633998953505591,0.7819192133079256,0.6323838916410214,450.7939965417285,72.5037928231838
21,1,1071.428571428571,615.0051158462073,6000,82.0,0.0032718619869125,60,0.6,474.29013786156975,530.5616694980379,31.400907373281928,0.0,19,2.635948755183812,0,0,0,0.35,0.0,E-n22-k4,random_search,59,0.5545932811346339,0.4982036270611744,0.6400705446508335,449.18574135331784,25.10439650825191
21,1,1071.428571428571,615.0051158462073,6000,82.0,0.0032718619869125,30,0.3,482.2357536840665,524.2181223303539,30.534773182330618,0.0,11,2.5725489460787183,0,0,0,0.5,0.0,E-n22-k4,random_search,60,0.8659739149695242,0.6771021308395071,0.4481688976097456,438.6625420534399,43.57321163062653
21,1,1071.428571428571,615.0051158462073,6000,82.0,0.0032718619869125,50,0.5,520.2052930177933,542.3407434183605,14.052422619038396,0.0,19,2.9111526160870795,0,0,0,1.0,0.0,E-n22-k4,random_search,61,0.7402406789064808,0.2101566255540436,0.390130084350261,461.2339432850621,58.971349732731255
21,1,1071.428571428571,615.0051158462073,6000,82.0,0.0032718619869125,40,0.4,519.2387648564277,541.3974846366586,10.773272090309591,0.0,19,2.348077804305018,0,0,0,1.0,0.0,E-n22-k4,random_search,62,0.6897061897660475,0.6627388969403569,0.3079462454573238,492.2435075307708,26.995257325656898
21,1,1071.428571428571,615.0051158462073,6000,82.0,0.0032718619869125,20,0.2,491.3411055763057,545.7278321429023,28.751643566484596,0.0,12,2.5303427656744626,0,0,0,0.3,0.0,E-n22-k4,random_search,63,0.795832875003134,0.7602968751593708,0.985018514162268,461.10757108122453,30.233534495081187
21,1,1071.428571428571,615.0051158462073,6000,82.0,0.0032718619869125,70,0.7,518.2657286389665,538.2454283621115,10.779331407837104,0.0,19,2.679898662455764,0,0,0,1.0,0.0,E-n22-k4,random_search,64,0.7463831727444918,0.3793484117060834,0.9840090955139348,482.1926465875994,36.07308205136707
21,1,1071.428571428571,615.0051158462073,6000,82.0,0.0032718619869125,5,0.05,550.7109272093637,584.1695876896167,13.581756509939655,0.0,1,2.125768360143211,0,0,0,1.0,0.0287614455035116,E-n22-k4,random_search,65,0.2257377512832691,0.4142935672314921,0.3361793385956783,493.5851813370221,57.12574587234161
21,1,1071.428571428571,615.0051158462073,6000,82.0,0.0032718619869125,70,0.7,523.5717707890155,549.1198210270284,11.552850181781894,0.0,19,1.5961390174677057,0,0,0,1.0,0.0,E-n22-k4,random_search,66,0.5372190944590811,0.2042453534675088,0.957773565847619,494.5817907930709,28.989979995944623
21,1,1071.428571428571,615.0051158462073,6000,82.0,0.0032718619869125,30,0.3,519.6756430775861,554.6037794621839,15.9179365996059,0.0158383415280025,8,2.3596348075807754,0,0,0,0.95,0.0,E-n22-k4,random_search,67,0.8409480181559801,0.2830402084806862,0.3084315641860678,508.4535369952304,11.222106082355708
21,1,1071.428571428571,615.0051158462073,6000,82.0,0.0032718619869125,60,0.6,468.52441826053496,505.80904478218065,36.82164333631403,0.0,19,2.044630333240727,0,0,0,0.6,0.0,E-n22-k4,random_search,68,0.210704222113176,0.3763626946161156,0.7289536773456204,432.9453286365188,35.57908962401615
21,1,1071.428571428571,615.0051158462073,6000,82.0,0.0032718619869125,40,0.4,494.5446832244971,547.4493903184105,23.89353361572397,0.0,16,2.5383790357985765,0,0,0,0.4,0.0,E-n22-k4,random_search,69,0.6350316517121464,0.3628048222672073,0.5244626856480218,488.4635478133285,6.081135411168589
21,1,1071.428571428571,615.0051158462073,6000,82.0,0.0032718619869125,50,0.5,480.6024316952681,537.4194167666261,20.692450833494348,0.0,19,2.783963851381696,0,0,0,0.3,0.0,E-n22-k4,random_search,70,0.8688958824421074,0.309656043314041,0.3014180312473003,478.2954739847764,2.3069577104917016
21,1,1071.428571428571,615.0051158462073,6000,82.0,0.0032718619869125,90,0.9,456.4746338434636,503.3677735888502,28.234812876132555,0.0265667739724793,7,2.038420326147661,0,0,0,0.6,0.0,E-n22-k4,random_search,71,0.6859458980946073,0.52079158669401,0.8488200020031598,453.49397053087046,2.980663312593151
21,1,1071.428571428571,615.0051158462073,6000,82.0,0.0032718619869125,5,0.05,539.9298790497545,579.7826049004909,22.65274226893118,0.0,0,2.2021391994720187,0,0,0,0.85,0.013528528963046,E-n22-k4,random_search,72,0.7811491484943088,0.5730518942966579,0.6808049552934076,467.5294412103753,72.40043783937921
21,1,1071.428571428571,615.0051158462073,6000,82.0,0.0032718619869125,80,0.8,483.3062257542712,543.4291891386529,20.14591262177396,0.0,19,2.548192130129397,0,0,0,0.15,0.0,E-n22-k4,random_search,73,0.669964198800898,0.7172048782226663,0.86124374983148,483.3062257542712,0.0
21,1,1071.428571428571,615.0051158462073,6000,82.0,0.0032718619869125,5,0.05,542.9351075903157,581.511723227051,32.90628425836602,0.0,4,2.6399292078923766,0,0,0,0.9,0.0,E-n22-k4,random_search,74,0.8630359788348693,0.781137254243693,0.4733932490212103,506.8962922516331,36.03881533868258
50,1,15.54,7.980501237391045,160,63.0,0.0128495842781557,50,0.5,1218.4212941192236,1312.2883762862791,60.14528562748042,0.0105595641496183,5,4.03626422693447,0,0,0,0.55,0.0,E-n51-k5,random_search,0,0.4170905823125224,0.3619206984365203,0.6239382653095149,1180.7029913479146,37.71830277130903
50,1,15.54,7.980501237391045,160,63.0,0.0128495842781557,5,0.05,1308.3820418524906,1382.1010676171034,38.134640832403456,0.0,0,2.557219555229959,0,0,0,0.95,0.0541133828939,E-n51-k5,random_search,1,0.8150568611663158,0.4752378075779395,0.7015417494613959,1216.205905335897,92.17613651659394
50,1,15.54,7.980501237391045,160,63.0,0.0128495842781557,80,0.8,1225.3252182190713,1279.3417459274503,45.97040100648047,0.0042565590266709,1,3.92690149805207,0,0,0,0.9,0.0042565590266709,E-n51-k5,random_search,2,0.6017064272641414,0.7073657019536019,0.4734087026288945,1225.3252182190713,0.0
50,1,15.54,7.980501237391045,160,63.0,0.0128495842781557,70,0.7,1266.1997374854868,1338.6043499738976,33.77162590823658,0.0,14,3.980132594255036,0,0,0,1.0,0.0,E-n51-k5,random_search,3,0.6903009194642744,0.3527760191747985,0.5598656978411738,1193.9418142895352,72.25792319595166
50,1,15.54,7.980501237391045,160,63.0,0.0128495842781557,20,0.2,1281.4101204298267,1362.677921268761,36.38406974003182,0.0286625543697236,7,2.8361195170854527,0,0,0,1.0,0.0,E-n51-k5,random_search,4,0.8894050279430339,0.4816741030032213,0.9640519533338604,1187.691635302762,93.7184851270647
50,1,15.54,7.980501237391045,160,63.0,0.0128495842781557,30,0.3,1230.49158702288,1323.8997897026277,60.546674024683995,0.0263094350714019,0,3.7718562405561338,0,0,0,0.5,0.0263094350714019,E-n51-k5,random_search,5,0.6593795197193228,0.3500083827531168,0.9163146084425906,1177.5632564424857,52.928330580394686
50,1,15.54,7.980501237391045,160,63.0,0.0128495842781557,60,0.6,1257.476745339486,1324.7698630377035,38.61925371673388,0.0075685578907919,0,3.988814521175662,0,0,0,0.9,0.0043072892094153,E-n51-k5,random_search,6,0.8584746255954587,0.5328893169870743,0.4110964446963335,1171.6215413890336,85.8552039504525
50,1,15.54,7.980501237391045,160,63.0,0.0128495842781557,10,0.1,1312.1626377957718,1379.455093054053,20.34132637710289,0.0427901634662273,8,2.8061210193473114,0,0,0,1.0,0.0,E-n51-k5,random_search,7,0.5958390321208467,0.6625258199368723,0.9979757444104967,1255.34483841684,56.817799378931795
50,1,15.54,7.980501237391045,160,63.0,0.0128495842781557,30,0.3,1132.8182580955663,1281.4825584275109,103.9256072401288,0.0090112873546338,2,3.6891213111519585,0,0,0,0.4,0.0090112873546338,E-n51-k5,random_search,8,0.8560875297187219,0.7187536552122613,0.3250342686467618,1119.5582869518453,13.259971143721032
50,1,15.54,7.980501237391045,160,63.0,0.0128495842781557,80,0.8,1165.7303503782678,1212.7795617528448,48.046826495578955,0.0,19,3.2153139703483067,0,0,0,0.85,0.0,E-n51-k5,random_search,9,0.7680838160451531,0.4074457815780127,0.7447682260102995,1165.037355729819,0.6929946484488028
50,1,15.54,7.980501237391045,160,63.0,0.0128495842781557,20,0.2,1230.1656927352915,1322.566016961283,50.68997525449987,0.0400304366091426,2,3.98716776638231,0,0,0,0.65,0.0067864070989888,E-n51-k5,random_search,10,0.8562319693845505,0.449778838809331,0.392736611454592,1213.0676756062771,17.09801712901458
50,1,15.54,7.980501237391045,160,63.0,0.0128495842781557,30,0.3,1201.1326807160858,1284.2284211029814,64.35098914068463,0.0,11,3.776049977285533,0,0,0,0.65,0.0,E-n51-k5,random_search,11,0.304451156106559,0.6159391284744001,0.8661438570445723,1184.6208122899902,16.51186842609559
50,1,15.54,7.980501237391045,160,63.0,0.0128495842781557,70,0.7,1159.4705692643818,1243.20290668683,73.33651855128959,0.0090124990203862,6,3.9166419503987457,0,0,0,0.6,0.0,E-n51-k5,random_search,12,0.8229195650699895,0.6883175132920635,0.4288366750270741,1145.372354990152,14.098214274229804
50,1,15.54,7.980501237391045,160,63.0,0.0128495842781557,90,0.9,1211.3025567125362,1260.1765133859803,58.58070355477313,0.0012958271468539,5,3.6163680419208863,0,0,0,0.85,0.0,E-n51-k5,random_search,13,0.3071082715659671,0.605524825072461,0.8237356089323249,1209.118039939729,2.1845167728072283
50,1,15.54,7.980501237391045,160,63.0,0.0128495842781557,50,0.5,1248.7867093426469,1294.7822826777535,37.85158433309549,0.001284408297928,8,3.858241089457906,0,0,0,1.0,0.0,E-n51-k5,random_search,14,0.6824806767769772,0.2205369025593842,0.3202414401992742,1248.0695624899274,0.717146852719452
50,1,15.54,7.980501237391045,160,63.0,0.0128495842781557,20,0.2,1289.6711738024137,1356.596267629875,28.96257564295706,0.0,13,3.5861501236385953,0,0,0,1.0,0.0,E-n51-k5,random_search,15,0.185674719171667,0.738003668138991,0.7843753463521845,1177.6743475507722,111.99682625164132
50,1,15.54,7.980501237391045,160,63.0,0.0128495842781557,5,0.05,1363.6640735682683,1400.367313786261,39.50864904008529,0.0,3,2.8286197276622738,0,0,0,0.95,0.0141475836902141,E-n51-k5,random_search,16,0.6031030263575174,0.6894465667701536,0.8259923307730768,1179.4838295080942,184.18024406017412
50,1,15.54,7.980501237391045,160,63.0,0.0128495842781557,70,0.7,1189.790514584876,1248.4989578375605,68.16705298994131,0.0,19,3.6865074916560614,0,0,0,0.75,0.0,E-n51-k5,random_search,17,0.324174572563073,0.6748362990211683,0.9753935387365368,1189.790514584876,0.0
50,1,15.54,7.980501237391045,160,63.0,0.0128495842781557,5,0.05,1285.9041471493438,1385.274858420319,39.083317602460205,0.0,1,3.3152221503674073,0,0,0,0.8,0.0577081909620743,E-n51-k5,random_search,18,0.7388757252001705,0.4387480983246138,0.7432086015196406,1199.7286894198012,86.17545772954259
50,1,15.54,7.980501237391045,160,63.0,0.0128495842781557,30,0.3,1319.319027738638,1368.4855625321957,16.38402348328392,0.0239947965572224,3,3.4560585300039053,0,0,0,1.0,0.0239947965572224,E-n51-k5,random_search,19,0.7144531931706797,0.5329108990439597,0.9550827401555512,1215.4353342880222,103.88369345061574
50,1,15.54,7.980501237391045,160,63.0,0.0128495842781557,80,0.8,1307.1956469739266,1339.826897494349,20.593040513755405,0.0,19,3.980647493758877,0,0,0,1.0,0.0,E-n51-k5,random_search,20,0.7316128489728702,0.7029402526592423,0.9550266091524924,1197.4819739350362,109.71367303889042
50,1,15.54,7.980501237391045,160,63.0,0.0128495842781557,20,0.2,1240.2140160268832,1336.7069009268096,58.54282864723718,0.0,9,3.303942874742921,0,0,0,0.5,0.0,E-n51-k5,random_search,21,0.8506876446311223,0.3246328242722228,0.7587523974140515,1146.928645376165,93.28537065071828
50,1,15.54,7.980501237391045,160,63.0,0.0128495842781557,80,0.8,1185.8296443920449,1321.4371247696176,71.76683675770103,0.0402709902832557,0,3.5146475506025623,0,0,0,0.3,0.0065664955600997,E-n51-k5,random_search,22,0.5866728655153751,0.3760551728541468,0.8662707715501554,1139.1028387047834,46.72680568726128
50,1,15.54,7.980501237391045,160,63.0,0.0128495842781557,5,0.05,1346.1479307245786,1386.07233035741,18.88766038365082,0.0,4,4.0210847896950765,0,0,0,1.0,0.0,E-n51-k5,random_search,23,0.413331512462964,0.5779749032509585,0.6598484887632646,1168.6650627577071,177.48286796687148
50,1,15.54,7.980501237391045,160,63.0,0.0128495842781557,50,0.5,1276.2915932123813,1344.1069790749357,34.36481887199589,0.0,19,3.984939633993749,0,0,0,1.0,0.0,E-n51-k5,random_search,24,0.6304651482388505,0.2249695094553966,0.8051737552691098,1258.8112983978936,17.480294814487706
50,1,15.54,7.980501237391045,160,63.0,0.0128495842781557,20,0.2,1326.7572324584182,1363.3622165131128,19.19255107886837,0.0068801799565579,8,3.6242060776049674,0,0,0,1.0,0.0,E-n51-k5,random_search,25,0.2973029094573932,0.2413113284321459,0.8120610337747087,1232.3535871821248,94.40364527629345
50,1,15.54,7.980501237391045,160,63.0,0.0128495842781557,5,0.05,1383.2334850612808,1393.6677321572945,17.528493340284157,0.0,4,0.7372603179860643,0,0,0,1.0,0.0,E-n51-k5,random_search,26,0.890806391876274,0.7351144396951219,0.9478584551886842,1249.7448991173917,133.48858594388912
50,1,15.54,7.980501237391045,160,63.0,0.0128495842781557,30,0.3,1245.763990393898,1329.5882181517902,51.89693247573217,0.0235323732893396,0,3.540693270902636,0,0,0,0.65,0.008043200285727,E-n51-k5,random_search,27,0.6618174943863206,0.346796144042627,0.6595912185513622,1207.6943174250814,38.069672968816576
50,1,15.54,7.980501237391045,160,63.0,0.0128495842781557,50,0.5,1279.8874929580709,1339.716743159864,25.42760466302299,0.0034048065847854,8,4.197662178165273,0,0,0,1.0,0.0,E-n51-k5,random_search,28,0.20041740763594,0.79891842459097,0.7385524564164692,1274.8972534312272,4.990239526843652
50,1,15.54,7.980501237391045,160,63.0,0.0128495842781557,70,0.7,1301.7467875430743,1349.4717105995562,24.97757631967253,0.0,19,3.8912079889145104,0,0,0,1.0,0.0,E-n51-k5,random_search,29,0.8124537951206151,0.3586216336603153,0.3072334835927856,1217.4343053043456,84.31248223872876
50,1,15.54,7.980501237391045,160,63.0,0.0128495842781557,10,0.1,1325.5273095695236,1376.346866893217,20.417959211996298,0.0417183187906968,5,2.617954472167265,0,0,0,1.0,0.0,E-n51-k5,random_search,30,0.4536706978797443,0.3702957058100057,0.3406878999581144,1148.6879101721445,176.8393993973791
50,1,15.54,7.980501237391045,160,63.0,0.0128495842781557,70,0.7,1249.3990022041253,1311.4821820238744,26.764334873694303,0.0258472542556815,1,2.7112886655801627,0,0,0,1.0,0.0220422342318644,E-n51-k5,random_search,31,0.2086184367527325,0.4219133434180645,0.5631654125728585,1249.3990022041253,0.0
50,1,15.54,7.980501237391045,160,63.0,0.0128495842781557,30,0.3,1328.0135254076956,1368.9477838474977,15.536027797764712,0.0,16,2.9786016983114547,0,0,0,1.0,0.0,E-n51-k5,random_search,32,0.7911719727401157,0.7332677314866187,0.7695387352739869,1159.8110030602145,168.20252234748114
50,1,15.54,7.980501237391045,160,63.0,0.0128495842781557,10,0.1,1351.7540921757914,1376.643324719507,12.298859271831818,0.0,9,3.066927958215043,0,0,0,1.0,0.0,E-n51-k5,random_search,33,0.2803355282498764,0.2080905546257759,0.977992009839088,1192.7015170960472,159.0525750797442
50,1,15.54,7.980501237391045,160,63.0,0.0128495842781557,50,0.5,1293.9371767914697,1349.3934075151828,31.95419125192902,0.0,19,3.7514984156920703,0,0,0,1.0,0.0,E-n51-k5,random_search,34,0.8859963926818367,0.6035526288164806,0.357672244839908,1179.0475551710963,114.88962162037342
50,1,15.54,7.980501237391045,160,63.0,0.0128495842781557,10,0.1,1328.0135254076956,1380.2662169025334,24.188184525243475,0.0399209245944005,6,3.426460186857589,0,0,0,1.0,0.0,E-n51-k5,random_search,35,0.32593148194726,0.3057142588170783,0.8900779972889576,1267.0684936534024,60.94503175429327
50,1,15.54,7.980501237391045,160,63.0,0.0128495842781557,70,0.7,1114.5832743614258,1232.7408995491542,89.0753925592906,0.0100579435952464,6,3.838017603688823,0,0,0,0.45,0.0,E-n51-k5,random_search,36,0.3227236700535079,0.4522106151054952,0.6032666445512174,1114.5832743614258,0.0
50,1,15.54,7.980501237391045,160,63.0,0.0128495842781557,90,0.9,1193.7205428219972,1260.1292745286914,40.669216115751745,0.0004535768230947,3,3.9705932304720184,0,0,0,0.95,0.0004535768230947,E-n51-k5,random_search,37,0.5361595978906771,0.2623089594472173,0.7148356796296833,1154.5249506879936,39.19559213400362
50,1,15.54,7.980501237391045,160,63.0,0.0128495842781557,80,0.8,1176.934906743975,1273.1289096801506,68.44992258731293,0.0023083990030615,1,4.058242051610964,0,0,0,0.65,0.0023083990030615,E-n51-k5,random_search,38,0.7151142263719218,0.6363739722078683,0.4705232963768744,1156.1509323035446,20.783974440430484
50,1,15.54,7.980501237391045,160,63.0,0.0128495842781557,20,0.2,1314.1586217778186,1372.6953662296955,17.720370120586672,0.0,17,1.6958983962887355,0,0,0,1.0,0.0,E-n51-k5,random_search,39,0.8346027217814181,0.3283026033681248,0.70641284441492,1222.3962686726195,91.76235310519904
50,1,15.54,7.980501237391045,160,63.0,0.0128495842781557,30,0.3,1257.6487024987478,1344.1998053056711,37.715858010394825,0.0071755513970634,7,3.835716130306397,0,0,0,1.0,0.0,E-n51-k5,random_search,40,0.2673000708893494,0.7595344513294822,0.7223151267137076,1120.126736359015,137.52196613973274
50,1,15.54,7.980501237391045,160,63.0,0.0128495842781557,30,0.3,1221.6706145161545,1307.797139988313,56.20753450545735,0.0184856065741215,5,3.9847745535908303,0,0,0,0.65,0.0,E-n51-k5,random_search,41,0.5297422205321495,0.3655780512140554,0.4104383863369349,1221.6706145161545,0.0
50,1,15.54,7.980501237391045,160,63.0,0.0128495842781557,80,0.8,1184.9128840251185,1262.6007357249955,56.94743142157678,0.0039094367640853,8,3.1511360835558,0,0,0,0.75,0.0,E-n51-k5,random_search,42,0.7749419973545024,0.4890355839868553,0.9424997918014152,1051.1312000855846,133.78168393953388
50,1,15.54,7.980501237391045,160,63.0,0.0128495842781557,90,0.9,1268.4768008875585,1340.6217944526195,30.87704106861661,0.0,19,3.997703205190809,0,0,0,1.0,0.0,E-n51-k5,random_search,43,0.3024962290446421,0.5034677594104278,0.8176750753214443,1229.9138251641612,38.56297572339736
50,1,15.54,7.980501237391045,160,63.0,0.0128495842781557,60,0.6,1168.9391193767672,1251.6570446131796,61.52641843797901,0.0,19,3.85878676360676,0,0,0,0.7,0.0,E-n51-k5,random_search,44,0.5806651049351496,0.390001120998553,0.7000256198910335,1142.0871249752593,26.85199440150791
50,1,15.54,7.980501237391045,160,63.0,0.0128495842781557,70,0.7,1159.9781430395665,1272.3623010670085,85.36079988012442,0.0101779290883221,3,3.9238648224790302,0,0,0,0.4,0.0069675411640262,E-n51-k5,random_search,45,0.5651246149733944,0.4602081426477338,0.8561892895903909,1144.2935956150682,15.684547424498303
50,1,15.54,7.980501237391045,160,63.0,0.0128495842781557,30,0.3,1325.9351075604916,1361.9234603689165,21.529243263866253,0.0,19,3.1907506771639227,0,0,0,1.0,0.0,E-n51-k5,random_search,46,0.6760696187716054,0.3731636191996798,0.5204406584803127,1207.4194355579184,118.51567200257318
50,1,15.54,7.980501237391045,160,63.0,0.0128495842781557,50,0.5,1222.5972868481372,1338.2539606105872,36.261052201747546,0.0,19,4.408884123609751,0,0,0,0.45,0.0,E-n51-k5,random_search,47,0.1307113954325786,0.5120633804772281,0.7917740028493685,1222.5972868481372,0.0
50,1,15.54,7.980501237391045,160,63.0,0.0128495842781557,5,0.05,1347.0664612377595,1392.2945187390558,37.969656579497816,0.0,0,3.0814372543679767,0,0,0,0.95,0.0261467237556907,E-n51-k5,random_search,48,0.8126255201529825,0.6132350583772528,0.8969582324715275,1182.6864432832438,164.38001795451578
50,1,15.54,7.980501237391045,160,63.0,0.0128495842781557,50,0.5,1216.996088904296,1282.519619875127,45.91312365848332,0.0276826925371478,2,2.93417730437905,0,0,0,0.85,0.0276826925371478,E-n51-k5,random_search,49,0.1177505192558938,0.6501615760155839,0.8845983821633434,1216.996088904296,0.0
50,1,15.54,7.980501237391045,160,63.0,0.0128495842781557,50,0.5,1294.690666682032,1339.853703101931,26.13496053932043,0.0072934703773457,4,3.625954276424858,0,0,0,1.0,0.0,E-n51-k5,random_search,50,0.2407581605244415,0.5526817034192648,0.7104772723542332,1220.706887503289,73.98377917874313
50,1,15.54,7.980501237391045,160,63.0,0.0128495842781557,30,0.3,1250.7612316590614,1338.5005235792955,45.82760222757624,0.0,11,3.708501573162561,0,0,0,0.6,0.0,E-n51-k5,random_search,51,0.7144356170570294,0.5064410809772646,0.9572480774552848,1179.435048145183,71.3261835138785
50,1,15.54,7.980501237391045,160,63.0,0.0128495842781557,90,0.9,1206.8092911323336,1279.0952996525289,62.69837187667176,0.0099184821302073,1,3.994322271168349,0,0,0,0.7,0.0099184821302073,E-n51-k5,random_search,52,0.5353202053125418,0.3270329334906075,0.7761361753092049,1190.1021099847458,16.70718114758779
50,1,15.54,7.980501237391045,160,63.0,0.0128495842781557,80,0.8,1241.7472257639304,1261.8119722169115,29.172748244071062,0.0,13,3.448437516672892,0,0,0,1.0,0.0,E-n51-k5,random_search,53,0.5627740678814568,0.4833484940393896,0.8198244911612755,1179.7403478562703,62.00687790765983
50,1,15.54,7.980501237391045,160,63.0,0.0128495842781557,50,0.5,1209.852296013356,1274.7882560082423,69.20221178859518,0.0,19,3.794230034006463,0,0,0,0.7,0.0,E-n51-k5,random_search,54,0.4439804464314844,0.5410941946850252,0.3400470672352498,1156.3432102538468,53.50908575950916
50,1,15.54,7.980501237391045,160,63.0,0.0128495842781557,60,0.6,1242.449745687294,1299.1752099138505,56.68994499919155,0.0,15,3.942442040644289,0,0,0,0.8,0.0,E-n51-k5,random_search,55,0.5963305668501552,0.3271941829392403,0.914958344043784,1203.121259314064,39.328486373230135
50,1,15.54,7.980501237391045,160,63.0,0.0128495842781557,20,0.2,1164.3593228015675,1302.515533896103,84.30893579428198,0.0262749048682107,2,3.7409857479256665,0,0,0,0.35,0.0142508016964719,E-n51-k5,random_search,56,0.8349967146476687,0.6036041284591371,0.4229505460444811,1105.174779990865,59.184542810702624
50,1,15.54,7.980501237391045,160,63.0,0.0128495842781557,50,0.5,1245.214800557279,1349.8700690554572,30.79540998465848,0.0,19,3.733508594628773,0,0,0,0.75,0.0,E-n51-k5,random_search,57,0.5164434615088933,0.6511114825100692,0.9815746761172928,1245.214800557279,0.0
50,1,15.54,7.980501237391045,160,63.0,0.0128495842781557,80,0.8,1260.3749254292666,1338.2945101112944,32.38501298175754,0.0,19,3.4305169205821464,0,0,0,1.0,0.0,E-n51-k5,random_search,58,0.1491289556751866,0.4162564193569094,0.7299743175584775,1260.3749254292666,0.0
50,1,15.54,7.980501237391045,160,63.0,0.0128495842781557,20,0.2,1327.4497400293249,1366.6977078785385,21.43632018193727,0.0004245328587279,8,2.598712675378164,0,0,0,1.0,0.0,E-n51-k5,random_search,59,0.2157292721938043,0.460528237015855,0.9104672502811944,1163.8116008058314,163.63813922349345
50,1,15.54,7.980501237391045,160,63.0,0.0128495842781557,20,0.2,1190.2754099410677,1317.8045236973287,68.48887637281145,0.0411497305308103,3,3.828115792079791,0,0,0,0.4,0.0360193956340856,E-n51-k5,random_search,60,0.8173644695151544,0.6537551460821525,0.4834456796056753,1147.3173081019906,42.95810183907702
50,1,15.54,7.980501237391045,160,63.0,0.0128495842781557,60,0.6,1149.3259324008882,1273.0991935900508,80.74050568429709,0.0138135727571766,6,3.940852509155143,0,0,0,0.45,0.0,E-n51-k5,random_search,61,0.6661057250391677,0.4735269154076657,0.5766566339416292,1140.7646126727675,8.561319728120452
50,1,15.54,7.980501237391045,160,63.0,0.0128495842781557,40,0.4,1301.1356767027207,1356.4538092401174,26.67870312429963,0.0,19,4.146006595017687,0,0,0,1.0,0.0,E-n51-k5,random_search,62,0.6101281405043011,0.5507484575373567,0.3701050372742642,1217.611567100728,83.52410960199268
50,1,15.54,7.980501237391045,160,63.0,0.0128495842781557,10,0.1,1347.1007997622164,1376.9707378599935,11.325228599188746,0.0034424104506202,4,1.975714709460965,0,0,0,1.0,0.0,E-n51-k5,random_search,63,0.855478077119818,0.6650483794878141,0.4219062547807462,1250.6207560782004,96.48004368401598
50,1,15.54,7.980501237391045,160,63.0,0.0128495842781557,60,0.6,1215.400016021494,1283.5050733091643,59.84511015170985,0.0027882431315149,7,3.901774582509261,0,0,0,0.7,0.0,E-n51-k5,random_search,64,0.4897268413882433,0.3026261681662096,0.927677307174302,1192.5375474990065,22.86246852248769
50,1,15.54,7.980501237391045,160,63.0,0.0128495842781557,60,0.6,1213.762576857218,1294.508230950676,64.83596009873511,1.1360389991855908e-05,7,3.898889858557513,0,0,0,0.6,0.0,E-n51-k5,random_search,65,0.8224514123356148,0.523327628798878,0.6997355077759906,1166.5200263526297,47.24255050458828
50,1,15.54,7.980501237391045,160,63.0,0.0128495842781557,60,0.6,1220.7526406619634,1317.8326085163858,60.206739548462366,0.0,16,3.9042659397809256,0,0,0,0.5,0.0,E-n51-k5,random_search,66,0.8267548729769226,0.7617139534600146,0.4163577433824622,1197.1987051140463,23.553935547917035
50,1,15.54,7.980501237391045,160,63.0,0.0128495842781557,70,0.7,1231.0127761897577,1303.361577856065,54.78108262605696,0.0,19,3.902828222913534,0,0,0,0.75,0.0,E-n51-k5,random_search,67,0.4192475742153337,0.4191544958739629,0.9782386420753856,1160.7325638154657,70.28021237429198
50,1,15.54,7.980501237391045,160,63.0,0.0128495842781557,50,0.5,1254.6211226214955,1344.8272899916512,38.68376932664967,0.0552648006831582,4,3.137350065963642,0,0,0,0.75,0.0,E-n51-k5,random_search,68,0.715906786357642,0.4947994207418186,0.7745482873404712,1216.540406653029,38.08071596846639
50,1,15.54,7.980501237391045,160,63.0,0.0128495842781557,30,0.3,1251.5927472863284,1323.7276757632844,48.47269017693869,0.0,9,3.856196607650759,0,0,0,0.85,0.0,E-n51-k5,random_search,69,0.4602591508541476,0.4073820164115655,0.9647409207151596,1201.709271789268,49.883475497060545
50,1,15.54,7.980501237391045,160,63.0,0.0128495842781557,60,0.6,1122.175371942855,1267.5052446875516,89.29809544069292,0.0273784632129264,5,3.840108950092655,0,0,0,0.45,0.0,E-n51-k5,random_search,70,0.5360724356511354,0.3154290160830938,0.7704288471107406,1097.529493506985,24.64587843586969
50,1,15.54,7.980501237391045,160,63.0,0.0128495842781557,40,0.4,1241.3095033424163,1339.4062108126236,44.596950967899595,0.0278012974264314,0,3.834277684417789,0,0,0,0.65,0.0278012974264314,E-n51-k5,random_search,71,0.3623677144240574,0.4968074536068824,0.6600419453614673,1241.0341809686477,0.2753223737688586
50,1,15.54,7.980501237391045,160,63.0,0.0128495842781557,70,0.7,1204.7944223189463,1264.4439122503838,45.55181428306851,0.0,11,3.906659379907496,0,0,0,0.9,0.0,E-n51-k5,random_search,72,0.6507461878564024,0.6907657913566028,0.3609033362508776,1198.5210258961367,6.27339642280981
50,1,15.54,7.980501237391045,160,63.0,0.0128495842781557,10,0.1,1328.0135254076956,1387.3480584726644,39.36873544549506,0.036263196299064,7,2.464520543893334,0,0,0,0.9,0.0,E-n51-k5,random_search,73,0.6915323466875256,0.7102625624527774,0.5553694149785643,1234.1055413718448,93.90798403585086
50,1,15.54,7.980501237391045,160,63.0,0.0128495842781557,80,0.8,1190.482301799854,1292.691151016304,60.671133881251656,0.0145473897421379,8,3.887785060574185,0,0,0,0.45,0.0,E-n51-k5,random_search,74,0.6539557434729185,0.3280751533209743,0.8952451286689744,1172.834635368799,17.647666431055313
15,1,16.4,8.138795979750322,35,48.0,0.0069444444444444,5,0.05,456.1500951808349,480.6494487129379,11.394636599909822,0.0,0,1.9803917091086891,0,0,0,1.0,0.0233404615639258,P-n16-k8,random_search,0,0.8668473705931563,0.4893820621657402,0.8479146590752002,410.92958652172695,45.22050865910796
15,1,16.4,8.138795979750322,35,48.0,0.0069444444444444,70,0.7,422.8939544448058,445.02694042554,17.14146422564856,0.0047327282412729,4,1.408149810537318,0,0,0,0.85,0.0,P-n16-k8,random_search,1,0.4300572554189442,0.4245104260443096,0.5981174604614569,410.92958652172695,11.96436792307884
15,1,16.4,8.138795979750322,35,48.0,0.0069444444444444,80,0.8,431.2331839865963,448.8472888429527,12.899820656049435,0.0,19,1.688780664335081,0,0,0,1.0,0.0,P-n16-k8,random_search,2,0.1672922676455056,0.3462004724334281,0.8905118693337788,410.929586521727,20.303597464869313
15,1,16.4,8.138795979750322,35,48.0,0.0069444444444444,20,0.2,438.67984926264296,462.369302853273,10.98351927956484,0.0,13,1.9823885869330056,0,0,0,1.0,0.0,P-n16-k8,random_search,3,0.8168976659389043,0.2602373873898856,0.4851778678059177,418.24833507185974,20.43151419078322
15,1,16.4,8.138795979750322,35,48.0,0.0069444444444444,30,0.3,426.58712396652857,454.35054035848617,15.349436862085346,0.0,14,1.767163999731558,0,0,0,0.8,0.0,P-n16-k8,random_search,4,0.6221493878954042,0.795225203316833,0.9995953364569314,410.9295865217269,15.657537444801676
15,1,16.4,8.138795979750322,35,48.0,0.0069444444444444,10,0.1,453.2714776863308,472.1883577949694,13.052372368835105,0.0005369587396829,1,1.6972686498802318,0,0,0,1.0,0.0005369587396829,P-n16-k8,random_search,5,0.589776806875162,0.2211055893106518,0.4102663389222356,410.929586521727,42.341891164603794
15,1,16.4,8.138795979750322,35,48.0,0.0069444444444444,90,0.9,426.5871239665287,448.02175496141007,11.34298982414648,0.0023281153809532,5,1.916244761633912,0,0,0,1.0,0.0,P-n16-k8,random_search,6,0.2503228632291814,0.2643874176995123,0.6483533916557651,424.156488979281,2.430634987247686
15,1,16.4,8.138795979750322,35,48.0,0.0069444444444444,5,0.05,447.77813756908864,469.50925149067245,16.586435737302015,0.0,0,1.7782672739854033,0,0,0,0.9,0.0126710687888283,P-n16-k8,random_search,7,0.5957755115037122,0.7567823648994947,0.644268806989037,410.9295865217269,36.84855104736175
15,1,16.4,8.138795979750322,35,48.0,0.0069444444444444,70,0.7,437.15067773025334,455.3460571328359,12.10645527826427,0.0,19,1.8668553018983944,0,0,0,1.0,0.0,P-n16-k8,random_search,8,0.5883232873394458,0.6659890615332296,0.8673638009618583,410.929586521727,26.22109120852633
15,1,16.4,8.138795979750322,35,48.0,0.0069444444444444,20,0.2,440.9730744932119,465.4602751007689,14.386171802636452,0.0203530034328366,6,1.735977256144722,0,0,0,0.95,0.0,P-n16-k8,random_search,9,0.4329293440538326,0.314027129575758,0.928862768757562,410.92958652172695,30.04348797148498
15,1,16.4,8.138795979750322,35,48.0,0.0069444444444444,20,0.2,427.36054346334504,460.3287306745318,12.025941309278558,0.0389998469234278,5,1.936237325829328,0,0,0,0.8,0.0,P-n16-k8,random_search,10,0.1809546934026659,0.363893924435312,0.6691798464606917,424.1931273315171,3.167416131827963
15,1,16.4,8.138795979750322,35,48.0,0.0069444444444444,20,0.2,442.26316573026986,462.7088372402107,10.955055648589957,0.0,17,1.7995330801375675,0,0,0,1.0,0.0,P-n16-k8,random_search,11,0.3077938016693096,0.2811328172023916,0.3818630631624458,416.87437878138434,25.388786948885524
15,1,16.4,8.138795979750322,35,48.0,0.0069444444444444,40,0.4,424.9049139308223,454.2876406920338,14.786422092846117,0.0322786226672107,1,1.7376734865547214,0,0,0,0.8,0.0091732214121756,P-n16-k8,random_search,12,0.4649978459101455,0.292991106863634,0.4708833525599036,410.929586521727,13.975327409095314
15,1,16.4,8.138795979750322,35,48.0,0.0069444444444444,5,0.05,427.360543463345,477.36559073489934,18.242621244543265,0.0,2,1.7507597835631217,0,0,0,0.25,0.0589261925172469,P-n16-k8,random_search,13,0.2031019237363801,0.6133382047933011,0.9607629881038176,410.929586521727,16.43095694161798
15,1,16.4,8.138795979750322,35,48.0,0.0069444444444444,30,0.3,418.2483350718596,455.6779701694169,15.07394984107987,0.0,13,1.8422416691851016,0,0,0,0.7,0.0,P-n16-k8,random_search,14,0.1019823446856184,0.7135775052882092,0.7270171559114385,410.92958652172695,7.318748550132682
15,1,16.4,8.138795979750322,35,48.0,0.0069444444444444,60,0.6,416.8743787813845,438.7801554166207,13.783376238668518,0.0,16,1.5920854158656703,0,0,0,0.9,0.0,P-n16-k8,random_search,15,0.2277907740981673,0.3923504374699437,0.9749978540928756,416.87437878138434,1.1368683772161605e-13
15,1,16.4,8.138795979750322,35,48.0,0.0069444444444444,50,0.5,422.18141731875056,444.91535445915486,13.038241372109065,0.0,13,1.4354987889684558,0,0,0,0.95,0.0,P-n16-k8,random_search,16,0.3933944791439677,0.4345763683569836,0.7227051926568407,410.9295865217269,11.251830797023672
15,1,16.4,8.138795979750322,35,48.0,0.0069444444444444,20,0.2,438.1905626386897,462.8820076816626,9.84816438460291,0.0104906047916903,5,1.9995884596249804,0,0,0,1.0,0.0,P-n16-k8,random_search,17,0.7687368647334739,0.3118731759167466,0.4534902256461637,410.92958652172695,27.260976116962752
15,1,16.4,8.138795979750322,35,48.0,0.0069444444444444,20,0.2,428.1262095784079,454.28291809124386,12.664397593547124,0.0312592452375584,1,1.7942115577903115,0,0,0,0.9,0.0312592452375584,P-n16-k8,random_search,18,0.5463093427997953,0.6345150210495061,0.7769726747127029,410.92958652172695,17.19662305668095
15,1,16.4,8.138795979750322,35,48.0,0.0069444444444444,90,0.9,422.3817897400416,446.2674524257598,11.764884332382245,0.0,19,1.8102913426899028,0,0,0,0.95,0.0,P-n16-k8,random_search,19,0.2454523623390173,0.3988783291889036,0.5781633037861479,416.8743787813843,5.507410958657317
15,1,16.4,8.138795979750322,35,48.0,0.0069444444444444,10,0.1,452.2984324181704,473.4222866572958,13.361965351663567,0.0304346243010613,0,1.734634092004924,0,0,0,1.0,0.0006281329469934,P-n16-k8,random_search,20,0.4536850356445819,0.3612290892083979,0.7843953564705599,410.929586521727,41.36884589644342
15,1,16.4,8.138795979750322,35,48.0,0.0069444444444444,50,0.5,410.929586521727,453.6672453215315,13.732405641335708,0.0,19,1.555571487705815,0,0,0,0.35,0.0,P-n16-k8,random_search,21,0.2738654417266783,0.2376579667583617,0.3026078556543345,410.92958652172695,5.684341886080804e-14
15,1,16.4,8.138795979750322,35,48.0,0.0069444444444444,60,0.6,424.156488979281,448.84168873748183,13.029488886905336,0.0,19,1.481096371324586,0,0,0,0.9,0.0,P-n16-k8,random_search,22,0.1098054414920217,0.5793377222529921,0.9990868447642678,416.8743787813843,7.2821101978967135
15,1,16.4,8.138795979750322,35,48.0,0.0069444444444444,40,0.4,426.5871239665287,459.5136692632318,12.133586136945691,0.0167841128719795,2,1.8390364103364767,0,0,0,0.85,0.0167841128719795,P-n16-k8,random_search,23,0.1471806163119689,0.3821950502659214,0.5948914923860666,410.92958652172706,15.65753744480162
15,1,16.4,8.138795979750322,35,48.0,0.0069444444444444,80,0.8,410.92958652172695,436.0310756546372,19.30805416358041,0.0,19,1.795495728019426,0,0,0,0.65,0.0,P-n16-k8,random_search,24,0.5216176394339004,0.3340667700379033,0.3262890763942387,410.92958652172695,0.0
15,1,16.4,8.138795979750322,35,48.0,0.0069444444444444,20,0.2,450.3168822049828,466.2930626897396,9.140899341876564,0.0177296737044816,0,2.039485737051686,0,0,0,1.0,0.0177296737044816,P-n16-k8,random_search,25,0.5819855983628034,0.4761227017830068,0.5419879214556006,410.92958652172695,39.38729568325584
15,1,16.4,8.138795979750322,35,48.0,0.0069444444444444,30,0.3,438.4196266278059,460.66770099385695,12.949517201338692,0.0057292796617476,4,1.700667868007949,0,0,0,1.0,0.0,P-n16-k8,random_search,26,0.6635432268400626,0.4719716449808918,0.8868554213221591,422.18141731875056,16.23820930905532
15,1,16.4,8.138795979750322,35,48.0,0.0069444444444444,30,0.3,446.7499105332714,462.973320613894,8.173867040093567,0.0,16,2.1097751779706035,0,0,0,1.0,0.0,P-n16-k8,random_search,27,0.8751299868178285,0.7759192144983376,0.8745150504974863,410.9295865217269,35.82032401154453
15,1,16.4,8.138795979750322,35,48.0,0.0069444444444444,40,0.4,422.8939544448058,447.33247343358545,12.495064361946625,0.0,12,1.7197303475201484,0,0,0,0.95,0.0,P-n16-k8,random_search,28,0.5206921847700107,0.4732779801038853,0.7843450329216923,418.2483350718596,4.645619372946214
15,1,16.4,8.138795979750322,35,48.0,0.0069444444444444,5,0.05,450.90929305771994,470.16242475639154,14.322823362936564,0.0,4,1.7829679654935686,0,0,0,0.95,0.0,P-n16-k8,random_search,29,0.872463441275621,0.3646463747934559,0.836514706856393,410.92958652172695,39.97970653599299
15,1,16.4,8.138795979750322,35,48.0,0.0069444444444444,80,0.8,424.9049139308223,448.21508464838655,13.191426538016016,0.0232748328815158,8,1.7399182108002582,0,0,0,0.9,0.0,P-n16-k8,random_search,30,0.5190257527228757,0.2813757868194971,0.7615001029935453,410.92958652172695,13.975327409095373
15,1,16.4,8.138795979750322,35,48.0,0.0069444444444444,5,0.05,461.8327224353034,483.9589205793351,13.939783896288812,0.0,3,1.9445093911641864,0,0,0,0.95,0.0301840233727869,P-n16-k8,random_search,31,0.3935755952850929,0.3551227800745411,0.8928525940697516,410.92958652172695,50.90313591357648
15,1,16.4,8.138795979750322,35,48.0,0.0069444444444444,30,0.3,424.156488979281,460.6010834473184,15.750559135646087,0.0,12,1.9123260861655735,0,0,0,0.5,0.0,P-n16-k8,random_search,32,0.381154091626293,0.7652406402028158,0.4782971603386015,422.3817897400416,1.7746992392393963
15,1,16.4,8.138795979750322,35,48.0,0.0069444444444444,30,0.3,427.5888970053382,457.8334303760195,12.65596432701254,0.0329450604058549,1,1.956994827633104,0,0,0,0.95,0.0131926340305147,P-n16-k8,random_search,33,0.2830772006462143,0.3288916188352973,0.7359956646013837,410.92958652172695,16.65931048361125
15,1,16.4,8.138795979750322,35,48.0,0.0069444444444444,20,0.2,446.6414452615872,467.12808224417785,10.513004258789076,0.008446487651743,6,1.9752709070950392,0,0,0,1.0,0.0,P-n16-k8,random_search,34,0.4375466842823509,0.5292517266351626,0.4441731464097028,410.92958652172695,35.71185873986025
15,1,16.4,8.138795979750322,35,48.0,0.0069444444444444,50,0.5,437.62644691464345,451.8864713118272,10.856419339889165,0.0,19,1.4142880752808722,0,0,0,1.0,0.0,P-n16-k8,random_search,35,0.3117721741515254,0.5852321002536689,0.3266139098437755,424.9049139308223,12.721532983821136
15,1,16.4,8.138795979750322,35,48.0,0.0069444444444444,5,0.05,464.4367377424037,483.96608524778577,11.037843520797942,0.0,1,2.0269111172710583,0,0,0,1.0,0.0082520509878666,P-n16-k8,random_search,36,0.1068037844084885,0.5960308046631311,0.4191134056466076,410.929586521727,53.50715122067663
15,1,16.4,8.138795979750322,35,48.0,0.0069444444444444,50,0.5,432.6066996299502,455.6239565876559,9.139407833825713,0.0150042583486353,0,1.994494762268468,0,0,0,1.0,0.0150042583486352,P-n16-k8,random_search,37,0.5947789586405944,0.3462613848614202,0.562663549111545,418.2483350718596,14.358364558090557
15,1,16.4,8.138795979750322,35,48.0,0.0069444444444444,90,0.9,410.929586521727,442.4801826899694,9.815095474349672,0.0,19,1.4209405865955282,0,0,0,0.85,0.0,P-n16-k8,random_search,38,0.2907497494411944,0.4709102361375995,0.5574271704163418,410.92958652172695,5.684341886080804e-14
15,1,16.4,8.138795979750322,35,48.0,0.0069444444444444,10,0.1,448.549319815097,467.34861751283825,10.759123839011872,0.0156774768874249,0,1.6880158349062766,0,0,0,1.0,0.0053142649837019,P-n16-k8,random_search,39,0.2649228695248172,0.5514795533513799,0.6181619481074996,410.92958652172695,37.619733293370075
15,1,16.4,8.138795979750322,35,48.0,0.0069444444444444,5,0.05,455.1814376917235,481.5584200665109,16.926547749579875,0.0,0,1.939457048267208,0,0,0,0.85,0.0406933508022913,P-n16-k8,random_search,40,0.654753774478301,0.2510356878024651,0.5617489530959944,416.87437878138434,38.30705891033915
15,1,16.4,8.138795979750322,35,48.0,0.0069444444444444,10,0.1,424.15648897928105,460.69993362701825,13.737910961759727,0.0885862340110743,0,1.8282494238883804,0,0,0,0.65,0.0564765960368733,P-n16-k8,random_search,41,0.2997885751087124,0.3214517655383569,0.5503745533639156,416.8743787813842,7.282110197896827
15,1,16.4,8.138795979750322,35,48.0,0.0069444444444444,70,0.7,416.8743787813842,448.99402226465736,14.142220806958443,1.3635623044755168e-16,6,1.703379211494001,0,0,0,0.7,0.0,P-n16-k8,random_search,42,0.5207912941955969,0.3343771109180384,0.706293046047618,410.9295865217269,5.9447922596573335
15,1,16.4,8.138795979750322,35,48.0,0.0069444444444444,70,0.7,428.8334340691381,451.268542064324,12.897419461078323,0.0,19,1.5381216688127497,0,0,0,0.85,0.0,P-n16-k8,random_search,43,0.4773082696332297,0.6081697393036963,0.6397058674435827,422.8939544448059,5.93947962433208
15,1,16.4,8.138795979750322,35,48.0,0.0069444444444444,40,0.4,424.1931273315171,450.6777897255285,11.512601884374538,0.0,18,1.9503602320606297,0,0,0,0.95,0.0,P-n16-k8,random_search,44,0.2135327384088998,0.5504824863994936,0.5647761775953475,410.929586521727,13.263540809790072
15,1,16.4,8.138795979750322,35,48.0,0.0069444444444444,50,0.5,433.449214526472,453.6432137647923,10.779052869091023,0.0095452009759026,8,1.9946713723575047,0,0,0,1.0,0.0,P-n16-k8,random_search,45,0.855376922817244,0.561734794009203,0.5832400357076744,416.8743787813843,16.57483574508774
15,1,16.4,8.138795979750322,35,48.0,0.0069444444444444,50,0.5,418.2483350718596,435.8567837411794,18.147920096011426,0.0,19,1.621435670508542,0,0,0,0.85,0.0,P-n16-k8,random_search,46,0.2774762917989316,0.407111343236385,0.9289540285549138,418.2483350718596,0.0
15,1,16.4,8.138795979750322,35,48.0,0.0069444444444444,20,0.2,424.193127331517,454.41264065139814,14.914069341278822,0.0295420271011167,4,1.8381717863611104,0,0,0,0.85,0.0,P-n16-k8,random_search,47,0.2981819485899931,0.4108426619290174,0.5344311834087296,410.92958652172695,13.263540809790072
15,1,16.4,8.138795979750322,35,48.0,0.0069444444444444,60,0.6,416.8743787813845,449.8802003341477,15.35048810342518,0.0,19,1.742161955168097,0,0,0,0.65,0.0,P-n16-k8,random_search,48,0.7108510110460621,0.39998521748719,0.5679266068872859,416.8743787813843,1.7053025658242404e-13
15,1,16.4,8.138795979750322,35,48.0,0.0069444444444444,30,0.3,418.24833507185974,461.0228112650076,17.81179148372923,0.0388769361836203,2,1.9003358157420895,0,0,0,0.45,0.0388769361836203,P-n16-k8,random_search,49,0.6353392010659699,0.642187045185149,0.6425871828664639,410.92958652172695,7.318748550132796
15,1,16.4,8.138795979750322,35,48.0,0.0069444444444444,50,0.5,416.87437878138434,454.63578855489584,12.72297041053828,0.0457062617779206,0,1.9507307994791936,0,0,0,0.5,0.0457062617779206,P-n16-k8,random_search,50,0.8234485625750726,0.4861124240632703,0.5412962732588714,416.8743787813843,5.684341886080804e-14
15,1,16.4,8.138795979750322,35,48.0,0.0069444444444444,60,0.6,424.86318878352137,447.2205964595966,14.341461979047388,0.0,19,1.827821116572528,0,0,0,0.85,0.0,P-n16-k8,random_search,51,0.2145951075577346,0.7216009617870451,0.4233033653463228,410.92958652172706,13.933602261794306
15,1,16.4,8.138795979750322,35,48.0,0.0069444444444444,60,0.6,434.03422988969675,456.12494803503233,11.092707882231004,0.0,14,1.949227373299586,0,0,0,1.0,0.0,P-n16-k8,random_search,52,0.3527694562236253,0.2209665666300373,0.3999758300774944,424.9049139308224,9.129315958874315
15,1,16.4,8.138795979750322,35,48.0,0.0069444444444444,70,0.7,416.8743787813843,438.4460265222659,15.712450465855218,0.0,19,1.6036572568805312,0,0,0,0.9,0.0,P-n16-k8,random_search,53,0.8634315502951363,0.2885514937504827,0.9224848713217362,410.9295865217269,5.94479225965739
15,1,16.4,8.138795979750322,35,48.0,0.0069444444444444,70,0.7,416.8743787813842,449.9500757455709,15.178913242370031,0.0,19,1.9986806039004268,0,0,0,0.7,0.0,P-n16-k8,random_search,54,0.1863777733479208,0.2404127249983975,0.5571422565868055,410.929586521727,5.94479225965722
15,1,16.4,8.138795979750322,35,48.0,0.0069444444444444,5,0.05,451.0842799920479,481.19606227705606,14.653960251115974,0.0,0,1.7293035672396384,0,0,0,0.9,0.0322495300648695,P-n16-k8,random_search,55,0.308278962539063,0.4706489688085413,0.6194098954072664,410.929586521727,40.15469347032092
15,1,16.4,8.138795979750322,35,48.0,0.0069444444444444,50,0.5,410.929586521727,455.111105410496,17.157655908152996,0.0648445678563577,2,1.977950966317336,0,0,0,0.3,0.0349556480795045,P-n16-k8,random_search,56,0.2964390556980929,0.5905132087426306,0.8101891926677787,410.929586521727,0.0
15,1,16.4,8.138795979750322,35,48.0,0.0069444444444444,10,0.1,455.2943973269997,472.8705993902602,12.25469165298692,0.0365846854031093,7,2.100839320713337,0,0,0,1.0,0.0,P-n16-k8,random_search,57,0.6967727477676181,0.271334760874914,0.8329862624339239,410.92958652172695,44.364810805272725
15,1,16.4,8.138795979750322,35,48.0,0.0069444444444444,80,0.8,425.34200206305735,449.75491521291144,13.54782742728968,0.0,19,1.7482261474844916,0,0,0,0.95,0.0,P-n16-k8,random_search,58,0.4975987343761839,0.3130973025634224,0.6462356878954628,410.92958652172706,14.41241554133029
15,1,16.4,8.138795979750322,35,48.0,0.0069444444444444,40,0.4,410.92958652172706,451.6864836765747,15.106937980927034,0.0484765390528434,6,1.63928454849416,0,0,0,0.4,0.0,P-n16-k8,random_search,59,0.8157218438494531,0.7402657944953255,0.8442678910623138,410.92958652172695,1.1368683772161605e-13
15,1,16.4,8.138795979750322,35,48.0,0.0069444444444444,90,0.9,432.9122156691486,447.9267523210925,7.491585735575456,0.0,19,1.4814181535253474,0,0,0,1.0,0.0,P-n16-k8,random_search,60,0.5432500155634579,0.5015098036809948,0.3264067035545943,410.929586521727,21.98262914742162
15,1,16.4,8.138795979750322,35,48.0,0.0069444444444444,30,0.3,422.38178974004165,449.14803194450417,16.547246618426144,0.0,10,1.5391215162128584,0,0,0,0.75,0.0,P-n16-k8,random_search,61,0.2593718680751516,0.2159392526299626,0.5333186980013046,410.92958652172695,11.452203218314708
15,1,16.4,8.138795979750322,35,48.0,0.0069444444444444,40,0.4,410.92958652172695,439.83646954665863,18.404296047928835,0.0,19,1.5052828871644428,0,0,0,0.75,0.0,P-n16-k8,random_search,62,0.5702422056946435,0.7310585642738363,0.6316912482714798,410.9295865217269,5.684341886080804e-14
15,1,16.4,8.138795979750322,35,48.0,0.0069444444444444,40,0.4,428.8387467044632,455.83933576255595,15.738214901320571,0.0,19,1.8949502940084584,0,0,0,0.75,0.0,P-n16-k8,random_search,63,0.7386394898954424,0.3915793784046674,0.5476262544649807,424.1564889792809,4.682257725182296
15,1,16.4,8.138795979750322,35,48.0,0.0069444444444444,5,0.05,455.92162949870067,478.71915080724114,12.672527012158552,0.0,2,1.9532592282254957,0,0,0,1.0,0.0274778979287279,P-n16-k8,random_search,64,0.4692145728077691,0.245915845821237,0.4498673440707485,410.9295865217269,44.99204297697378
15,1,16.4,8.138795979750322,35,48.0,0.0069444444444444,80,0.8,424.1931273315169,446.3148406663953,13.517559681754332,0.0,19,1.8175493999079848,0,0,0,0.9,0.0,P-n16-k8,random_search,65,0.5835850952798473,0.3016107352295906,0.7327477879655782,410.9295865217269,13.263540809790015
15,1,16.4,8.138795979750322,35,48.0,0.0069444444444444,60,0.6,418.24833507185974,444.5377577611529,14.188678863640702,0.0,19,1.657022467962176,0,0,0,0.85,0.0,P-n16-k8,random_search,66,0.8928243797166382,0.5851060616254785,0.847584693103425,410.929586521727,7.318748550132739
15,1,16.4,8.138795979750322,35,48.0,0.0069444444444444,60,0.6,422.89395444480584,448.448921321006,12.854381440275825,0.0,19,2.118205945266234,0,0,0,0.9,0.0,P-n16-k8,random_search,67,0.1403687607752329,0.7905380468876557,0.8654685654525003,410.92958652172695,11.964367923078896
15,1,16.4,8.138795979750322,35,48.0,0.0069444444444444,60,0.6,410.929586521727,439.8542281982917,16.968227163477792,0.0142603924881012,0,1.4689982415984282,0,0,0,0.75,0.0142603924881012,P-n16-k8,random_search,68,0.82395728547867,0.4891356987016669,0.9872084199057838,410.92958652172695,5.684341886080804e-14
15,1,16.4,8.138795979750322,35,48.0,0.0069444444444444,70,0.7,410.92958652172695,430.51424937016054,17.031325277345108,0.0,19,1.2061625360245327,0,0,0,0.95,0.0,P-n16-k8,random_search,69,0.3983924192172883,0.3976807944848011,0.4245473717088194,410.92958652172695,0.0
15,1,16.4,8.138795979750322,35,48.0,0.0069444444444444,50,0.5,418.24833507185974,453.8375636741597,14.90059519916395,0.0,19,1.7386142396490043,0,0,0,0.6,0.0,P-n16-k8,random_search,70,0.5263713794713586,0.3566873473427727,0.7805001928501685,416.8743787813843,1.373956290475462
15,1,16.4,8.138795979750322,35,48.0,0.0069444444444444,40,0.4,418.2483350718597,443.38065818732395,12.133791061000611,0.0,9,1.4975044137915632,0,0,0,0.95,0.0,P-n16-k8,random_search,71,0.1548528158923411,0.6742573518228596,0.8778508877379403,410.9295865217269,7.318748550132796
15,1,16.4,8.138795979750322,35,48.0,0.0069444444444444,30,0.3,438.9545330929242,453.6708926298047,10.644178541428028,0.0031585644115538,0,1.4974681150972131,0,0,0,1.0,0.0031585644115538,P-n16-k8,random_search,72,0.3789084921162898,0.3968565444055598,0.3118235974047775,410.929586521727,28.024946571197177
15,1,16.4,8.138795979750322,35,48.0,0.0069444444444444,70,0.7,435.1662662334873,452.5640523522755,12.0828528159559,0.0,19,1.8030780228004537,0,0,0,1.0,0.0,P-n16-k8,random_search,73,0.6604952227563987,0.44757246225416,0.3246569672794103,422.38178974004165,12.784476493445595
15,1,16.4,8.138795979750322,35,48.0,0.0069444444444444,20,0.2,416.87437878138434,452.9440067981292,17.112918708885715,0.0,13,1.502946773799016,0,0,0,0.55,0.0,P-n16-k8,random_search,74,0.5301845218811491,0.2016745342841531,0.5661045368237181,410.929586521727,5.9447922596573335
